Image_1_Path,Image_1_Label,Image_2_Path,Image_2_Label,pHash_Distance,Conflict_Type,Recommended_Action
data/raw/ct_images/normal/CT00001.png,normal,data/raw/ct_images/tumor/CT00074.png,tumor,7,Cross-Class Near Duplicate,MARK FOR MEDICAL REVIEW - DO NOT AUTO-OVERRIDE
data/raw/ct_images/normal/CT00001.png,normal,data/raw/ct_images/tumor/CT00095.png,tumor,9,Cross-Class Near Duplicate,MARK FOR MEDICAL REVIEW - DO NOT AUTO-OVERRIDE
data/raw/ct_images/normal/CT00001.png,normal,data/raw/ct_images/tumor/CT00132.png,tumor,9,Cross-Class Near Duplicate,MARK FOR MEDICAL REVIEW - DO NOT AUTO-OVERRIDE
data/raw/ct_images/normal/CT00002.png,normal,data/raw/ct_images/tumor/CT00068.png,tumor,7,Cross-Class Near Duplicate,MARK FOR MEDICAL REVIEW - DO NOT AUTO-OVERRIDE
data/raw/ct_images/normal/CT00002.png,normal,data/raw/ct_images/tumor/CT00085.png,tumor,10,Cross-Class Near Duplicate,MARK FOR MEDICAL REVIEW - DO NOT AUTO-OVERRIDE
data/raw/ct_images/normal/CT00002.png,normal,data/raw/ct_images/tumor/CT00093.png,tumor,10,Cross-Class Near Duplicate,MARK FOR MEDICAL REVIEW - DO NOT AUTO-OVERRIDE
data/raw/ct_images/normal/CT00002.png,normal,data/raw/ct_images/tumor/CT00116.png,tumor,9,Cross-Class Near Duplicate,MARK FOR MEDICAL REVIEW - DO NOT AUTO-OVERRIDE
data/raw/ct_images/normal/CT00002.png,normal,data/raw/ct_images/tumor/CT00121.png,tumor,8,Cross-Class Near Duplicate,MARK FOR MEDICAL REVIEW - DO NOT AUTO-OVERRIDE
data/raw/ct_images/normal/CT00003.png,normal,data/raw/ct_images/tumor/CT00068.png,tumor,8,Cross-Class Near Duplicate,MARK FOR MEDICAL REVIEW - DO NOT AUTO-OVERRIDE
data/raw/ct_images/normal/CT00003.png,normal,data/raw/ct_images/tumor/CT00093.png,tumor,9,Cross-Class Near Duplicate,MARK FOR MEDICAL REVIEW - DO NOT AUTO-OVERRIDE
data/raw/ct_images/normal/CT00003.png,normal,data/raw/ct_images/tumor/CT00116.png,tumor,8,Cross-Class Near Duplicate,MARK FOR MEDICAL REVIEW - DO NOT AUTO-OVERRIDE
data/raw/ct_images/normal/CT00003.png,normal,data/raw/ct_images/tumor/CT00121.png,tumor,7,Cross-Class Near Duplicate,MARK FOR MEDICAL REVIEW - DO NOT AUTO-OVERRIDE
data/raw/ct_images/normal/CT00004.png,normal,data/raw/ct_images/tumor/CT00074.png,tumor,7,Cross-Class Near Duplicate,MARK FOR MEDICAL REVIEW - DO NOT AUTO-OVERRIDE
data/raw/ct_images/normal/CT00005.png,normal,data/raw/ct_images/tumor/CT00074.png,tumor,7,Cross-Class Near Duplicate,MARK FOR MEDICAL REVIEW - DO NOT AUTO-OVERRIDE
data/raw/ct_images/normal/CT00006.png,normal,data/raw/ct_images/tumor/CT00074.png,tumor,7,Cross-Class Near Duplicate,MARK FOR MEDICAL REVIEW - DO NOT AUTO-OVERRIDE
data/raw/ct_images/normal/CT00007.png,normal,data/raw/ct_images/tumor/CT00068.png,tumor,6,Cross-Class Near Duplicate,MARK FOR MEDICAL REVIEW - DO NOT AUTO-OVERRIDE
data/raw/ct_images/normal/CT00007.png,normal,data/raw/ct_images/tumor/CT00085.png,tumor,9,Cross-Class Near Duplicate,MARK FOR MEDICAL REVIEW - DO NOT AUTO-OVERRIDE
data/raw/ct_images/normal/CT00007.png,normal,data/raw/ct_images/tumor/CT00116.png,tumor,10,Cross-Class Near Duplicate,MARK FOR MEDICAL REVIEW - DO NOT AUTO-OVERRIDE
data/raw/ct_images/normal/CT00007.png,normal,data/raw/ct_images/tumor/CT00121.png,tumor,9,Cross-Class Near Duplicate,MARK FOR MEDICAL REVIEW - DO NOT AUTO-OVERRIDE
data/raw/ct_images/normal/CT00008.png,normal,data/raw/ct_images/tumor/CT00068.png,tumor,7,Cross-Class Near Duplicate,MARK FOR MEDICAL REVIEW - DO NOT AUTO-OVERRIDE
data/raw/ct_images/normal/CT00008.png,normal,data/raw/ct_images/tumor/CT00085.png,tumor,10,Cross-Class Near Duplicate,MARK FOR MEDICAL REVIEW - DO NOT AUTO-OVERRIDE
data/raw/ct_images/normal/CT00008.png,normal,data/raw/ct_images/tumor/CT00116.png,tumor,7,Cross-Class Near Duplicate,MARK FOR MEDICAL REVIEW - DO NOT AUTO-OVERRIDE
data/raw/ct_images/normal/CT00008.png,normal,data/raw/ct_images/tumor/CT00121.png,tumor,10,Cross-Class Near Duplicate,MARK FOR MEDICAL REVIEW - DO NOT AUTO-OVERRIDE
data/raw/ct_images/normal/CT00009.png,normal,data/raw/ct_images/progression/CT00148.png,progression,10,Cross-Class Near Duplicate,MARK FOR MEDICAL REVIEW - DO NOT AUTO-OVERRIDE
data/raw/ct_images/normal/CT00009.png,normal,data/raw/ct_images/tumor/CT00068.png,tumor,5,Cross-Class Near Duplicate,MARK FOR MEDICAL REVIEW - DO NOT AUTO-OVERRIDE
data/raw/ct_images/normal/CT00009.png,normal,data/raw/ct_images/tumor/CT00085.png,tumor,8,Cross-Class Near Duplicate,MARK FOR MEDICAL REVIEW - DO NOT AUTO-OVERRIDE
data/raw/ct_images/normal/CT00009.png,normal,data/raw/ct_images/tumor/CT00087.png,tumor,10,Cross-Class Near Duplicate,MARK FOR MEDICAL REVIEW - DO NOT AUTO-OVERRIDE
data/raw/ct_images/normal/CT00009.png,normal,data/raw/ct_images/tumor/CT00112.png,tumor,10,Cross-Class Near Duplicate,MARK FOR MEDICAL REVIEW - DO NOT AUTO-OVERRIDE
data/raw/ct_images/normal/CT00009.png,normal,data/raw/ct_images/tumor/CT00116.png,tumor,7,Cross-Class Near Duplicate,MARK FOR MEDICAL REVIEW - DO NOT AUTO-OVERRIDE
data/raw/ct_images/normal/CT00009.png,normal,data/raw/ct_images/tumor/CT00121.png,tumor,10,Cross-Class Near Duplicate,MARK FOR MEDICAL REVIEW - DO NOT AUTO-OVERRIDE
data/raw/ct_images/normal/CT00010.png,normal,data/raw/ct_images/tumor/CT00068.png,tumor,5,Cross-Class Near Duplicate,MARK FOR MEDICAL REVIEW - DO NOT AUTO-OVERRIDE
data/raw/ct_images/normal/CT00010.png,normal,data/raw/ct_images/tumor/CT00085.png,tumor,8,Cross-Class Near Duplicate,MARK FOR MEDICAL REVIEW - DO NOT AUTO-OVERRIDE
data/raw/ct_images/normal/CT00010.png,normal,data/raw/ct_images/tumor/CT00116.png,tumor,9,Cross-Class Near Duplicate,MARK FOR MEDICAL REVIEW - DO NOT AUTO-OVERRIDE
data/raw/ct_images/normal/CT00010.png,normal,data/raw/ct_images/tumor/CT00121.png,tumor,8,Cross-Class Near Duplicate,MARK FOR MEDICAL REVIEW - DO NOT AUTO-OVERRIDE
data/raw/ct_images/normal/CT00011.png,normal,data/raw/ct_images/tumor/CT00074.png,tumor,7,Cross-Class Near Duplicate,MARK FOR MEDICAL REVIEW - DO NOT AUTO-OVERRIDE
data/raw/ct_images/normal/CT00011.png,normal,data/raw/ct_images/tumor/CT00095.png,tumor,9,Cross-Class Near Duplicate,MARK FOR MEDICAL REVIEW - DO NOT AUTO-OVERRIDE
data/raw/ct_images/normal/CT00011.png,normal,data/raw/ct_images/tumor/CT00132.png,tumor,9,Cross-Class Near Duplicate,MARK FOR MEDICAL REVIEW - DO NOT AUTO-OVERRIDE
data/raw/ct_images/normal/CT00012.png,normal,data/raw/ct_images/tumor/CT00074.png,tumor,7,Cross-Class Near Duplicate,MARK FOR MEDICAL REVIEW - DO NOT AUTO-OVERRIDE
data/raw/ct_images/normal/CT00012.png,normal,data/raw/ct_images/tumor/CT00095.png,tumor,9,Cross-Class Near Duplicate,MARK FOR MEDICAL REVIEW - DO NOT AUTO-OVERRIDE
data/raw/ct_images/normal/CT00012.png,normal,data/raw/ct_images/tumor/CT00132.png,tumor,9,Cross-Class Near Duplicate,MARK FOR MEDICAL REVIEW - DO NOT AUTO-OVERRIDE
data/raw/ct_images/normal/CT00013.png,normal,data/raw/ct_images/tumor/CT00068.png,tumor,8,Cross-Class Near Duplicate,MARK FOR MEDICAL REVIEW - DO NOT AUTO-OVERRIDE
data/raw/ct_images/normal/CT00013.png,normal,data/raw/ct_images/tumor/CT00116.png,tumor,8,Cross-Class Near Duplicate,MARK FOR MEDICAL REVIEW - DO NOT AUTO-OVERRIDE
data/raw/ct_images/normal/CT00014.png,normal,data/raw/ct_images/tumor/CT00074.png,tumor,7,Cross-Class Near Duplicate,MARK FOR MEDICAL REVIEW - DO NOT AUTO-OVERRIDE
data/raw/ct_images/normal/CT00014.png,normal,data/raw/ct_images/tumor/CT00095.png,tumor,9,Cross-Class Near Duplicate,MARK FOR MEDICAL REVIEW - DO NOT AUTO-OVERRIDE
data/raw/ct_images/normal/CT00014.png,normal,data/raw/ct_images/tumor/CT00132.png,tumor,9,Cross-Class Near Duplicate,MARK FOR MEDICAL REVIEW - DO NOT AUTO-OVERRIDE
data/raw/ct_images/normal/CT00015.png,normal,data/raw/ct_images/tumor/CT00074.png,tumor,7,Cross-Class Near Duplicate,MARK FOR MEDICAL REVIEW - DO NOT AUTO-OVERRIDE
data/raw/ct_images/normal/CT00016.png,normal,data/raw/ct_images/tumor/CT00068.png,tumor,6,Cross-Class Near Duplicate,MARK FOR MEDICAL REVIEW - DO NOT AUTO-OVERRIDE
data/raw/ct_images/normal/CT00016.png,normal,data/raw/ct_images/tumor/CT00085.png,tumor,9,Cross-Class Near Duplicate,MARK FOR MEDICAL REVIEW - DO NOT AUTO-OVERRIDE
data/raw/ct_images/normal/CT00016.png,normal,data/raw/ct_images/tumor/CT00116.png,tumor,10,Cross-Class Near Duplicate,MARK FOR MEDICAL REVIEW - DO NOT AUTO-OVERRIDE
data/raw/ct_images/normal/CT00016.png,normal,data/raw/ct_images/tumor/CT00121.png,tumor,9,Cross-Class Near Duplicate,MARK FOR MEDICAL REVIEW - DO NOT AUTO-OVERRIDE
data/raw/ct_images/normal/CT00017.png,normal,data/raw/ct_images/tumor/CT00068.png,tumor,8,Cross-Class Near Duplicate,MARK FOR MEDICAL REVIEW - DO NOT AUTO-OVERRIDE
data/raw/ct_images/normal/CT00017.png,normal,data/raw/ct_images/tumor/CT00116.png,tumor,8,Cross-Class Near Duplicate,MARK FOR MEDICAL REVIEW - DO NOT AUTO-OVERRIDE
data/raw/ct_images/normal/CT00017.png,normal,data/raw/ct_images/tumor/CT00121.png,tumor,9,Cross-Class Near Duplicate,MARK FOR MEDICAL REVIEW - DO NOT AUTO-OVERRIDE
data/raw/ct_images/normal/CT00018.png,normal,data/raw/ct_images/tumor/CT00074.png,tumor,7,Cross-Class Near Duplicate,MARK FOR MEDICAL REVIEW - DO NOT AUTO-OVERRIDE
data/raw/ct_images/normal/CT00019.png,normal,data/raw/ct_images/tumor/CT00074.png,tumor,5,Cross-Class Near Duplicate,MARK FOR MEDICAL REVIEW - DO NOT AUTO-OVERRIDE
data/raw/ct_images/normal/CT00020.png,normal,data/raw/ct_images/tumor/CT00074.png,tumor,7,Cross-Class Near Duplicate,MARK FOR MEDICAL REVIEW - DO NOT AUTO-OVERRIDE
data/raw/ct_images/normal/CT00021.png,normal,data/raw/ct_images/tumor/CT00074.png,tumor,7,Cross-Class Near Duplicate,MARK FOR MEDICAL REVIEW - DO NOT AUTO-OVERRIDE
data/raw/ct_images/normal/CT00022.png,normal,data/raw/ct_images/tumor/CT00068.png,tumor,7,Cross-Class Near Duplicate,MARK FOR MEDICAL REVIEW - DO NOT AUTO-OVERRIDE
data/raw/ct_images/normal/CT00022.png,normal,data/raw/ct_images/tumor/CT00085.png,tumor,10,Cross-Class Near Duplicate,MARK FOR MEDICAL REVIEW - DO NOT AUTO-OVERRIDE
data/raw/ct_images/normal/CT00022.png,normal,data/raw/ct_images/tumor/CT00116.png,tumor,7,Cross-Class Near Duplicate,MARK FOR MEDICAL REVIEW - DO NOT AUTO-OVERRIDE
data/raw/ct_images/normal/CT00022.png,normal,data/raw/ct_images/tumor/CT00121.png,tumor,10,Cross-Class Near Duplicate,MARK FOR MEDICAL REVIEW - DO NOT AUTO-OVERRIDE
data/raw/ct_images/normal/CT00023.png,normal,data/raw/ct_images/tumor/CT00074.png,tumor,7,Cross-Class Near Duplicate,MARK FOR MEDICAL REVIEW - DO NOT AUTO-OVERRIDE
data/raw/ct_images/normal/CT00023.png,normal,data/raw/ct_images/tumor/CT00095.png,tumor,9,Cross-Class Near Duplicate,MARK FOR MEDICAL REVIEW - DO NOT AUTO-OVERRIDE
data/raw/ct_images/normal/CT00023.png,normal,data/raw/ct_images/tumor/CT00132.png,tumor,9,Cross-Class Near Duplicate,MARK FOR MEDICAL REVIEW - DO NOT AUTO-OVERRIDE
data/raw/ct_images/normal/CT00024.png,normal,data/raw/ct_images/tumor/CT00074.png,tumor,7,Cross-Class Near Duplicate,MARK FOR MEDICAL REVIEW - DO NOT AUTO-OVERRIDE
data/raw/ct_images/normal/CT00025.png,normal,data/raw/ct_images/tumor/CT00074.png,tumor,7,Cross-Class Near Duplicate,MARK FOR MEDICAL REVIEW - DO NOT AUTO-OVERRIDE
data/raw/ct_images/normal/CT00026.png,normal,data/raw/ct_images/tumor/CT00068.png,tumor,7,Cross-Class Near Duplicate,MARK FOR MEDICAL REVIEW - DO NOT AUTO-OVERRIDE
data/raw/ct_images/normal/CT00026.png,normal,data/raw/ct_images/tumor/CT00085.png,tumor,10,Cross-Class Near Duplicate,MARK FOR MEDICAL REVIEW - DO NOT AUTO-OVERRIDE
data/raw/ct_images/normal/CT00026.png,normal,data/raw/ct_images/tumor/CT00093.png,tumor,10,Cross-Class Near Duplicate,MARK FOR MEDICAL REVIEW - DO NOT AUTO-OVERRIDE
data/raw/ct_images/normal/CT00026.png,normal,data/raw/ct_images/tumor/CT00116.png,tumor,7,Cross-Class Near Duplicate,MARK FOR MEDICAL REVIEW - DO NOT AUTO-OVERRIDE
data/raw/ct_images/normal/CT00026.png,normal,data/raw/ct_images/tumor/CT00121.png,tumor,10,Cross-Class Near Duplicate,MARK FOR MEDICAL REVIEW - DO NOT AUTO-OVERRIDE
data/raw/ct_images/normal/CT00027.png,normal,data/raw/ct_images/progression/CT00148.png,progression,10,Cross-Class Near Duplicate,MARK FOR MEDICAL REVIEW - DO NOT AUTO-OVERRIDE
data/raw/ct_images/normal/CT00027.png,normal,data/raw/ct_images/tumor/CT00068.png,tumor,5,Cross-Class Near Duplicate,MARK FOR MEDICAL REVIEW - DO NOT AUTO-OVERRIDE
data/raw/ct_images/normal/CT00027.png,normal,data/raw/ct_images/tumor/CT00085.png,tumor,8,Cross-Class Near Duplicate,MARK FOR MEDICAL REVIEW - DO NOT AUTO-OVERRIDE
data/raw/ct_images/normal/CT00027.png,normal,data/raw/ct_images/tumor/CT00087.png,tumor,10,Cross-Class Near Duplicate,MARK FOR MEDICAL REVIEW - DO NOT AUTO-OVERRIDE
data/raw/ct_images/normal/CT00027.png,normal,data/raw/ct_images/tumor/CT00112.png,tumor,10,Cross-Class Near Duplicate,MARK FOR MEDICAL REVIEW - DO NOT AUTO-OVERRIDE
data/raw/ct_images/normal/CT00027.png,normal,data/raw/ct_images/tumor/CT00116.png,tumor,7,Cross-Class Near Duplicate,MARK FOR MEDICAL REVIEW - DO NOT AUTO-OVERRIDE
data/raw/ct_images/normal/CT00027.png,normal,data/raw/ct_images/tumor/CT00121.png,tumor,10,Cross-Class Near Duplicate,MARK FOR MEDICAL REVIEW - DO NOT AUTO-OVERRIDE
data/raw/ct_images/normal/CT00028.png,normal,data/raw/ct_images/tumor/CT00068.png,tumor,5,Cross-Class Near Duplicate,MARK FOR MEDICAL REVIEW - DO NOT AUTO-OVERRIDE
data/raw/ct_images/normal/CT00028.png,normal,data/raw/ct_images/tumor/CT00085.png,tumor,8,Cross-Class Near Duplicate,MARK FOR MEDICAL REVIEW - DO NOT AUTO-OVERRIDE
data/raw/ct_images/normal/CT00028.png,normal,data/raw/ct_images/tumor/CT00116.png,tumor,9,Cross-Class Near Duplicate,MARK FOR MEDICAL REVIEW - DO NOT AUTO-OVERRIDE
data/raw/ct_images/normal/CT00028.png,normal,data/raw/ct_images/tumor/CT00121.png,tumor,10,Cross-Class Near Duplicate,MARK FOR MEDICAL REVIEW - DO NOT AUTO-OVERRIDE
data/raw/ct_images/normal/CT00029.png,normal,data/raw/ct_images/tumor/CT00068.png,tumor,8,Cross-Class Near Duplicate,MARK FOR MEDICAL REVIEW - DO NOT AUTO-OVERRIDE
data/raw/ct_images/normal/CT00029.png,normal,data/raw/ct_images/tumor/CT00116.png,tumor,8,Cross-Class Near Duplicate,MARK FOR MEDICAL REVIEW - DO NOT AUTO-OVERRIDE
data/raw/ct_images/normal/CT00030.png,normal,data/raw/ct_images/progression/CT00148.png,progression,10,Cross-Class Near Duplicate,MARK FOR MEDICAL REVIEW - DO NOT AUTO-OVERRIDE
data/raw/ct_images/normal/CT00030.png,normal,data/raw/ct_images/tumor/CT00068.png,tumor,5,Cross-Class Near Duplicate,MARK FOR MEDICAL REVIEW - DO NOT AUTO-OVERRIDE
data/raw/ct_images/normal/CT00030.png,normal,data/raw/ct_images/tumor/CT00085.png,tumor,8,Cross-Class Near Duplicate,MARK FOR MEDICAL REVIEW - DO NOT AUTO-OVERRIDE
data/raw/ct_images/normal/CT00030.png,normal,data/raw/ct_images/tumor/CT00087.png,tumor,10,Cross-Class Near Duplicate,MARK FOR MEDICAL REVIEW - DO NOT AUTO-OVERRIDE
data/raw/ct_images/normal/CT00030.png,normal,data/raw/ct_images/tumor/CT00112.png,tumor,10,Cross-Class Near Duplicate,MARK FOR MEDICAL REVIEW - DO NOT AUTO-OVERRIDE
data/raw/ct_images/normal/CT00030.png,normal,data/raw/ct_images/tumor/CT00116.png,tumor,7,Cross-Class Near Duplicate,MARK FOR MEDICAL REVIEW - DO NOT AUTO-OVERRIDE
data/raw/ct_images/normal/CT00030.png,normal,data/raw/ct_images/tumor/CT00121.png,tumor,10,Cross-Class Near Duplicate,MARK FOR MEDICAL REVIEW - DO NOT AUTO-OVERRIDE
data/raw/ct_images/normal/CT00031.png,normal,data/raw/ct_images/tumor/CT00074.png,tumor,7,Cross-Class Near Duplicate,MARK FOR MEDICAL REVIEW - DO NOT AUTO-OVERRIDE
data/raw/ct_images/normal/CT00031.png,normal,data/raw/ct_images/tumor/CT00095.png,tumor,9,Cross-Class Near Duplicate,MARK FOR MEDICAL REVIEW - DO NOT AUTO-OVERRIDE
data/raw/ct_images/normal/CT00031.png,normal,data/raw/ct_images/tumor/CT00132.png,tumor,9,Cross-Class Near Duplicate,MARK FOR MEDICAL REVIEW - DO NOT AUTO-OVERRIDE
data/raw/ct_images/normal/CT00032.png,normal,data/raw/ct_images/progression/CT00148.png,progression,10,Cross-Class Near Duplicate,MARK FOR MEDICAL REVIEW - DO NOT AUTO-OVERRIDE
data/raw/ct_images/normal/CT00032.png,normal,data/raw/ct_images/tumor/CT00068.png,tumor,5,Cross-Class Near Duplicate,MARK FOR MEDICAL REVIEW - DO NOT AUTO-OVERRIDE
data/raw/ct_images/normal/CT00032.png,normal,data/raw/ct_images/tumor/CT00085.png,tumor,8,Cross-Class Near Duplicate,MARK FOR MEDICAL REVIEW - DO NOT AUTO-OVERRIDE
data/raw/ct_images/normal/CT00032.png,normal,data/raw/ct_images/tumor/CT00087.png,tumor,10,Cross-Class Near Duplicate,MARK FOR MEDICAL REVIEW - DO NOT AUTO-OVERRIDE
data/raw/ct_images/normal/CT00032.png,normal,data/raw/ct_images/tumor/CT00112.png,tumor,10,Cross-Class Near Duplicate,MARK FOR MEDICAL REVIEW - DO NOT AUTO-OVERRIDE
data/raw/ct_images/normal/CT00032.png,normal,data/raw/ct_images/tumor/CT00116.png,tumor,7,Cross-Class Near Duplicate,MARK FOR MEDICAL REVIEW - DO NOT AUTO-OVERRIDE
data/raw/ct_images/normal/CT00032.png,normal,data/raw/ct_images/tumor/CT00121.png,tumor,10,Cross-Class Near Duplicate,MARK FOR MEDICAL REVIEW - DO NOT AUTO-OVERRIDE
data/raw/ct_images/normal/CT00033.png,normal,data/raw/ct_images/tumor/CT00074.png,tumor,10,Cross-Class Near Duplicate,MARK FOR MEDICAL REVIEW - DO NOT AUTO-OVERRIDE
data/raw/ct_images/normal/CT00034.png,normal,data/raw/ct_images/tumor/CT00068.png,tumor,10,Cross-Class Near Duplicate,MARK FOR MEDICAL REVIEW - DO NOT AUTO-OVERRIDE
data/raw/ct_images/normal/CT00034.png,normal,data/raw/ct_images/tumor/CT00085.png,tumor,9,Cross-Class Near Duplicate,MARK FOR MEDICAL REVIEW - DO NOT AUTO-OVERRIDE
data/raw/ct_images/normal/CT00034.png,normal,data/raw/ct_images/tumor/CT00121.png,tumor,7,Cross-Class Near Duplicate,MARK FOR MEDICAL REVIEW - DO NOT AUTO-OVERRIDE
data/raw/ct_images/normal/CT00035.png,normal,data/raw/ct_images/tumor/CT00074.png,tumor,7,Cross-Class Near Duplicate,MARK FOR MEDICAL REVIEW - DO NOT AUTO-OVERRIDE
data/raw/ct_images/normal/CT00036.png,normal,data/raw/ct_images/tumor/CT00074.png,tumor,10,Cross-Class Near Duplicate,MARK FOR MEDICAL REVIEW - DO NOT AUTO-OVERRIDE
data/raw/ct_images/normal/CT00037.png,normal,data/raw/ct_images/tumor/CT00074.png,tumor,7,Cross-Class Near Duplicate,MARK FOR MEDICAL REVIEW - DO NOT AUTO-OVERRIDE
data/raw/ct_images/normal/CT00038.png,normal,data/raw/ct_images/tumor/CT00074.png,tumor,7,Cross-Class Near Duplicate,MARK FOR MEDICAL REVIEW - DO NOT AUTO-OVERRIDE
data/raw/ct_images/normal/CT00039.png,normal,data/raw/ct_images/tumor/CT00068.png,tumor,6,Cross-Class Near Duplicate,MARK FOR MEDICAL REVIEW - DO NOT AUTO-OVERRIDE
data/raw/ct_images/normal/CT00039.png,normal,data/raw/ct_images/tumor/CT00085.png,tumor,9,Cross-Class Near Duplicate,MARK FOR MEDICAL REVIEW - DO NOT AUTO-OVERRIDE
data/raw/ct_images/normal/CT00039.png,normal,data/raw/ct_images/tumor/CT00116.png,tumor,8,Cross-Class Near Duplicate,MARK FOR MEDICAL REVIEW - DO NOT AUTO-OVERRIDE
data/raw/ct_images/normal/CT00039.png,normal,data/raw/ct_images/tumor/CT00121.png,tumor,9,Cross-Class Near Duplicate,MARK FOR MEDICAL REVIEW - DO NOT AUTO-OVERRIDE
data/raw/ct_images/normal/CT00040.png,normal,data/raw/ct_images/tumor/CT00074.png,tumor,8,Cross-Class Near Duplicate,MARK FOR MEDICAL REVIEW - DO NOT AUTO-OVERRIDE
data/raw/ct_images/normal/CT00041.png,normal,data/raw/ct_images/progression/CT00148.png,progression,10,Cross-Class Near Duplicate,MARK FOR MEDICAL REVIEW - DO NOT AUTO-OVERRIDE
data/raw/ct_images/normal/CT00041.png,normal,data/raw/ct_images/tumor/CT00068.png,tumor,5,Cross-Class Near Duplicate,MARK FOR MEDICAL REVIEW - DO NOT AUTO-OVERRIDE
data/raw/ct_images/normal/CT00041.png,normal,data/raw/ct_images/tumor/CT00085.png,tumor,8,Cross-Class Near Duplicate,MARK FOR MEDICAL REVIEW - DO NOT AUTO-OVERRIDE
data/raw/ct_images/normal/CT00041.png,normal,data/raw/ct_images/tumor/CT00087.png,tumor,10,Cross-Class Near Duplicate,MARK FOR MEDICAL REVIEW - DO NOT AUTO-OVERRIDE
data/raw/ct_images/normal/CT00041.png,normal,data/raw/ct_images/tumor/CT00112.png,tumor,10,Cross-Class Near Duplicate,MARK FOR MEDICAL REVIEW - DO NOT AUTO-OVERRIDE
data/raw/ct_images/normal/CT00041.png,normal,data/raw/ct_images/tumor/CT00116.png,tumor,7,Cross-Class Near Duplicate,MARK FOR MEDICAL REVIEW - DO NOT AUTO-OVERRIDE
data/raw/ct_images/normal/CT00041.png,normal,data/raw/ct_images/tumor/CT00121.png,tumor,10,Cross-Class Near Duplicate,MARK FOR MEDICAL REVIEW - DO NOT AUTO-OVERRIDE
data/raw/ct_images/normal/CT00042.png,normal,data/raw/ct_images/tumor/CT00074.png,tumor,9,Cross-Class Near Duplicate,MARK FOR MEDICAL REVIEW - DO NOT AUTO-OVERRIDE
data/raw/ct_images/normal/CT00042.png,normal,data/raw/ct_images/tumor/CT00095.png,tumor,9,Cross-Class Near Duplicate,MARK FOR MEDICAL REVIEW - DO NOT AUTO-OVERRIDE
data/raw/ct_images/normal/CT00042.png,normal,data/raw/ct_images/tumor/CT00132.png,tumor,9,Cross-Class Near Duplicate,MARK FOR MEDICAL REVIEW - DO NOT AUTO-OVERRIDE
data/raw/ct_images/normal/CT00043.png,normal,data/raw/ct_images/progression/CT00148.png,progression,10,Cross-Class Near Duplicate,MARK FOR MEDICAL REVIEW - DO NOT AUTO-OVERRIDE
data/raw/ct_images/normal/CT00043.png,normal,data/raw/ct_images/tumor/CT00068.png,tumor,5,Cross-Class Near Duplicate,MARK FOR MEDICAL REVIEW - DO NOT AUTO-OVERRIDE
data/raw/ct_images/normal/CT00043.png,normal,data/raw/ct_images/tumor/CT00085.png,tumor,8,Cross-Class Near Duplicate,MARK FOR MEDICAL REVIEW - DO NOT AUTO-OVERRIDE
data/raw/ct_images/normal/CT00043.png,normal,data/raw/ct_images/tumor/CT00087.png,tumor,10,Cross-Class Near Duplicate,MARK FOR MEDICAL REVIEW - DO NOT AUTO-OVERRIDE
data/raw/ct_images/normal/CT00043.png,normal,data/raw/ct_images/tumor/CT00112.png,tumor,10,Cross-Class Near Duplicate,MARK FOR MEDICAL REVIEW - DO NOT AUTO-OVERRIDE
data/raw/ct_images/normal/CT00043.png,normal,data/raw/ct_images/tumor/CT00116.png,tumor,7,Cross-Class Near Duplicate,MARK FOR MEDICAL REVIEW - DO NOT AUTO-OVERRIDE
data/raw/ct_images/normal/CT00043.png,normal,data/raw/ct_images/tumor/CT00121.png,tumor,10,Cross-Class Near Duplicate,MARK FOR MEDICAL REVIEW - DO NOT AUTO-OVERRIDE
data/raw/ct_images/normal/CT00044.png,normal,data/raw/ct_images/tumor/CT00074.png,tumor,7,Cross-Class Near Duplicate,MARK FOR MEDICAL REVIEW - DO NOT AUTO-OVERRIDE
data/raw/ct_images/normal/CT00045.png,normal,data/raw/ct_images/progression/CT00148.png,progression,10,Cross-Class Near Duplicate,MARK FOR MEDICAL REVIEW - DO NOT AUTO-OVERRIDE
data/raw/ct_images/normal/CT00045.png,normal,data/raw/ct_images/tumor/CT00068.png,tumor,5,Cross-Class Near Duplicate,MARK FOR MEDICAL REVIEW - DO NOT AUTO-OVERRIDE
data/raw/ct_images/normal/CT00045.png,normal,data/raw/ct_images/tumor/CT00085.png,tumor,8,Cross-Class Near Duplicate,MARK FOR MEDICAL REVIEW - DO NOT AUTO-OVERRIDE
data/raw/ct_images/normal/CT00045.png,normal,data/raw/ct_images/tumor/CT00087.png,tumor,10,Cross-Class Near Duplicate,MARK FOR MEDICAL REVIEW - DO NOT AUTO-OVERRIDE
data/raw/ct_images/normal/CT00045.png,normal,data/raw/ct_images/tumor/CT00112.png,tumor,10,Cross-Class Near Duplicate,MARK FOR MEDICAL REVIEW - DO NOT AUTO-OVERRIDE
data/raw/ct_images/normal/CT00045.png,normal,data/raw/ct_images/tumor/CT00116.png,tumor,7,Cross-Class Near Duplicate,MARK FOR MEDICAL REVIEW - DO NOT AUTO-OVERRIDE
data/raw/ct_images/normal/CT00045.png,normal,data/raw/ct_images/tumor/CT00121.png,tumor,10,Cross-Class Near Duplicate,MARK FOR MEDICAL REVIEW - DO NOT AUTO-OVERRIDE
data/raw/ct_images/normal/CT00046.png,normal,data/raw/ct_images/tumor/CT00068.png,tumor,7,Cross-Class Near Duplicate,MARK FOR MEDICAL REVIEW - DO NOT AUTO-OVERRIDE
data/raw/ct_images/normal/CT00046.png,normal,data/raw/ct_images/tumor/CT00085.png,tumor,10,Cross-Class Near Duplicate,MARK FOR MEDICAL REVIEW - DO NOT AUTO-OVERRIDE
data/raw/ct_images/normal/CT00046.png,normal,data/raw/ct_images/tumor/CT00116.png,tumor,7,Cross-Class Near Duplicate,MARK FOR MEDICAL REVIEW - DO NOT AUTO-OVERRIDE
data/raw/ct_images/normal/CT00046.png,normal,data/raw/ct_images/tumor/CT00121.png,tumor,10,Cross-Class Near Duplicate,MARK FOR MEDICAL REVIEW - DO NOT AUTO-OVERRIDE
data/raw/ct_images/normal/CT00047.png,normal,data/raw/ct_images/tumor/CT00074.png,tumor,7,Cross-Class Near Duplicate,MARK FOR MEDICAL REVIEW - DO NOT AUTO-OVERRIDE
data/raw/ct_images/normal/CT00048.png,normal,data/raw/ct_images/progression/CT00148.png,progression,10,Cross-Class Near Duplicate,MARK FOR MEDICAL REVIEW - DO NOT AUTO-OVERRIDE
data/raw/ct_images/normal/CT00048.png,normal,data/raw/ct_images/tumor/CT00068.png,tumor,5,Cross-Class Near Duplicate,MARK FOR MEDICAL REVIEW - DO NOT AUTO-OVERRIDE
data/raw/ct_images/normal/CT00048.png,normal,data/raw/ct_images/tumor/CT00085.png,tumor,8,Cross-Class Near Duplicate,MARK FOR MEDICAL REVIEW - DO NOT AUTO-OVERRIDE
data/raw/ct_images/normal/CT00048.png,normal,data/raw/ct_images/tumor/CT00087.png,tumor,10,Cross-Class Near Duplicate,MARK FOR MEDICAL REVIEW - DO NOT AUTO-OVERRIDE
data/raw/ct_images/normal/CT00048.png,normal,data/raw/ct_images/tumor/CT00112.png,tumor,10,Cross-Class Near Duplicate,MARK FOR MEDICAL REVIEW - DO NOT AUTO-OVERRIDE
data/raw/ct_images/normal/CT00048.png,normal,data/raw/ct_images/tumor/CT00116.png,tumor,7,Cross-Class Near Duplicate,MARK FOR MEDICAL REVIEW - DO NOT AUTO-OVERRIDE
data/raw/ct_images/normal/CT00048.png,normal,data/raw/ct_images/tumor/CT00121.png,tumor,10,Cross-Class Near Duplicate,MARK FOR MEDICAL REVIEW - DO NOT AUTO-OVERRIDE
data/raw/ct_images/normal/CT00049.png,normal,data/raw/ct_images/tumor/CT00074.png,tumor,8,Cross-Class Near Duplicate,MARK FOR MEDICAL REVIEW - DO NOT AUTO-OVERRIDE
data/raw/ct_images/normal/CT00050.png,normal,data/raw/ct_images/progression/CT00148.png,progression,10,Cross-Class Near Duplicate,MARK FOR MEDICAL REVIEW - DO NOT AUTO-OVERRIDE
data/raw/ct_images/normal/CT00050.png,normal,data/raw/ct_images/tumor/CT00068.png,tumor,5,Cross-Class Near Duplicate,MARK FOR MEDICAL REVIEW - DO NOT AUTO-OVERRIDE
data/raw/ct_images/normal/CT00050.png,normal,data/raw/ct_images/tumor/CT00085.png,tumor,8,Cross-Class Near Duplicate,MARK FOR MEDICAL REVIEW - DO NOT AUTO-OVERRIDE
data/raw/ct_images/normal/CT00050.png,normal,data/raw/ct_images/tumor/CT00087.png,tumor,10,Cross-Class Near Duplicate,MARK FOR MEDICAL REVIEW - DO NOT AUTO-OVERRIDE
data/raw/ct_images/normal/CT00050.png,normal,data/raw/ct_images/tumor/CT00112.png,tumor,10,Cross-Class Near Duplicate,MARK FOR MEDICAL REVIEW - DO NOT AUTO-OVERRIDE
data/raw/ct_images/normal/CT00050.png,normal,data/raw/ct_images/tumor/CT00116.png,tumor,7,Cross-Class Near Duplicate,MARK FOR MEDICAL REVIEW - DO NOT AUTO-OVERRIDE
data/raw/ct_images/normal/CT00050.png,normal,data/raw/ct_images/tumor/CT00121.png,tumor,10,Cross-Class Near Duplicate,MARK FOR MEDICAL REVIEW - DO NOT AUTO-OVERRIDE
data/raw/ct_images/normal/CT00051.png,normal,data/raw/ct_images/tumor/CT00068.png,tumor,5,Cross-Class Near Duplicate,MARK FOR MEDICAL REVIEW - DO NOT AUTO-OVERRIDE
data/raw/ct_images/normal/CT00051.png,normal,data/raw/ct_images/tumor/CT00085.png,tumor,8,Cross-Class Near Duplicate,MARK FOR MEDICAL REVIEW - DO NOT AUTO-OVERRIDE
data/raw/ct_images/normal/CT00051.png,normal,data/raw/ct_images/tumor/CT00116.png,tumor,9,Cross-Class Near Duplicate,MARK FOR MEDICAL REVIEW - DO NOT AUTO-OVERRIDE
data/raw/ct_images/normal/CT00051.png,normal,data/raw/ct_images/tumor/CT00121.png,tumor,8,Cross-Class Near Duplicate,MARK FOR MEDICAL REVIEW - DO NOT AUTO-OVERRIDE
data/raw/ct_images/normal/CT00052.png,normal,data/raw/ct_images/tumor/CT00068.png,tumor,6,Cross-Class Near Duplicate,MARK FOR MEDICAL REVIEW - DO NOT AUTO-OVERRIDE
data/raw/ct_images/normal/CT00052.png,normal,data/raw/ct_images/tumor/CT00085.png,tumor,9,Cross-Class Near Duplicate,MARK FOR MEDICAL REVIEW - DO NOT AUTO-OVERRIDE
data/raw/ct_images/normal/CT00052.png,normal,data/raw/ct_images/tumor/CT00116.png,tumor,8,Cross-Class Near Duplicate,MARK FOR MEDICAL REVIEW - DO NOT AUTO-OVERRIDE
data/raw/ct_images/normal/CT00053.png,normal,data/raw/ct_images/tumor/CT00068.png,tumor,8,Cross-Class Near Duplicate,MARK FOR MEDICAL REVIEW - DO NOT AUTO-OVERRIDE
data/raw/ct_images/normal/CT00053.png,normal,data/raw/ct_images/tumor/CT00116.png,tumor,8,Cross-Class Near Duplicate,MARK FOR MEDICAL REVIEW - DO NOT AUTO-OVERRIDE
data/raw/ct_images/normal/CT00054.png,normal,data/raw/ct_images/tumor/CT00068.png,tumor,8,Cross-Class Near Duplicate,MARK FOR MEDICAL REVIEW - DO NOT AUTO-OVERRIDE
data/raw/ct_images/normal/CT00054.png,normal,data/raw/ct_images/tumor/CT00116.png,tumor,8,Cross-Class Near Duplicate,MARK FOR MEDICAL REVIEW - DO NOT AUTO-OVERRIDE
data/raw/ct_images/normal/CT00055.png,normal,data/raw/ct_images/tumor/CT00068.png,tumor,7,Cross-Class Near Duplicate,MARK FOR MEDICAL REVIEW - DO NOT AUTO-OVERRIDE
data/raw/ct_images/normal/CT00055.png,normal,data/raw/ct_images/tumor/CT00085.png,tumor,10,Cross-Class Near Duplicate,MARK FOR MEDICAL REVIEW - DO NOT AUTO-OVERRIDE
data/raw/ct_images/normal/CT00055.png,normal,data/raw/ct_images/tumor/CT00116.png,tumor,7,Cross-Class Near Duplicate,MARK FOR MEDICAL REVIEW - DO NOT AUTO-OVERRIDE
data/raw/ct_images/normal/CT00055.png,normal,data/raw/ct_images/tumor/CT00121.png,tumor,10,Cross-Class Near Duplicate,MARK FOR MEDICAL REVIEW - DO NOT AUTO-OVERRIDE
data/raw/ct_images/normal/CT00056.png,normal,data/raw/ct_images/tumor/CT00074.png,tumor,7,Cross-Class Near Duplicate,MARK FOR MEDICAL REVIEW - DO NOT AUTO-OVERRIDE
data/raw/ct_images/normal/CT00056.png,normal,data/raw/ct_images/tumor/CT00095.png,tumor,9,Cross-Class Near Duplicate,MARK FOR MEDICAL REVIEW - DO NOT AUTO-OVERRIDE
data/raw/ct_images/normal/CT00056.png,normal,data/raw/ct_images/tumor/CT00132.png,tumor,9,Cross-Class Near Duplicate,MARK FOR MEDICAL REVIEW - DO NOT AUTO-OVERRIDE
data/raw/ct_images/normal/CT00057.png,normal,data/raw/ct_images/tumor/CT00068.png,tumor,5,Cross-Class Near Duplicate,MARK FOR MEDICAL REVIEW - DO NOT AUTO-OVERRIDE
data/raw/ct_images/normal/CT00057.png,normal,data/raw/ct_images/tumor/CT00085.png,tumor,8,Cross-Class Near Duplicate,MARK FOR MEDICAL REVIEW - DO NOT AUTO-OVERRIDE
data/raw/ct_images/normal/CT00057.png,normal,data/raw/ct_images/tumor/CT00116.png,tumor,9,Cross-Class Near Duplicate,MARK FOR MEDICAL REVIEW - DO NOT AUTO-OVERRIDE
data/raw/ct_images/normal/CT00057.png,normal,data/raw/ct_images/tumor/CT00121.png,tumor,10,Cross-Class Near Duplicate,MARK FOR MEDICAL REVIEW - DO NOT AUTO-OVERRIDE
data/raw/ct_images/normal/CT00058.png,normal,data/raw/ct_images/tumor/CT00074.png,tumor,7,Cross-Class Near Duplicate,MARK FOR MEDICAL REVIEW - DO NOT AUTO-OVERRIDE
data/raw/ct_images/normal/CT00059.png,normal,data/raw/ct_images/tumor/CT00074.png,tumor,7,Cross-Class Near Duplicate,MARK FOR MEDICAL REVIEW - DO NOT AUTO-OVERRIDE
data/raw/ct_images/normal/CT00060.png,normal,data/raw/ct_images/tumor/CT00074.png,tumor,8,Cross-Class Near Duplicate,MARK FOR MEDICAL REVIEW - DO NOT AUTO-OVERRIDE
data/raw/ct_images/normal/CT00060.png,normal,data/raw/ct_images/tumor/CT00095.png,tumor,10,Cross-Class Near Duplicate,MARK FOR MEDICAL REVIEW - DO NOT AUTO-OVERRIDE
data/raw/ct_images/normal/CT00060.png,normal,data/raw/ct_images/tumor/CT00128.png,tumor,10,Cross-Class Near Duplicate,MARK FOR MEDICAL REVIEW - DO NOT AUTO-OVERRIDE
data/raw/ct_images/normal/CT00060.png,normal,data/raw/ct_images/tumor/CT00132.png,tumor,8,Cross-Class Near Duplicate,MARK FOR MEDICAL REVIEW - DO NOT AUTO-OVERRIDE
data/raw/ct_images/normal/CT00061.png,normal,data/raw/ct_images/progression/CT00148.png,progression,10,Cross-Class Near Duplicate,MARK FOR MEDICAL REVIEW - DO NOT AUTO-OVERRIDE
data/raw/ct_images/normal/CT00061.png,normal,data/raw/ct_images/tumor/CT00068.png,tumor,5,Cross-Class Near Duplicate,MARK FOR MEDICAL REVIEW - DO NOT AUTO-OVERRIDE
data/raw/ct_images/normal/CT00061.png,normal,data/raw/ct_images/tumor/CT00085.png,tumor,8,Cross-Class Near Duplicate,MARK FOR MEDICAL REVIEW - DO NOT AUTO-OVERRIDE
data/raw/ct_images/normal/CT00061.png,normal,data/raw/ct_images/tumor/CT00087.png,tumor,10,Cross-Class Near Duplicate,MARK FOR MEDICAL REVIEW - DO NOT AUTO-OVERRIDE
data/raw/ct_images/normal/CT00061.png,normal,data/raw/ct_images/tumor/CT00112.png,tumor,10,Cross-Class Near Duplicate,MARK FOR MEDICAL REVIEW - DO NOT AUTO-OVERRIDE
data/raw/ct_images/normal/CT00061.png,normal,data/raw/ct_images/tumor/CT00116.png,tumor,7,Cross-Class Near Duplicate,MARK FOR MEDICAL REVIEW - DO NOT AUTO-OVERRIDE
data/raw/ct_images/normal/CT00061.png,normal,data/raw/ct_images/tumor/CT00121.png,tumor,10,Cross-Class Near Duplicate,MARK FOR MEDICAL REVIEW - DO NOT AUTO-OVERRIDE
data/raw/ct_images/normal/CT00062.png,normal,data/raw/ct_images/tumor/CT00068.png,tumor,7,Cross-Class Near Duplicate,MARK FOR MEDICAL REVIEW - DO NOT AUTO-OVERRIDE
data/raw/ct_images/normal/CT00062.png,normal,data/raw/ct_images/tumor/CT00085.png,tumor,10,Cross-Class Near Duplicate,MARK FOR MEDICAL REVIEW - DO NOT AUTO-OVERRIDE
data/raw/ct_images/normal/CT00062.png,normal,data/raw/ct_images/tumor/CT00116.png,tumor,9,Cross-Class Near Duplicate,MARK FOR MEDICAL REVIEW - DO NOT AUTO-OVERRIDE
data/raw/ct_images/normal/CT00062.png,normal,data/raw/ct_images/tumor/CT00121.png,tumor,10,Cross-Class Near Duplicate,MARK FOR MEDICAL REVIEW - DO NOT AUTO-OVERRIDE
data/raw/ct_images/normal/CT00063.png,normal,data/raw/ct_images/progression/CT00148.png,progression,10,Cross-Class Near Duplicate,MARK FOR MEDICAL REVIEW - DO NOT AUTO-OVERRIDE
data/raw/ct_images/normal/CT00063.png,normal,data/raw/ct_images/tumor/CT00068.png,tumor,5,Cross-Class Near Duplicate,MARK FOR MEDICAL REVIEW - DO NOT AUTO-OVERRIDE
data/raw/ct_images/normal/CT00063.png,normal,data/raw/ct_images/tumor/CT00085.png,tumor,8,Cross-Class Near Duplicate,MARK FOR MEDICAL REVIEW - DO NOT AUTO-OVERRIDE
data/raw/ct_images/normal/CT00063.png,normal,data/raw/ct_images/tumor/CT00087.png,tumor,10,Cross-Class Near Duplicate,MARK FOR MEDICAL REVIEW - DO NOT AUTO-OVERRIDE
data/raw/ct_images/normal/CT00063.png,normal,data/raw/ct_images/tumor/CT00112.png,tumor,10,Cross-Class Near Duplicate,MARK FOR MEDICAL REVIEW - DO NOT AUTO-OVERRIDE
data/raw/ct_images/normal/CT00063.png,normal,data/raw/ct_images/tumor/CT00116.png,tumor,7,Cross-Class Near Duplicate,MARK FOR MEDICAL REVIEW - DO NOT AUTO-OVERRIDE
data/raw/ct_images/normal/CT00063.png,normal,data/raw/ct_images/tumor/CT00121.png,tumor,10,Cross-Class Near Duplicate,MARK FOR MEDICAL REVIEW - DO NOT AUTO-OVERRIDE
data/raw/ct_images/normal/CT00064.png,normal,data/raw/ct_images/tumor/CT00074.png,tumor,8,Cross-Class Near Duplicate,MARK FOR MEDICAL REVIEW - DO NOT AUTO-OVERRIDE
data/raw/ct_images/normal/CT00065.png,normal,data/raw/ct_images/tumor/CT00074.png,tumor,7,Cross-Class Near Duplicate,MARK FOR MEDICAL REVIEW - DO NOT AUTO-OVERRIDE
data/raw/ct_images/progression/CT00139.png,progression,data/raw/ct_images/tumor/CT00071.png,tumor,7,Cross-Class Near Duplicate,MARK FOR MEDICAL REVIEW - DO NOT AUTO-OVERRIDE
data/raw/ct_images/progression/CT00139.png,progression,data/raw/ct_images/tumor/CT00073.png,tumor,9,Cross-Class Near Duplicate,MARK FOR MEDICAL REVIEW - DO NOT AUTO-OVERRIDE
data/raw/ct_images/progression/CT00139.png,progression,data/raw/ct_images/tumor/CT00077.png,tumor,9,Cross-Class Near Duplicate,MARK FOR MEDICAL REVIEW - DO NOT AUTO-OVERRIDE
data/raw/ct_images/progression/CT00139.png,progression,data/raw/ct_images/tumor/CT00083.png,tumor,7,Cross-Class Near Duplicate,MARK FOR MEDICAL REVIEW - DO NOT AUTO-OVERRIDE
data/raw/ct_images/progression/CT00139.png,progression,data/raw/ct_images/tumor/CT00084.png,tumor,10,Cross-Class Near Duplicate,MARK FOR MEDICAL REVIEW - DO NOT AUTO-OVERRIDE
data/raw/ct_images/progression/CT00139.png,progression,data/raw/ct_images/tumor/CT00096.png,tumor,8,Cross-Class Near Duplicate,MARK FOR MEDICAL REVIEW - DO NOT AUTO-OVERRIDE
data/raw/ct_images/progression/CT00139.png,progression,data/raw/ct_images/tumor/CT00097.png,tumor,5,Cross-Class Near Duplicate,MARK FOR MEDICAL REVIEW - DO NOT AUTO-OVERRIDE
data/raw/ct_images/progression/CT00139.png,progression,data/raw/ct_images/tumor/CT00099.png,tumor,8,Cross-Class Near Duplicate,MARK FOR MEDICAL REVIEW - DO NOT AUTO-OVERRIDE
data/raw/ct_images/progression/CT00139.png,progression,data/raw/ct_images/tumor/CT00103.png,tumor,9,Cross-Class Near Duplicate,MARK FOR MEDICAL REVIEW - DO NOT AUTO-OVERRIDE
data/raw/ct_images/progression/CT00139.png,progression,data/raw/ct_images/tumor/CT00107.png,tumor,10,Cross-Class Near Duplicate,MARK FOR MEDICAL REVIEW - DO NOT AUTO-OVERRIDE
data/raw/ct_images/progression/CT00139.png,progression,data/raw/ct_images/tumor/CT00122.png,tumor,9,Cross-Class Near Duplicate,MARK FOR MEDICAL REVIEW - DO NOT AUTO-OVERRIDE
data/raw/ct_images/progression/CT00139.png,progression,data/raw/ct_images/tumor/CT00131.png,tumor,8,Cross-Class Near Duplicate,MARK FOR MEDICAL REVIEW - DO NOT AUTO-OVERRIDE
data/raw/ct_images/progression/CT00141.png,progression,data/raw/ct_images/tumor/CT00078.png,tumor,4,Cross-Class Near Duplicate,MARK FOR MEDICAL REVIEW - DO NOT AUTO-OVERRIDE
data/raw/ct_images/progression/CT00141.png,progression,data/raw/ct_images/tumor/CT00128.png,tumor,9,Cross-Class Near Duplicate,MARK FOR MEDICAL REVIEW - DO NOT AUTO-OVERRIDE
data/raw/ct_images/progression/CT00143.png,progression,data/raw/ct_images/tumor/CT00071.png,tumor,6,Cross-Class Near Duplicate,MARK FOR MEDICAL REVIEW - DO NOT AUTO-OVERRIDE
data/raw/ct_images/progression/CT00143.png,progression,data/raw/ct_images/tumor/CT00080.png,tumor,8,Cross-Class Near Duplicate,MARK FOR MEDICAL REVIEW - DO NOT AUTO-OVERRIDE
data/raw/ct_images/progression/CT00143.png,progression,data/raw/ct_images/tumor/CT00083.png,tumor,8,Cross-Class Near Duplicate,MARK FOR MEDICAL REVIEW - DO NOT AUTO-OVERRIDE
data/raw/ct_images/progression/CT00143.png,progression,data/raw/ct_images/tumor/CT00097.png,tumor,8,Cross-Class Near Duplicate,MARK FOR MEDICAL REVIEW - DO NOT AUTO-OVERRIDE
data/raw/ct_images/progression/CT00143.png,progression,data/raw/ct_images/tumor/CT00099.png,tumor,9,Cross-Class Near Duplicate,MARK FOR MEDICAL REVIEW - DO NOT AUTO-OVERRIDE
data/raw/ct_images/progression/CT00143.png,progression,data/raw/ct_images/tumor/CT00102.png,tumor,9,Cross-Class Near Duplicate,MARK FOR MEDICAL REVIEW - DO NOT AUTO-OVERRIDE
data/raw/ct_images/progression/CT00143.png,progression,data/raw/ct_images/tumor/CT00103.png,tumor,10,Cross-Class Near Duplicate,MARK FOR MEDICAL REVIEW - DO NOT AUTO-OVERRIDE
data/raw/ct_images/progression/CT00143.png,progression,data/raw/ct_images/tumor/CT00104.png,tumor,10,Cross-Class Near Duplicate,MARK FOR MEDICAL REVIEW - DO NOT AUTO-OVERRIDE
data/raw/ct_images/progression/CT00143.png,progression,data/raw/ct_images/tumor/CT00107.png,tumor,9,Cross-Class Near Duplicate,MARK FOR MEDICAL REVIEW - DO NOT AUTO-OVERRIDE
data/raw/ct_images/progression/CT00143.png,progression,data/raw/ct_images/tumor/CT00122.png,tumor,10,Cross-Class Near Duplicate,MARK FOR MEDICAL REVIEW - DO NOT AUTO-OVERRIDE
data/raw/ct_images/progression/CT00144.png,progression,data/raw/ct_images/tumor/CT00071.png,tumor,4,Cross-Class Near Duplicate,MARK FOR MEDICAL REVIEW - DO NOT AUTO-OVERRIDE
data/raw/ct_images/progression/CT00144.png,progression,data/raw/ct_images/tumor/CT00080.png,tumor,6,Cross-Class Near Duplicate,MARK FOR MEDICAL REVIEW - DO NOT AUTO-OVERRIDE
data/raw/ct_images/progression/CT00144.png,progression,data/raw/ct_images/tumor/CT00083.png,tumor,6,Cross-Class Near Duplicate,MARK FOR MEDICAL REVIEW - DO NOT AUTO-OVERRIDE
data/raw/ct_images/progression/CT00144.png,progression,data/raw/ct_images/tumor/CT00084.png,tumor,9,Cross-Class Near Duplicate,MARK FOR MEDICAL REVIEW - DO NOT AUTO-OVERRIDE
data/raw/ct_images/progression/CT00144.png,progression,data/raw/ct_images/tumor/CT00094.png,tumor,9,Cross-Class Near Duplicate,MARK FOR MEDICAL REVIEW - DO NOT AUTO-OVERRIDE
data/raw/ct_images/progression/CT00144.png,progression,data/raw/ct_images/tumor/CT00097.png,tumor,6,Cross-Class Near Duplicate,MARK FOR MEDICAL REVIEW - DO NOT AUTO-OVERRIDE
data/raw/ct_images/progression/CT00144.png,progression,data/raw/ct_images/tumor/CT00099.png,tumor,7,Cross-Class Near Duplicate,MARK FOR MEDICAL REVIEW - DO NOT AUTO-OVERRIDE
data/raw/ct_images/progression/CT00144.png,progression,data/raw/ct_images/tumor/CT00102.png,tumor,7,Cross-Class Near Duplicate,MARK FOR MEDICAL REVIEW - DO NOT AUTO-OVERRIDE
data/raw/ct_images/progression/CT00144.png,progression,data/raw/ct_images/tumor/CT00103.png,tumor,8,Cross-Class Near Duplicate,MARK FOR MEDICAL REVIEW - DO NOT AUTO-OVERRIDE
data/raw/ct_images/progression/CT00144.png,progression,data/raw/ct_images/tumor/CT00104.png,tumor,8,Cross-Class Near Duplicate,MARK FOR MEDICAL REVIEW - DO NOT AUTO-OVERRIDE
data/raw/ct_images/progression/CT00144.png,progression,data/raw/ct_images/tumor/CT00107.png,tumor,7,Cross-Class Near Duplicate,MARK FOR MEDICAL REVIEW - DO NOT AUTO-OVERRIDE
data/raw/ct_images/progression/CT00144.png,progression,data/raw/ct_images/tumor/CT00118.png,tumor,10,Cross-Class Near Duplicate,MARK FOR MEDICAL REVIEW - DO NOT AUTO-OVERRIDE
data/raw/ct_images/progression/CT00144.png,progression,data/raw/ct_images/tumor/CT00122.png,tumor,8,Cross-Class Near Duplicate,MARK FOR MEDICAL REVIEW - DO NOT AUTO-OVERRIDE
data/raw/ct_images/progression/CT00144.png,progression,data/raw/ct_images/tumor/CT00123.png,tumor,9,Cross-Class Near Duplicate,MARK FOR MEDICAL REVIEW - DO NOT AUTO-OVERRIDE
data/raw/ct_images/progression/CT00148.png,progression,data/raw/ct_images/tumor/CT00066.png,tumor,6,Cross-Class Near Duplicate,MARK FOR MEDICAL REVIEW - DO NOT AUTO-OVERRIDE
data/raw/ct_images/progression/CT00148.png,progression,data/raw/ct_images/tumor/CT00068.png,tumor,7,Cross-Class Near Duplicate,MARK FOR MEDICAL REVIEW - DO NOT AUTO-OVERRIDE
data/raw/ct_images/progression/CT00148.png,progression,data/raw/ct_images/tumor/CT00069.png,tumor,9,Cross-Class Near Duplicate,MARK FOR MEDICAL REVIEW - DO NOT AUTO-OVERRIDE
data/raw/ct_images/progression/CT00148.png,progression,data/raw/ct_images/tumor/CT00085.png,tumor,6,Cross-Class Near Duplicate,MARK FOR MEDICAL REVIEW - DO NOT AUTO-OVERRIDE
data/raw/ct_images/progression/CT00148.png,progression,data/raw/ct_images/tumor/CT00087.png,tumor,8,Cross-Class Near Duplicate,MARK FOR MEDICAL REVIEW - DO NOT AUTO-OVERRIDE
data/raw/ct_images/progression/CT00148.png,progression,data/raw/ct_images/tumor/CT00092.png,tumor,9,Cross-Class Near Duplicate,MARK FOR MEDICAL REVIEW - DO NOT AUTO-OVERRIDE
data/raw/ct_images/progression/CT00148.png,progression,data/raw/ct_images/tumor/CT00112.png,tumor,8,Cross-Class Near Duplicate,MARK FOR MEDICAL REVIEW - DO NOT AUTO-OVERRIDE
data/raw/ct_images/progression/CT00148.png,progression,data/raw/ct_images/tumor/CT00116.png,tumor,7,Cross-Class Near Duplicate,MARK FOR MEDICAL REVIEW - DO NOT AUTO-OVERRIDE
data/raw/ct_images/progression/CT00148.png,progression,data/raw/ct_images/tumor/CT00120.png,tumor,7,Cross-Class Near Duplicate,MARK FOR MEDICAL REVIEW - DO NOT AUTO-OVERRIDE
data/raw/ct_images/progression/CT00149.png,progression,data/raw/ct_images/tumor/CT00097.png,tumor,9,Cross-Class Near Duplicate,MARK FOR MEDICAL REVIEW - DO NOT AUTO-OVERRIDE
data/raw/ct_images/progression/CT00149.png,progression,data/raw/ct_images/tumor/CT00099.png,tumor,10,Cross-Class Near Duplicate,MARK FOR MEDICAL REVIEW - DO NOT AUTO-OVERRIDE
data/raw/ct_images/progression/CT00152.png,progression,data/raw/ct_images/tumor/CT00073.png,tumor,9,Cross-Class Near Duplicate,MARK FOR MEDICAL REVIEW - DO NOT AUTO-OVERRIDE
data/raw/ct_images/progression/CT00152.png,progression,data/raw/ct_images/tumor/CT00083.png,tumor,9,Cross-Class Near Duplicate,MARK FOR MEDICAL REVIEW - DO NOT AUTO-OVERRIDE
data/raw/ct_images/progression/CT00152.png,progression,data/raw/ct_images/tumor/CT00097.png,tumor,9,Cross-Class Near Duplicate,MARK FOR MEDICAL REVIEW - DO NOT AUTO-OVERRIDE
data/raw/ct_images/progression/CT00152.png,progression,data/raw/ct_images/tumor/CT00099.png,tumor,10,Cross-Class Near Duplicate,MARK FOR MEDICAL REVIEW - DO NOT AUTO-OVERRIDE
data/raw/ct_images/progression/CT00153.png,progression,data/raw/ct_images/tumor/CT00078.png,tumor,10,Cross-Class Near Duplicate,MARK FOR MEDICAL REVIEW - DO NOT AUTO-OVERRIDE
data/raw/ct_images/progression/CT00155.png,progression,data/raw/ct_images/tumor/CT00107.png,tumor,10,Cross-Class Near Duplicate,MARK FOR MEDICAL REVIEW - DO NOT AUTO-OVERRIDE
data/raw/ct_images/progression/CT00156.png,progression,data/raw/ct_images/tumor/CT00066.png,tumor,5,Cross-Class Near Duplicate,MARK FOR MEDICAL REVIEW - DO NOT AUTO-OVERRIDE
data/raw/ct_images/progression/CT00156.png,progression,data/raw/ct_images/tumor/CT00068.png,tumor,10,Cross-Class Near Duplicate,MARK FOR MEDICAL REVIEW - DO NOT AUTO-OVERRIDE
data/raw/ct_images/progression/CT00156.png,progression,data/raw/ct_images/tumor/CT00069.png,tumor,8,Cross-Class Near Duplicate,MARK FOR MEDICAL REVIEW - DO NOT AUTO-OVERRIDE
data/raw/ct_images/progression/CT00156.png,progression,data/raw/ct_images/tumor/CT00085.png,tumor,9,Cross-Class Near Duplicate,MARK FOR MEDICAL REVIEW - DO NOT AUTO-OVERRIDE
data/raw/ct_images/progression/CT00156.png,progression,data/raw/ct_images/tumor/CT00112.png,tumor,9,Cross-Class Near Duplicate,MARK FOR MEDICAL REVIEW - DO NOT AUTO-OVERRIDE
data/raw/ct_images/progression/CT00156.png,progression,data/raw/ct_images/tumor/CT00116.png,tumor,10,Cross-Class Near Duplicate,MARK FOR MEDICAL REVIEW - DO NOT AUTO-OVERRIDE
data/raw/ct_images/progression/CT00156.png,progression,data/raw/ct_images/tumor/CT00120.png,tumor,10,Cross-Class Near Duplicate,MARK FOR MEDICAL REVIEW - DO NOT AUTO-OVERRIDE
data/raw/ct_images/progression/CT00158.png,progression,data/raw/ct_images/tumor/CT00076.png,tumor,8,Cross-Class Near Duplicate,MARK FOR MEDICAL REVIEW - DO NOT AUTO-OVERRIDE
data/raw/ct_images/progression/CT00160.png,progression,data/raw/ct_images/tumor/CT00080.png,tumor,9,Cross-Class Near Duplicate,MARK FOR MEDICAL REVIEW - DO NOT AUTO-OVERRIDE
data/raw/ct_images/progression/CT00160.png,progression,data/raw/ct_images/tumor/CT00084.png,tumor,10,Cross-Class Near Duplicate,MARK FOR MEDICAL REVIEW - DO NOT AUTO-OVERRIDE
data/raw/ct_images/progression/CT00160.png,progression,data/raw/ct_images/tumor/CT00107.png,tumor,8,Cross-Class Near Duplicate,MARK FOR MEDICAL REVIEW - DO NOT AUTO-OVERRIDE
data/raw/ct_images/progression/CT00164.png,progression,data/raw/ct_images/tumor/CT00071.png,tumor,6,Cross-Class Near Duplicate,MARK FOR MEDICAL REVIEW - DO NOT AUTO-OVERRIDE
data/raw/ct_images/progression/CT00164.png,progression,data/raw/ct_images/tumor/CT00080.png,tumor,8,Cross-Class Near Duplicate,MARK FOR MEDICAL REVIEW - DO NOT AUTO-OVERRIDE
data/raw/ct_images/progression/CT00164.png,progression,data/raw/ct_images/tumor/CT00083.png,tumor,8,Cross-Class Near Duplicate,MARK FOR MEDICAL REVIEW - DO NOT AUTO-OVERRIDE
data/raw/ct_images/progression/CT00164.png,progression,data/raw/ct_images/tumor/CT00094.png,tumor,9,Cross-Class Near Duplicate,MARK FOR MEDICAL REVIEW - DO NOT AUTO-OVERRIDE
data/raw/ct_images/progression/CT00164.png,progression,data/raw/ct_images/tumor/CT00097.png,tumor,8,Cross-Class Near Duplicate,MARK FOR MEDICAL REVIEW - DO NOT AUTO-OVERRIDE
data/raw/ct_images/progression/CT00164.png,progression,data/raw/ct_images/tumor/CT00099.png,tumor,9,Cross-Class Near Duplicate,MARK FOR MEDICAL REVIEW - DO NOT AUTO-OVERRIDE
data/raw/ct_images/progression/CT00164.png,progression,data/raw/ct_images/tumor/CT00102.png,tumor,9,Cross-Class Near Duplicate,MARK FOR MEDICAL REVIEW - DO NOT AUTO-OVERRIDE
data/raw/ct_images/progression/CT00164.png,progression,data/raw/ct_images/tumor/CT00103.png,tumor,10,Cross-Class Near Duplicate,MARK FOR MEDICAL REVIEW - DO NOT AUTO-OVERRIDE
data/raw/ct_images/progression/CT00164.png,progression,data/raw/ct_images/tumor/CT00104.png,tumor,10,Cross-Class Near Duplicate,MARK FOR MEDICAL REVIEW - DO NOT AUTO-OVERRIDE
data/raw/ct_images/progression/CT00164.png,progression,data/raw/ct_images/tumor/CT00107.png,tumor,9,Cross-Class Near Duplicate,MARK FOR MEDICAL REVIEW - DO NOT AUTO-OVERRIDE
data/raw/ct_images/progression/CT00164.png,progression,data/raw/ct_images/tumor/CT00122.png,tumor,8,Cross-Class Near Duplicate,MARK FOR MEDICAL REVIEW - DO NOT AUTO-OVERRIDE
data/raw/ct_images/progression/CT00164.png,progression,data/raw/ct_images/tumor/CT00123.png,tumor,9,Cross-Class Near Duplicate,MARK FOR MEDICAL REVIEW - DO NOT AUTO-OVERRIDE
data/raw/ct_images/progression/CT00165.png,progression,data/raw/ct_images/tumor/CT00071.png,tumor,8,Cross-Class Near Duplicate,MARK FOR MEDICAL REVIEW - DO NOT AUTO-OVERRIDE
data/raw/ct_images/progression/CT00165.png,progression,data/raw/ct_images/tumor/CT00073.png,tumor,10,Cross-Class Near Duplicate,MARK FOR MEDICAL REVIEW - DO NOT AUTO-OVERRIDE
data/raw/ct_images/progression/CT00165.png,progression,data/raw/ct_images/tumor/CT00080.png,tumor,10,Cross-Class Near Duplicate,MARK FOR MEDICAL REVIEW - DO NOT AUTO-OVERRIDE
data/raw/ct_images/progression/CT00165.png,progression,data/raw/ct_images/tumor/CT00083.png,tumor,6,Cross-Class Near Duplicate,MARK FOR MEDICAL REVIEW - DO NOT AUTO-OVERRIDE
data/raw/ct_images/progression/CT00165.png,progression,data/raw/ct_images/tumor/CT00097.png,tumor,8,Cross-Class Near Duplicate,MARK FOR MEDICAL REVIEW - DO NOT AUTO-OVERRIDE
data/raw/ct_images/progression/CT00165.png,progression,data/raw/ct_images/tumor/CT00099.png,tumor,9,Cross-Class Near Duplicate,MARK FOR MEDICAL REVIEW - DO NOT AUTO-OVERRIDE
data/raw/ct_images/progression/CT00165.png,progression,data/raw/ct_images/tumor/CT00102.png,tumor,9,Cross-Class Near Duplicate,MARK FOR MEDICAL REVIEW - DO NOT AUTO-OVERRIDE
data/raw/ct_images/progression/CT00165.png,progression,data/raw/ct_images/tumor/CT00103.png,tumor,10,Cross-Class Near Duplicate,MARK FOR MEDICAL REVIEW - DO NOT AUTO-OVERRIDE
data/raw/ct_images/progression/CT00165.png,progression,data/raw/ct_images/tumor/CT00104.png,tumor,10,Cross-Class Near Duplicate,MARK FOR MEDICAL REVIEW - DO NOT AUTO-OVERRIDE
data/raw/ct_images/progression/CT00167.png,progression,data/raw/ct_images/tumor/CT00066.png,tumor,7,Cross-Class Near Duplicate,MARK FOR MEDICAL REVIEW - DO NOT AUTO-OVERRIDE
data/raw/ct_images/progression/CT00167.png,progression,data/raw/ct_images/tumor/CT00069.png,tumor,10,Cross-Class Near Duplicate,MARK FOR MEDICAL REVIEW - DO NOT AUTO-OVERRIDE
data/raw/ct_images/progression/CT00170.png,progression,data/raw/ct_images/tumor/CT00071.png,tumor,3,Cross-Class Near Duplicate,MARK FOR MEDICAL REVIEW - DO NOT AUTO-OVERRIDE
data/raw/ct_images/progression/CT00170.png,progression,data/raw/ct_images/tumor/CT00080.png,tumor,9,Cross-Class Near Duplicate,MARK FOR MEDICAL REVIEW - DO NOT AUTO-OVERRIDE
data/raw/ct_images/progression/CT00170.png,progression,data/raw/ct_images/tumor/CT00083.png,tumor,5,Cross-Class Near Duplicate,MARK FOR MEDICAL REVIEW - DO NOT AUTO-OVERRIDE
data/raw/ct_images/progression/CT00170.png,progression,data/raw/ct_images/tumor/CT00084.png,tumor,8,Cross-Class Near Duplicate,MARK FOR MEDICAL REVIEW - DO NOT AUTO-OVERRIDE
data/raw/ct_images/progression/CT00170.png,progression,data/raw/ct_images/tumor/CT00097.png,tumor,5,Cross-Class Near Duplicate,MARK FOR MEDICAL REVIEW - DO NOT AUTO-OVERRIDE
data/raw/ct_images/progression/CT00170.png,progression,data/raw/ct_images/tumor/CT00099.png,tumor,6,Cross-Class Near Duplicate,MARK FOR MEDICAL REVIEW - DO NOT AUTO-OVERRIDE
data/raw/ct_images/progression/CT00170.png,progression,data/raw/ct_images/tumor/CT00102.png,tumor,10,Cross-Class Near Duplicate,MARK FOR MEDICAL REVIEW - DO NOT AUTO-OVERRIDE
data/raw/ct_images/progression/CT00170.png,progression,data/raw/ct_images/tumor/CT00103.png,tumor,7,Cross-Class Near Duplicate,MARK FOR MEDICAL REVIEW - DO NOT AUTO-OVERRIDE
data/raw/ct_images/progression/CT00170.png,progression,data/raw/ct_images/tumor/CT00104.png,tumor,9,Cross-Class Near Duplicate,MARK FOR MEDICAL REVIEW - DO NOT AUTO-OVERRIDE
data/raw/ct_images/progression/CT00170.png,progression,data/raw/ct_images/tumor/CT00107.png,tumor,6,Cross-Class Near Duplicate,MARK FOR MEDICAL REVIEW - DO NOT AUTO-OVERRIDE
data/raw/ct_images/progression/CT00170.png,progression,data/raw/ct_images/tumor/CT00114.png,tumor,10,Cross-Class Near Duplicate,MARK FOR MEDICAL REVIEW - DO NOT AUTO-OVERRIDE
data/raw/ct_images/progression/CT00170.png,progression,data/raw/ct_images/tumor/CT00118.png,tumor,9,Cross-Class Near Duplicate,MARK FOR MEDICAL REVIEW - DO NOT AUTO-OVERRIDE
data/raw/ct_images/progression/CT00170.png,progression,data/raw/ct_images/tumor/CT00122.png,tumor,7,Cross-Class Near Duplicate,MARK FOR MEDICAL REVIEW - DO NOT AUTO-OVERRIDE
data/raw/ct_images/progression/CT00170.png,progression,data/raw/ct_images/tumor/CT00126.png,tumor,10,Cross-Class Near Duplicate,MARK FOR MEDICAL REVIEW - DO NOT AUTO-OVERRIDE
data/raw/ct_images/progression/CT00170.png,progression,data/raw/ct_images/tumor/CT00127.png,tumor,10,Cross-Class Near Duplicate,MARK FOR MEDICAL REVIEW - DO NOT AUTO-OVERRIDE
data/raw/ct_images/progression/CT00171.png,progression,data/raw/ct_images/tumor/CT00071.png,tumor,10,Cross-Class Near Duplicate,MARK FOR MEDICAL REVIEW - DO NOT AUTO-OVERRIDE
data/raw/ct_images/progression/CT00171.png,progression,data/raw/ct_images/tumor/CT00080.png,tumor,10,Cross-Class Near Duplicate,MARK FOR MEDICAL REVIEW - DO NOT AUTO-OVERRIDE
data/raw/ct_images/progression/CT00171.png,progression,data/raw/ct_images/tumor/CT00122.png,tumor,10,Cross-Class Near Duplicate,MARK FOR MEDICAL REVIEW - DO NOT AUTO-OVERRIDE
data/raw/ct_images/progression/CT00174.png,progression,data/raw/ct_images/tumor/CT00073.png,tumor,5,Cross-Class Near Duplicate,MARK FOR MEDICAL REVIEW - DO NOT AUTO-OVERRIDE
data/raw/ct_images/progression/CT00174.png,progression,data/raw/ct_images/tumor/CT00077.png,tumor,9,Cross-Class Near Duplicate,MARK FOR MEDICAL REVIEW - DO NOT AUTO-OVERRIDE
data/raw/ct_images/progression/CT00174.png,progression,data/raw/ct_images/tumor/CT00083.png,tumor,7,Cross-Class Near Duplicate,MARK FOR MEDICAL REVIEW - DO NOT AUTO-OVERRIDE
data/raw/ct_images/progression/CT00174.png,progression,data/raw/ct_images/tumor/CT00093.png,tumor,9,Cross-Class Near Duplicate,MARK FOR MEDICAL REVIEW - DO NOT AUTO-OVERRIDE
data/raw/ct_images/progression/CT00174.png,progression,data/raw/ct_images/tumor/CT00096.png,tumor,8,Cross-Class Near Duplicate,MARK FOR MEDICAL REVIEW - DO NOT AUTO-OVERRIDE
data/raw/ct_images/progression/CT00174.png,progression,data/raw/ct_images/tumor/CT00097.png,tumor,7,Cross-Class Near Duplicate,MARK FOR MEDICAL REVIEW - DO NOT AUTO-OVERRIDE
data/raw/ct_images/progression/CT00174.png,progression,data/raw/ct_images/tumor/CT00099.png,tumor,10,Cross-Class Near Duplicate,MARK FOR MEDICAL REVIEW - DO NOT AUTO-OVERRIDE
data/raw/ct_images/progression/CT00174.png,progression,data/raw/ct_images/tumor/CT00103.png,tumor,9,Cross-Class Near Duplicate,MARK FOR MEDICAL REVIEW - DO NOT AUTO-OVERRIDE
data/raw/ct_images/progression/CT00174.png,progression,data/raw/ct_images/tumor/CT00109.png,tumor,7,Cross-Class Near Duplicate,MARK FOR MEDICAL REVIEW - DO NOT AUTO-OVERRIDE
data/raw/ct_images/progression/CT00174.png,progression,data/raw/ct_images/tumor/CT00117.png,tumor,9,Cross-Class Near Duplicate,MARK FOR MEDICAL REVIEW - DO NOT AUTO-OVERRIDE
data/raw/ct_images/progression/CT00174.png,progression,data/raw/ct_images/tumor/CT00131.png,tumor,8,Cross-Class Near Duplicate,MARK FOR MEDICAL REVIEW - DO NOT AUTO-OVERRIDE
data/raw/ct_images/progression/CT00177.png,progression,data/raw/ct_images/tumor/CT00078.png,tumor,10,Cross-Class Near Duplicate,MARK FOR MEDICAL REVIEW - DO NOT AUTO-OVERRIDE
data/raw/ct_images/progression/CT00178.png,progression,data/raw/ct_images/tumor/CT00077.png,tumor,10,Cross-Class Near Duplicate,MARK FOR MEDICAL REVIEW - DO NOT AUTO-OVERRIDE
data/raw/ct_images/progression/CT00178.png,progression,data/raw/ct_images/tumor/CT00096.png,tumor,9,Cross-Class Near Duplicate,MARK FOR MEDICAL REVIEW - DO NOT AUTO-OVERRIDE
data/raw/ct_images/progression/CT00178.png,progression,data/raw/ct_images/tumor/CT00097.png,tumor,10,Cross-Class Near Duplicate,MARK FOR MEDICAL REVIEW - DO NOT AUTO-OVERRIDE
data/raw/ct_images/progression/CT00178.png,progression,data/raw/ct_images/tumor/CT00099.png,tumor,9,Cross-Class Near Duplicate,MARK FOR MEDICAL REVIEW - DO NOT AUTO-OVERRIDE
data/raw/ct_images/progression/CT00178.png,progression,data/raw/ct_images/tumor/CT00103.png,tumor,10,Cross-Class Near Duplicate,MARK FOR MEDICAL REVIEW - DO NOT AUTO-OVERRIDE
data/raw/ct_images/progression/CT00178.png,progression,data/raw/ct_images/tumor/CT00131.png,tumor,9,Cross-Class Near Duplicate,MARK FOR MEDICAL REVIEW - DO NOT AUTO-OVERRIDE
data/raw/ct_images/progression/CT00178.png,progression,data/raw/ct_images/tumor/CT00135.png,tumor,10,Cross-Class Near Duplicate,MARK FOR MEDICAL REVIEW - DO NOT AUTO-OVERRIDE
data/raw/ct_images/progression/CT00179.png,progression,data/raw/ct_images/tumor/CT00073.png,tumor,5,Cross-Class Near Duplicate,MARK FOR MEDICAL REVIEW - DO NOT AUTO-OVERRIDE
data/raw/ct_images/progression/CT00179.png,progression,data/raw/ct_images/tumor/CT00077.png,tumor,9,Cross-Class Near Duplicate,MARK FOR MEDICAL REVIEW - DO NOT AUTO-OVERRIDE
data/raw/ct_images/progression/CT00179.png,progression,data/raw/ct_images/tumor/CT00083.png,tumor,7,Cross-Class Near Duplicate,MARK FOR MEDICAL REVIEW - DO NOT AUTO-OVERRIDE
data/raw/ct_images/progression/CT00179.png,progression,data/raw/ct_images/tumor/CT00093.png,tumor,7,Cross-Class Near Duplicate,MARK FOR MEDICAL REVIEW - DO NOT AUTO-OVERRIDE
data/raw/ct_images/progression/CT00179.png,progression,data/raw/ct_images/tumor/CT00096.png,tumor,10,Cross-Class Near Duplicate,MARK FOR MEDICAL REVIEW - DO NOT AUTO-OVERRIDE
data/raw/ct_images/progression/CT00179.png,progression,data/raw/ct_images/tumor/CT00097.png,tumor,7,Cross-Class Near Duplicate,MARK FOR MEDICAL REVIEW - DO NOT AUTO-OVERRIDE
data/raw/ct_images/progression/CT00179.png,progression,data/raw/ct_images/tumor/CT00099.png,tumor,10,Cross-Class Near Duplicate,MARK FOR MEDICAL REVIEW - DO NOT AUTO-OVERRIDE
data/raw/ct_images/progression/CT00179.png,progression,data/raw/ct_images/tumor/CT00103.png,tumor,9,Cross-Class Near Duplicate,MARK FOR MEDICAL REVIEW - DO NOT AUTO-OVERRIDE
data/raw/ct_images/progression/CT00179.png,progression,data/raw/ct_images/tumor/CT00109.png,tumor,9,Cross-Class Near Duplicate,MARK FOR MEDICAL REVIEW - DO NOT AUTO-OVERRIDE
data/raw/ct_images/progression/CT00179.png,progression,data/raw/ct_images/tumor/CT00131.png,tumor,10,Cross-Class Near Duplicate,MARK FOR MEDICAL REVIEW - DO NOT AUTO-OVERRIDE
data/raw/ct_images/progression/CT00180.png,progression,data/raw/ct_images/tumor/CT00071.png,tumor,9,Cross-Class Near Duplicate,MARK FOR MEDICAL REVIEW - DO NOT AUTO-OVERRIDE
data/raw/ct_images/progression/CT00180.png,progression,data/raw/ct_images/tumor/CT00077.png,tumor,9,Cross-Class Near Duplicate,MARK FOR MEDICAL REVIEW - DO NOT AUTO-OVERRIDE
data/raw/ct_images/progression/CT00180.png,progression,data/raw/ct_images/tumor/CT00083.png,tumor,7,Cross-Class Near Duplicate,MARK FOR MEDICAL REVIEW - DO NOT AUTO-OVERRIDE
data/raw/ct_images/progression/CT00180.png,progression,data/raw/ct_images/tumor/CT00096.png,tumor,10,Cross-Class Near Duplicate,MARK FOR MEDICAL REVIEW - DO NOT AUTO-OVERRIDE
data/raw/ct_images/progression/CT00180.png,progression,data/raw/ct_images/tumor/CT00097.png,tumor,7,Cross-Class Near Duplicate,MARK FOR MEDICAL REVIEW - DO NOT AUTO-OVERRIDE
data/raw/ct_images/progression/CT00180.png,progression,data/raw/ct_images/tumor/CT00099.png,tumor,8,Cross-Class Near Duplicate,MARK FOR MEDICAL REVIEW - DO NOT AUTO-OVERRIDE
data/raw/ct_images/progression/CT00180.png,progression,data/raw/ct_images/tumor/CT00103.png,tumor,9,Cross-Class Near Duplicate,MARK FOR MEDICAL REVIEW - DO NOT AUTO-OVERRIDE
data/raw/ct_images/progression/CT00180.png,progression,data/raw/ct_images/tumor/CT00122.png,tumor,9,Cross-Class Near Duplicate,MARK FOR MEDICAL REVIEW - DO NOT AUTO-OVERRIDE
data/raw/ct_images/progression/CT00180.png,progression,data/raw/ct_images/tumor/CT00131.png,tumor,10,Cross-Class Near Duplicate,MARK FOR MEDICAL REVIEW - DO NOT AUTO-OVERRIDE
data/raw/ct_images/progression/CT00181.png,progression,data/raw/ct_images/tumor/CT00128.png,tumor,9,Cross-Class Near Duplicate,MARK FOR MEDICAL REVIEW - DO NOT AUTO-OVERRIDE
data/raw/ct_images/progression/CT00184.png,progression,data/raw/ct_images/tumor/CT00066.png,tumor,8,Cross-Class Near Duplicate,MARK FOR MEDICAL REVIEW - DO NOT AUTO-OVERRIDE
data/raw/ct_images/progression/CT00184.png,progression,data/raw/ct_images/tumor/CT00069.png,tumor,7,Cross-Class Near Duplicate,MARK FOR MEDICAL REVIEW - DO NOT AUTO-OVERRIDE
data/raw/ct_images/progression/CT00184.png,progression,data/raw/ct_images/tumor/CT00112.png,tumor,8,Cross-Class Near Duplicate,MARK FOR MEDICAL REVIEW - DO NOT AUTO-OVERRIDE
data/raw/ct_images/progression/CT00186.png,progression,data/raw/ct_images/tumor/CT00066.png,tumor,7,Cross-Class Near Duplicate,MARK FOR MEDICAL REVIEW - DO NOT AUTO-OVERRIDE
data/raw/ct_images/progression/CT00186.png,progression,data/raw/ct_images/tumor/CT00069.png,tumor,10,Cross-Class Near Duplicate,MARK FOR MEDICAL REVIEW - DO NOT AUTO-OVERRIDE
data/raw/ct_images/progression/CT00186.png,progression,data/raw/ct_images/tumor/CT00073.png,tumor,5,Cross-Class Near Duplicate,MARK FOR MEDICAL REVIEW - DO NOT AUTO-OVERRIDE
data/raw/ct_images/progression/CT00188.png,progression,data/raw/ct_images/tumor/CT00071.png,tumor,9,Cross-Class Near Duplicate,MARK FOR MEDICAL REVIEW - DO NOT AUTO-OVERRIDE
data/raw/ct_images/progression/CT00188.png,progression,data/raw/ct_images/tumor/CT00077.png,tumor,9,Cross-Class Near Duplicate,MARK FOR MEDICAL REVIEW - DO NOT AUTO-OVERRIDE
data/raw/ct_images/progression/CT00188.png,progression,data/raw/ct_images/tumor/CT00083.png,tumor,9,Cross-Class Near Duplicate,MARK FOR MEDICAL REVIEW - DO NOT AUTO-OVERRIDE
data/raw/ct_images/progression/CT00188.png,progression,data/raw/ct_images/tumor/CT00096.png,tumor,10,Cross-Class Near Duplicate,MARK FOR MEDICAL REVIEW - DO NOT AUTO-OVERRIDE
data/raw/ct_images/progression/CT00188.png,progression,data/raw/ct_images/tumor/CT00097.png,tumor,7,Cross-Class Near Duplicate,MARK FOR MEDICAL REVIEW - DO NOT AUTO-OVERRIDE
data/raw/ct_images/progression/CT00188.png,progression,data/raw/ct_images/tumor/CT00099.png,tumor,8,Cross-Class Near Duplicate,MARK FOR MEDICAL REVIEW - DO NOT AUTO-OVERRIDE
data/raw/ct_images/progression/CT00188.png,progression,data/raw/ct_images/tumor/CT00103.png,tumor,9,Cross-Class Near Duplicate,MARK FOR MEDICAL REVIEW - DO NOT AUTO-OVERRIDE
data/raw/ct_images/progression/CT00188.png,progression,data/raw/ct_images/tumor/CT00122.png,tumor,9,Cross-Class Near Duplicate,MARK FOR MEDICAL REVIEW - DO NOT AUTO-OVERRIDE
data/raw/ct_images/progression/CT00188.png,progression,data/raw/ct_images/tumor/CT00131.png,tumor,10,Cross-Class Near Duplicate,MARK FOR MEDICAL REVIEW - DO NOT AUTO-OVERRIDE
data/raw/ct_images/progression/CT00189.png,progression,data/raw/ct_images/tumor/CT00066.png,tumor,5,Cross-Class Near Duplicate,MARK FOR MEDICAL REVIEW - DO NOT AUTO-OVERRIDE
data/raw/ct_images/progression/CT00189.png,progression,data/raw/ct_images/tumor/CT00068.png,tumor,10,Cross-Class Near Duplicate,MARK FOR MEDICAL REVIEW - DO NOT AUTO-OVERRIDE
data/raw/ct_images/progression/CT00189.png,progression,data/raw/ct_images/tumor/CT00069.png,tumor,8,Cross-Class Near Duplicate,MARK FOR MEDICAL REVIEW - DO NOT AUTO-OVERRIDE
data/raw/ct_images/progression/CT00189.png,progression,data/raw/ct_images/tumor/CT00085.png,tumor,9,Cross-Class Near Duplicate,MARK FOR MEDICAL REVIEW - DO NOT AUTO-OVERRIDE
data/raw/ct_images/progression/CT00189.png,progression,data/raw/ct_images/tumor/CT00112.png,tumor,9,Cross-Class Near Duplicate,MARK FOR MEDICAL REVIEW - DO NOT AUTO-OVERRIDE
data/raw/ct_images/progression/CT00189.png,progression,data/raw/ct_images/tumor/CT00116.png,tumor,10,Cross-Class Near Duplicate,MARK FOR MEDICAL REVIEW - DO NOT AUTO-OVERRIDE
data/raw/ct_images/progression/CT00189.png,progression,data/raw/ct_images/tumor/CT00120.png,tumor,10,Cross-Class Near Duplicate,MARK FOR MEDICAL REVIEW - DO NOT AUTO-OVERRIDE
data/raw/ct_images/progression/CT00190.png,progression,data/raw/ct_images/tumor/CT00073.png,tumor,5,Cross-Class Near Duplicate,MARK FOR MEDICAL REVIEW - DO NOT AUTO-OVERRIDE
data/raw/ct_images/progression/CT00190.png,progression,data/raw/ct_images/tumor/CT00077.png,tumor,9,Cross-Class Near Duplicate,MARK FOR MEDICAL REVIEW - DO NOT AUTO-OVERRIDE
data/raw/ct_images/progression/CT00190.png,progression,data/raw/ct_images/tumor/CT00083.png,tumor,7,Cross-Class Near Duplicate,MARK FOR MEDICAL REVIEW - DO NOT AUTO-OVERRIDE
data/raw/ct_images/progression/CT00190.png,progression,data/raw/ct_images/tumor/CT00093.png,tumor,7,Cross-Class Near Duplicate,MARK FOR MEDICAL REVIEW - DO NOT AUTO-OVERRIDE
data/raw/ct_images/progression/CT00190.png,progression,data/raw/ct_images/tumor/CT00096.png,tumor,10,Cross-Class Near Duplicate,MARK FOR MEDICAL REVIEW - DO NOT AUTO-OVERRIDE
data/raw/ct_images/progression/CT00190.png,progression,data/raw/ct_images/tumor/CT00097.png,tumor,7,Cross-Class Near Duplicate,MARK FOR MEDICAL REVIEW - DO NOT AUTO-OVERRIDE
data/raw/ct_images/progression/CT00190.png,progression,data/raw/ct_images/tumor/CT00099.png,tumor,10,Cross-Class Near Duplicate,MARK FOR MEDICAL REVIEW - DO NOT AUTO-OVERRIDE
data/raw/ct_images/progression/CT00190.png,progression,data/raw/ct_images/tumor/CT00103.png,tumor,9,Cross-Class Near Duplicate,MARK FOR MEDICAL REVIEW - DO NOT AUTO-OVERRIDE
data/raw/ct_images/progression/CT00190.png,progression,data/raw/ct_images/tumor/CT00109.png,tumor,9,Cross-Class Near Duplicate,MARK FOR MEDICAL REVIEW - DO NOT AUTO-OVERRIDE
data/raw/ct_images/progression/CT00190.png,progression,data/raw/ct_images/tumor/CT00131.png,tumor,10,Cross-Class Near Duplicate,MARK FOR MEDICAL REVIEW - DO NOT AUTO-OVERRIDE
data/raw/ct_images/progression/CT00192.png,progression,data/raw/ct_images/tumor/CT00078.png,tumor,8,Cross-Class Near Duplicate,MARK FOR MEDICAL REVIEW - DO NOT AUTO-OVERRIDE
data/raw/ct_images/progression/CT00193.png,progression,data/raw/ct_images/tumor/CT00071.png,tumor,5,Cross-Class Near Duplicate,MARK FOR MEDICAL REVIEW - DO NOT AUTO-OVERRIDE
data/raw/ct_images/progression/CT00193.png,progression,data/raw/ct_images/tumor/CT00073.png,tumor,9,Cross-Class Near Duplicate,MARK FOR MEDICAL REVIEW - DO NOT AUTO-OVERRIDE
data/raw/ct_images/progression/CT00193.png,progression,data/raw/ct_images/tumor/CT00077.png,tumor,9,Cross-Class Near Duplicate,MARK FOR MEDICAL REVIEW - DO NOT AUTO-OVERRIDE
data/raw/ct_images/progression/CT00193.png,progression,data/raw/ct_images/tumor/CT00083.png,tumor,5,Cross-Class Near Duplicate,MARK FOR MEDICAL REVIEW - DO NOT AUTO-OVERRIDE
data/raw/ct_images/progression/CT00193.png,progression,data/raw/ct_images/tumor/CT00084.png,tumor,8,Cross-Class Near Duplicate,MARK FOR MEDICAL REVIEW - DO NOT AUTO-OVERRIDE
data/raw/ct_images/progression/CT00193.png,progression,data/raw/ct_images/tumor/CT00096.png,tumor,10,Cross-Class Near Duplicate,MARK FOR MEDICAL REVIEW - DO NOT AUTO-OVERRIDE
data/raw/ct_images/progression/CT00193.png,progression,data/raw/ct_images/tumor/CT00097.png,tumor,3,Cross-Class Near Duplicate,MARK FOR MEDICAL REVIEW - DO NOT AUTO-OVERRIDE
data/raw/ct_images/progression/CT00193.png,progression,data/raw/ct_images/tumor/CT00099.png,tumor,6,Cross-Class Near Duplicate,MARK FOR MEDICAL REVIEW - DO NOT AUTO-OVERRIDE
data/raw/ct_images/progression/CT00193.png,progression,data/raw/ct_images/tumor/CT00102.png,tumor,10,Cross-Class Near Duplicate,MARK FOR MEDICAL REVIEW - DO NOT AUTO-OVERRIDE
data/raw/ct_images/progression/CT00193.png,progression,data/raw/ct_images/tumor/CT00103.png,tumor,7,Cross-Class Near Duplicate,MARK FOR MEDICAL REVIEW - DO NOT AUTO-OVERRIDE
data/raw/ct_images/progression/CT00193.png,progression,data/raw/ct_images/tumor/CT00104.png,tumor,9,Cross-Class Near Duplicate,MARK FOR MEDICAL REVIEW - DO NOT AUTO-OVERRIDE
data/raw/ct_images/progression/CT00193.png,progression,data/raw/ct_images/tumor/CT00107.png,tumor,8,Cross-Class Near Duplicate,MARK FOR MEDICAL REVIEW - DO NOT AUTO-OVERRIDE
data/raw/ct_images/progression/CT00193.png,progression,data/raw/ct_images/tumor/CT00118.png,tumor,9,Cross-Class Near Duplicate,MARK FOR MEDICAL REVIEW - DO NOT AUTO-OVERRIDE
data/raw/ct_images/progression/CT00193.png,progression,data/raw/ct_images/tumor/CT00122.png,tumor,9,Cross-Class Near Duplicate,MARK FOR MEDICAL REVIEW - DO NOT AUTO-OVERRIDE
data/raw/ct_images/progression/CT00193.png,progression,data/raw/ct_images/tumor/CT00126.png,tumor,10,Cross-Class Near Duplicate,MARK FOR MEDICAL REVIEW - DO NOT AUTO-OVERRIDE
data/raw/ct_images/progression/CT00193.png,progression,data/raw/ct_images/tumor/CT00131.png,tumor,10,Cross-Class Near Duplicate,MARK FOR MEDICAL REVIEW - DO NOT AUTO-OVERRIDE
data/raw/ct_images/progression/CT00194.png,progression,data/raw/ct_images/tumor/CT00071.png,tumor,10,Cross-Class Near Duplicate,MARK FOR MEDICAL REVIEW - DO NOT AUTO-OVERRIDE
data/raw/ct_images/progression/CT00194.png,progression,data/raw/ct_images/tumor/CT00073.png,tumor,6,Cross-Class Near Duplicate,MARK FOR MEDICAL REVIEW - DO NOT AUTO-OVERRIDE
data/raw/ct_images/progression/CT00194.png,progression,data/raw/ct_images/tumor/CT00083.png,tumor,8,Cross-Class Near Duplicate,MARK FOR MEDICAL REVIEW - DO NOT AUTO-OVERRIDE
data/raw/ct_images/progression/CT00194.png,progression,data/raw/ct_images/tumor/CT00097.png,tumor,8,Cross-Class Near Duplicate,MARK FOR MEDICAL REVIEW - DO NOT AUTO-OVERRIDE
data/raw/ct_images/progression/CT00196.png,progression,data/raw/ct_images/tumor/CT00066.png,tumor,10,Cross-Class Near Duplicate,MARK FOR MEDICAL REVIEW - DO NOT AUTO-OVERRIDE
data/raw/ct_images/progression/CT00197.png,progression,data/raw/ct_images/tumor/CT00078.png,tumor,8,Cross-Class Near Duplicate,MARK FOR MEDICAL REVIEW - DO NOT AUTO-OVERRIDE
data/raw/ct_images/progression/CT00197.png,progression,data/raw/ct_images/tumor/CT00128.png,tumor,7,Cross-Class Near Duplicate,MARK FOR MEDICAL REVIEW - DO NOT AUTO-OVERRIDE
data/raw/ct_images/progression/CT00197.png,progression,data/raw/ct_images/tumor/CT00132.png,tumor,9,Cross-Class Near Duplicate,MARK FOR MEDICAL REVIEW - DO NOT AUTO-OVERRIDE
data/raw/ct_images/progression/CT00198.png,progression,data/raw/ct_images/tumor/CT00066.png,tumor,7,Cross-Class Near Duplicate,MARK FOR MEDICAL REVIEW - DO NOT AUTO-OVERRIDE
data/raw/ct_images/progression/CT00198.png,progression,data/raw/ct_images/tumor/CT00069.png,tumor,10,Cross-Class Near Duplicate,MARK FOR MEDICAL REVIEW - DO NOT AUTO-OVERRIDE
data/raw/ct_images/progression/CT00198.png,progression,data/raw/ct_images/tumor/CT00073.png,tumor,5,Cross-Class Near Duplicate,MARK FOR MEDICAL REVIEW - DO NOT AUTO-OVERRIDE
data/raw/ct_images/progression/CT00199.png,progression,data/raw/ct_images/tumor/CT00076.png,tumor,7,Cross-Class Near Duplicate,MARK FOR MEDICAL REVIEW - DO NOT AUTO-OVERRIDE
data/raw/mri_images/ADC/MRI00161.png,ADC,data/raw/mri_images/T1/MRI00008.png,T1,9,Cross-Class Near Duplicate,MARK FOR MEDICAL REVIEW - DO NOT AUTO-OVERRIDE
data/raw/mri_images/ADC/MRI00164.png,ADC,data/raw/mri_images/T1/MRI00010.png,T1,8,Cross-Class Near Duplicate,MARK FOR MEDICAL REVIEW - DO NOT AUTO-OVERRIDE
data/raw/mri_images/ADC/MRI00164.png,ADC,data/raw/mri_images/T1/MRI00013.png,T1,9,Cross-Class Near Duplicate,MARK FOR MEDICAL REVIEW - DO NOT AUTO-OVERRIDE
data/raw/mri_images/ADC/MRI00164.png,ADC,data/raw/mri_images/T1/MRI00014.png,T1,7,Cross-Class Near Duplicate,MARK FOR MEDICAL REVIEW - DO NOT AUTO-OVERRIDE
data/raw/mri_images/ADC/MRI00164.png,ADC,data/raw/mri_images/T1/MRI00017.png,T1,10,Cross-Class Near Duplicate,MARK FOR MEDICAL REVIEW - DO NOT AUTO-OVERRIDE
data/raw/mri_images/ADC/MRI00164.png,ADC,data/raw/mri_images/T1/MRI00019.png,T1,8,Cross-Class Near Duplicate,MARK FOR MEDICAL REVIEW - DO NOT AUTO-OVERRIDE
data/raw/mri_images/ADC/MRI00164.png,ADC,data/raw/mri_images/T1/MRI00020.png,T1,7,Cross-Class Near Duplicate,MARK FOR MEDICAL REVIEW - DO NOT AUTO-OVERRIDE
data/raw/mri_images/ADC/MRI00164.png,ADC,data/raw/mri_images/T1/MRI00032.png,T1,6,Cross-Class Near Duplicate,MARK FOR MEDICAL REVIEW - DO NOT AUTO-OVERRIDE
data/raw/mri_images/ADC/MRI00165.png,ADC,data/raw/mri_images/T1/MRI00003.png,T1,9,Cross-Class Near Duplicate,MARK FOR MEDICAL REVIEW - DO NOT AUTO-OVERRIDE
data/raw/mri_images/ADC/MRI00165.png,ADC,data/raw/mri_images/T1/MRI00008.png,T1,10,Cross-Class Near Duplicate,MARK FOR MEDICAL REVIEW - DO NOT AUTO-OVERRIDE
data/raw/mri_images/ADC/MRI00166.png,ADC,data/raw/mri_images/T1/MRI00029.png,T1,10,Cross-Class Near Duplicate,MARK FOR MEDICAL REVIEW - DO NOT AUTO-OVERRIDE
data/raw/mri_images/ADC/MRI00167.png,ADC,data/raw/mri_images/T1/MRI00025.png,T1,10,Cross-Class Near Duplicate,MARK FOR MEDICAL REVIEW - DO NOT AUTO-OVERRIDE
data/raw/mri_images/ADC/MRI00168.png,ADC,data/raw/mri_images/T1/MRI00005.png,T1,10,Cross-Class Near Duplicate,MARK FOR MEDICAL REVIEW - DO NOT AUTO-OVERRIDE
data/raw/mri_images/ADC/MRI00168.png,ADC,data/raw/mri_images/T1/MRI00016.png,T1,4,Cross-Class Near Duplicate,MARK FOR MEDICAL REVIEW - DO NOT AUTO-OVERRIDE
data/raw/mri_images/ADC/MRI00168.png,ADC,data/raw/mri_images/T1/MRI00025.png,T1,9,Cross-Class Near Duplicate,MARK FOR MEDICAL REVIEW - DO NOT AUTO-OVERRIDE
data/raw/mri_images/ADC/MRI00169.png,ADC,data/raw/mri_images/T1/MRI00012.png,T1,10,Cross-Class Near Duplicate,MARK FOR MEDICAL REVIEW - DO NOT AUTO-OVERRIDE
data/raw/mri_images/ADC/MRI00169.png,ADC,data/raw/mri_images/T1/MRI00013.png,T1,8,Cross-Class Near Duplicate,MARK FOR MEDICAL REVIEW - DO NOT AUTO-OVERRIDE
data/raw/mri_images/ADC/MRI00169.png,ADC,data/raw/mri_images/T1/MRI00014.png,T1,10,Cross-Class Near Duplicate,MARK FOR MEDICAL REVIEW - DO NOT AUTO-OVERRIDE
data/raw/mri_images/ADC/MRI00169.png,ADC,data/raw/mri_images/T1/MRI00017.png,T1,7,Cross-Class Near Duplicate,MARK FOR MEDICAL REVIEW - DO NOT AUTO-OVERRIDE
data/raw/mri_images/ADC/MRI00169.png,ADC,data/raw/mri_images/T1/MRI00020.png,T1,10,Cross-Class Near Duplicate,MARK FOR MEDICAL REVIEW - DO NOT AUTO-OVERRIDE
data/raw/mri_images/ADC/MRI00169.png,ADC,data/raw/mri_images/T1/MRI00022.png,T1,10,Cross-Class Near Duplicate,MARK FOR MEDICAL REVIEW - DO NOT AUTO-OVERRIDE
data/raw/mri_images/ADC/MRI00169.png,ADC,data/raw/mri_images/T1/MRI00032.png,T1,7,Cross-Class Near Duplicate,MARK FOR MEDICAL REVIEW - DO NOT AUTO-OVERRIDE
data/raw/mri_images/ADC/MRI00170.png,ADC,data/raw/mri_images/T1/MRI00006.png,T1,7,Cross-Class Near Duplicate,MARK FOR MEDICAL REVIEW - DO NOT AUTO-OVERRIDE
data/raw/mri_images/ADC/MRI00170.png,ADC,data/raw/mri_images/T1/MRI00012.png,T1,6,Cross-Class Near Duplicate,MARK FOR MEDICAL REVIEW - DO NOT AUTO-OVERRIDE
data/raw/mri_images/ADC/MRI00170.png,ADC,data/raw/mri_images/T1/MRI00013.png,T1,8,Cross-Class Near Duplicate,MARK FOR MEDICAL REVIEW - DO NOT AUTO-OVERRIDE
data/raw/mri_images/ADC/MRI00170.png,ADC,data/raw/mri_images/T1/MRI00019.png,T1,9,Cross-Class Near Duplicate,MARK FOR MEDICAL REVIEW - DO NOT AUTO-OVERRIDE
data/raw/mri_images/ADC/MRI00170.png,ADC,data/raw/mri_images/T1/MRI00022.png,T1,10,Cross-Class Near Duplicate,MARK FOR MEDICAL REVIEW - DO NOT AUTO-OVERRIDE
data/raw/mri_images/ADC/MRI00170.png,ADC,data/raw/mri_images/T1/MRI00024.png,T1,10,Cross-Class Near Duplicate,MARK FOR MEDICAL REVIEW - DO NOT AUTO-OVERRIDE
data/raw/mri_images/ADC/MRI00170.png,ADC,data/raw/mri_images/T1/MRI00032.png,T1,9,Cross-Class Near Duplicate,MARK FOR MEDICAL REVIEW - DO NOT AUTO-OVERRIDE
data/raw/mri_images/ADC/MRI00171.png,ADC,data/raw/mri_images/T1/MRI00005.png,T1,9,Cross-Class Near Duplicate,MARK FOR MEDICAL REVIEW - DO NOT AUTO-OVERRIDE
data/raw/mri_images/ADC/MRI00171.png,ADC,data/raw/mri_images/T1/MRI00010.png,T1,9,Cross-Class Near Duplicate,MARK FOR MEDICAL REVIEW - DO NOT AUTO-OVERRIDE
data/raw/mri_images/ADC/MRI00171.png,ADC,data/raw/mri_images/T1/MRI00012.png,T1,10,Cross-Class Near Duplicate,MARK FOR MEDICAL REVIEW - DO NOT AUTO-OVERRIDE
data/raw/mri_images/ADC/MRI00171.png,ADC,data/raw/mri_images/T1/MRI00014.png,T1,8,Cross-Class Near Duplicate,MARK FOR MEDICAL REVIEW - DO NOT AUTO-OVERRIDE
data/raw/mri_images/ADC/MRI00171.png,ADC,data/raw/mri_images/T1/MRI00016.png,T1,7,Cross-Class Near Duplicate,MARK FOR MEDICAL REVIEW - DO NOT AUTO-OVERRIDE
data/raw/mri_images/ADC/MRI00171.png,ADC,data/raw/mri_images/T1/MRI00019.png,T1,7,Cross-Class Near Duplicate,MARK FOR MEDICAL REVIEW - DO NOT AUTO-OVERRIDE
data/raw/mri_images/ADC/MRI00171.png,ADC,data/raw/mri_images/T1/MRI00020.png,T1,10,Cross-Class Near Duplicate,MARK FOR MEDICAL REVIEW - DO NOT AUTO-OVERRIDE
data/raw/mri_images/ADC/MRI00171.png,ADC,data/raw/mri_images/T1/MRI00032.png,T1,9,Cross-Class Near Duplicate,MARK FOR MEDICAL REVIEW - DO NOT AUTO-OVERRIDE
data/raw/mri_images/ADC/MRI00172.png,ADC,data/raw/mri_images/T1/MRI00001.png,T1,10,Cross-Class Near Duplicate,MARK FOR MEDICAL REVIEW - DO NOT AUTO-OVERRIDE
data/raw/mri_images/ADC/MRI00172.png,ADC,data/raw/mri_images/T1/MRI00006.png,T1,9,Cross-Class Near Duplicate,MARK FOR MEDICAL REVIEW - DO NOT AUTO-OVERRIDE
data/raw/mri_images/ADC/MRI00172.png,ADC,data/raw/mri_images/T1/MRI00007.png,T1,10,Cross-Class Near Duplicate,MARK FOR MEDICAL REVIEW - DO NOT AUTO-OVERRIDE
data/raw/mri_images/ADC/MRI00172.png,ADC,data/raw/mri_images/T1/MRI00012.png,T1,8,Cross-Class Near Duplicate,MARK FOR MEDICAL REVIEW - DO NOT AUTO-OVERRIDE
data/raw/mri_images/ADC/MRI00172.png,ADC,data/raw/mri_images/T1/MRI00021.png,T1,10,Cross-Class Near Duplicate,MARK FOR MEDICAL REVIEW - DO NOT AUTO-OVERRIDE
data/raw/mri_images/ADC/MRI00172.png,ADC,data/raw/mri_images/T1/MRI00024.png,T1,10,Cross-Class Near Duplicate,MARK FOR MEDICAL REVIEW - DO NOT AUTO-OVERRIDE
data/raw/mri_images/ADC/MRI00172.png,ADC,data/raw/mri_images/T1/MRI00027.png,T1,7,Cross-Class Near Duplicate,MARK FOR MEDICAL REVIEW - DO NOT AUTO-OVERRIDE
data/raw/mri_images/ADC/MRI00172.png,ADC,data/raw/mri_images/T1/MRI00040.png,T1,10,Cross-Class Near Duplicate,MARK FOR MEDICAL REVIEW - DO NOT AUTO-OVERRIDE
data/raw/mri_images/ADC/MRI00173.png,ADC,data/raw/mri_images/T1/MRI00002.png,T1,8,Cross-Class Near Duplicate,MARK FOR MEDICAL REVIEW - DO NOT AUTO-OVERRIDE
data/raw/mri_images/ADC/MRI00173.png,ADC,data/raw/mri_images/T1/MRI00024.png,T1,7,Cross-Class Near Duplicate,MARK FOR MEDICAL REVIEW - DO NOT AUTO-OVERRIDE
data/raw/mri_images/ADC/MRI00173.png,ADC,data/raw/mri_images/T1/MRI00035.png,T1,9,Cross-Class Near Duplicate,MARK FOR MEDICAL REVIEW - DO NOT AUTO-OVERRIDE
data/raw/mri_images/ADC/MRI00174.png,ADC,data/raw/mri_images/T1/MRI00019.png,T1,9,Cross-Class Near Duplicate,MARK FOR MEDICAL REVIEW - DO NOT AUTO-OVERRIDE
data/raw/mri_images/ADC/MRI00175.png,ADC,data/raw/mri_images/T1/MRI00003.png,T1,10,Cross-Class Near Duplicate,MARK FOR MEDICAL REVIEW - DO NOT AUTO-OVERRIDE
data/raw/mri_images/ADC/MRI00175.png,ADC,data/raw/mri_images/T1/MRI00007.png,T1,7,Cross-Class Near Duplicate,MARK FOR MEDICAL REVIEW - DO NOT AUTO-OVERRIDE
data/raw/mri_images/ADC/MRI00175.png,ADC,data/raw/mri_images/T1/MRI00034.png,T1,9,Cross-Class Near Duplicate,MARK FOR MEDICAL REVIEW - DO NOT AUTO-OVERRIDE
data/raw/mri_images/ADC/MRI00175.png,ADC,data/raw/mri_images/T1/MRI00035.png,T1,5,Cross-Class Near Duplicate,MARK FOR MEDICAL REVIEW - DO NOT AUTO-OVERRIDE
data/raw/mri_images/ADC/MRI00176.png,ADC,data/raw/mri_images/T1/MRI00014.png,T1,10,Cross-Class Near Duplicate,MARK FOR MEDICAL REVIEW - DO NOT AUTO-OVERRIDE
data/raw/mri_images/ADC/MRI00177.png,ADC,data/raw/mri_images/T1/MRI00002.png,T1,10,Cross-Class Near Duplicate,MARK FOR MEDICAL REVIEW - DO NOT AUTO-OVERRIDE
data/raw/mri_images/ADC/MRI00177.png,ADC,data/raw/mri_images/T1/MRI00005.png,T1,10,Cross-Class Near Duplicate,MARK FOR MEDICAL REVIEW - DO NOT AUTO-OVERRIDE
data/raw/mri_images/ADC/MRI00177.png,ADC,data/raw/mri_images/T1/MRI00006.png,T1,8,Cross-Class Near Duplicate,MARK FOR MEDICAL REVIEW - DO NOT AUTO-OVERRIDE
data/raw/mri_images/ADC/MRI00177.png,ADC,data/raw/mri_images/T1/MRI00010.png,T1,8,Cross-Class Near Duplicate,MARK FOR MEDICAL REVIEW - DO NOT AUTO-OVERRIDE
data/raw/mri_images/ADC/MRI00177.png,ADC,data/raw/mri_images/T1/MRI00012.png,T1,7,Cross-Class Near Duplicate,MARK FOR MEDICAL REVIEW - DO NOT AUTO-OVERRIDE
data/raw/mri_images/ADC/MRI00177.png,ADC,data/raw/mri_images/T1/MRI00013.png,T1,9,Cross-Class Near Duplicate,MARK FOR MEDICAL REVIEW - DO NOT AUTO-OVERRIDE
data/raw/mri_images/ADC/MRI00177.png,ADC,data/raw/mri_images/T1/MRI00014.png,T1,9,Cross-Class Near Duplicate,MARK FOR MEDICAL REVIEW - DO NOT AUTO-OVERRIDE
data/raw/mri_images/ADC/MRI00177.png,ADC,data/raw/mri_images/T1/MRI00019.png,T1,6,Cross-Class Near Duplicate,MARK FOR MEDICAL REVIEW - DO NOT AUTO-OVERRIDE
data/raw/mri_images/ADC/MRI00177.png,ADC,data/raw/mri_images/T1/MRI00020.png,T1,9,Cross-Class Near Duplicate,MARK FOR MEDICAL REVIEW - DO NOT AUTO-OVERRIDE
data/raw/mri_images/ADC/MRI00177.png,ADC,data/raw/mri_images/T1/MRI00032.png,T1,6,Cross-Class Near Duplicate,MARK FOR MEDICAL REVIEW - DO NOT AUTO-OVERRIDE
data/raw/mri_images/ADC/MRI00177.png,ADC,data/raw/mri_images/T1/MRI00038.png,T1,10,Cross-Class Near Duplicate,MARK FOR MEDICAL REVIEW - DO NOT AUTO-OVERRIDE
data/raw/mri_images/ADC/MRI00179.png,ADC,data/raw/mri_images/T1/MRI00002.png,T1,10,Cross-Class Near Duplicate,MARK FOR MEDICAL REVIEW - DO NOT AUTO-OVERRIDE
data/raw/mri_images/ADC/MRI00181.png,ADC,data/raw/mri_images/T1/MRI00003.png,T1,8,Cross-Class Near Duplicate,MARK FOR MEDICAL REVIEW - DO NOT AUTO-OVERRIDE
data/raw/mri_images/ADC/MRI00181.png,ADC,data/raw/mri_images/T1/MRI00005.png,T1,10,Cross-Class Near Duplicate,MARK FOR MEDICAL REVIEW - DO NOT AUTO-OVERRIDE
data/raw/mri_images/ADC/MRI00181.png,ADC,data/raw/mri_images/T1/MRI00016.png,T1,6,Cross-Class Near Duplicate,MARK FOR MEDICAL REVIEW - DO NOT AUTO-OVERRIDE
data/raw/mri_images/ADC/MRI00182.png,ADC,data/raw/mri_images/T1/MRI00010.png,T1,9,Cross-Class Near Duplicate,MARK FOR MEDICAL REVIEW - DO NOT AUTO-OVERRIDE
data/raw/mri_images/ADC/MRI00182.png,ADC,data/raw/mri_images/T1/MRI00019.png,T1,7,Cross-Class Near Duplicate,MARK FOR MEDICAL REVIEW - DO NOT AUTO-OVERRIDE
data/raw/mri_images/ADC/MRI00182.png,ADC,data/raw/mri_images/T1/MRI00020.png,T1,10,Cross-Class Near Duplicate,MARK FOR MEDICAL REVIEW - DO NOT AUTO-OVERRIDE
data/raw/mri_images/ADC/MRI00183.png,ADC,data/raw/mri_images/T1/MRI00010.png,T1,10,Cross-Class Near Duplicate,MARK FOR MEDICAL REVIEW - DO NOT AUTO-OVERRIDE
data/raw/mri_images/ADC/MRI00183.png,ADC,data/raw/mri_images/T1/MRI00019.png,T1,10,Cross-Class Near Duplicate,MARK FOR MEDICAL REVIEW - DO NOT AUTO-OVERRIDE
data/raw/mri_images/ADC/MRI00183.png,ADC,data/raw/mri_images/T1/MRI00020.png,T1,9,Cross-Class Near Duplicate,MARK FOR MEDICAL REVIEW - DO NOT AUTO-OVERRIDE
data/raw/mri_images/ADC/MRI00183.png,ADC,data/raw/mri_images/T1/MRI00030.png,T1,10,Cross-Class Near Duplicate,MARK FOR MEDICAL REVIEW - DO NOT AUTO-OVERRIDE
data/raw/mri_images/ADC/MRI00183.png,ADC,data/raw/mri_images/T1/MRI00032.png,T1,10,Cross-Class Near Duplicate,MARK FOR MEDICAL REVIEW - DO NOT AUTO-OVERRIDE
data/raw/mri_images/ADC/MRI00185.png,ADC,data/raw/mri_images/T1/MRI00001.png,T1,5,Cross-Class Near Duplicate,MARK FOR MEDICAL REVIEW - DO NOT AUTO-OVERRIDE
data/raw/mri_images/ADC/MRI00185.png,ADC,data/raw/mri_images/T1/MRI00007.png,T1,7,Cross-Class Near Duplicate,MARK FOR MEDICAL REVIEW - DO NOT AUTO-OVERRIDE
data/raw/mri_images/ADC/MRI00185.png,ADC,data/raw/mri_images/T1/MRI00016.png,T1,10,Cross-Class Near Duplicate,MARK FOR MEDICAL REVIEW - DO NOT AUTO-OVERRIDE
data/raw/mri_images/ADC/MRI00185.png,ADC,data/raw/mri_images/T1/MRI00018.png,T1,10,Cross-Class Near Duplicate,MARK FOR MEDICAL REVIEW - DO NOT AUTO-OVERRIDE
data/raw/mri_images/ADC/MRI00185.png,ADC,data/raw/mri_images/T1/MRI00027.png,T1,8,Cross-Class Near Duplicate,MARK FOR MEDICAL REVIEW - DO NOT AUTO-OVERRIDE
data/raw/mri_images/ADC/MRI00185.png,ADC,data/raw/mri_images/T1/MRI00028.png,T1,6,Cross-Class Near Duplicate,MARK FOR MEDICAL REVIEW - DO NOT AUTO-OVERRIDE
data/raw/mri_images/ADC/MRI00185.png,ADC,data/raw/mri_images/T1/MRI00034.png,T1,9,Cross-Class Near Duplicate,MARK FOR MEDICAL REVIEW - DO NOT AUTO-OVERRIDE
data/raw/mri_images/ADC/MRI00185.png,ADC,data/raw/mri_images/T1/MRI00035.png,T1,9,Cross-Class Near Duplicate,MARK FOR MEDICAL REVIEW - DO NOT AUTO-OVERRIDE
data/raw/mri_images/ADC/MRI00185.png,ADC,data/raw/mri_images/T1/MRI00037.png,T1,7,Cross-Class Near Duplicate,MARK FOR MEDICAL REVIEW - DO NOT AUTO-OVERRIDE
data/raw/mri_images/ADC/MRI00186.png,ADC,data/raw/mri_images/T1/MRI00016.png,T1,7,Cross-Class Near Duplicate,MARK FOR MEDICAL REVIEW - DO NOT AUTO-OVERRIDE
data/raw/mri_images/ADC/MRI00188.png,ADC,data/raw/mri_images/T1/MRI00008.png,T1,9,Cross-Class Near Duplicate,MARK FOR MEDICAL REVIEW - DO NOT AUTO-OVERRIDE
data/raw/mri_images/ADC/MRI00189.png,ADC,data/raw/mri_images/T1/MRI00003.png,T1,9,Cross-Class Near Duplicate,MARK FOR MEDICAL REVIEW - DO NOT AUTO-OVERRIDE
data/raw/mri_images/ADC/MRI00189.png,ADC,data/raw/mri_images/T1/MRI00008.png,T1,10,Cross-Class Near Duplicate,MARK FOR MEDICAL REVIEW - DO NOT AUTO-OVERRIDE
data/raw/mri_images/ADC/MRI00190.png,ADC,data/raw/mri_images/T1/MRI00003.png,T1,9,Cross-Class Near Duplicate,MARK FOR MEDICAL REVIEW - DO NOT AUTO-OVERRIDE
data/raw/mri_images/ADC/MRI00190.png,ADC,data/raw/mri_images/T1/MRI00007.png,T1,6,Cross-Class Near Duplicate,MARK FOR MEDICAL REVIEW - DO NOT AUTO-OVERRIDE
data/raw/mri_images/ADC/MRI00190.png,ADC,data/raw/mri_images/T1/MRI00021.png,T1,10,Cross-Class Near Duplicate,MARK FOR MEDICAL REVIEW - DO NOT AUTO-OVERRIDE
data/raw/mri_images/ADC/MRI00190.png,ADC,data/raw/mri_images/T1/MRI00034.png,T1,8,Cross-Class Near Duplicate,MARK FOR MEDICAL REVIEW - DO NOT AUTO-OVERRIDE
data/raw/mri_images/ADC/MRI00190.png,ADC,data/raw/mri_images/T1/MRI00035.png,T1,4,Cross-Class Near Duplicate,MARK FOR MEDICAL REVIEW - DO NOT AUTO-OVERRIDE
data/raw/mri_images/ADC/MRI00190.png,ADC,data/raw/mri_images/T1/MRI00036.png,T1,10,Cross-Class Near Duplicate,MARK FOR MEDICAL REVIEW - DO NOT AUTO-OVERRIDE
data/raw/mri_images/ADC/MRI00190.png,ADC,data/raw/mri_images/T1/MRI00037.png,T1,10,Cross-Class Near Duplicate,MARK FOR MEDICAL REVIEW - DO NOT AUTO-OVERRIDE
data/raw/mri_images/ADC/MRI00191.png,ADC,data/raw/mri_images/T1/MRI00007.png,T1,8,Cross-Class Near Duplicate,MARK FOR MEDICAL REVIEW - DO NOT AUTO-OVERRIDE
data/raw/mri_images/ADC/MRI00191.png,ADC,data/raw/mri_images/T1/MRI00021.png,T1,10,Cross-Class Near Duplicate,MARK FOR MEDICAL REVIEW - DO NOT AUTO-OVERRIDE
data/raw/mri_images/ADC/MRI00191.png,ADC,data/raw/mri_images/T1/MRI00034.png,T1,10,Cross-Class Near Duplicate,MARK FOR MEDICAL REVIEW - DO NOT AUTO-OVERRIDE
data/raw/mri_images/ADC/MRI00191.png,ADC,data/raw/mri_images/T1/MRI00035.png,T1,6,Cross-Class Near Duplicate,MARK FOR MEDICAL REVIEW - DO NOT AUTO-OVERRIDE
data/raw/mri_images/ADC/MRI00192.png,ADC,data/raw/mri_images/T1/MRI00006.png,T1,10,Cross-Class Near Duplicate,MARK FOR MEDICAL REVIEW - DO NOT AUTO-OVERRIDE
data/raw/mri_images/ADC/MRI00192.png,ADC,data/raw/mri_images/T1/MRI00027.png,T1,10,Cross-Class Near Duplicate,MARK FOR MEDICAL REVIEW - DO NOT AUTO-OVERRIDE
data/raw/mri_images/ADC/MRI00192.png,ADC,data/raw/mri_images/T1/MRI00038.png,T1,10,Cross-Class Near Duplicate,MARK FOR MEDICAL REVIEW - DO NOT AUTO-OVERRIDE
data/raw/mri_images/ADC/MRI00193.png,ADC,data/raw/mri_images/T1/MRI00001.png,T1,10,Cross-Class Near Duplicate,MARK FOR MEDICAL REVIEW - DO NOT AUTO-OVERRIDE
data/raw/mri_images/ADC/MRI00193.png,ADC,data/raw/mri_images/T1/MRI00006.png,T1,7,Cross-Class Near Duplicate,MARK FOR MEDICAL REVIEW - DO NOT AUTO-OVERRIDE
data/raw/mri_images/ADC/MRI00193.png,ADC,data/raw/mri_images/T1/MRI00007.png,T1,10,Cross-Class Near Duplicate,MARK FOR MEDICAL REVIEW - DO NOT AUTO-OVERRIDE
data/raw/mri_images/ADC/MRI00193.png,ADC,data/raw/mri_images/T1/MRI00012.png,T1,4,Cross-Class Near Duplicate,MARK FOR MEDICAL REVIEW - DO NOT AUTO-OVERRIDE
data/raw/mri_images/ADC/MRI00193.png,ADC,data/raw/mri_images/T1/MRI00013.png,T1,8,Cross-Class Near Duplicate,MARK FOR MEDICAL REVIEW - DO NOT AUTO-OVERRIDE
data/raw/mri_images/ADC/MRI00193.png,ADC,data/raw/mri_images/T1/MRI00018.png,T1,7,Cross-Class Near Duplicate,MARK FOR MEDICAL REVIEW - DO NOT AUTO-OVERRIDE
data/raw/mri_images/ADC/MRI00193.png,ADC,data/raw/mri_images/T1/MRI00022.png,T1,10,Cross-Class Near Duplicate,MARK FOR MEDICAL REVIEW - DO NOT AUTO-OVERRIDE
data/raw/mri_images/ADC/MRI00193.png,ADC,data/raw/mri_images/T1/MRI00024.png,T1,10,Cross-Class Near Duplicate,MARK FOR MEDICAL REVIEW - DO NOT AUTO-OVERRIDE
data/raw/mri_images/ADC/MRI00193.png,ADC,data/raw/mri_images/T1/MRI00035.png,T1,10,Cross-Class Near Duplicate,MARK FOR MEDICAL REVIEW - DO NOT AUTO-OVERRIDE
data/raw/mri_images/ADC/MRI00194.png,ADC,data/raw/mri_images/T1/MRI00004.png,T1,7,Cross-Class Near Duplicate,MARK FOR MEDICAL REVIEW - DO NOT AUTO-OVERRIDE
data/raw/mri_images/ADC/MRI00194.png,ADC,data/raw/mri_images/T1/MRI00014.png,T1,9,Cross-Class Near Duplicate,MARK FOR MEDICAL REVIEW - DO NOT AUTO-OVERRIDE
data/raw/mri_images/ADC/MRI00194.png,ADC,data/raw/mri_images/T1/MRI00032.png,T1,10,Cross-Class Near Duplicate,MARK FOR MEDICAL REVIEW - DO NOT AUTO-OVERRIDE
data/raw/mri_images/ADC/MRI00195.png,ADC,data/raw/mri_images/T1/MRI00006.png,T1,9,Cross-Class Near Duplicate,MARK FOR MEDICAL REVIEW - DO NOT AUTO-OVERRIDE
data/raw/mri_images/ADC/MRI00195.png,ADC,data/raw/mri_images/T1/MRI00012.png,T1,8,Cross-Class Near Duplicate,MARK FOR MEDICAL REVIEW - DO NOT AUTO-OVERRIDE
data/raw/mri_images/ADC/MRI00195.png,ADC,data/raw/mri_images/T1/MRI00013.png,T1,10,Cross-Class Near Duplicate,MARK FOR MEDICAL REVIEW - DO NOT AUTO-OVERRIDE
data/raw/mri_images/ADC/MRI00195.png,ADC,data/raw/mri_images/T1/MRI00035.png,T1,10,Cross-Class Near Duplicate,MARK FOR MEDICAL REVIEW - DO NOT AUTO-OVERRIDE
data/raw/mri_images/ADC/MRI00196.png,ADC,data/raw/mri_images/T1/MRI00010.png,T1,8,Cross-Class Near Duplicate,MARK FOR MEDICAL REVIEW - DO NOT AUTO-OVERRIDE
data/raw/mri_images/ADC/MRI00196.png,ADC,data/raw/mri_images/T1/MRI00014.png,T1,7,Cross-Class Near Duplicate,MARK FOR MEDICAL REVIEW - DO NOT AUTO-OVERRIDE
data/raw/mri_images/ADC/MRI00196.png,ADC,data/raw/mri_images/T1/MRI00017.png,T1,10,Cross-Class Near Duplicate,MARK FOR MEDICAL REVIEW - DO NOT AUTO-OVERRIDE
data/raw/mri_images/ADC/MRI00196.png,ADC,data/raw/mri_images/T1/MRI00019.png,T1,8,Cross-Class Near Duplicate,MARK FOR MEDICAL REVIEW - DO NOT AUTO-OVERRIDE
data/raw/mri_images/ADC/MRI00196.png,ADC,data/raw/mri_images/T1/MRI00020.png,T1,7,Cross-Class Near Duplicate,MARK FOR MEDICAL REVIEW - DO NOT AUTO-OVERRIDE
data/raw/mri_images/ADC/MRI00196.png,ADC,data/raw/mri_images/T1/MRI00029.png,T1,10,Cross-Class Near Duplicate,MARK FOR MEDICAL REVIEW - DO NOT AUTO-OVERRIDE
data/raw/mri_images/ADC/MRI00196.png,ADC,data/raw/mri_images/T1/MRI00030.png,T1,10,Cross-Class Near Duplicate,MARK FOR MEDICAL REVIEW - DO NOT AUTO-OVERRIDE
data/raw/mri_images/ADC/MRI00196.png,ADC,data/raw/mri_images/T1/MRI00032.png,T1,6,Cross-Class Near Duplicate,MARK FOR MEDICAL REVIEW - DO NOT AUTO-OVERRIDE
data/raw/mri_images/ADC/MRI00197.png,ADC,data/raw/mri_images/T1/MRI00027.png,T1,6,Cross-Class Near Duplicate,MARK FOR MEDICAL REVIEW - DO NOT AUTO-OVERRIDE
data/raw/mri_images/ADC/MRI00198.png,ADC,data/raw/mri_images/T1/MRI00002.png,T1,9,Cross-Class Near Duplicate,MARK FOR MEDICAL REVIEW - DO NOT AUTO-OVERRIDE
data/raw/mri_images/ADC/MRI00198.png,ADC,data/raw/mri_images/T1/MRI00008.png,T1,10,Cross-Class Near Duplicate,MARK FOR MEDICAL REVIEW - DO NOT AUTO-OVERRIDE
data/raw/mri_images/ADC/MRI00199.png,ADC,data/raw/mri_images/T1/MRI00001.png,T1,9,Cross-Class Near Duplicate,MARK FOR MEDICAL REVIEW - DO NOT AUTO-OVERRIDE
data/raw/mri_images/ADC/MRI00199.png,ADC,data/raw/mri_images/T1/MRI00006.png,T1,10,Cross-Class Near Duplicate,MARK FOR MEDICAL REVIEW - DO NOT AUTO-OVERRIDE
data/raw/mri_images/ADC/MRI00199.png,ADC,data/raw/mri_images/T1/MRI00012.png,T1,9,Cross-Class Near Duplicate,MARK FOR MEDICAL REVIEW - DO NOT AUTO-OVERRIDE
data/raw/mri_images/ADC/MRI00199.png,ADC,data/raw/mri_images/T1/MRI00027.png,T1,6,Cross-Class Near Duplicate,MARK FOR MEDICAL REVIEW - DO NOT AUTO-OVERRIDE
data/raw/mri_images/ADC/MRI00199.png,ADC,data/raw/mri_images/T1/MRI00028.png,T1,10,Cross-Class Near Duplicate,MARK FOR MEDICAL REVIEW - DO NOT AUTO-OVERRIDE
data/raw/mri_images/DWI/MRI00121.png,DWI,data/raw/mri_images/FLAIR/MRI00081.png,FLAIR,4,Cross-Class Near Duplicate,MARK FOR MEDICAL REVIEW - DO NOT AUTO-OVERRIDE
data/raw/mri_images/DWI/MRI00121.png,DWI,data/raw/mri_images/FLAIR/MRI00083.png,FLAIR,8,Cross-Class Near Duplicate,MARK FOR MEDICAL REVIEW - DO NOT AUTO-OVERRIDE
data/raw/mri_images/DWI/MRI00121.png,DWI,data/raw/mri_images/FLAIR/MRI00086.png,FLAIR,10,Cross-Class Near Duplicate,MARK FOR MEDICAL REVIEW - DO NOT AUTO-OVERRIDE
data/raw/mri_images/DWI/MRI00121.png,DWI,data/raw/mri_images/FLAIR/MRI00087.png,FLAIR,7,Cross-Class Near Duplicate,MARK FOR MEDICAL REVIEW - DO NOT AUTO-OVERRIDE
data/raw/mri_images/DWI/MRI00121.png,DWI,data/raw/mri_images/FLAIR/MRI00090.png,FLAIR,4,Cross-Class Near Duplicate,MARK FOR MEDICAL REVIEW - DO NOT AUTO-OVERRIDE
data/raw/mri_images/DWI/MRI00121.png,DWI,data/raw/mri_images/FLAIR/MRI00095.png,FLAIR,7,Cross-Class Near Duplicate,MARK FOR MEDICAL REVIEW - DO NOT AUTO-OVERRIDE
data/raw/mri_images/DWI/MRI00121.png,DWI,data/raw/mri_images/FLAIR/MRI00097.png,FLAIR,6,Cross-Class Near Duplicate,MARK FOR MEDICAL REVIEW - DO NOT AUTO-OVERRIDE
data/raw/mri_images/DWI/MRI00121.png,DWI,data/raw/mri_images/FLAIR/MRI00099.png,FLAIR,7,Cross-Class Near Duplicate,MARK FOR MEDICAL REVIEW - DO NOT AUTO-OVERRIDE
data/raw/mri_images/DWI/MRI00121.png,DWI,data/raw/mri_images/FLAIR/MRI00101.png,FLAIR,6,Cross-Class Near Duplicate,MARK FOR MEDICAL REVIEW - DO NOT AUTO-OVERRIDE
data/raw/mri_images/DWI/MRI00121.png,DWI,data/raw/mri_images/FLAIR/MRI00102.png,FLAIR,7,Cross-Class Near Duplicate,MARK FOR MEDICAL REVIEW - DO NOT AUTO-OVERRIDE
data/raw/mri_images/DWI/MRI00121.png,DWI,data/raw/mri_images/FLAIR/MRI00104.png,FLAIR,7,Cross-Class Near Duplicate,MARK FOR MEDICAL REVIEW - DO NOT AUTO-OVERRIDE
data/raw/mri_images/DWI/MRI00121.png,DWI,data/raw/mri_images/FLAIR/MRI00106.png,FLAIR,8,Cross-Class Near Duplicate,MARK FOR MEDICAL REVIEW - DO NOT AUTO-OVERRIDE
data/raw/mri_images/DWI/MRI00121.png,DWI,data/raw/mri_images/FLAIR/MRI00107.png,FLAIR,8,Cross-Class Near Duplicate,MARK FOR MEDICAL REVIEW - DO NOT AUTO-OVERRIDE
data/raw/mri_images/DWI/MRI00121.png,DWI,data/raw/mri_images/FLAIR/MRI00109.png,FLAIR,5,Cross-Class Near Duplicate,MARK FOR MEDICAL REVIEW - DO NOT AUTO-OVERRIDE
data/raw/mri_images/DWI/MRI00121.png,DWI,data/raw/mri_images/FLAIR/MRI00110.png,FLAIR,9,Cross-Class Near Duplicate,MARK FOR MEDICAL REVIEW - DO NOT AUTO-OVERRIDE
data/raw/mri_images/DWI/MRI00121.png,DWI,data/raw/mri_images/FLAIR/MRI00112.png,FLAIR,7,Cross-Class Near Duplicate,MARK FOR MEDICAL REVIEW - DO NOT AUTO-OVERRIDE
data/raw/mri_images/DWI/MRI00121.png,DWI,data/raw/mri_images/FLAIR/MRI00114.png,FLAIR,7,Cross-Class Near Duplicate,MARK FOR MEDICAL REVIEW - DO NOT AUTO-OVERRIDE
data/raw/mri_images/DWI/MRI00121.png,DWI,data/raw/mri_images/FLAIR/MRI00117.png,FLAIR,10,Cross-Class Near Duplicate,MARK FOR MEDICAL REVIEW - DO NOT AUTO-OVERRIDE
data/raw/mri_images/DWI/MRI00121.png,DWI,data/raw/mri_images/FLAIR/MRI00120.png,FLAIR,9,Cross-Class Near Duplicate,MARK FOR MEDICAL REVIEW - DO NOT AUTO-OVERRIDE
data/raw/mri_images/DWI/MRI00121.png,DWI,data/raw/mri_images/T2/MRI00050.png,T2,10,Cross-Class Near Duplicate,MARK FOR MEDICAL REVIEW - DO NOT AUTO-OVERRIDE
data/raw/mri_images/DWI/MRI00121.png,DWI,data/raw/mri_images/T2/MRI00054.png,T2,10,Cross-Class Near Duplicate,MARK FOR MEDICAL REVIEW - DO NOT AUTO-OVERRIDE
data/raw/mri_images/DWI/MRI00122.png,DWI,data/raw/mri_images/FLAIR/MRI00081.png,FLAIR,1,Cross-Class Near Duplicate,MARK FOR MEDICAL REVIEW - DO NOT AUTO-OVERRIDE
data/raw/mri_images/DWI/MRI00122.png,DWI,data/raw/mri_images/FLAIR/MRI00086.png,FLAIR,7,Cross-Class Near Duplicate,MARK FOR MEDICAL REVIEW - DO NOT AUTO-OVERRIDE
data/raw/mri_images/DWI/MRI00122.png,DWI,data/raw/mri_images/FLAIR/MRI00089.png,FLAIR,10,Cross-Class Near Duplicate,MARK FOR MEDICAL REVIEW - DO NOT AUTO-OVERRIDE
data/raw/mri_images/DWI/MRI00122.png,DWI,data/raw/mri_images/FLAIR/MRI00090.png,FLAIR,1,Cross-Class Near Duplicate,MARK FOR MEDICAL REVIEW - DO NOT AUTO-OVERRIDE
data/raw/mri_images/DWI/MRI00122.png,DWI,data/raw/mri_images/FLAIR/MRI00093.png,FLAIR,7,Cross-Class Near Duplicate,MARK FOR MEDICAL REVIEW - DO NOT AUTO-OVERRIDE
data/raw/mri_images/DWI/MRI00122.png,DWI,data/raw/mri_images/FLAIR/MRI00094.png,FLAIR,10,Cross-Class Near Duplicate,MARK FOR MEDICAL REVIEW - DO NOT AUTO-OVERRIDE
data/raw/mri_images/DWI/MRI00122.png,DWI,data/raw/mri_images/FLAIR/MRI00095.png,FLAIR,6,Cross-Class Near Duplicate,MARK FOR MEDICAL REVIEW - DO NOT AUTO-OVERRIDE
data/raw/mri_images/DWI/MRI00122.png,DWI,data/raw/mri_images/FLAIR/MRI00097.png,FLAIR,3,Cross-Class Near Duplicate,MARK FOR MEDICAL REVIEW - DO NOT AUTO-OVERRIDE
data/raw/mri_images/DWI/MRI00122.png,DWI,data/raw/mri_images/FLAIR/MRI00098.png,FLAIR,8,Cross-Class Near Duplicate,MARK FOR MEDICAL REVIEW - DO NOT AUTO-OVERRIDE
data/raw/mri_images/DWI/MRI00122.png,DWI,data/raw/mri_images/FLAIR/MRI00099.png,FLAIR,10,Cross-Class Near Duplicate,MARK FOR MEDICAL REVIEW - DO NOT AUTO-OVERRIDE
data/raw/mri_images/DWI/MRI00122.png,DWI,data/raw/mri_images/FLAIR/MRI00101.png,FLAIR,3,Cross-Class Near Duplicate,MARK FOR MEDICAL REVIEW - DO NOT AUTO-OVERRIDE
data/raw/mri_images/DWI/MRI00122.png,DWI,data/raw/mri_images/FLAIR/MRI00104.png,FLAIR,10,Cross-Class Near Duplicate,MARK FOR MEDICAL REVIEW - DO NOT AUTO-OVERRIDE
data/raw/mri_images/DWI/MRI00122.png,DWI,data/raw/mri_images/FLAIR/MRI00105.png,FLAIR,9,Cross-Class Near Duplicate,MARK FOR MEDICAL REVIEW - DO NOT AUTO-OVERRIDE
data/raw/mri_images/DWI/MRI00122.png,DWI,data/raw/mri_images/FLAIR/MRI00106.png,FLAIR,7,Cross-Class Near Duplicate,MARK FOR MEDICAL REVIEW - DO NOT AUTO-OVERRIDE
data/raw/mri_images/DWI/MRI00122.png,DWI,data/raw/mri_images/FLAIR/MRI00108.png,FLAIR,10,Cross-Class Near Duplicate,MARK FOR MEDICAL REVIEW - DO NOT AUTO-OVERRIDE
data/raw/mri_images/DWI/MRI00122.png,DWI,data/raw/mri_images/FLAIR/MRI00109.png,FLAIR,2,Cross-Class Near Duplicate,MARK FOR MEDICAL REVIEW - DO NOT AUTO-OVERRIDE
data/raw/mri_images/DWI/MRI00122.png,DWI,data/raw/mri_images/FLAIR/MRI00110.png,FLAIR,8,Cross-Class Near Duplicate,MARK FOR MEDICAL REVIEW - DO NOT AUTO-OVERRIDE
data/raw/mri_images/DWI/MRI00122.png,DWI,data/raw/mri_images/FLAIR/MRI00112.png,FLAIR,10,Cross-Class Near Duplicate,MARK FOR MEDICAL REVIEW - DO NOT AUTO-OVERRIDE
data/raw/mri_images/DWI/MRI00122.png,DWI,data/raw/mri_images/FLAIR/MRI00116.png,FLAIR,10,Cross-Class Near Duplicate,MARK FOR MEDICAL REVIEW - DO NOT AUTO-OVERRIDE
data/raw/mri_images/DWI/MRI00122.png,DWI,data/raw/mri_images/FLAIR/MRI00118.png,FLAIR,8,Cross-Class Near Duplicate,MARK FOR MEDICAL REVIEW - DO NOT AUTO-OVERRIDE
data/raw/mri_images/DWI/MRI00122.png,DWI,data/raw/mri_images/FLAIR/MRI00120.png,FLAIR,6,Cross-Class Near Duplicate,MARK FOR MEDICAL REVIEW - DO NOT AUTO-OVERRIDE
data/raw/mri_images/DWI/MRI00122.png,DWI,data/raw/mri_images/T2/MRI00045.png,T2,10,Cross-Class Near Duplicate,MARK FOR MEDICAL REVIEW - DO NOT AUTO-OVERRIDE
data/raw/mri_images/DWI/MRI00122.png,DWI,data/raw/mri_images/T2/MRI00048.png,T2,10,Cross-Class Near Duplicate,MARK FOR MEDICAL REVIEW - DO NOT AUTO-OVERRIDE
data/raw/mri_images/DWI/MRI00122.png,DWI,data/raw/mri_images/T2/MRI00052.png,T2,9,Cross-Class Near Duplicate,MARK FOR MEDICAL REVIEW - DO NOT AUTO-OVERRIDE
data/raw/mri_images/DWI/MRI00122.png,DWI,data/raw/mri_images/T2/MRI00058.png,T2,9,Cross-Class Near Duplicate,MARK FOR MEDICAL REVIEW - DO NOT AUTO-OVERRIDE
data/raw/mri_images/DWI/MRI00122.png,DWI,data/raw/mri_images/T2/MRI00063.png,T2,7,Cross-Class Near Duplicate,MARK FOR MEDICAL REVIEW - DO NOT AUTO-OVERRIDE
data/raw/mri_images/DWI/MRI00123.png,DWI,data/raw/mri_images/FLAIR/MRI00082.png,FLAIR,8,Cross-Class Near Duplicate,MARK FOR MEDICAL REVIEW - DO NOT AUTO-OVERRIDE
data/raw/mri_images/DWI/MRI00123.png,DWI,data/raw/mri_images/FLAIR/MRI00085.png,FLAIR,7,Cross-Class Near Duplicate,MARK FOR MEDICAL REVIEW - DO NOT AUTO-OVERRIDE
data/raw/mri_images/DWI/MRI00123.png,DWI,data/raw/mri_images/FLAIR/MRI00086.png,FLAIR,9,Cross-Class Near Duplicate,MARK FOR MEDICAL REVIEW - DO NOT AUTO-OVERRIDE
data/raw/mri_images/DWI/MRI00123.png,DWI,data/raw/mri_images/FLAIR/MRI00093.png,FLAIR,9,Cross-Class Near Duplicate,MARK FOR MEDICAL REVIEW - DO NOT AUTO-OVERRIDE
data/raw/mri_images/DWI/MRI00123.png,DWI,data/raw/mri_images/FLAIR/MRI00094.png,FLAIR,2,Cross-Class Near Duplicate,MARK FOR MEDICAL REVIEW - DO NOT AUTO-OVERRIDE
data/raw/mri_images/DWI/MRI00123.png,DWI,data/raw/mri_images/FLAIR/MRI00095.png,FLAIR,6,Cross-Class Near Duplicate,MARK FOR MEDICAL REVIEW - DO NOT AUTO-OVERRIDE
data/raw/mri_images/DWI/MRI00123.png,DWI,data/raw/mri_images/FLAIR/MRI00101.png,FLAIR,9,Cross-Class Near Duplicate,MARK FOR MEDICAL REVIEW - DO NOT AUTO-OVERRIDE
data/raw/mri_images/DWI/MRI00123.png,DWI,data/raw/mri_images/FLAIR/MRI00102.png,FLAIR,8,Cross-Class Near Duplicate,MARK FOR MEDICAL REVIEW - DO NOT AUTO-OVERRIDE
data/raw/mri_images/DWI/MRI00123.png,DWI,data/raw/mri_images/FLAIR/MRI00103.png,FLAIR,10,Cross-Class Near Duplicate,MARK FOR MEDICAL REVIEW - DO NOT AUTO-OVERRIDE
data/raw/mri_images/DWI/MRI00123.png,DWI,data/raw/mri_images/FLAIR/MRI00106.png,FLAIR,9,Cross-Class Near Duplicate,MARK FOR MEDICAL REVIEW - DO NOT AUTO-OVERRIDE
data/raw/mri_images/DWI/MRI00123.png,DWI,data/raw/mri_images/FLAIR/MRI00108.png,FLAIR,2,Cross-Class Near Duplicate,MARK FOR MEDICAL REVIEW - DO NOT AUTO-OVERRIDE
data/raw/mri_images/DWI/MRI00123.png,DWI,data/raw/mri_images/FLAIR/MRI00110.png,FLAIR,4,Cross-Class Near Duplicate,MARK FOR MEDICAL REVIEW - DO NOT AUTO-OVERRIDE
data/raw/mri_images/DWI/MRI00123.png,DWI,data/raw/mri_images/FLAIR/MRI00115.png,FLAIR,8,Cross-Class Near Duplicate,MARK FOR MEDICAL REVIEW - DO NOT AUTO-OVERRIDE
data/raw/mri_images/DWI/MRI00123.png,DWI,data/raw/mri_images/FLAIR/MRI00118.png,FLAIR,10,Cross-Class Near Duplicate,MARK FOR MEDICAL REVIEW - DO NOT AUTO-OVERRIDE
data/raw/mri_images/DWI/MRI00123.png,DWI,data/raw/mri_images/FLAIR/MRI00120.png,FLAIR,6,Cross-Class Near Duplicate,MARK FOR MEDICAL REVIEW - DO NOT AUTO-OVERRIDE
data/raw/mri_images/DWI/MRI00124.png,DWI,data/raw/mri_images/FLAIR/MRI00081.png,FLAIR,9,Cross-Class Near Duplicate,MARK FOR MEDICAL REVIEW - DO NOT AUTO-OVERRIDE
data/raw/mri_images/DWI/MRI00124.png,DWI,data/raw/mri_images/FLAIR/MRI00082.png,FLAIR,4,Cross-Class Near Duplicate,MARK FOR MEDICAL REVIEW - DO NOT AUTO-OVERRIDE
data/raw/mri_images/DWI/MRI00124.png,DWI,data/raw/mri_images/FLAIR/MRI00083.png,FLAIR,9,Cross-Class Near Duplicate,MARK FOR MEDICAL REVIEW - DO NOT AUTO-OVERRIDE
data/raw/mri_images/DWI/MRI00124.png,DWI,data/raw/mri_images/FLAIR/MRI00084.png,FLAIR,7,Cross-Class Near Duplicate,MARK FOR MEDICAL REVIEW - DO NOT AUTO-OVERRIDE
data/raw/mri_images/DWI/MRI00124.png,DWI,data/raw/mri_images/FLAIR/MRI00085.png,FLAIR,5,Cross-Class Near Duplicate,MARK FOR MEDICAL REVIEW - DO NOT AUTO-OVERRIDE
data/raw/mri_images/DWI/MRI00124.png,DWI,data/raw/mri_images/FLAIR/MRI00086.png,FLAIR,7,Cross-Class Near Duplicate,MARK FOR MEDICAL REVIEW - DO NOT AUTO-OVERRIDE
data/raw/mri_images/DWI/MRI00124.png,DWI,data/raw/mri_images/FLAIR/MRI00089.png,FLAIR,10,Cross-Class Near Duplicate,MARK FOR MEDICAL REVIEW - DO NOT AUTO-OVERRIDE
data/raw/mri_images/DWI/MRI00124.png,DWI,data/raw/mri_images/FLAIR/MRI00090.png,FLAIR,9,Cross-Class Near Duplicate,MARK FOR MEDICAL REVIEW - DO NOT AUTO-OVERRIDE
data/raw/mri_images/DWI/MRI00124.png,DWI,data/raw/mri_images/FLAIR/MRI00092.png,FLAIR,7,Cross-Class Near Duplicate,MARK FOR MEDICAL REVIEW - DO NOT AUTO-OVERRIDE
data/raw/mri_images/DWI/MRI00124.png,DWI,data/raw/mri_images/FLAIR/MRI00093.png,FLAIR,7,Cross-Class Near Duplicate,MARK FOR MEDICAL REVIEW - DO NOT AUTO-OVERRIDE
data/raw/mri_images/DWI/MRI00124.png,DWI,data/raw/mri_images/FLAIR/MRI00094.png,FLAIR,4,Cross-Class Near Duplicate,MARK FOR MEDICAL REVIEW - DO NOT AUTO-OVERRIDE
data/raw/mri_images/DWI/MRI00124.png,DWI,data/raw/mri_images/FLAIR/MRI00095.png,FLAIR,4,Cross-Class Near Duplicate,MARK FOR MEDICAL REVIEW - DO NOT AUTO-OVERRIDE
data/raw/mri_images/DWI/MRI00124.png,DWI,data/raw/mri_images/FLAIR/MRI00096.png,FLAIR,7,Cross-Class Near Duplicate,MARK FOR MEDICAL REVIEW - DO NOT AUTO-OVERRIDE
data/raw/mri_images/DWI/MRI00124.png,DWI,data/raw/mri_images/FLAIR/MRI00097.png,FLAIR,9,Cross-Class Near Duplicate,MARK FOR MEDICAL REVIEW - DO NOT AUTO-OVERRIDE
data/raw/mri_images/DWI/MRI00124.png,DWI,data/raw/mri_images/FLAIR/MRI00100.png,FLAIR,9,Cross-Class Near Duplicate,MARK FOR MEDICAL REVIEW - DO NOT AUTO-OVERRIDE
data/raw/mri_images/DWI/MRI00124.png,DWI,data/raw/mri_images/FLAIR/MRI00101.png,FLAIR,7,Cross-Class Near Duplicate,MARK FOR MEDICAL REVIEW - DO NOT AUTO-OVERRIDE
data/raw/mri_images/DWI/MRI00124.png,DWI,data/raw/mri_images/FLAIR/MRI00102.png,FLAIR,8,Cross-Class Near Duplicate,MARK FOR MEDICAL REVIEW - DO NOT AUTO-OVERRIDE
data/raw/mri_images/DWI/MRI00124.png,DWI,data/raw/mri_images/FLAIR/MRI00103.png,FLAIR,8,Cross-Class Near Duplicate,MARK FOR MEDICAL REVIEW - DO NOT AUTO-OVERRIDE
data/raw/mri_images/DWI/MRI00124.png,DWI,data/raw/mri_images/FLAIR/MRI00106.png,FLAIR,7,Cross-Class Near Duplicate,MARK FOR MEDICAL REVIEW - DO NOT AUTO-OVERRIDE
data/raw/mri_images/DWI/MRI00124.png,DWI,data/raw/mri_images/FLAIR/MRI00108.png,FLAIR,2,Cross-Class Near Duplicate,MARK FOR MEDICAL REVIEW - DO NOT AUTO-OVERRIDE
data/raw/mri_images/DWI/MRI00124.png,DWI,data/raw/mri_images/FLAIR/MRI00109.png,FLAIR,10,Cross-Class Near Duplicate,MARK FOR MEDICAL REVIEW - DO NOT AUTO-OVERRIDE
data/raw/mri_images/DWI/MRI00124.png,DWI,data/raw/mri_images/FLAIR/MRI00110.png,FLAIR,2,Cross-Class Near Duplicate,MARK FOR MEDICAL REVIEW - DO NOT AUTO-OVERRIDE
data/raw/mri_images/DWI/MRI00124.png,DWI,data/raw/mri_images/FLAIR/MRI00115.png,FLAIR,4,Cross-Class Near Duplicate,MARK FOR MEDICAL REVIEW - DO NOT AUTO-OVERRIDE
data/raw/mri_images/DWI/MRI00124.png,DWI,data/raw/mri_images/FLAIR/MRI00116.png,FLAIR,10,Cross-Class Near Duplicate,MARK FOR MEDICAL REVIEW - DO NOT AUTO-OVERRIDE
data/raw/mri_images/DWI/MRI00124.png,DWI,data/raw/mri_images/FLAIR/MRI00118.png,FLAIR,8,Cross-Class Near Duplicate,MARK FOR MEDICAL REVIEW - DO NOT AUTO-OVERRIDE
data/raw/mri_images/DWI/MRI00124.png,DWI,data/raw/mri_images/FLAIR/MRI00120.png,FLAIR,4,Cross-Class Near Duplicate,MARK FOR MEDICAL REVIEW - DO NOT AUTO-OVERRIDE
data/raw/mri_images/DWI/MRI00124.png,DWI,data/raw/mri_images/T2/MRI00043.png,T2,9,Cross-Class Near Duplicate,MARK FOR MEDICAL REVIEW - DO NOT AUTO-OVERRIDE
data/raw/mri_images/DWI/MRI00124.png,DWI,data/raw/mri_images/T2/MRI00045.png,T2,8,Cross-Class Near Duplicate,MARK FOR MEDICAL REVIEW - DO NOT AUTO-OVERRIDE
data/raw/mri_images/DWI/MRI00124.png,DWI,data/raw/mri_images/T2/MRI00052.png,T2,9,Cross-Class Near Duplicate,MARK FOR MEDICAL REVIEW - DO NOT AUTO-OVERRIDE
data/raw/mri_images/DWI/MRI00124.png,DWI,data/raw/mri_images/T2/MRI00053.png,T2,9,Cross-Class Near Duplicate,MARK FOR MEDICAL REVIEW - DO NOT AUTO-OVERRIDE
data/raw/mri_images/DWI/MRI00124.png,DWI,data/raw/mri_images/T2/MRI00056.png,T2,8,Cross-Class Near Duplicate,MARK FOR MEDICAL REVIEW - DO NOT AUTO-OVERRIDE
data/raw/mri_images/DWI/MRI00124.png,DWI,data/raw/mri_images/T2/MRI00062.png,T2,9,Cross-Class Near Duplicate,MARK FOR MEDICAL REVIEW - DO NOT AUTO-OVERRIDE
data/raw/mri_images/DWI/MRI00124.png,DWI,data/raw/mri_images/T2/MRI00065.png,T2,7,Cross-Class Near Duplicate,MARK FOR MEDICAL REVIEW - DO NOT AUTO-OVERRIDE
data/raw/mri_images/DWI/MRI00124.png,DWI,data/raw/mri_images/T2/MRI00066.png,T2,9,Cross-Class Near Duplicate,MARK FOR MEDICAL REVIEW - DO NOT AUTO-OVERRIDE
data/raw/mri_images/DWI/MRI00124.png,DWI,data/raw/mri_images/T2/MRI00076.png,T2,9,Cross-Class Near Duplicate,MARK FOR MEDICAL REVIEW - DO NOT AUTO-OVERRIDE
data/raw/mri_images/DWI/MRI00124.png,DWI,data/raw/mri_images/T2/MRI00078.png,T2,10,Cross-Class Near Duplicate,MARK FOR MEDICAL REVIEW - DO NOT AUTO-OVERRIDE
data/raw/mri_images/DWI/MRI00125.png,DWI,data/raw/mri_images/FLAIR/MRI00081.png,FLAIR,2,Cross-Class Near Duplicate,MARK FOR MEDICAL REVIEW - DO NOT AUTO-OVERRIDE
data/raw/mri_images/DWI/MRI00125.png,DWI,data/raw/mri_images/FLAIR/MRI00082.png,FLAIR,9,Cross-Class Near Duplicate,MARK FOR MEDICAL REVIEW - DO NOT AUTO-OVERRIDE
data/raw/mri_images/DWI/MRI00125.png,DWI,data/raw/mri_images/FLAIR/MRI00083.png,FLAIR,10,Cross-Class Near Duplicate,MARK FOR MEDICAL REVIEW - DO NOT AUTO-OVERRIDE
data/raw/mri_images/DWI/MRI00125.png,DWI,data/raw/mri_images/FLAIR/MRI00085.png,FLAIR,8,Cross-Class Near Duplicate,MARK FOR MEDICAL REVIEW - DO NOT AUTO-OVERRIDE
data/raw/mri_images/DWI/MRI00125.png,DWI,data/raw/mri_images/FLAIR/MRI00086.png,FLAIR,6,Cross-Class Near Duplicate,MARK FOR MEDICAL REVIEW - DO NOT AUTO-OVERRIDE
data/raw/mri_images/DWI/MRI00125.png,DWI,data/raw/mri_images/FLAIR/MRI00089.png,FLAIR,7,Cross-Class Near Duplicate,MARK FOR MEDICAL REVIEW - DO NOT AUTO-OVERRIDE
data/raw/mri_images/DWI/MRI00125.png,DWI,data/raw/mri_images/FLAIR/MRI00090.png,FLAIR,2,Cross-Class Near Duplicate,MARK FOR MEDICAL REVIEW - DO NOT AUTO-OVERRIDE
data/raw/mri_images/DWI/MRI00125.png,DWI,data/raw/mri_images/FLAIR/MRI00093.png,FLAIR,6,Cross-Class Near Duplicate,MARK FOR MEDICAL REVIEW - DO NOT AUTO-OVERRIDE
data/raw/mri_images/DWI/MRI00125.png,DWI,data/raw/mri_images/FLAIR/MRI00094.png,FLAIR,7,Cross-Class Near Duplicate,MARK FOR MEDICAL REVIEW - DO NOT AUTO-OVERRIDE
data/raw/mri_images/DWI/MRI00125.png,DWI,data/raw/mri_images/FLAIR/MRI00095.png,FLAIR,3,Cross-Class Near Duplicate,MARK FOR MEDICAL REVIEW - DO NOT AUTO-OVERRIDE
data/raw/mri_images/DWI/MRI00125.png,DWI,data/raw/mri_images/FLAIR/MRI00097.png,FLAIR,2,Cross-Class Near Duplicate,MARK FOR MEDICAL REVIEW - DO NOT AUTO-OVERRIDE
data/raw/mri_images/DWI/MRI00125.png,DWI,data/raw/mri_images/FLAIR/MRI00098.png,FLAIR,7,Cross-Class Near Duplicate,MARK FOR MEDICAL REVIEW - DO NOT AUTO-OVERRIDE
data/raw/mri_images/DWI/MRI00125.png,DWI,data/raw/mri_images/FLAIR/MRI00099.png,FLAIR,9,Cross-Class Near Duplicate,MARK FOR MEDICAL REVIEW - DO NOT AUTO-OVERRIDE
data/raw/mri_images/DWI/MRI00125.png,DWI,data/raw/mri_images/FLAIR/MRI00101.png,FLAIR,0,Cross-Class Exact Duplicate,MARK FOR MEDICAL REVIEW - DO NOT AUTO-OVERRIDE
data/raw/mri_images/DWI/MRI00125.png,DWI,data/raw/mri_images/FLAIR/MRI00102.png,FLAIR,9,Cross-Class Near Duplicate,MARK FOR MEDICAL REVIEW - DO NOT AUTO-OVERRIDE
data/raw/mri_images/DWI/MRI00125.png,DWI,data/raw/mri_images/FLAIR/MRI00104.png,FLAIR,9,Cross-Class Near Duplicate,MARK FOR MEDICAL REVIEW - DO NOT AUTO-OVERRIDE
data/raw/mri_images/DWI/MRI00125.png,DWI,data/raw/mri_images/FLAIR/MRI00105.png,FLAIR,8,Cross-Class Near Duplicate,MARK FOR MEDICAL REVIEW - DO NOT AUTO-OVERRIDE
data/raw/mri_images/DWI/MRI00125.png,DWI,data/raw/mri_images/FLAIR/MRI00106.png,FLAIR,4,Cross-Class Near Duplicate,MARK FOR MEDICAL REVIEW - DO NOT AUTO-OVERRIDE
data/raw/mri_images/DWI/MRI00125.png,DWI,data/raw/mri_images/FLAIR/MRI00108.png,FLAIR,7,Cross-Class Near Duplicate,MARK FOR MEDICAL REVIEW - DO NOT AUTO-OVERRIDE
data/raw/mri_images/DWI/MRI00125.png,DWI,data/raw/mri_images/FLAIR/MRI00109.png,FLAIR,3,Cross-Class Near Duplicate,MARK FOR MEDICAL REVIEW - DO NOT AUTO-OVERRIDE
data/raw/mri_images/DWI/MRI00125.png,DWI,data/raw/mri_images/FLAIR/MRI00110.png,FLAIR,5,Cross-Class Near Duplicate,MARK FOR MEDICAL REVIEW - DO NOT AUTO-OVERRIDE
data/raw/mri_images/DWI/MRI00125.png,DWI,data/raw/mri_images/FLAIR/MRI00116.png,FLAIR,7,Cross-Class Near Duplicate,MARK FOR MEDICAL REVIEW - DO NOT AUTO-OVERRIDE
data/raw/mri_images/DWI/MRI00125.png,DWI,data/raw/mri_images/FLAIR/MRI00118.png,FLAIR,7,Cross-Class Near Duplicate,MARK FOR MEDICAL REVIEW - DO NOT AUTO-OVERRIDE
data/raw/mri_images/DWI/MRI00125.png,DWI,data/raw/mri_images/FLAIR/MRI00120.png,FLAIR,3,Cross-Class Near Duplicate,MARK FOR MEDICAL REVIEW - DO NOT AUTO-OVERRIDE
data/raw/mri_images/DWI/MRI00125.png,DWI,data/raw/mri_images/T2/MRI00041.png,T2,10,Cross-Class Near Duplicate,MARK FOR MEDICAL REVIEW - DO NOT AUTO-OVERRIDE
data/raw/mri_images/DWI/MRI00125.png,DWI,data/raw/mri_images/T2/MRI00043.png,T2,10,Cross-Class Near Duplicate,MARK FOR MEDICAL REVIEW - DO NOT AUTO-OVERRIDE
data/raw/mri_images/DWI/MRI00125.png,DWI,data/raw/mri_images/T2/MRI00045.png,T2,9,Cross-Class Near Duplicate,MARK FOR MEDICAL REVIEW - DO NOT AUTO-OVERRIDE
data/raw/mri_images/DWI/MRI00125.png,DWI,data/raw/mri_images/T2/MRI00052.png,T2,8,Cross-Class Near Duplicate,MARK FOR MEDICAL REVIEW - DO NOT AUTO-OVERRIDE
data/raw/mri_images/DWI/MRI00125.png,DWI,data/raw/mri_images/T2/MRI00054.png,T2,10,Cross-Class Near Duplicate,MARK FOR MEDICAL REVIEW - DO NOT AUTO-OVERRIDE
data/raw/mri_images/DWI/MRI00125.png,DWI,data/raw/mri_images/T2/MRI00057.png,T2,10,Cross-Class Near Duplicate,MARK FOR MEDICAL REVIEW - DO NOT AUTO-OVERRIDE
data/raw/mri_images/DWI/MRI00125.png,DWI,data/raw/mri_images/T2/MRI00058.png,T2,10,Cross-Class Near Duplicate,MARK FOR MEDICAL REVIEW - DO NOT AUTO-OVERRIDE
data/raw/mri_images/DWI/MRI00125.png,DWI,data/raw/mri_images/T2/MRI00063.png,T2,8,Cross-Class Near Duplicate,MARK FOR MEDICAL REVIEW - DO NOT AUTO-OVERRIDE
data/raw/mri_images/DWI/MRI00125.png,DWI,data/raw/mri_images/T2/MRI00066.png,T2,10,Cross-Class Near Duplicate,MARK FOR MEDICAL REVIEW - DO NOT AUTO-OVERRIDE
data/raw/mri_images/DWI/MRI00125.png,DWI,data/raw/mri_images/T2/MRI00072.png,T2,10,Cross-Class Near Duplicate,MARK FOR MEDICAL REVIEW - DO NOT AUTO-OVERRIDE
data/raw/mri_images/DWI/MRI00125.png,DWI,data/raw/mri_images/T2/MRI00073.png,T2,10,Cross-Class Near Duplicate,MARK FOR MEDICAL REVIEW - DO NOT AUTO-OVERRIDE
data/raw/mri_images/DWI/MRI00125.png,DWI,data/raw/mri_images/T2/MRI00075.png,T2,10,Cross-Class Near Duplicate,MARK FOR MEDICAL REVIEW - DO NOT AUTO-OVERRIDE
data/raw/mri_images/DWI/MRI00126.png,DWI,data/raw/mri_images/FLAIR/MRI00081.png,FLAIR,10,Cross-Class Near Duplicate,MARK FOR MEDICAL REVIEW - DO NOT AUTO-OVERRIDE
data/raw/mri_images/DWI/MRI00126.png,DWI,data/raw/mri_images/FLAIR/MRI00083.png,FLAIR,10,Cross-Class Near Duplicate,MARK FOR MEDICAL REVIEW - DO NOT AUTO-OVERRIDE
data/raw/mri_images/DWI/MRI00126.png,DWI,data/raw/mri_images/FLAIR/MRI00087.png,FLAIR,5,Cross-Class Near Duplicate,MARK FOR MEDICAL REVIEW - DO NOT AUTO-OVERRIDE
data/raw/mri_images/DWI/MRI00126.png,DWI,data/raw/mri_images/FLAIR/MRI00088.png,FLAIR,10,Cross-Class Near Duplicate,MARK FOR MEDICAL REVIEW - DO NOT AUTO-OVERRIDE
data/raw/mri_images/DWI/MRI00126.png,DWI,data/raw/mri_images/FLAIR/MRI00090.png,FLAIR,10,Cross-Class Near Duplicate,MARK FOR MEDICAL REVIEW - DO NOT AUTO-OVERRIDE
data/raw/mri_images/DWI/MRI00126.png,DWI,data/raw/mri_images/FLAIR/MRI00097.png,FLAIR,8,Cross-Class Near Duplicate,MARK FOR MEDICAL REVIEW - DO NOT AUTO-OVERRIDE
data/raw/mri_images/DWI/MRI00126.png,DWI,data/raw/mri_images/FLAIR/MRI00099.png,FLAIR,3,Cross-Class Near Duplicate,MARK FOR MEDICAL REVIEW - DO NOT AUTO-OVERRIDE
data/raw/mri_images/DWI/MRI00126.png,DWI,data/raw/mri_images/FLAIR/MRI00101.png,FLAIR,10,Cross-Class Near Duplicate,MARK FOR MEDICAL REVIEW - DO NOT AUTO-OVERRIDE
data/raw/mri_images/DWI/MRI00126.png,DWI,data/raw/mri_images/FLAIR/MRI00102.png,FLAIR,9,Cross-Class Near Duplicate,MARK FOR MEDICAL REVIEW - DO NOT AUTO-OVERRIDE
data/raw/mri_images/DWI/MRI00126.png,DWI,data/raw/mri_images/FLAIR/MRI00104.png,FLAIR,3,Cross-Class Near Duplicate,MARK FOR MEDICAL REVIEW - DO NOT AUTO-OVERRIDE
data/raw/mri_images/DWI/MRI00126.png,DWI,data/raw/mri_images/FLAIR/MRI00107.png,FLAIR,6,Cross-Class Near Duplicate,MARK FOR MEDICAL REVIEW - DO NOT AUTO-OVERRIDE
data/raw/mri_images/DWI/MRI00126.png,DWI,data/raw/mri_images/FLAIR/MRI00112.png,FLAIR,5,Cross-Class Near Duplicate,MARK FOR MEDICAL REVIEW - DO NOT AUTO-OVERRIDE
data/raw/mri_images/DWI/MRI00126.png,DWI,data/raw/mri_images/FLAIR/MRI00114.png,FLAIR,1,Cross-Class Near Duplicate,MARK FOR MEDICAL REVIEW - DO NOT AUTO-OVERRIDE
data/raw/mri_images/DWI/MRI00126.png,DWI,data/raw/mri_images/FLAIR/MRI00117.png,FLAIR,4,Cross-Class Near Duplicate,MARK FOR MEDICAL REVIEW - DO NOT AUTO-OVERRIDE
data/raw/mri_images/DWI/MRI00126.png,DWI,data/raw/mri_images/FLAIR/MRI00119.png,FLAIR,8,Cross-Class Near Duplicate,MARK FOR MEDICAL REVIEW - DO NOT AUTO-OVERRIDE
data/raw/mri_images/DWI/MRI00126.png,DWI,data/raw/mri_images/T2/MRI00049.png,T2,8,Cross-Class Near Duplicate,MARK FOR MEDICAL REVIEW - DO NOT AUTO-OVERRIDE
data/raw/mri_images/DWI/MRI00126.png,DWI,data/raw/mri_images/T2/MRI00050.png,T2,10,Cross-Class Near Duplicate,MARK FOR MEDICAL REVIEW - DO NOT AUTO-OVERRIDE
data/raw/mri_images/DWI/MRI00126.png,DWI,data/raw/mri_images/T2/MRI00064.png,T2,10,Cross-Class Near Duplicate,MARK FOR MEDICAL REVIEW - DO NOT AUTO-OVERRIDE
data/raw/mri_images/DWI/MRI00126.png,DWI,data/raw/mri_images/T2/MRI00069.png,T2,10,Cross-Class Near Duplicate,MARK FOR MEDICAL REVIEW - DO NOT AUTO-OVERRIDE
data/raw/mri_images/DWI/MRI00126.png,DWI,data/raw/mri_images/T2/MRI00075.png,T2,10,Cross-Class Near Duplicate,MARK FOR MEDICAL REVIEW - DO NOT AUTO-OVERRIDE
data/raw/mri_images/DWI/MRI00127.png,DWI,data/raw/mri_images/FLAIR/MRI00081.png,FLAIR,0,Cross-Class Exact Duplicate,MARK FOR MEDICAL REVIEW - DO NOT AUTO-OVERRIDE
data/raw/mri_images/DWI/MRI00127.png,DWI,data/raw/mri_images/FLAIR/MRI00085.png,FLAIR,10,Cross-Class Near Duplicate,MARK FOR MEDICAL REVIEW - DO NOT AUTO-OVERRIDE
data/raw/mri_images/DWI/MRI00127.png,DWI,data/raw/mri_images/FLAIR/MRI00086.png,FLAIR,8,Cross-Class Near Duplicate,MARK FOR MEDICAL REVIEW - DO NOT AUTO-OVERRIDE
data/raw/mri_images/DWI/MRI00127.png,DWI,data/raw/mri_images/FLAIR/MRI00089.png,FLAIR,9,Cross-Class Near Duplicate,MARK FOR MEDICAL REVIEW - DO NOT AUTO-OVERRIDE
data/raw/mri_images/DWI/MRI00127.png,DWI,data/raw/mri_images/FLAIR/MRI00090.png,FLAIR,0,Cross-Class Exact Duplicate,MARK FOR MEDICAL REVIEW - DO NOT AUTO-OVERRIDE
data/raw/mri_images/DWI/MRI00127.png,DWI,data/raw/mri_images/FLAIR/MRI00093.png,FLAIR,8,Cross-Class Near Duplicate,MARK FOR MEDICAL REVIEW - DO NOT AUTO-OVERRIDE
data/raw/mri_images/DWI/MRI00127.png,DWI,data/raw/mri_images/FLAIR/MRI00094.png,FLAIR,9,Cross-Class Near Duplicate,MARK FOR MEDICAL REVIEW - DO NOT AUTO-OVERRIDE
data/raw/mri_images/DWI/MRI00127.png,DWI,data/raw/mri_images/FLAIR/MRI00095.png,FLAIR,5,Cross-Class Near Duplicate,MARK FOR MEDICAL REVIEW - DO NOT AUTO-OVERRIDE
data/raw/mri_images/DWI/MRI00127.png,DWI,data/raw/mri_images/FLAIR/MRI00097.png,FLAIR,2,Cross-Class Near Duplicate,MARK FOR MEDICAL REVIEW - DO NOT AUTO-OVERRIDE
data/raw/mri_images/DWI/MRI00127.png,DWI,data/raw/mri_images/FLAIR/MRI00098.png,FLAIR,7,Cross-Class Near Duplicate,MARK FOR MEDICAL REVIEW - DO NOT AUTO-OVERRIDE
data/raw/mri_images/DWI/MRI00127.png,DWI,data/raw/mri_images/FLAIR/MRI00099.png,FLAIR,9,Cross-Class Near Duplicate,MARK FOR MEDICAL REVIEW - DO NOT AUTO-OVERRIDE
data/raw/mri_images/DWI/MRI00127.png,DWI,data/raw/mri_images/FLAIR/MRI00101.png,FLAIR,2,Cross-Class Near Duplicate,MARK FOR MEDICAL REVIEW - DO NOT AUTO-OVERRIDE
data/raw/mri_images/DWI/MRI00127.png,DWI,data/raw/mri_images/FLAIR/MRI00104.png,FLAIR,9,Cross-Class Near Duplicate,MARK FOR MEDICAL REVIEW - DO NOT AUTO-OVERRIDE
data/raw/mri_images/DWI/MRI00127.png,DWI,data/raw/mri_images/FLAIR/MRI00105.png,FLAIR,10,Cross-Class Near Duplicate,MARK FOR MEDICAL REVIEW - DO NOT AUTO-OVERRIDE
data/raw/mri_images/DWI/MRI00127.png,DWI,data/raw/mri_images/FLAIR/MRI00106.png,FLAIR,6,Cross-Class Near Duplicate,MARK FOR MEDICAL REVIEW - DO NOT AUTO-OVERRIDE
data/raw/mri_images/DWI/MRI00127.png,DWI,data/raw/mri_images/FLAIR/MRI00108.png,FLAIR,9,Cross-Class Near Duplicate,MARK FOR MEDICAL REVIEW - DO NOT AUTO-OVERRIDE
data/raw/mri_images/DWI/MRI00127.png,DWI,data/raw/mri_images/FLAIR/MRI00109.png,FLAIR,1,Cross-Class Near Duplicate,MARK FOR MEDICAL REVIEW - DO NOT AUTO-OVERRIDE
data/raw/mri_images/DWI/MRI00127.png,DWI,data/raw/mri_images/FLAIR/MRI00110.png,FLAIR,7,Cross-Class Near Duplicate,MARK FOR MEDICAL REVIEW - DO NOT AUTO-OVERRIDE
data/raw/mri_images/DWI/MRI00127.png,DWI,data/raw/mri_images/FLAIR/MRI00116.png,FLAIR,9,Cross-Class Near Duplicate,MARK FOR MEDICAL REVIEW - DO NOT AUTO-OVERRIDE
data/raw/mri_images/DWI/MRI00127.png,DWI,data/raw/mri_images/FLAIR/MRI00118.png,FLAIR,9,Cross-Class Near Duplicate,MARK FOR MEDICAL REVIEW - DO NOT AUTO-OVERRIDE
data/raw/mri_images/DWI/MRI00127.png,DWI,data/raw/mri_images/FLAIR/MRI00120.png,FLAIR,5,Cross-Class Near Duplicate,MARK FOR MEDICAL REVIEW - DO NOT AUTO-OVERRIDE
data/raw/mri_images/DWI/MRI00127.png,DWI,data/raw/mri_images/T2/MRI00041.png,T2,10,Cross-Class Near Duplicate,MARK FOR MEDICAL REVIEW - DO NOT AUTO-OVERRIDE
data/raw/mri_images/DWI/MRI00127.png,DWI,data/raw/mri_images/T2/MRI00045.png,T2,9,Cross-Class Near Duplicate,MARK FOR MEDICAL REVIEW - DO NOT AUTO-OVERRIDE
data/raw/mri_images/DWI/MRI00127.png,DWI,data/raw/mri_images/T2/MRI00052.png,T2,8,Cross-Class Near Duplicate,MARK FOR MEDICAL REVIEW - DO NOT AUTO-OVERRIDE
data/raw/mri_images/DWI/MRI00127.png,DWI,data/raw/mri_images/T2/MRI00058.png,T2,10,Cross-Class Near Duplicate,MARK FOR MEDICAL REVIEW - DO NOT AUTO-OVERRIDE
data/raw/mri_images/DWI/MRI00127.png,DWI,data/raw/mri_images/T2/MRI00063.png,T2,8,Cross-Class Near Duplicate,MARK FOR MEDICAL REVIEW - DO NOT AUTO-OVERRIDE
data/raw/mri_images/DWI/MRI00127.png,DWI,data/raw/mri_images/T2/MRI00072.png,T2,10,Cross-Class Near Duplicate,MARK FOR MEDICAL REVIEW - DO NOT AUTO-OVERRIDE
data/raw/mri_images/DWI/MRI00127.png,DWI,data/raw/mri_images/T2/MRI00075.png,T2,10,Cross-Class Near Duplicate,MARK FOR MEDICAL REVIEW - DO NOT AUTO-OVERRIDE
data/raw/mri_images/DWI/MRI00128.png,DWI,data/raw/mri_images/FLAIR/MRI00081.png,FLAIR,0,Cross-Class Exact Duplicate,MARK FOR MEDICAL REVIEW - DO NOT AUTO-OVERRIDE
data/raw/mri_images/DWI/MRI00128.png,DWI,data/raw/mri_images/FLAIR/MRI00085.png,FLAIR,10,Cross-Class Near Duplicate,MARK FOR MEDICAL REVIEW - DO NOT AUTO-OVERRIDE
data/raw/mri_images/DWI/MRI00128.png,DWI,data/raw/mri_images/FLAIR/MRI00086.png,FLAIR,8,Cross-Class Near Duplicate,MARK FOR MEDICAL REVIEW - DO NOT AUTO-OVERRIDE
data/raw/mri_images/DWI/MRI00128.png,DWI,data/raw/mri_images/FLAIR/MRI00089.png,FLAIR,9,Cross-Class Near Duplicate,MARK FOR MEDICAL REVIEW - DO NOT AUTO-OVERRIDE
data/raw/mri_images/DWI/MRI00128.png,DWI,data/raw/mri_images/FLAIR/MRI00090.png,FLAIR,0,Cross-Class Exact Duplicate,MARK FOR MEDICAL REVIEW - DO NOT AUTO-OVERRIDE
data/raw/mri_images/DWI/MRI00128.png,DWI,data/raw/mri_images/FLAIR/MRI00093.png,FLAIR,8,Cross-Class Near Duplicate,MARK FOR MEDICAL REVIEW - DO NOT AUTO-OVERRIDE
data/raw/mri_images/DWI/MRI00128.png,DWI,data/raw/mri_images/FLAIR/MRI00094.png,FLAIR,9,Cross-Class Near Duplicate,MARK FOR MEDICAL REVIEW - DO NOT AUTO-OVERRIDE
data/raw/mri_images/DWI/MRI00128.png,DWI,data/raw/mri_images/FLAIR/MRI00095.png,FLAIR,5,Cross-Class Near Duplicate,MARK FOR MEDICAL REVIEW - DO NOT AUTO-OVERRIDE
data/raw/mri_images/DWI/MRI00128.png,DWI,data/raw/mri_images/FLAIR/MRI00097.png,FLAIR,2,Cross-Class Near Duplicate,MARK FOR MEDICAL REVIEW - DO NOT AUTO-OVERRIDE
data/raw/mri_images/DWI/MRI00128.png,DWI,data/raw/mri_images/FLAIR/MRI00098.png,FLAIR,7,Cross-Class Near Duplicate,MARK FOR MEDICAL REVIEW - DO NOT AUTO-OVERRIDE
data/raw/mri_images/DWI/MRI00128.png,DWI,data/raw/mri_images/FLAIR/MRI00099.png,FLAIR,9,Cross-Class Near Duplicate,MARK FOR MEDICAL REVIEW - DO NOT AUTO-OVERRIDE
data/raw/mri_images/DWI/MRI00128.png,DWI,data/raw/mri_images/FLAIR/MRI00101.png,FLAIR,2,Cross-Class Near Duplicate,MARK FOR MEDICAL REVIEW - DO NOT AUTO-OVERRIDE
data/raw/mri_images/DWI/MRI00128.png,DWI,data/raw/mri_images/FLAIR/MRI00104.png,FLAIR,9,Cross-Class Near Duplicate,MARK FOR MEDICAL REVIEW - DO NOT AUTO-OVERRIDE
data/raw/mri_images/DWI/MRI00128.png,DWI,data/raw/mri_images/FLAIR/MRI00105.png,FLAIR,10,Cross-Class Near Duplicate,MARK FOR MEDICAL REVIEW - DO NOT AUTO-OVERRIDE
data/raw/mri_images/DWI/MRI00128.png,DWI,data/raw/mri_images/FLAIR/MRI00106.png,FLAIR,6,Cross-Class Near Duplicate,MARK FOR MEDICAL REVIEW - DO NOT AUTO-OVERRIDE
data/raw/mri_images/DWI/MRI00128.png,DWI,data/raw/mri_images/FLAIR/MRI00108.png,FLAIR,9,Cross-Class Near Duplicate,MARK FOR MEDICAL REVIEW - DO NOT AUTO-OVERRIDE
data/raw/mri_images/DWI/MRI00128.png,DWI,data/raw/mri_images/FLAIR/MRI00109.png,FLAIR,1,Cross-Class Near Duplicate,MARK FOR MEDICAL REVIEW - DO NOT AUTO-OVERRIDE
data/raw/mri_images/DWI/MRI00128.png,DWI,data/raw/mri_images/FLAIR/MRI00110.png,FLAIR,7,Cross-Class Near Duplicate,MARK FOR MEDICAL REVIEW - DO NOT AUTO-OVERRIDE
data/raw/mri_images/DWI/MRI00128.png,DWI,data/raw/mri_images/FLAIR/MRI00116.png,FLAIR,9,Cross-Class Near Duplicate,MARK FOR MEDICAL REVIEW - DO NOT AUTO-OVERRIDE
data/raw/mri_images/DWI/MRI00128.png,DWI,data/raw/mri_images/FLAIR/MRI00118.png,FLAIR,9,Cross-Class Near Duplicate,MARK FOR MEDICAL REVIEW - DO NOT AUTO-OVERRIDE
data/raw/mri_images/DWI/MRI00128.png,DWI,data/raw/mri_images/FLAIR/MRI00120.png,FLAIR,5,Cross-Class Near Duplicate,MARK FOR MEDICAL REVIEW - DO NOT AUTO-OVERRIDE
data/raw/mri_images/DWI/MRI00128.png,DWI,data/raw/mri_images/T2/MRI00041.png,T2,10,Cross-Class Near Duplicate,MARK FOR MEDICAL REVIEW - DO NOT AUTO-OVERRIDE
data/raw/mri_images/DWI/MRI00128.png,DWI,data/raw/mri_images/T2/MRI00045.png,T2,9,Cross-Class Near Duplicate,MARK FOR MEDICAL REVIEW - DO NOT AUTO-OVERRIDE
data/raw/mri_images/DWI/MRI00128.png,DWI,data/raw/mri_images/T2/MRI00052.png,T2,8,Cross-Class Near Duplicate,MARK FOR MEDICAL REVIEW - DO NOT AUTO-OVERRIDE
data/raw/mri_images/DWI/MRI00128.png,DWI,data/raw/mri_images/T2/MRI00058.png,T2,10,Cross-Class Near Duplicate,MARK FOR MEDICAL REVIEW - DO NOT AUTO-OVERRIDE
data/raw/mri_images/DWI/MRI00128.png,DWI,data/raw/mri_images/T2/MRI00063.png,T2,8,Cross-Class Near Duplicate,MARK FOR MEDICAL REVIEW - DO NOT AUTO-OVERRIDE
data/raw/mri_images/DWI/MRI00128.png,DWI,data/raw/mri_images/T2/MRI00072.png,T2,10,Cross-Class Near Duplicate,MARK FOR MEDICAL REVIEW - DO NOT AUTO-OVERRIDE
data/raw/mri_images/DWI/MRI00128.png,DWI,data/raw/mri_images/T2/MRI00075.png,T2,10,Cross-Class Near Duplicate,MARK FOR MEDICAL REVIEW - DO NOT AUTO-OVERRIDE
data/raw/mri_images/DWI/MRI00129.png,DWI,data/raw/mri_images/FLAIR/MRI00081.png,FLAIR,4,Cross-Class Near Duplicate,MARK FOR MEDICAL REVIEW - DO NOT AUTO-OVERRIDE
data/raw/mri_images/DWI/MRI00129.png,DWI,data/raw/mri_images/FLAIR/MRI00082.png,FLAIR,9,Cross-Class Near Duplicate,MARK FOR MEDICAL REVIEW - DO NOT AUTO-OVERRIDE
data/raw/mri_images/DWI/MRI00129.png,DWI,data/raw/mri_images/FLAIR/MRI00084.png,FLAIR,10,Cross-Class Near Duplicate,MARK FOR MEDICAL REVIEW - DO NOT AUTO-OVERRIDE
data/raw/mri_images/DWI/MRI00129.png,DWI,data/raw/mri_images/FLAIR/MRI00085.png,FLAIR,8,Cross-Class Near Duplicate,MARK FOR MEDICAL REVIEW - DO NOT AUTO-OVERRIDE
data/raw/mri_images/DWI/MRI00129.png,DWI,data/raw/mri_images/FLAIR/MRI00086.png,FLAIR,4,Cross-Class Near Duplicate,MARK FOR MEDICAL REVIEW - DO NOT AUTO-OVERRIDE
data/raw/mri_images/DWI/MRI00129.png,DWI,data/raw/mri_images/FLAIR/MRI00089.png,FLAIR,5,Cross-Class Near Duplicate,MARK FOR MEDICAL REVIEW - DO NOT AUTO-OVERRIDE
data/raw/mri_images/DWI/MRI00129.png,DWI,data/raw/mri_images/FLAIR/MRI00090.png,FLAIR,4,Cross-Class Near Duplicate,MARK FOR MEDICAL REVIEW - DO NOT AUTO-OVERRIDE
data/raw/mri_images/DWI/MRI00129.png,DWI,data/raw/mri_images/FLAIR/MRI00092.png,FLAIR,10,Cross-Class Near Duplicate,MARK FOR MEDICAL REVIEW - DO NOT AUTO-OVERRIDE
data/raw/mri_images/DWI/MRI00129.png,DWI,data/raw/mri_images/FLAIR/MRI00093.png,FLAIR,8,Cross-Class Near Duplicate,MARK FOR MEDICAL REVIEW - DO NOT AUTO-OVERRIDE
data/raw/mri_images/DWI/MRI00129.png,DWI,data/raw/mri_images/FLAIR/MRI00094.png,FLAIR,7,Cross-Class Near Duplicate,MARK FOR MEDICAL REVIEW - DO NOT AUTO-OVERRIDE
data/raw/mri_images/DWI/MRI00129.png,DWI,data/raw/mri_images/FLAIR/MRI00095.png,FLAIR,5,Cross-Class Near Duplicate,MARK FOR MEDICAL REVIEW - DO NOT AUTO-OVERRIDE
data/raw/mri_images/DWI/MRI00129.png,DWI,data/raw/mri_images/FLAIR/MRI00096.png,FLAIR,10,Cross-Class Near Duplicate,MARK FOR MEDICAL REVIEW - DO NOT AUTO-OVERRIDE
data/raw/mri_images/DWI/MRI00129.png,DWI,data/raw/mri_images/FLAIR/MRI00097.png,FLAIR,4,Cross-Class Near Duplicate,MARK FOR MEDICAL REVIEW - DO NOT AUTO-OVERRIDE
data/raw/mri_images/DWI/MRI00129.png,DWI,data/raw/mri_images/FLAIR/MRI00098.png,FLAIR,7,Cross-Class Near Duplicate,MARK FOR MEDICAL REVIEW - DO NOT AUTO-OVERRIDE
data/raw/mri_images/DWI/MRI00129.png,DWI,data/raw/mri_images/FLAIR/MRI00100.png,FLAIR,10,Cross-Class Near Duplicate,MARK FOR MEDICAL REVIEW - DO NOT AUTO-OVERRIDE
data/raw/mri_images/DWI/MRI00129.png,DWI,data/raw/mri_images/FLAIR/MRI00101.png,FLAIR,2,Cross-Class Near Duplicate,MARK FOR MEDICAL REVIEW - DO NOT AUTO-OVERRIDE
data/raw/mri_images/DWI/MRI00129.png,DWI,data/raw/mri_images/FLAIR/MRI00105.png,FLAIR,6,Cross-Class Near Duplicate,MARK FOR MEDICAL REVIEW - DO NOT AUTO-OVERRIDE
data/raw/mri_images/DWI/MRI00129.png,DWI,data/raw/mri_images/FLAIR/MRI00106.png,FLAIR,4,Cross-Class Near Duplicate,MARK FOR MEDICAL REVIEW - DO NOT AUTO-OVERRIDE
data/raw/mri_images/DWI/MRI00129.png,DWI,data/raw/mri_images/FLAIR/MRI00108.png,FLAIR,7,Cross-Class Near Duplicate,MARK FOR MEDICAL REVIEW - DO NOT AUTO-OVERRIDE
data/raw/mri_images/DWI/MRI00129.png,DWI,data/raw/mri_images/FLAIR/MRI00109.png,FLAIR,5,Cross-Class Near Duplicate,MARK FOR MEDICAL REVIEW - DO NOT AUTO-OVERRIDE
data/raw/mri_images/DWI/MRI00129.png,DWI,data/raw/mri_images/FLAIR/MRI00110.png,FLAIR,5,Cross-Class Near Duplicate,MARK FOR MEDICAL REVIEW - DO NOT AUTO-OVERRIDE
data/raw/mri_images/DWI/MRI00129.png,DWI,data/raw/mri_images/FLAIR/MRI00115.png,FLAIR,9,Cross-Class Near Duplicate,MARK FOR MEDICAL REVIEW - DO NOT AUTO-OVERRIDE
data/raw/mri_images/DWI/MRI00129.png,DWI,data/raw/mri_images/FLAIR/MRI00116.png,FLAIR,5,Cross-Class Near Duplicate,MARK FOR MEDICAL REVIEW - DO NOT AUTO-OVERRIDE
data/raw/mri_images/DWI/MRI00129.png,DWI,data/raw/mri_images/FLAIR/MRI00118.png,FLAIR,5,Cross-Class Near Duplicate,MARK FOR MEDICAL REVIEW - DO NOT AUTO-OVERRIDE
data/raw/mri_images/DWI/MRI00129.png,DWI,data/raw/mri_images/FLAIR/MRI00120.png,FLAIR,5,Cross-Class Near Duplicate,MARK FOR MEDICAL REVIEW - DO NOT AUTO-OVERRIDE
data/raw/mri_images/DWI/MRI00129.png,DWI,data/raw/mri_images/T2/MRI00041.png,T2,10,Cross-Class Near Duplicate,MARK FOR MEDICAL REVIEW - DO NOT AUTO-OVERRIDE
data/raw/mri_images/DWI/MRI00129.png,DWI,data/raw/mri_images/T2/MRI00043.png,T2,10,Cross-Class Near Duplicate,MARK FOR MEDICAL REVIEW - DO NOT AUTO-OVERRIDE
data/raw/mri_images/DWI/MRI00129.png,DWI,data/raw/mri_images/T2/MRI00052.png,T2,8,Cross-Class Near Duplicate,MARK FOR MEDICAL REVIEW - DO NOT AUTO-OVERRIDE
data/raw/mri_images/DWI/MRI00129.png,DWI,data/raw/mri_images/T2/MRI00063.png,T2,10,Cross-Class Near Duplicate,MARK FOR MEDICAL REVIEW - DO NOT AUTO-OVERRIDE
data/raw/mri_images/DWI/MRI00129.png,DWI,data/raw/mri_images/T2/MRI00066.png,T2,10,Cross-Class Near Duplicate,MARK FOR MEDICAL REVIEW - DO NOT AUTO-OVERRIDE
data/raw/mri_images/DWI/MRI00129.png,DWI,data/raw/mri_images/T2/MRI00073.png,T2,10,Cross-Class Near Duplicate,MARK FOR MEDICAL REVIEW - DO NOT AUTO-OVERRIDE
data/raw/mri_images/DWI/MRI00130.png,DWI,data/raw/mri_images/FLAIR/MRI00082.png,FLAIR,10,Cross-Class Near Duplicate,MARK FOR MEDICAL REVIEW - DO NOT AUTO-OVERRIDE
data/raw/mri_images/DWI/MRI00130.png,DWI,data/raw/mri_images/FLAIR/MRI00085.png,FLAIR,9,Cross-Class Near Duplicate,MARK FOR MEDICAL REVIEW - DO NOT AUTO-OVERRIDE
data/raw/mri_images/DWI/MRI00130.png,DWI,data/raw/mri_images/FLAIR/MRI00088.png,FLAIR,9,Cross-Class Near Duplicate,MARK FOR MEDICAL REVIEW - DO NOT AUTO-OVERRIDE
data/raw/mri_images/DWI/MRI00130.png,DWI,data/raw/mri_images/FLAIR/MRI00093.png,FLAIR,9,Cross-Class Near Duplicate,MARK FOR MEDICAL REVIEW - DO NOT AUTO-OVERRIDE
data/raw/mri_images/DWI/MRI00130.png,DWI,data/raw/mri_images/FLAIR/MRI00094.png,FLAIR,4,Cross-Class Near Duplicate,MARK FOR MEDICAL REVIEW - DO NOT AUTO-OVERRIDE
data/raw/mri_images/DWI/MRI00130.png,DWI,data/raw/mri_images/FLAIR/MRI00095.png,FLAIR,6,Cross-Class Near Duplicate,MARK FOR MEDICAL REVIEW - DO NOT AUTO-OVERRIDE
data/raw/mri_images/DWI/MRI00130.png,DWI,data/raw/mri_images/FLAIR/MRI00101.png,FLAIR,9,Cross-Class Near Duplicate,MARK FOR MEDICAL REVIEW - DO NOT AUTO-OVERRIDE
data/raw/mri_images/DWI/MRI00130.png,DWI,data/raw/mri_images/FLAIR/MRI00102.png,FLAIR,8,Cross-Class Near Duplicate,MARK FOR MEDICAL REVIEW - DO NOT AUTO-OVERRIDE
data/raw/mri_images/DWI/MRI00130.png,DWI,data/raw/mri_images/FLAIR/MRI00108.png,FLAIR,4,Cross-Class Near Duplicate,MARK FOR MEDICAL REVIEW - DO NOT AUTO-OVERRIDE
data/raw/mri_images/DWI/MRI00130.png,DWI,data/raw/mri_images/FLAIR/MRI00110.png,FLAIR,6,Cross-Class Near Duplicate,MARK FOR MEDICAL REVIEW - DO NOT AUTO-OVERRIDE
data/raw/mri_images/DWI/MRI00130.png,DWI,data/raw/mri_images/FLAIR/MRI00115.png,FLAIR,10,Cross-Class Near Duplicate,MARK FOR MEDICAL REVIEW - DO NOT AUTO-OVERRIDE
data/raw/mri_images/DWI/MRI00130.png,DWI,data/raw/mri_images/FLAIR/MRI00120.png,FLAIR,6,Cross-Class Near Duplicate,MARK FOR MEDICAL REVIEW - DO NOT AUTO-OVERRIDE
data/raw/mri_images/DWI/MRI00130.png,DWI,data/raw/mri_images/T2/MRI00045.png,T2,10,Cross-Class Near Duplicate,MARK FOR MEDICAL REVIEW - DO NOT AUTO-OVERRIDE
data/raw/mri_images/DWI/MRI00130.png,DWI,data/raw/mri_images/T2/MRI00062.png,T2,9,Cross-Class Near Duplicate,MARK FOR MEDICAL REVIEW - DO NOT AUTO-OVERRIDE
data/raw/mri_images/DWI/MRI00131.png,DWI,data/raw/mri_images/FLAIR/MRI00081.png,FLAIR,9,Cross-Class Near Duplicate,MARK FOR MEDICAL REVIEW - DO NOT AUTO-OVERRIDE
data/raw/mri_images/DWI/MRI00131.png,DWI,data/raw/mri_images/FLAIR/MRI00082.png,FLAIR,8,Cross-Class Near Duplicate,MARK FOR MEDICAL REVIEW - DO NOT AUTO-OVERRIDE
data/raw/mri_images/DWI/MRI00131.png,DWI,data/raw/mri_images/FLAIR/MRI00083.png,FLAIR,9,Cross-Class Near Duplicate,MARK FOR MEDICAL REVIEW - DO NOT AUTO-OVERRIDE
data/raw/mri_images/DWI/MRI00131.png,DWI,data/raw/mri_images/FLAIR/MRI00085.png,FLAIR,7,Cross-Class Near Duplicate,MARK FOR MEDICAL REVIEW - DO NOT AUTO-OVERRIDE
data/raw/mri_images/DWI/MRI00131.png,DWI,data/raw/mri_images/FLAIR/MRI00086.png,FLAIR,9,Cross-Class Near Duplicate,MARK FOR MEDICAL REVIEW - DO NOT AUTO-OVERRIDE
data/raw/mri_images/DWI/MRI00131.png,DWI,data/raw/mri_images/FLAIR/MRI00090.png,FLAIR,9,Cross-Class Near Duplicate,MARK FOR MEDICAL REVIEW - DO NOT AUTO-OVERRIDE
data/raw/mri_images/DWI/MRI00131.png,DWI,data/raw/mri_images/FLAIR/MRI00093.png,FLAIR,7,Cross-Class Near Duplicate,MARK FOR MEDICAL REVIEW - DO NOT AUTO-OVERRIDE
data/raw/mri_images/DWI/MRI00131.png,DWI,data/raw/mri_images/FLAIR/MRI00094.png,FLAIR,4,Cross-Class Near Duplicate,MARK FOR MEDICAL REVIEW - DO NOT AUTO-OVERRIDE
data/raw/mri_images/DWI/MRI00131.png,DWI,data/raw/mri_images/FLAIR/MRI00095.png,FLAIR,4,Cross-Class Near Duplicate,MARK FOR MEDICAL REVIEW - DO NOT AUTO-OVERRIDE
data/raw/mri_images/DWI/MRI00131.png,DWI,data/raw/mri_images/FLAIR/MRI00097.png,FLAIR,9,Cross-Class Near Duplicate,MARK FOR MEDICAL REVIEW - DO NOT AUTO-OVERRIDE
data/raw/mri_images/DWI/MRI00131.png,DWI,data/raw/mri_images/FLAIR/MRI00101.png,FLAIR,7,Cross-Class Near Duplicate,MARK FOR MEDICAL REVIEW - DO NOT AUTO-OVERRIDE
data/raw/mri_images/DWI/MRI00131.png,DWI,data/raw/mri_images/FLAIR/MRI00102.png,FLAIR,6,Cross-Class Near Duplicate,MARK FOR MEDICAL REVIEW - DO NOT AUTO-OVERRIDE
data/raw/mri_images/DWI/MRI00131.png,DWI,data/raw/mri_images/FLAIR/MRI00103.png,FLAIR,10,Cross-Class Near Duplicate,MARK FOR MEDICAL REVIEW - DO NOT AUTO-OVERRIDE
data/raw/mri_images/DWI/MRI00131.png,DWI,data/raw/mri_images/FLAIR/MRI00106.png,FLAIR,9,Cross-Class Near Duplicate,MARK FOR MEDICAL REVIEW - DO NOT AUTO-OVERRIDE
data/raw/mri_images/DWI/MRI00131.png,DWI,data/raw/mri_images/FLAIR/MRI00108.png,FLAIR,2,Cross-Class Near Duplicate,MARK FOR MEDICAL REVIEW - DO NOT AUTO-OVERRIDE
data/raw/mri_images/DWI/MRI00131.png,DWI,data/raw/mri_images/FLAIR/MRI00109.png,FLAIR,10,Cross-Class Near Duplicate,MARK FOR MEDICAL REVIEW - DO NOT AUTO-OVERRIDE
data/raw/mri_images/DWI/MRI00131.png,DWI,data/raw/mri_images/FLAIR/MRI00110.png,FLAIR,4,Cross-Class Near Duplicate,MARK FOR MEDICAL REVIEW - DO NOT AUTO-OVERRIDE
data/raw/mri_images/DWI/MRI00131.png,DWI,data/raw/mri_images/FLAIR/MRI00115.png,FLAIR,8,Cross-Class Near Duplicate,MARK FOR MEDICAL REVIEW - DO NOT AUTO-OVERRIDE
data/raw/mri_images/DWI/MRI00131.png,DWI,data/raw/mri_images/FLAIR/MRI00118.png,FLAIR,10,Cross-Class Near Duplicate,MARK FOR MEDICAL REVIEW - DO NOT AUTO-OVERRIDE
data/raw/mri_images/DWI/MRI00131.png,DWI,data/raw/mri_images/FLAIR/MRI00120.png,FLAIR,4,Cross-Class Near Duplicate,MARK FOR MEDICAL REVIEW - DO NOT AUTO-OVERRIDE
data/raw/mri_images/DWI/MRI00131.png,DWI,data/raw/mri_images/T2/MRI00045.png,T2,10,Cross-Class Near Duplicate,MARK FOR MEDICAL REVIEW - DO NOT AUTO-OVERRIDE
data/raw/mri_images/DWI/MRI00131.png,DWI,data/raw/mri_images/T2/MRI00062.png,T2,9,Cross-Class Near Duplicate,MARK FOR MEDICAL REVIEW - DO NOT AUTO-OVERRIDE
data/raw/mri_images/DWI/MRI00132.png,DWI,data/raw/mri_images/FLAIR/MRI00081.png,FLAIR,7,Cross-Class Near Duplicate,MARK FOR MEDICAL REVIEW - DO NOT AUTO-OVERRIDE
data/raw/mri_images/DWI/MRI00132.png,DWI,data/raw/mri_images/FLAIR/MRI00082.png,FLAIR,8,Cross-Class Near Duplicate,MARK FOR MEDICAL REVIEW - DO NOT AUTO-OVERRIDE
data/raw/mri_images/DWI/MRI00132.png,DWI,data/raw/mri_images/FLAIR/MRI00083.png,FLAIR,9,Cross-Class Near Duplicate,MARK FOR MEDICAL REVIEW - DO NOT AUTO-OVERRIDE
data/raw/mri_images/DWI/MRI00132.png,DWI,data/raw/mri_images/FLAIR/MRI00085.png,FLAIR,7,Cross-Class Near Duplicate,MARK FOR MEDICAL REVIEW - DO NOT AUTO-OVERRIDE
data/raw/mri_images/DWI/MRI00132.png,DWI,data/raw/mri_images/FLAIR/MRI00086.png,FLAIR,9,Cross-Class Near Duplicate,MARK FOR MEDICAL REVIEW - DO NOT AUTO-OVERRIDE
data/raw/mri_images/DWI/MRI00132.png,DWI,data/raw/mri_images/FLAIR/MRI00090.png,FLAIR,7,Cross-Class Near Duplicate,MARK FOR MEDICAL REVIEW - DO NOT AUTO-OVERRIDE
data/raw/mri_images/DWI/MRI00132.png,DWI,data/raw/mri_images/FLAIR/MRI00093.png,FLAIR,5,Cross-Class Near Duplicate,MARK FOR MEDICAL REVIEW - DO NOT AUTO-OVERRIDE
data/raw/mri_images/DWI/MRI00132.png,DWI,data/raw/mri_images/FLAIR/MRI00094.png,FLAIR,4,Cross-Class Near Duplicate,MARK FOR MEDICAL REVIEW - DO NOT AUTO-OVERRIDE
data/raw/mri_images/DWI/MRI00132.png,DWI,data/raw/mri_images/FLAIR/MRI00095.png,FLAIR,4,Cross-Class Near Duplicate,MARK FOR MEDICAL REVIEW - DO NOT AUTO-OVERRIDE
data/raw/mri_images/DWI/MRI00132.png,DWI,data/raw/mri_images/FLAIR/MRI00097.png,FLAIR,7,Cross-Class Near Duplicate,MARK FOR MEDICAL REVIEW - DO NOT AUTO-OVERRIDE
data/raw/mri_images/DWI/MRI00132.png,DWI,data/raw/mri_images/FLAIR/MRI00101.png,FLAIR,5,Cross-Class Near Duplicate,MARK FOR MEDICAL REVIEW - DO NOT AUTO-OVERRIDE
data/raw/mri_images/DWI/MRI00132.png,DWI,data/raw/mri_images/FLAIR/MRI00102.png,FLAIR,6,Cross-Class Near Duplicate,MARK FOR MEDICAL REVIEW - DO NOT AUTO-OVERRIDE
data/raw/mri_images/DWI/MRI00132.png,DWI,data/raw/mri_images/FLAIR/MRI00103.png,FLAIR,10,Cross-Class Near Duplicate,MARK FOR MEDICAL REVIEW - DO NOT AUTO-OVERRIDE
data/raw/mri_images/DWI/MRI00132.png,DWI,data/raw/mri_images/FLAIR/MRI00106.png,FLAIR,9,Cross-Class Near Duplicate,MARK FOR MEDICAL REVIEW - DO NOT AUTO-OVERRIDE
data/raw/mri_images/DWI/MRI00132.png,DWI,data/raw/mri_images/FLAIR/MRI00108.png,FLAIR,2,Cross-Class Near Duplicate,MARK FOR MEDICAL REVIEW - DO NOT AUTO-OVERRIDE
data/raw/mri_images/DWI/MRI00132.png,DWI,data/raw/mri_images/FLAIR/MRI00109.png,FLAIR,8,Cross-Class Near Duplicate,MARK FOR MEDICAL REVIEW - DO NOT AUTO-OVERRIDE
data/raw/mri_images/DWI/MRI00132.png,DWI,data/raw/mri_images/FLAIR/MRI00110.png,FLAIR,4,Cross-Class Near Duplicate,MARK FOR MEDICAL REVIEW - DO NOT AUTO-OVERRIDE
data/raw/mri_images/DWI/MRI00132.png,DWI,data/raw/mri_images/FLAIR/MRI00115.png,FLAIR,8,Cross-Class Near Duplicate,MARK FOR MEDICAL REVIEW - DO NOT AUTO-OVERRIDE
data/raw/mri_images/DWI/MRI00132.png,DWI,data/raw/mri_images/FLAIR/MRI00118.png,FLAIR,10,Cross-Class Near Duplicate,MARK FOR MEDICAL REVIEW - DO NOT AUTO-OVERRIDE
data/raw/mri_images/DWI/MRI00132.png,DWI,data/raw/mri_images/FLAIR/MRI00120.png,FLAIR,2,Cross-Class Near Duplicate,MARK FOR MEDICAL REVIEW - DO NOT AUTO-OVERRIDE
data/raw/mri_images/DWI/MRI00132.png,DWI,data/raw/mri_images/T2/MRI00045.png,T2,10,Cross-Class Near Duplicate,MARK FOR MEDICAL REVIEW - DO NOT AUTO-OVERRIDE
data/raw/mri_images/DWI/MRI00132.png,DWI,data/raw/mri_images/T2/MRI00052.png,T2,9,Cross-Class Near Duplicate,MARK FOR MEDICAL REVIEW - DO NOT AUTO-OVERRIDE
data/raw/mri_images/DWI/MRI00133.png,DWI,data/raw/mri_images/FLAIR/MRI00083.png,FLAIR,6,Cross-Class Near Duplicate,MARK FOR MEDICAL REVIEW - DO NOT AUTO-OVERRIDE
data/raw/mri_images/DWI/MRI00133.png,DWI,data/raw/mri_images/FLAIR/MRI00087.png,FLAIR,9,Cross-Class Near Duplicate,MARK FOR MEDICAL REVIEW - DO NOT AUTO-OVERRIDE
data/raw/mri_images/DWI/MRI00133.png,DWI,data/raw/mri_images/FLAIR/MRI00088.png,FLAIR,4,Cross-Class Near Duplicate,MARK FOR MEDICAL REVIEW - DO NOT AUTO-OVERRIDE
data/raw/mri_images/DWI/MRI00133.png,DWI,data/raw/mri_images/FLAIR/MRI00099.png,FLAIR,7,Cross-Class Near Duplicate,MARK FOR MEDICAL REVIEW - DO NOT AUTO-OVERRIDE
data/raw/mri_images/DWI/MRI00133.png,DWI,data/raw/mri_images/FLAIR/MRI00102.png,FLAIR,7,Cross-Class Near Duplicate,MARK FOR MEDICAL REVIEW - DO NOT AUTO-OVERRIDE
data/raw/mri_images/DWI/MRI00133.png,DWI,data/raw/mri_images/FLAIR/MRI00104.png,FLAIR,7,Cross-Class Near Duplicate,MARK FOR MEDICAL REVIEW - DO NOT AUTO-OVERRIDE
data/raw/mri_images/DWI/MRI00133.png,DWI,data/raw/mri_images/FLAIR/MRI00107.png,FLAIR,10,Cross-Class Near Duplicate,MARK FOR MEDICAL REVIEW - DO NOT AUTO-OVERRIDE
data/raw/mri_images/DWI/MRI00133.png,DWI,data/raw/mri_images/FLAIR/MRI00111.png,FLAIR,9,Cross-Class Near Duplicate,MARK FOR MEDICAL REVIEW - DO NOT AUTO-OVERRIDE
data/raw/mri_images/DWI/MRI00133.png,DWI,data/raw/mri_images/FLAIR/MRI00113.png,FLAIR,9,Cross-Class Near Duplicate,MARK FOR MEDICAL REVIEW - DO NOT AUTO-OVERRIDE
data/raw/mri_images/DWI/MRI00133.png,DWI,data/raw/mri_images/FLAIR/MRI00114.png,FLAIR,7,Cross-Class Near Duplicate,MARK FOR MEDICAL REVIEW - DO NOT AUTO-OVERRIDE
data/raw/mri_images/DWI/MRI00133.png,DWI,data/raw/mri_images/FLAIR/MRI00117.png,FLAIR,4,Cross-Class Near Duplicate,MARK FOR MEDICAL REVIEW - DO NOT AUTO-OVERRIDE
data/raw/mri_images/DWI/MRI00133.png,DWI,data/raw/mri_images/FLAIR/MRI00119.png,FLAIR,4,Cross-Class Near Duplicate,MARK FOR MEDICAL REVIEW - DO NOT AUTO-OVERRIDE
data/raw/mri_images/DWI/MRI00133.png,DWI,data/raw/mri_images/FLAIR/MRI00120.png,FLAIR,9,Cross-Class Near Duplicate,MARK FOR MEDICAL REVIEW - DO NOT AUTO-OVERRIDE
data/raw/mri_images/DWI/MRI00133.png,DWI,data/raw/mri_images/T2/MRI00049.png,T2,10,Cross-Class Near Duplicate,MARK FOR MEDICAL REVIEW - DO NOT AUTO-OVERRIDE
data/raw/mri_images/DWI/MRI00133.png,DWI,data/raw/mri_images/T2/MRI00057.png,T2,10,Cross-Class Near Duplicate,MARK FOR MEDICAL REVIEW - DO NOT AUTO-OVERRIDE
data/raw/mri_images/DWI/MRI00133.png,DWI,data/raw/mri_images/T2/MRI00061.png,T2,10,Cross-Class Near Duplicate,MARK FOR MEDICAL REVIEW - DO NOT AUTO-OVERRIDE
data/raw/mri_images/DWI/MRI00133.png,DWI,data/raw/mri_images/T2/MRI00072.png,T2,10,Cross-Class Near Duplicate,MARK FOR MEDICAL REVIEW - DO NOT AUTO-OVERRIDE
data/raw/mri_images/DWI/MRI00133.png,DWI,data/raw/mri_images/T2/MRI00075.png,T2,10,Cross-Class Near Duplicate,MARK FOR MEDICAL REVIEW - DO NOT AUTO-OVERRIDE
data/raw/mri_images/DWI/MRI00134.png,DWI,data/raw/mri_images/FLAIR/MRI00082.png,FLAIR,3,Cross-Class Near Duplicate,MARK FOR MEDICAL REVIEW - DO NOT AUTO-OVERRIDE
data/raw/mri_images/DWI/MRI00134.png,DWI,data/raw/mri_images/FLAIR/MRI00084.png,FLAIR,4,Cross-Class Near Duplicate,MARK FOR MEDICAL REVIEW - DO NOT AUTO-OVERRIDE
data/raw/mri_images/DWI/MRI00134.png,DWI,data/raw/mri_images/FLAIR/MRI00085.png,FLAIR,8,Cross-Class Near Duplicate,MARK FOR MEDICAL REVIEW - DO NOT AUTO-OVERRIDE
data/raw/mri_images/DWI/MRI00134.png,DWI,data/raw/mri_images/FLAIR/MRI00086.png,FLAIR,10,Cross-Class Near Duplicate,MARK FOR MEDICAL REVIEW - DO NOT AUTO-OVERRIDE
data/raw/mri_images/DWI/MRI00134.png,DWI,data/raw/mri_images/FLAIR/MRI00089.png,FLAIR,7,Cross-Class Near Duplicate,MARK FOR MEDICAL REVIEW - DO NOT AUTO-OVERRIDE
data/raw/mri_images/DWI/MRI00134.png,DWI,data/raw/mri_images/FLAIR/MRI00091.png,FLAIR,10,Cross-Class Near Duplicate,MARK FOR MEDICAL REVIEW - DO NOT AUTO-OVERRIDE
data/raw/mri_images/DWI/MRI00134.png,DWI,data/raw/mri_images/FLAIR/MRI00092.png,FLAIR,4,Cross-Class Near Duplicate,MARK FOR MEDICAL REVIEW - DO NOT AUTO-OVERRIDE
data/raw/mri_images/DWI/MRI00134.png,DWI,data/raw/mri_images/FLAIR/MRI00093.png,FLAIR,10,Cross-Class Near Duplicate,MARK FOR MEDICAL REVIEW - DO NOT AUTO-OVERRIDE
data/raw/mri_images/DWI/MRI00134.png,DWI,data/raw/mri_images/FLAIR/MRI00094.png,FLAIR,7,Cross-Class Near Duplicate,MARK FOR MEDICAL REVIEW - DO NOT AUTO-OVERRIDE
data/raw/mri_images/DWI/MRI00134.png,DWI,data/raw/mri_images/FLAIR/MRI00095.png,FLAIR,7,Cross-Class Near Duplicate,MARK FOR MEDICAL REVIEW - DO NOT AUTO-OVERRIDE
data/raw/mri_images/DWI/MRI00134.png,DWI,data/raw/mri_images/FLAIR/MRI00096.png,FLAIR,4,Cross-Class Near Duplicate,MARK FOR MEDICAL REVIEW - DO NOT AUTO-OVERRIDE
data/raw/mri_images/DWI/MRI00134.png,DWI,data/raw/mri_images/FLAIR/MRI00100.png,FLAIR,6,Cross-Class Near Duplicate,MARK FOR MEDICAL REVIEW - DO NOT AUTO-OVERRIDE
data/raw/mri_images/DWI/MRI00134.png,DWI,data/raw/mri_images/FLAIR/MRI00101.png,FLAIR,10,Cross-Class Near Duplicate,MARK FOR MEDICAL REVIEW - DO NOT AUTO-OVERRIDE
data/raw/mri_images/DWI/MRI00134.png,DWI,data/raw/mri_images/FLAIR/MRI00105.png,FLAIR,10,Cross-Class Near Duplicate,MARK FOR MEDICAL REVIEW - DO NOT AUTO-OVERRIDE
data/raw/mri_images/DWI/MRI00134.png,DWI,data/raw/mri_images/FLAIR/MRI00106.png,FLAIR,10,Cross-Class Near Duplicate,MARK FOR MEDICAL REVIEW - DO NOT AUTO-OVERRIDE
data/raw/mri_images/DWI/MRI00134.png,DWI,data/raw/mri_images/FLAIR/MRI00108.png,FLAIR,5,Cross-Class Near Duplicate,MARK FOR MEDICAL REVIEW - DO NOT AUTO-OVERRIDE
data/raw/mri_images/DWI/MRI00134.png,DWI,data/raw/mri_images/FLAIR/MRI00110.png,FLAIR,5,Cross-Class Near Duplicate,MARK FOR MEDICAL REVIEW - DO NOT AUTO-OVERRIDE
data/raw/mri_images/DWI/MRI00134.png,DWI,data/raw/mri_images/FLAIR/MRI00115.png,FLAIR,3,Cross-Class Near Duplicate,MARK FOR MEDICAL REVIEW - DO NOT AUTO-OVERRIDE
data/raw/mri_images/DWI/MRI00134.png,DWI,data/raw/mri_images/FLAIR/MRI00116.png,FLAIR,7,Cross-Class Near Duplicate,MARK FOR MEDICAL REVIEW - DO NOT AUTO-OVERRIDE
data/raw/mri_images/DWI/MRI00134.png,DWI,data/raw/mri_images/FLAIR/MRI00120.png,FLAIR,7,Cross-Class Near Duplicate,MARK FOR MEDICAL REVIEW - DO NOT AUTO-OVERRIDE
data/raw/mri_images/DWI/MRI00134.png,DWI,data/raw/mri_images/T2/MRI00041.png,T2,10,Cross-Class Near Duplicate,MARK FOR MEDICAL REVIEW - DO NOT AUTO-OVERRIDE
data/raw/mri_images/DWI/MRI00134.png,DWI,data/raw/mri_images/T2/MRI00043.png,T2,10,Cross-Class Near Duplicate,MARK FOR MEDICAL REVIEW - DO NOT AUTO-OVERRIDE
data/raw/mri_images/DWI/MRI00134.png,DWI,data/raw/mri_images/T2/MRI00046.png,T2,10,Cross-Class Near Duplicate,MARK FOR MEDICAL REVIEW - DO NOT AUTO-OVERRIDE
data/raw/mri_images/DWI/MRI00134.png,DWI,data/raw/mri_images/T2/MRI00056.png,T2,7,Cross-Class Near Duplicate,MARK FOR MEDICAL REVIEW - DO NOT AUTO-OVERRIDE
data/raw/mri_images/DWI/MRI00134.png,DWI,data/raw/mri_images/T2/MRI00065.png,T2,10,Cross-Class Near Duplicate,MARK FOR MEDICAL REVIEW - DO NOT AUTO-OVERRIDE
data/raw/mri_images/DWI/MRI00134.png,DWI,data/raw/mri_images/T2/MRI00073.png,T2,10,Cross-Class Near Duplicate,MARK FOR MEDICAL REVIEW - DO NOT AUTO-OVERRIDE
data/raw/mri_images/DWI/MRI00134.png,DWI,data/raw/mri_images/T2/MRI00078.png,T2,9,Cross-Class Near Duplicate,MARK FOR MEDICAL REVIEW - DO NOT AUTO-OVERRIDE
data/raw/mri_images/DWI/MRI00135.png,DWI,data/raw/mri_images/FLAIR/MRI00081.png,FLAIR,8,Cross-Class Near Duplicate,MARK FOR MEDICAL REVIEW - DO NOT AUTO-OVERRIDE
data/raw/mri_images/DWI/MRI00135.png,DWI,data/raw/mri_images/FLAIR/MRI00082.png,FLAIR,5,Cross-Class Near Duplicate,MARK FOR MEDICAL REVIEW - DO NOT AUTO-OVERRIDE
data/raw/mri_images/DWI/MRI00135.png,DWI,data/raw/mri_images/FLAIR/MRI00084.png,FLAIR,6,Cross-Class Near Duplicate,MARK FOR MEDICAL REVIEW - DO NOT AUTO-OVERRIDE
data/raw/mri_images/DWI/MRI00135.png,DWI,data/raw/mri_images/FLAIR/MRI00085.png,FLAIR,10,Cross-Class Near Duplicate,MARK FOR MEDICAL REVIEW - DO NOT AUTO-OVERRIDE
data/raw/mri_images/DWI/MRI00135.png,DWI,data/raw/mri_images/FLAIR/MRI00086.png,FLAIR,6,Cross-Class Near Duplicate,MARK FOR MEDICAL REVIEW - DO NOT AUTO-OVERRIDE
data/raw/mri_images/DWI/MRI00135.png,DWI,data/raw/mri_images/FLAIR/MRI00089.png,FLAIR,3,Cross-Class Near Duplicate,MARK FOR MEDICAL REVIEW - DO NOT AUTO-OVERRIDE
data/raw/mri_images/DWI/MRI00135.png,DWI,data/raw/mri_images/FLAIR/MRI00090.png,FLAIR,8,Cross-Class Near Duplicate,MARK FOR MEDICAL REVIEW - DO NOT AUTO-OVERRIDE
data/raw/mri_images/DWI/MRI00135.png,DWI,data/raw/mri_images/FLAIR/MRI00092.png,FLAIR,6,Cross-Class Near Duplicate,MARK FOR MEDICAL REVIEW - DO NOT AUTO-OVERRIDE
data/raw/mri_images/DWI/MRI00135.png,DWI,data/raw/mri_images/FLAIR/MRI00095.png,FLAIR,7,Cross-Class Near Duplicate,MARK FOR MEDICAL REVIEW - DO NOT AUTO-OVERRIDE
data/raw/mri_images/DWI/MRI00135.png,DWI,data/raw/mri_images/FLAIR/MRI00096.png,FLAIR,6,Cross-Class Near Duplicate,MARK FOR MEDICAL REVIEW - DO NOT AUTO-OVERRIDE
data/raw/mri_images/DWI/MRI00135.png,DWI,data/raw/mri_images/FLAIR/MRI00097.png,FLAIR,8,Cross-Class Near Duplicate,MARK FOR MEDICAL REVIEW - DO NOT AUTO-OVERRIDE
data/raw/mri_images/DWI/MRI00135.png,DWI,data/raw/mri_images/FLAIR/MRI00098.png,FLAIR,9,Cross-Class Near Duplicate,MARK FOR MEDICAL REVIEW - DO NOT AUTO-OVERRIDE
data/raw/mri_images/DWI/MRI00135.png,DWI,data/raw/mri_images/FLAIR/MRI00100.png,FLAIR,8,Cross-Class Near Duplicate,MARK FOR MEDICAL REVIEW - DO NOT AUTO-OVERRIDE
data/raw/mri_images/DWI/MRI00135.png,DWI,data/raw/mri_images/FLAIR/MRI00101.png,FLAIR,6,Cross-Class Near Duplicate,MARK FOR MEDICAL REVIEW - DO NOT AUTO-OVERRIDE
data/raw/mri_images/DWI/MRI00135.png,DWI,data/raw/mri_images/FLAIR/MRI00105.png,FLAIR,6,Cross-Class Near Duplicate,MARK FOR MEDICAL REVIEW - DO NOT AUTO-OVERRIDE
data/raw/mri_images/DWI/MRI00135.png,DWI,data/raw/mri_images/FLAIR/MRI00106.png,FLAIR,6,Cross-Class Near Duplicate,MARK FOR MEDICAL REVIEW - DO NOT AUTO-OVERRIDE
data/raw/mri_images/DWI/MRI00135.png,DWI,data/raw/mri_images/FLAIR/MRI00108.png,FLAIR,9,Cross-Class Near Duplicate,MARK FOR MEDICAL REVIEW - DO NOT AUTO-OVERRIDE
data/raw/mri_images/DWI/MRI00135.png,DWI,data/raw/mri_images/FLAIR/MRI00109.png,FLAIR,9,Cross-Class Near Duplicate,MARK FOR MEDICAL REVIEW - DO NOT AUTO-OVERRIDE
data/raw/mri_images/DWI/MRI00135.png,DWI,data/raw/mri_images/FLAIR/MRI00110.png,FLAIR,7,Cross-Class Near Duplicate,MARK FOR MEDICAL REVIEW - DO NOT AUTO-OVERRIDE
data/raw/mri_images/DWI/MRI00135.png,DWI,data/raw/mri_images/FLAIR/MRI00115.png,FLAIR,5,Cross-Class Near Duplicate,MARK FOR MEDICAL REVIEW - DO NOT AUTO-OVERRIDE
data/raw/mri_images/DWI/MRI00135.png,DWI,data/raw/mri_images/FLAIR/MRI00116.png,FLAIR,3,Cross-Class Near Duplicate,MARK FOR MEDICAL REVIEW - DO NOT AUTO-OVERRIDE
data/raw/mri_images/DWI/MRI00135.png,DWI,data/raw/mri_images/FLAIR/MRI00118.png,FLAIR,7,Cross-Class Near Duplicate,MARK FOR MEDICAL REVIEW - DO NOT AUTO-OVERRIDE
data/raw/mri_images/DWI/MRI00135.png,DWI,data/raw/mri_images/FLAIR/MRI00120.png,FLAIR,9,Cross-Class Near Duplicate,MARK FOR MEDICAL REVIEW - DO NOT AUTO-OVERRIDE
data/raw/mri_images/DWI/MRI00135.png,DWI,data/raw/mri_images/T2/MRI00041.png,T2,8,Cross-Class Near Duplicate,MARK FOR MEDICAL REVIEW - DO NOT AUTO-OVERRIDE
data/raw/mri_images/DWI/MRI00135.png,DWI,data/raw/mri_images/T2/MRI00043.png,T2,10,Cross-Class Near Duplicate,MARK FOR MEDICAL REVIEW - DO NOT AUTO-OVERRIDE
data/raw/mri_images/DWI/MRI00135.png,DWI,data/raw/mri_images/T2/MRI00056.png,T2,7,Cross-Class Near Duplicate,MARK FOR MEDICAL REVIEW - DO NOT AUTO-OVERRIDE
data/raw/mri_images/DWI/MRI00135.png,DWI,data/raw/mri_images/T2/MRI00067.png,T2,9,Cross-Class Near Duplicate,MARK FOR MEDICAL REVIEW - DO NOT AUTO-OVERRIDE
data/raw/mri_images/DWI/MRI00135.png,DWI,data/raw/mri_images/T2/MRI00073.png,T2,8,Cross-Class Near Duplicate,MARK FOR MEDICAL REVIEW - DO NOT AUTO-OVERRIDE
data/raw/mri_images/DWI/MRI00135.png,DWI,data/raw/mri_images/T2/MRI00077.png,T2,10,Cross-Class Near Duplicate,MARK FOR MEDICAL REVIEW - DO NOT AUTO-OVERRIDE
data/raw/mri_images/DWI/MRI00135.png,DWI,data/raw/mri_images/T2/MRI00078.png,T2,7,Cross-Class Near Duplicate,MARK FOR MEDICAL REVIEW - DO NOT AUTO-OVERRIDE
data/raw/mri_images/DWI/MRI00136.png,DWI,data/raw/mri_images/FLAIR/MRI00081.png,FLAIR,9,Cross-Class Near Duplicate,MARK FOR MEDICAL REVIEW - DO NOT AUTO-OVERRIDE
data/raw/mri_images/DWI/MRI00136.png,DWI,data/raw/mri_images/FLAIR/MRI00082.png,FLAIR,6,Cross-Class Near Duplicate,MARK FOR MEDICAL REVIEW - DO NOT AUTO-OVERRIDE
data/raw/mri_images/DWI/MRI00136.png,DWI,data/raw/mri_images/FLAIR/MRI00083.png,FLAIR,9,Cross-Class Near Duplicate,MARK FOR MEDICAL REVIEW - DO NOT AUTO-OVERRIDE
data/raw/mri_images/DWI/MRI00136.png,DWI,data/raw/mri_images/FLAIR/MRI00084.png,FLAIR,9,Cross-Class Near Duplicate,MARK FOR MEDICAL REVIEW - DO NOT AUTO-OVERRIDE
data/raw/mri_images/DWI/MRI00136.png,DWI,data/raw/mri_images/FLAIR/MRI00085.png,FLAIR,5,Cross-Class Near Duplicate,MARK FOR MEDICAL REVIEW - DO NOT AUTO-OVERRIDE
data/raw/mri_images/DWI/MRI00136.png,DWI,data/raw/mri_images/FLAIR/MRI00086.png,FLAIR,7,Cross-Class Near Duplicate,MARK FOR MEDICAL REVIEW - DO NOT AUTO-OVERRIDE
data/raw/mri_images/DWI/MRI00136.png,DWI,data/raw/mri_images/FLAIR/MRI00090.png,FLAIR,9,Cross-Class Near Duplicate,MARK FOR MEDICAL REVIEW - DO NOT AUTO-OVERRIDE
data/raw/mri_images/DWI/MRI00136.png,DWI,data/raw/mri_images/FLAIR/MRI00092.png,FLAIR,9,Cross-Class Near Duplicate,MARK FOR MEDICAL REVIEW - DO NOT AUTO-OVERRIDE
data/raw/mri_images/DWI/MRI00136.png,DWI,data/raw/mri_images/FLAIR/MRI00093.png,FLAIR,7,Cross-Class Near Duplicate,MARK FOR MEDICAL REVIEW - DO NOT AUTO-OVERRIDE
data/raw/mri_images/DWI/MRI00136.png,DWI,data/raw/mri_images/FLAIR/MRI00094.png,FLAIR,2,Cross-Class Near Duplicate,MARK FOR MEDICAL REVIEW - DO NOT AUTO-OVERRIDE
data/raw/mri_images/DWI/MRI00136.png,DWI,data/raw/mri_images/FLAIR/MRI00095.png,FLAIR,4,Cross-Class Near Duplicate,MARK FOR MEDICAL REVIEW - DO NOT AUTO-OVERRIDE
data/raw/mri_images/DWI/MRI00136.png,DWI,data/raw/mri_images/FLAIR/MRI00096.png,FLAIR,9,Cross-Class Near Duplicate,MARK FOR MEDICAL REVIEW - DO NOT AUTO-OVERRIDE
data/raw/mri_images/DWI/MRI00136.png,DWI,data/raw/mri_images/FLAIR/MRI00097.png,FLAIR,9,Cross-Class Near Duplicate,MARK FOR MEDICAL REVIEW - DO NOT AUTO-OVERRIDE
data/raw/mri_images/DWI/MRI00136.png,DWI,data/raw/mri_images/FLAIR/MRI00101.png,FLAIR,7,Cross-Class Near Duplicate,MARK FOR MEDICAL REVIEW - DO NOT AUTO-OVERRIDE
data/raw/mri_images/DWI/MRI00136.png,DWI,data/raw/mri_images/FLAIR/MRI00102.png,FLAIR,8,Cross-Class Near Duplicate,MARK FOR MEDICAL REVIEW - DO NOT AUTO-OVERRIDE
data/raw/mri_images/DWI/MRI00136.png,DWI,data/raw/mri_images/FLAIR/MRI00103.png,FLAIR,8,Cross-Class Near Duplicate,MARK FOR MEDICAL REVIEW - DO NOT AUTO-OVERRIDE
data/raw/mri_images/DWI/MRI00136.png,DWI,data/raw/mri_images/FLAIR/MRI00106.png,FLAIR,7,Cross-Class Near Duplicate,MARK FOR MEDICAL REVIEW - DO NOT AUTO-OVERRIDE
data/raw/mri_images/DWI/MRI00136.png,DWI,data/raw/mri_images/FLAIR/MRI00108.png,FLAIR,2,Cross-Class Near Duplicate,MARK FOR MEDICAL REVIEW - DO NOT AUTO-OVERRIDE
data/raw/mri_images/DWI/MRI00136.png,DWI,data/raw/mri_images/FLAIR/MRI00109.png,FLAIR,10,Cross-Class Near Duplicate,MARK FOR MEDICAL REVIEW - DO NOT AUTO-OVERRIDE
data/raw/mri_images/DWI/MRI00136.png,DWI,data/raw/mri_images/FLAIR/MRI00110.png,FLAIR,2,Cross-Class Near Duplicate,MARK FOR MEDICAL REVIEW - DO NOT AUTO-OVERRIDE
data/raw/mri_images/DWI/MRI00136.png,DWI,data/raw/mri_images/FLAIR/MRI00115.png,FLAIR,6,Cross-Class Near Duplicate,MARK FOR MEDICAL REVIEW - DO NOT AUTO-OVERRIDE
data/raw/mri_images/DWI/MRI00136.png,DWI,data/raw/mri_images/FLAIR/MRI00118.png,FLAIR,8,Cross-Class Near Duplicate,MARK FOR MEDICAL REVIEW - DO NOT AUTO-OVERRIDE
data/raw/mri_images/DWI/MRI00136.png,DWI,data/raw/mri_images/FLAIR/MRI00120.png,FLAIR,4,Cross-Class Near Duplicate,MARK FOR MEDICAL REVIEW - DO NOT AUTO-OVERRIDE
data/raw/mri_images/DWI/MRI00136.png,DWI,data/raw/mri_images/T2/MRI00043.png,T2,9,Cross-Class Near Duplicate,MARK FOR MEDICAL REVIEW - DO NOT AUTO-OVERRIDE
data/raw/mri_images/DWI/MRI00136.png,DWI,data/raw/mri_images/T2/MRI00045.png,T2,10,Cross-Class Near Duplicate,MARK FOR MEDICAL REVIEW - DO NOT AUTO-OVERRIDE
data/raw/mri_images/DWI/MRI00136.png,DWI,data/raw/mri_images/T2/MRI00047.png,T2,9,Cross-Class Near Duplicate,MARK FOR MEDICAL REVIEW - DO NOT AUTO-OVERRIDE
data/raw/mri_images/DWI/MRI00136.png,DWI,data/raw/mri_images/T2/MRI00052.png,T2,9,Cross-Class Near Duplicate,MARK FOR MEDICAL REVIEW - DO NOT AUTO-OVERRIDE
data/raw/mri_images/DWI/MRI00136.png,DWI,data/raw/mri_images/T2/MRI00053.png,T2,9,Cross-Class Near Duplicate,MARK FOR MEDICAL REVIEW - DO NOT AUTO-OVERRIDE
data/raw/mri_images/DWI/MRI00136.png,DWI,data/raw/mri_images/T2/MRI00056.png,T2,10,Cross-Class Near Duplicate,MARK FOR MEDICAL REVIEW - DO NOT AUTO-OVERRIDE
data/raw/mri_images/DWI/MRI00136.png,DWI,data/raw/mri_images/T2/MRI00062.png,T2,9,Cross-Class Near Duplicate,MARK FOR MEDICAL REVIEW - DO NOT AUTO-OVERRIDE
data/raw/mri_images/DWI/MRI00136.png,DWI,data/raw/mri_images/T2/MRI00065.png,T2,9,Cross-Class Near Duplicate,MARK FOR MEDICAL REVIEW - DO NOT AUTO-OVERRIDE
data/raw/mri_images/DWI/MRI00136.png,DWI,data/raw/mri_images/T2/MRI00066.png,T2,9,Cross-Class Near Duplicate,MARK FOR MEDICAL REVIEW - DO NOT AUTO-OVERRIDE
data/raw/mri_images/DWI/MRI00137.png,DWI,data/raw/mri_images/FLAIR/MRI00082.png,FLAIR,5,Cross-Class Near Duplicate,MARK FOR MEDICAL REVIEW - DO NOT AUTO-OVERRIDE
data/raw/mri_images/DWI/MRI00137.png,DWI,data/raw/mri_images/FLAIR/MRI00084.png,FLAIR,2,Cross-Class Near Duplicate,MARK FOR MEDICAL REVIEW - DO NOT AUTO-OVERRIDE
data/raw/mri_images/DWI/MRI00137.png,DWI,data/raw/mri_images/FLAIR/MRI00085.png,FLAIR,10,Cross-Class Near Duplicate,MARK FOR MEDICAL REVIEW - DO NOT AUTO-OVERRIDE
data/raw/mri_images/DWI/MRI00137.png,DWI,data/raw/mri_images/FLAIR/MRI00086.png,FLAIR,10,Cross-Class Near Duplicate,MARK FOR MEDICAL REVIEW - DO NOT AUTO-OVERRIDE
data/raw/mri_images/DWI/MRI00137.png,DWI,data/raw/mri_images/FLAIR/MRI00089.png,FLAIR,5,Cross-Class Near Duplicate,MARK FOR MEDICAL REVIEW - DO NOT AUTO-OVERRIDE
data/raw/mri_images/DWI/MRI00137.png,DWI,data/raw/mri_images/FLAIR/MRI00091.png,FLAIR,6,Cross-Class Near Duplicate,MARK FOR MEDICAL REVIEW - DO NOT AUTO-OVERRIDE
data/raw/mri_images/DWI/MRI00137.png,DWI,data/raw/mri_images/FLAIR/MRI00092.png,FLAIR,0,Cross-Class Exact Duplicate,MARK FOR MEDICAL REVIEW - DO NOT AUTO-OVERRIDE
data/raw/mri_images/DWI/MRI00137.png,DWI,data/raw/mri_images/FLAIR/MRI00093.png,FLAIR,10,Cross-Class Near Duplicate,MARK FOR MEDICAL REVIEW - DO NOT AUTO-OVERRIDE
data/raw/mri_images/DWI/MRI00137.png,DWI,data/raw/mri_images/FLAIR/MRI00095.png,FLAIR,9,Cross-Class Near Duplicate,MARK FOR MEDICAL REVIEW - DO NOT AUTO-OVERRIDE
data/raw/mri_images/DWI/MRI00137.png,DWI,data/raw/mri_images/FLAIR/MRI00096.png,FLAIR,0,Cross-Class Exact Duplicate,MARK FOR MEDICAL REVIEW - DO NOT AUTO-OVERRIDE
data/raw/mri_images/DWI/MRI00137.png,DWI,data/raw/mri_images/FLAIR/MRI00098.png,FLAIR,9,Cross-Class Near Duplicate,MARK FOR MEDICAL REVIEW - DO NOT AUTO-OVERRIDE
data/raw/mri_images/DWI/MRI00137.png,DWI,data/raw/mri_images/FLAIR/MRI00100.png,FLAIR,2,Cross-Class Near Duplicate,MARK FOR MEDICAL REVIEW - DO NOT AUTO-OVERRIDE
data/raw/mri_images/DWI/MRI00137.png,DWI,data/raw/mri_images/FLAIR/MRI00105.png,FLAIR,8,Cross-Class Near Duplicate,MARK FOR MEDICAL REVIEW - DO NOT AUTO-OVERRIDE
data/raw/mri_images/DWI/MRI00137.png,DWI,data/raw/mri_images/FLAIR/MRI00108.png,FLAIR,9,Cross-Class Near Duplicate,MARK FOR MEDICAL REVIEW - DO NOT AUTO-OVERRIDE
data/raw/mri_images/DWI/MRI00137.png,DWI,data/raw/mri_images/FLAIR/MRI00110.png,FLAIR,7,Cross-Class Near Duplicate,MARK FOR MEDICAL REVIEW - DO NOT AUTO-OVERRIDE
data/raw/mri_images/DWI/MRI00137.png,DWI,data/raw/mri_images/FLAIR/MRI00115.png,FLAIR,5,Cross-Class Near Duplicate,MARK FOR MEDICAL REVIEW - DO NOT AUTO-OVERRIDE
data/raw/mri_images/DWI/MRI00137.png,DWI,data/raw/mri_images/FLAIR/MRI00116.png,FLAIR,5,Cross-Class Near Duplicate,MARK FOR MEDICAL REVIEW - DO NOT AUTO-OVERRIDE
data/raw/mri_images/DWI/MRI00137.png,DWI,data/raw/mri_images/FLAIR/MRI00120.png,FLAIR,9,Cross-Class Near Duplicate,MARK FOR MEDICAL REVIEW - DO NOT AUTO-OVERRIDE
data/raw/mri_images/DWI/MRI00137.png,DWI,data/raw/mri_images/T2/MRI00041.png,T2,10,Cross-Class Near Duplicate,MARK FOR MEDICAL REVIEW - DO NOT AUTO-OVERRIDE
data/raw/mri_images/DWI/MRI00137.png,DWI,data/raw/mri_images/T2/MRI00056.png,T2,9,Cross-Class Near Duplicate,MARK FOR MEDICAL REVIEW - DO NOT AUTO-OVERRIDE
data/raw/mri_images/DWI/MRI00138.png,DWI,data/raw/mri_images/FLAIR/MRI00081.png,FLAIR,9,Cross-Class Near Duplicate,MARK FOR MEDICAL REVIEW - DO NOT AUTO-OVERRIDE
data/raw/mri_images/DWI/MRI00138.png,DWI,data/raw/mri_images/FLAIR/MRI00082.png,FLAIR,10,Cross-Class Near Duplicate,MARK FOR MEDICAL REVIEW - DO NOT AUTO-OVERRIDE
data/raw/mri_images/DWI/MRI00138.png,DWI,data/raw/mri_images/FLAIR/MRI00084.png,FLAIR,7,Cross-Class Near Duplicate,MARK FOR MEDICAL REVIEW - DO NOT AUTO-OVERRIDE
data/raw/mri_images/DWI/MRI00138.png,DWI,data/raw/mri_images/FLAIR/MRI00086.png,FLAIR,9,Cross-Class Near Duplicate,MARK FOR MEDICAL REVIEW - DO NOT AUTO-OVERRIDE
data/raw/mri_images/DWI/MRI00138.png,DWI,data/raw/mri_images/FLAIR/MRI00089.png,FLAIR,2,Cross-Class Near Duplicate,MARK FOR MEDICAL REVIEW - DO NOT AUTO-OVERRIDE
data/raw/mri_images/DWI/MRI00138.png,DWI,data/raw/mri_images/FLAIR/MRI00090.png,FLAIR,9,Cross-Class Near Duplicate,MARK FOR MEDICAL REVIEW - DO NOT AUTO-OVERRIDE
data/raw/mri_images/DWI/MRI00138.png,DWI,data/raw/mri_images/FLAIR/MRI00092.png,FLAIR,7,Cross-Class Near Duplicate,MARK FOR MEDICAL REVIEW - DO NOT AUTO-OVERRIDE
data/raw/mri_images/DWI/MRI00138.png,DWI,data/raw/mri_images/FLAIR/MRI00096.png,FLAIR,7,Cross-Class Near Duplicate,MARK FOR MEDICAL REVIEW - DO NOT AUTO-OVERRIDE
data/raw/mri_images/DWI/MRI00138.png,DWI,data/raw/mri_images/FLAIR/MRI00098.png,FLAIR,8,Cross-Class Near Duplicate,MARK FOR MEDICAL REVIEW - DO NOT AUTO-OVERRIDE
data/raw/mri_images/DWI/MRI00138.png,DWI,data/raw/mri_images/FLAIR/MRI00100.png,FLAIR,7,Cross-Class Near Duplicate,MARK FOR MEDICAL REVIEW - DO NOT AUTO-OVERRIDE
data/raw/mri_images/DWI/MRI00138.png,DWI,data/raw/mri_images/FLAIR/MRI00101.png,FLAIR,9,Cross-Class Near Duplicate,MARK FOR MEDICAL REVIEW - DO NOT AUTO-OVERRIDE
data/raw/mri_images/DWI/MRI00138.png,DWI,data/raw/mri_images/FLAIR/MRI00105.png,FLAIR,3,Cross-Class Near Duplicate,MARK FOR MEDICAL REVIEW - DO NOT AUTO-OVERRIDE
data/raw/mri_images/DWI/MRI00138.png,DWI,data/raw/mri_images/FLAIR/MRI00109.png,FLAIR,8,Cross-Class Near Duplicate,MARK FOR MEDICAL REVIEW - DO NOT AUTO-OVERRIDE
data/raw/mri_images/DWI/MRI00138.png,DWI,data/raw/mri_images/FLAIR/MRI00115.png,FLAIR,10,Cross-Class Near Duplicate,MARK FOR MEDICAL REVIEW - DO NOT AUTO-OVERRIDE
data/raw/mri_images/DWI/MRI00138.png,DWI,data/raw/mri_images/FLAIR/MRI00116.png,FLAIR,2,Cross-Class Near Duplicate,MARK FOR MEDICAL REVIEW - DO NOT AUTO-OVERRIDE
data/raw/mri_images/DWI/MRI00138.png,DWI,data/raw/mri_images/FLAIR/MRI00118.png,FLAIR,10,Cross-Class Near Duplicate,MARK FOR MEDICAL REVIEW - DO NOT AUTO-OVERRIDE
data/raw/mri_images/DWI/MRI00138.png,DWI,data/raw/mri_images/T2/MRI00041.png,T2,7,Cross-Class Near Duplicate,MARK FOR MEDICAL REVIEW - DO NOT AUTO-OVERRIDE
data/raw/mri_images/DWI/MRI00138.png,DWI,data/raw/mri_images/T2/MRI00078.png,T2,10,Cross-Class Near Duplicate,MARK FOR MEDICAL REVIEW - DO NOT AUTO-OVERRIDE
data/raw/mri_images/DWI/MRI00139.png,DWI,data/raw/mri_images/FLAIR/MRI00081.png,FLAIR,10,Cross-Class Near Duplicate,MARK FOR MEDICAL REVIEW - DO NOT AUTO-OVERRIDE
data/raw/mri_images/DWI/MRI00139.png,DWI,data/raw/mri_images/FLAIR/MRI00082.png,FLAIR,9,Cross-Class Near Duplicate,MARK FOR MEDICAL REVIEW - DO NOT AUTO-OVERRIDE
data/raw/mri_images/DWI/MRI00139.png,DWI,data/raw/mri_images/FLAIR/MRI00084.png,FLAIR,8,Cross-Class Near Duplicate,MARK FOR MEDICAL REVIEW - DO NOT AUTO-OVERRIDE
data/raw/mri_images/DWI/MRI00139.png,DWI,data/raw/mri_images/FLAIR/MRI00089.png,FLAIR,3,Cross-Class Near Duplicate,MARK FOR MEDICAL REVIEW - DO NOT AUTO-OVERRIDE
data/raw/mri_images/DWI/MRI00139.png,DWI,data/raw/mri_images/FLAIR/MRI00090.png,FLAIR,10,Cross-Class Near Duplicate,MARK FOR MEDICAL REVIEW - DO NOT AUTO-OVERRIDE
data/raw/mri_images/DWI/MRI00139.png,DWI,data/raw/mri_images/FLAIR/MRI00092.png,FLAIR,8,Cross-Class Near Duplicate,MARK FOR MEDICAL REVIEW - DO NOT AUTO-OVERRIDE
data/raw/mri_images/DWI/MRI00139.png,DWI,data/raw/mri_images/FLAIR/MRI00096.png,FLAIR,8,Cross-Class Near Duplicate,MARK FOR MEDICAL REVIEW - DO NOT AUTO-OVERRIDE
data/raw/mri_images/DWI/MRI00139.png,DWI,data/raw/mri_images/FLAIR/MRI00097.png,FLAIR,10,Cross-Class Near Duplicate,MARK FOR MEDICAL REVIEW - DO NOT AUTO-OVERRIDE
data/raw/mri_images/DWI/MRI00139.png,DWI,data/raw/mri_images/FLAIR/MRI00098.png,FLAIR,9,Cross-Class Near Duplicate,MARK FOR MEDICAL REVIEW - DO NOT AUTO-OVERRIDE
data/raw/mri_images/DWI/MRI00139.png,DWI,data/raw/mri_images/FLAIR/MRI00100.png,FLAIR,8,Cross-Class Near Duplicate,MARK FOR MEDICAL REVIEW - DO NOT AUTO-OVERRIDE
data/raw/mri_images/DWI/MRI00139.png,DWI,data/raw/mri_images/FLAIR/MRI00101.png,FLAIR,8,Cross-Class Near Duplicate,MARK FOR MEDICAL REVIEW - DO NOT AUTO-OVERRIDE
data/raw/mri_images/DWI/MRI00139.png,DWI,data/raw/mri_images/FLAIR/MRI00105.png,FLAIR,6,Cross-Class Near Duplicate,MARK FOR MEDICAL REVIEW - DO NOT AUTO-OVERRIDE
data/raw/mri_images/DWI/MRI00139.png,DWI,data/raw/mri_images/FLAIR/MRI00106.png,FLAIR,10,Cross-Class Near Duplicate,MARK FOR MEDICAL REVIEW - DO NOT AUTO-OVERRIDE
data/raw/mri_images/DWI/MRI00139.png,DWI,data/raw/mri_images/FLAIR/MRI00109.png,FLAIR,9,Cross-Class Near Duplicate,MARK FOR MEDICAL REVIEW - DO NOT AUTO-OVERRIDE
data/raw/mri_images/DWI/MRI00139.png,DWI,data/raw/mri_images/FLAIR/MRI00116.png,FLAIR,3,Cross-Class Near Duplicate,MARK FOR MEDICAL REVIEW - DO NOT AUTO-OVERRIDE
data/raw/mri_images/DWI/MRI00139.png,DWI,data/raw/mri_images/T2/MRI00041.png,T2,10,Cross-Class Near Duplicate,MARK FOR MEDICAL REVIEW - DO NOT AUTO-OVERRIDE
data/raw/mri_images/DWI/MRI00139.png,DWI,data/raw/mri_images/T2/MRI00073.png,T2,10,Cross-Class Near Duplicate,MARK FOR MEDICAL REVIEW - DO NOT AUTO-OVERRIDE
data/raw/mri_images/DWI/MRI00140.png,DWI,data/raw/mri_images/FLAIR/MRI00081.png,FLAIR,0,Cross-Class Exact Duplicate,MARK FOR MEDICAL REVIEW - DO NOT AUTO-OVERRIDE
data/raw/mri_images/DWI/MRI00140.png,DWI,data/raw/mri_images/FLAIR/MRI00085.png,FLAIR,10,Cross-Class Near Duplicate,MARK FOR MEDICAL REVIEW - DO NOT AUTO-OVERRIDE
data/raw/mri_images/DWI/MRI00140.png,DWI,data/raw/mri_images/FLAIR/MRI00086.png,FLAIR,8,Cross-Class Near Duplicate,MARK FOR MEDICAL REVIEW - DO NOT AUTO-OVERRIDE
data/raw/mri_images/DWI/MRI00140.png,DWI,data/raw/mri_images/FLAIR/MRI00089.png,FLAIR,9,Cross-Class Near Duplicate,MARK FOR MEDICAL REVIEW - DO NOT AUTO-OVERRIDE
data/raw/mri_images/DWI/MRI00140.png,DWI,data/raw/mri_images/FLAIR/MRI00090.png,FLAIR,0,Cross-Class Exact Duplicate,MARK FOR MEDICAL REVIEW - DO NOT AUTO-OVERRIDE
data/raw/mri_images/DWI/MRI00140.png,DWI,data/raw/mri_images/FLAIR/MRI00093.png,FLAIR,8,Cross-Class Near Duplicate,MARK FOR MEDICAL REVIEW - DO NOT AUTO-OVERRIDE
data/raw/mri_images/DWI/MRI00140.png,DWI,data/raw/mri_images/FLAIR/MRI00094.png,FLAIR,9,Cross-Class Near Duplicate,MARK FOR MEDICAL REVIEW - DO NOT AUTO-OVERRIDE
data/raw/mri_images/DWI/MRI00140.png,DWI,data/raw/mri_images/FLAIR/MRI00095.png,FLAIR,5,Cross-Class Near Duplicate,MARK FOR MEDICAL REVIEW - DO NOT AUTO-OVERRIDE
data/raw/mri_images/DWI/MRI00140.png,DWI,data/raw/mri_images/FLAIR/MRI00097.png,FLAIR,2,Cross-Class Near Duplicate,MARK FOR MEDICAL REVIEW - DO NOT AUTO-OVERRIDE
data/raw/mri_images/DWI/MRI00140.png,DWI,data/raw/mri_images/FLAIR/MRI00098.png,FLAIR,7,Cross-Class Near Duplicate,MARK FOR MEDICAL REVIEW - DO NOT AUTO-OVERRIDE
data/raw/mri_images/DWI/MRI00140.png,DWI,data/raw/mri_images/FLAIR/MRI00099.png,FLAIR,9,Cross-Class Near Duplicate,MARK FOR MEDICAL REVIEW - DO NOT AUTO-OVERRIDE
data/raw/mri_images/DWI/MRI00140.png,DWI,data/raw/mri_images/FLAIR/MRI00101.png,FLAIR,2,Cross-Class Near Duplicate,MARK FOR MEDICAL REVIEW - DO NOT AUTO-OVERRIDE
data/raw/mri_images/DWI/MRI00140.png,DWI,data/raw/mri_images/FLAIR/MRI00104.png,FLAIR,9,Cross-Class Near Duplicate,MARK FOR MEDICAL REVIEW - DO NOT AUTO-OVERRIDE
data/raw/mri_images/DWI/MRI00140.png,DWI,data/raw/mri_images/FLAIR/MRI00105.png,FLAIR,10,Cross-Class Near Duplicate,MARK FOR MEDICAL REVIEW - DO NOT AUTO-OVERRIDE
data/raw/mri_images/DWI/MRI00140.png,DWI,data/raw/mri_images/FLAIR/MRI00106.png,FLAIR,6,Cross-Class Near Duplicate,MARK FOR MEDICAL REVIEW - DO NOT AUTO-OVERRIDE
data/raw/mri_images/DWI/MRI00140.png,DWI,data/raw/mri_images/FLAIR/MRI00108.png,FLAIR,9,Cross-Class Near Duplicate,MARK FOR MEDICAL REVIEW - DO NOT AUTO-OVERRIDE
data/raw/mri_images/DWI/MRI00140.png,DWI,data/raw/mri_images/FLAIR/MRI00109.png,FLAIR,1,Cross-Class Near Duplicate,MARK FOR MEDICAL REVIEW - DO NOT AUTO-OVERRIDE
data/raw/mri_images/DWI/MRI00140.png,DWI,data/raw/mri_images/FLAIR/MRI00110.png,FLAIR,7,Cross-Class Near Duplicate,MARK FOR MEDICAL REVIEW - DO NOT AUTO-OVERRIDE
data/raw/mri_images/DWI/MRI00140.png,DWI,data/raw/mri_images/FLAIR/MRI00116.png,FLAIR,9,Cross-Class Near Duplicate,MARK FOR MEDICAL REVIEW - DO NOT AUTO-OVERRIDE
data/raw/mri_images/DWI/MRI00140.png,DWI,data/raw/mri_images/FLAIR/MRI00118.png,FLAIR,9,Cross-Class Near Duplicate,MARK FOR MEDICAL REVIEW - DO NOT AUTO-OVERRIDE
data/raw/mri_images/DWI/MRI00140.png,DWI,data/raw/mri_images/FLAIR/MRI00120.png,FLAIR,5,Cross-Class Near Duplicate,MARK FOR MEDICAL REVIEW - DO NOT AUTO-OVERRIDE
data/raw/mri_images/DWI/MRI00140.png,DWI,data/raw/mri_images/T2/MRI00041.png,T2,10,Cross-Class Near Duplicate,MARK FOR MEDICAL REVIEW - DO NOT AUTO-OVERRIDE
data/raw/mri_images/DWI/MRI00140.png,DWI,data/raw/mri_images/T2/MRI00045.png,T2,9,Cross-Class Near Duplicate,MARK FOR MEDICAL REVIEW - DO NOT AUTO-OVERRIDE
data/raw/mri_images/DWI/MRI00140.png,DWI,data/raw/mri_images/T2/MRI00052.png,T2,8,Cross-Class Near Duplicate,MARK FOR MEDICAL REVIEW - DO NOT AUTO-OVERRIDE
data/raw/mri_images/DWI/MRI00140.png,DWI,data/raw/mri_images/T2/MRI00058.png,T2,10,Cross-Class Near Duplicate,MARK FOR MEDICAL REVIEW - DO NOT AUTO-OVERRIDE
data/raw/mri_images/DWI/MRI00140.png,DWI,data/raw/mri_images/T2/MRI00063.png,T2,8,Cross-Class Near Duplicate,MARK FOR MEDICAL REVIEW - DO NOT AUTO-OVERRIDE
data/raw/mri_images/DWI/MRI00140.png,DWI,data/raw/mri_images/T2/MRI00072.png,T2,10,Cross-Class Near Duplicate,MARK FOR MEDICAL REVIEW - DO NOT AUTO-OVERRIDE
data/raw/mri_images/DWI/MRI00140.png,DWI,data/raw/mri_images/T2/MRI00075.png,T2,10,Cross-Class Near Duplicate,MARK FOR MEDICAL REVIEW - DO NOT AUTO-OVERRIDE
data/raw/mri_images/DWI/MRI00141.png,DWI,data/raw/mri_images/FLAIR/MRI00084.png,FLAIR,8,Cross-Class Near Duplicate,MARK FOR MEDICAL REVIEW - DO NOT AUTO-OVERRIDE
data/raw/mri_images/DWI/MRI00141.png,DWI,data/raw/mri_images/FLAIR/MRI00086.png,FLAIR,8,Cross-Class Near Duplicate,MARK FOR MEDICAL REVIEW - DO NOT AUTO-OVERRIDE
data/raw/mri_images/DWI/MRI00141.png,DWI,data/raw/mri_images/FLAIR/MRI00089.png,FLAIR,3,Cross-Class Near Duplicate,MARK FOR MEDICAL REVIEW - DO NOT AUTO-OVERRIDE
data/raw/mri_images/DWI/MRI00141.png,DWI,data/raw/mri_images/FLAIR/MRI00091.png,FLAIR,10,Cross-Class Near Duplicate,MARK FOR MEDICAL REVIEW - DO NOT AUTO-OVERRIDE
data/raw/mri_images/DWI/MRI00141.png,DWI,data/raw/mri_images/FLAIR/MRI00092.png,FLAIR,8,Cross-Class Near Duplicate,MARK FOR MEDICAL REVIEW - DO NOT AUTO-OVERRIDE
data/raw/mri_images/DWI/MRI00141.png,DWI,data/raw/mri_images/FLAIR/MRI00093.png,FLAIR,10,Cross-Class Near Duplicate,MARK FOR MEDICAL REVIEW - DO NOT AUTO-OVERRIDE
data/raw/mri_images/DWI/MRI00141.png,DWI,data/raw/mri_images/FLAIR/MRI00096.png,FLAIR,8,Cross-Class Near Duplicate,MARK FOR MEDICAL REVIEW - DO NOT AUTO-OVERRIDE
data/raw/mri_images/DWI/MRI00141.png,DWI,data/raw/mri_images/FLAIR/MRI00098.png,FLAIR,9,Cross-Class Near Duplicate,MARK FOR MEDICAL REVIEW - DO NOT AUTO-OVERRIDE
data/raw/mri_images/DWI/MRI00141.png,DWI,data/raw/mri_images/FLAIR/MRI00100.png,FLAIR,6,Cross-Class Near Duplicate,MARK FOR MEDICAL REVIEW - DO NOT AUTO-OVERRIDE
data/raw/mri_images/DWI/MRI00141.png,DWI,data/raw/mri_images/FLAIR/MRI00101.png,FLAIR,10,Cross-Class Near Duplicate,MARK FOR MEDICAL REVIEW - DO NOT AUTO-OVERRIDE
data/raw/mri_images/DWI/MRI00141.png,DWI,data/raw/mri_images/FLAIR/MRI00105.png,FLAIR,2,Cross-Class Near Duplicate,MARK FOR MEDICAL REVIEW - DO NOT AUTO-OVERRIDE
data/raw/mri_images/DWI/MRI00141.png,DWI,data/raw/mri_images/FLAIR/MRI00116.png,FLAIR,3,Cross-Class Near Duplicate,MARK FOR MEDICAL REVIEW - DO NOT AUTO-OVERRIDE
data/raw/mri_images/DWI/MRI00141.png,DWI,data/raw/mri_images/FLAIR/MRI00118.png,FLAIR,9,Cross-Class Near Duplicate,MARK FOR MEDICAL REVIEW - DO NOT AUTO-OVERRIDE
data/raw/mri_images/DWI/MRI00141.png,DWI,data/raw/mri_images/T2/MRI00041.png,T2,8,Cross-Class Near Duplicate,MARK FOR MEDICAL REVIEW - DO NOT AUTO-OVERRIDE
data/raw/mri_images/DWI/MRI00141.png,DWI,data/raw/mri_images/T2/MRI00046.png,T2,10,Cross-Class Near Duplicate,MARK FOR MEDICAL REVIEW - DO NOT AUTO-OVERRIDE
data/raw/mri_images/DWI/MRI00141.png,DWI,data/raw/mri_images/T2/MRI00077.png,T2,10,Cross-Class Near Duplicate,MARK FOR MEDICAL REVIEW - DO NOT AUTO-OVERRIDE
data/raw/mri_images/DWI/MRI00142.png,DWI,data/raw/mri_images/FLAIR/MRI00082.png,FLAIR,2,Cross-Class Near Duplicate,MARK FOR MEDICAL REVIEW - DO NOT AUTO-OVERRIDE
data/raw/mri_images/DWI/MRI00142.png,DWI,data/raw/mri_images/FLAIR/MRI00084.png,FLAIR,5,Cross-Class Near Duplicate,MARK FOR MEDICAL REVIEW - DO NOT AUTO-OVERRIDE
data/raw/mri_images/DWI/MRI00142.png,DWI,data/raw/mri_images/FLAIR/MRI00085.png,FLAIR,7,Cross-Class Near Duplicate,MARK FOR MEDICAL REVIEW - DO NOT AUTO-OVERRIDE
data/raw/mri_images/DWI/MRI00142.png,DWI,data/raw/mri_images/FLAIR/MRI00086.png,FLAIR,9,Cross-Class Near Duplicate,MARK FOR MEDICAL REVIEW - DO NOT AUTO-OVERRIDE
data/raw/mri_images/DWI/MRI00142.png,DWI,data/raw/mri_images/FLAIR/MRI00089.png,FLAIR,8,Cross-Class Near Duplicate,MARK FOR MEDICAL REVIEW - DO NOT AUTO-OVERRIDE
data/raw/mri_images/DWI/MRI00142.png,DWI,data/raw/mri_images/FLAIR/MRI00092.png,FLAIR,5,Cross-Class Near Duplicate,MARK FOR MEDICAL REVIEW - DO NOT AUTO-OVERRIDE
data/raw/mri_images/DWI/MRI00142.png,DWI,data/raw/mri_images/FLAIR/MRI00093.png,FLAIR,9,Cross-Class Near Duplicate,MARK FOR MEDICAL REVIEW - DO NOT AUTO-OVERRIDE
data/raw/mri_images/DWI/MRI00142.png,DWI,data/raw/mri_images/FLAIR/MRI00094.png,FLAIR,6,Cross-Class Near Duplicate,MARK FOR MEDICAL REVIEW - DO NOT AUTO-OVERRIDE
data/raw/mri_images/DWI/MRI00142.png,DWI,data/raw/mri_images/FLAIR/MRI00095.png,FLAIR,6,Cross-Class Near Duplicate,MARK FOR MEDICAL REVIEW - DO NOT AUTO-OVERRIDE
data/raw/mri_images/DWI/MRI00142.png,DWI,data/raw/mri_images/FLAIR/MRI00096.png,FLAIR,5,Cross-Class Near Duplicate,MARK FOR MEDICAL REVIEW - DO NOT AUTO-OVERRIDE
data/raw/mri_images/DWI/MRI00142.png,DWI,data/raw/mri_images/FLAIR/MRI00100.png,FLAIR,7,Cross-Class Near Duplicate,MARK FOR MEDICAL REVIEW - DO NOT AUTO-OVERRIDE
data/raw/mri_images/DWI/MRI00142.png,DWI,data/raw/mri_images/FLAIR/MRI00101.png,FLAIR,9,Cross-Class Near Duplicate,MARK FOR MEDICAL REVIEW - DO NOT AUTO-OVERRIDE
data/raw/mri_images/DWI/MRI00142.png,DWI,data/raw/mri_images/FLAIR/MRI00102.png,FLAIR,10,Cross-Class Near Duplicate,MARK FOR MEDICAL REVIEW - DO NOT AUTO-OVERRIDE
data/raw/mri_images/DWI/MRI00142.png,DWI,data/raw/mri_images/FLAIR/MRI00103.png,FLAIR,10,Cross-Class Near Duplicate,MARK FOR MEDICAL REVIEW - DO NOT AUTO-OVERRIDE
data/raw/mri_images/DWI/MRI00142.png,DWI,data/raw/mri_images/FLAIR/MRI00106.png,FLAIR,9,Cross-Class Near Duplicate,MARK FOR MEDICAL REVIEW - DO NOT AUTO-OVERRIDE
data/raw/mri_images/DWI/MRI00142.png,DWI,data/raw/mri_images/FLAIR/MRI00108.png,FLAIR,4,Cross-Class Near Duplicate,MARK FOR MEDICAL REVIEW - DO NOT AUTO-OVERRIDE
data/raw/mri_images/DWI/MRI00142.png,DWI,data/raw/mri_images/FLAIR/MRI00110.png,FLAIR,4,Cross-Class Near Duplicate,MARK FOR MEDICAL REVIEW - DO NOT AUTO-OVERRIDE
data/raw/mri_images/DWI/MRI00142.png,DWI,data/raw/mri_images/FLAIR/MRI00115.png,FLAIR,2,Cross-Class Near Duplicate,MARK FOR MEDICAL REVIEW - DO NOT AUTO-OVERRIDE
data/raw/mri_images/DWI/MRI00142.png,DWI,data/raw/mri_images/FLAIR/MRI00116.png,FLAIR,8,Cross-Class Near Duplicate,MARK FOR MEDICAL REVIEW - DO NOT AUTO-OVERRIDE
data/raw/mri_images/DWI/MRI00142.png,DWI,data/raw/mri_images/FLAIR/MRI00118.png,FLAIR,10,Cross-Class Near Duplicate,MARK FOR MEDICAL REVIEW - DO NOT AUTO-OVERRIDE
data/raw/mri_images/DWI/MRI00142.png,DWI,data/raw/mri_images/FLAIR/MRI00120.png,FLAIR,6,Cross-Class Near Duplicate,MARK FOR MEDICAL REVIEW - DO NOT AUTO-OVERRIDE
data/raw/mri_images/DWI/MRI00142.png,DWI,data/raw/mri_images/T2/MRI00043.png,T2,9,Cross-Class Near Duplicate,MARK FOR MEDICAL REVIEW - DO NOT AUTO-OVERRIDE
data/raw/mri_images/DWI/MRI00142.png,DWI,data/raw/mri_images/T2/MRI00045.png,T2,10,Cross-Class Near Duplicate,MARK FOR MEDICAL REVIEW - DO NOT AUTO-OVERRIDE
data/raw/mri_images/DWI/MRI00142.png,DWI,data/raw/mri_images/T2/MRI00056.png,T2,6,Cross-Class Near Duplicate,MARK FOR MEDICAL REVIEW - DO NOT AUTO-OVERRIDE
data/raw/mri_images/DWI/MRI00142.png,DWI,data/raw/mri_images/T2/MRI00065.png,T2,9,Cross-Class Near Duplicate,MARK FOR MEDICAL REVIEW - DO NOT AUTO-OVERRIDE
data/raw/mri_images/DWI/MRI00142.png,DWI,data/raw/mri_images/T2/MRI00067.png,T2,10,Cross-Class Near Duplicate,MARK FOR MEDICAL REVIEW - DO NOT AUTO-OVERRIDE
data/raw/mri_images/DWI/MRI00142.png,DWI,data/raw/mri_images/T2/MRI00073.png,T2,9,Cross-Class Near Duplicate,MARK FOR MEDICAL REVIEW - DO NOT AUTO-OVERRIDE
data/raw/mri_images/DWI/MRI00142.png,DWI,data/raw/mri_images/T2/MRI00078.png,T2,8,Cross-Class Near Duplicate,MARK FOR MEDICAL REVIEW - DO NOT AUTO-OVERRIDE
data/raw/mri_images/DWI/MRI00143.png,DWI,data/raw/mri_images/FLAIR/MRI00081.png,FLAIR,0,Cross-Class Exact Duplicate,MARK FOR MEDICAL REVIEW - DO NOT AUTO-OVERRIDE
data/raw/mri_images/DWI/MRI00143.png,DWI,data/raw/mri_images/FLAIR/MRI00085.png,FLAIR,10,Cross-Class Near Duplicate,MARK FOR MEDICAL REVIEW - DO NOT AUTO-OVERRIDE
data/raw/mri_images/DWI/MRI00143.png,DWI,data/raw/mri_images/FLAIR/MRI00086.png,FLAIR,8,Cross-Class Near Duplicate,MARK FOR MEDICAL REVIEW - DO NOT AUTO-OVERRIDE
data/raw/mri_images/DWI/MRI00143.png,DWI,data/raw/mri_images/FLAIR/MRI00089.png,FLAIR,9,Cross-Class Near Duplicate,MARK FOR MEDICAL REVIEW - DO NOT AUTO-OVERRIDE
data/raw/mri_images/DWI/MRI00143.png,DWI,data/raw/mri_images/FLAIR/MRI00090.png,FLAIR,0,Cross-Class Exact Duplicate,MARK FOR MEDICAL REVIEW - DO NOT AUTO-OVERRIDE
data/raw/mri_images/DWI/MRI00143.png,DWI,data/raw/mri_images/FLAIR/MRI00093.png,FLAIR,8,Cross-Class Near Duplicate,MARK FOR MEDICAL REVIEW - DO NOT AUTO-OVERRIDE
data/raw/mri_images/DWI/MRI00143.png,DWI,data/raw/mri_images/FLAIR/MRI00094.png,FLAIR,9,Cross-Class Near Duplicate,MARK FOR MEDICAL REVIEW - DO NOT AUTO-OVERRIDE
data/raw/mri_images/DWI/MRI00143.png,DWI,data/raw/mri_images/FLAIR/MRI00095.png,FLAIR,5,Cross-Class Near Duplicate,MARK FOR MEDICAL REVIEW - DO NOT AUTO-OVERRIDE
data/raw/mri_images/DWI/MRI00143.png,DWI,data/raw/mri_images/FLAIR/MRI00097.png,FLAIR,2,Cross-Class Near Duplicate,MARK FOR MEDICAL REVIEW - DO NOT AUTO-OVERRIDE
data/raw/mri_images/DWI/MRI00143.png,DWI,data/raw/mri_images/FLAIR/MRI00098.png,FLAIR,7,Cross-Class Near Duplicate,MARK FOR MEDICAL REVIEW - DO NOT AUTO-OVERRIDE
data/raw/mri_images/DWI/MRI00143.png,DWI,data/raw/mri_images/FLAIR/MRI00099.png,FLAIR,9,Cross-Class Near Duplicate,MARK FOR MEDICAL REVIEW - DO NOT AUTO-OVERRIDE
data/raw/mri_images/DWI/MRI00143.png,DWI,data/raw/mri_images/FLAIR/MRI00101.png,FLAIR,2,Cross-Class Near Duplicate,MARK FOR MEDICAL REVIEW - DO NOT AUTO-OVERRIDE
data/raw/mri_images/DWI/MRI00143.png,DWI,data/raw/mri_images/FLAIR/MRI00104.png,FLAIR,9,Cross-Class Near Duplicate,MARK FOR MEDICAL REVIEW - DO NOT AUTO-OVERRIDE
data/raw/mri_images/DWI/MRI00143.png,DWI,data/raw/mri_images/FLAIR/MRI00105.png,FLAIR,10,Cross-Class Near Duplicate,MARK FOR MEDICAL REVIEW - DO NOT AUTO-OVERRIDE
data/raw/mri_images/DWI/MRI00143.png,DWI,data/raw/mri_images/FLAIR/MRI00106.png,FLAIR,6,Cross-Class Near Duplicate,MARK FOR MEDICAL REVIEW - DO NOT AUTO-OVERRIDE
data/raw/mri_images/DWI/MRI00143.png,DWI,data/raw/mri_images/FLAIR/MRI00108.png,FLAIR,9,Cross-Class Near Duplicate,MARK FOR MEDICAL REVIEW - DO NOT AUTO-OVERRIDE
data/raw/mri_images/DWI/MRI00143.png,DWI,data/raw/mri_images/FLAIR/MRI00109.png,FLAIR,1,Cross-Class Near Duplicate,MARK FOR MEDICAL REVIEW - DO NOT AUTO-OVERRIDE
data/raw/mri_images/DWI/MRI00143.png,DWI,data/raw/mri_images/FLAIR/MRI00110.png,FLAIR,7,Cross-Class Near Duplicate,MARK FOR MEDICAL REVIEW - DO NOT AUTO-OVERRIDE
data/raw/mri_images/DWI/MRI00143.png,DWI,data/raw/mri_images/FLAIR/MRI00116.png,FLAIR,9,Cross-Class Near Duplicate,MARK FOR MEDICAL REVIEW - DO NOT AUTO-OVERRIDE
data/raw/mri_images/DWI/MRI00143.png,DWI,data/raw/mri_images/FLAIR/MRI00118.png,FLAIR,9,Cross-Class Near Duplicate,MARK FOR MEDICAL REVIEW - DO NOT AUTO-OVERRIDE
data/raw/mri_images/DWI/MRI00143.png,DWI,data/raw/mri_images/FLAIR/MRI00120.png,FLAIR,5,Cross-Class Near Duplicate,MARK FOR MEDICAL REVIEW - DO NOT AUTO-OVERRIDE
data/raw/mri_images/DWI/MRI00143.png,DWI,data/raw/mri_images/T2/MRI00041.png,T2,10,Cross-Class Near Duplicate,MARK FOR MEDICAL REVIEW - DO NOT AUTO-OVERRIDE
data/raw/mri_images/DWI/MRI00143.png,DWI,data/raw/mri_images/T2/MRI00045.png,T2,9,Cross-Class Near Duplicate,MARK FOR MEDICAL REVIEW - DO NOT AUTO-OVERRIDE
data/raw/mri_images/DWI/MRI00143.png,DWI,data/raw/mri_images/T2/MRI00052.png,T2,8,Cross-Class Near Duplicate,MARK FOR MEDICAL REVIEW - DO NOT AUTO-OVERRIDE
data/raw/mri_images/DWI/MRI00143.png,DWI,data/raw/mri_images/T2/MRI00058.png,T2,10,Cross-Class Near Duplicate,MARK FOR MEDICAL REVIEW - DO NOT AUTO-OVERRIDE
data/raw/mri_images/DWI/MRI00143.png,DWI,data/raw/mri_images/T2/MRI00063.png,T2,8,Cross-Class Near Duplicate,MARK FOR MEDICAL REVIEW - DO NOT AUTO-OVERRIDE
data/raw/mri_images/DWI/MRI00143.png,DWI,data/raw/mri_images/T2/MRI00072.png,T2,10,Cross-Class Near Duplicate,MARK FOR MEDICAL REVIEW - DO NOT AUTO-OVERRIDE
data/raw/mri_images/DWI/MRI00143.png,DWI,data/raw/mri_images/T2/MRI00075.png,T2,10,Cross-Class Near Duplicate,MARK FOR MEDICAL REVIEW - DO NOT AUTO-OVERRIDE
data/raw/mri_images/DWI/MRI00144.png,DWI,data/raw/mri_images/FLAIR/MRI00081.png,FLAIR,8,Cross-Class Near Duplicate,MARK FOR MEDICAL REVIEW - DO NOT AUTO-OVERRIDE
data/raw/mri_images/DWI/MRI00144.png,DWI,data/raw/mri_images/FLAIR/MRI00082.png,FLAIR,7,Cross-Class Near Duplicate,MARK FOR MEDICAL REVIEW - DO NOT AUTO-OVERRIDE
data/raw/mri_images/DWI/MRI00144.png,DWI,data/raw/mri_images/FLAIR/MRI00083.png,FLAIR,10,Cross-Class Near Duplicate,MARK FOR MEDICAL REVIEW - DO NOT AUTO-OVERRIDE
data/raw/mri_images/DWI/MRI00144.png,DWI,data/raw/mri_images/FLAIR/MRI00084.png,FLAIR,8,Cross-Class Near Duplicate,MARK FOR MEDICAL REVIEW - DO NOT AUTO-OVERRIDE
data/raw/mri_images/DWI/MRI00144.png,DWI,data/raw/mri_images/FLAIR/MRI00085.png,FLAIR,6,Cross-Class Near Duplicate,MARK FOR MEDICAL REVIEW - DO NOT AUTO-OVERRIDE
data/raw/mri_images/DWI/MRI00144.png,DWI,data/raw/mri_images/FLAIR/MRI00086.png,FLAIR,8,Cross-Class Near Duplicate,MARK FOR MEDICAL REVIEW - DO NOT AUTO-OVERRIDE
data/raw/mri_images/DWI/MRI00144.png,DWI,data/raw/mri_images/FLAIR/MRI00090.png,FLAIR,8,Cross-Class Near Duplicate,MARK FOR MEDICAL REVIEW - DO NOT AUTO-OVERRIDE
data/raw/mri_images/DWI/MRI00144.png,DWI,data/raw/mri_images/FLAIR/MRI00092.png,FLAIR,6,Cross-Class Near Duplicate,MARK FOR MEDICAL REVIEW - DO NOT AUTO-OVERRIDE
data/raw/mri_images/DWI/MRI00144.png,DWI,data/raw/mri_images/FLAIR/MRI00093.png,FLAIR,8,Cross-Class Near Duplicate,MARK FOR MEDICAL REVIEW - DO NOT AUTO-OVERRIDE
data/raw/mri_images/DWI/MRI00144.png,DWI,data/raw/mri_images/FLAIR/MRI00094.png,FLAIR,5,Cross-Class Near Duplicate,MARK FOR MEDICAL REVIEW - DO NOT AUTO-OVERRIDE
data/raw/mri_images/DWI/MRI00144.png,DWI,data/raw/mri_images/FLAIR/MRI00095.png,FLAIR,5,Cross-Class Near Duplicate,MARK FOR MEDICAL REVIEW - DO NOT AUTO-OVERRIDE
data/raw/mri_images/DWI/MRI00144.png,DWI,data/raw/mri_images/FLAIR/MRI00096.png,FLAIR,6,Cross-Class Near Duplicate,MARK FOR MEDICAL REVIEW - DO NOT AUTO-OVERRIDE
data/raw/mri_images/DWI/MRI00144.png,DWI,data/raw/mri_images/FLAIR/MRI00097.png,FLAIR,8,Cross-Class Near Duplicate,MARK FOR MEDICAL REVIEW - DO NOT AUTO-OVERRIDE
data/raw/mri_images/DWI/MRI00144.png,DWI,data/raw/mri_images/FLAIR/MRI00100.png,FLAIR,8,Cross-Class Near Duplicate,MARK FOR MEDICAL REVIEW - DO NOT AUTO-OVERRIDE
data/raw/mri_images/DWI/MRI00144.png,DWI,data/raw/mri_images/FLAIR/MRI00101.png,FLAIR,8,Cross-Class Near Duplicate,MARK FOR MEDICAL REVIEW - DO NOT AUTO-OVERRIDE
data/raw/mri_images/DWI/MRI00144.png,DWI,data/raw/mri_images/FLAIR/MRI00102.png,FLAIR,9,Cross-Class Near Duplicate,MARK FOR MEDICAL REVIEW - DO NOT AUTO-OVERRIDE
data/raw/mri_images/DWI/MRI00144.png,DWI,data/raw/mri_images/FLAIR/MRI00103.png,FLAIR,9,Cross-Class Near Duplicate,MARK FOR MEDICAL REVIEW - DO NOT AUTO-OVERRIDE
data/raw/mri_images/DWI/MRI00144.png,DWI,data/raw/mri_images/FLAIR/MRI00106.png,FLAIR,8,Cross-Class Near Duplicate,MARK FOR MEDICAL REVIEW - DO NOT AUTO-OVERRIDE
data/raw/mri_images/DWI/MRI00144.png,DWI,data/raw/mri_images/FLAIR/MRI00108.png,FLAIR,3,Cross-Class Near Duplicate,MARK FOR MEDICAL REVIEW - DO NOT AUTO-OVERRIDE
data/raw/mri_images/DWI/MRI00144.png,DWI,data/raw/mri_images/FLAIR/MRI00109.png,FLAIR,7,Cross-Class Near Duplicate,MARK FOR MEDICAL REVIEW - DO NOT AUTO-OVERRIDE
data/raw/mri_images/DWI/MRI00144.png,DWI,data/raw/mri_images/FLAIR/MRI00110.png,FLAIR,3,Cross-Class Near Duplicate,MARK FOR MEDICAL REVIEW - DO NOT AUTO-OVERRIDE
data/raw/mri_images/DWI/MRI00144.png,DWI,data/raw/mri_images/FLAIR/MRI00115.png,FLAIR,7,Cross-Class Near Duplicate,MARK FOR MEDICAL REVIEW - DO NOT AUTO-OVERRIDE
data/raw/mri_images/DWI/MRI00144.png,DWI,data/raw/mri_images/FLAIR/MRI00118.png,FLAIR,9,Cross-Class Near Duplicate,MARK FOR MEDICAL REVIEW - DO NOT AUTO-OVERRIDE
data/raw/mri_images/DWI/MRI00144.png,DWI,data/raw/mri_images/FLAIR/MRI00120.png,FLAIR,5,Cross-Class Near Duplicate,MARK FOR MEDICAL REVIEW - DO NOT AUTO-OVERRIDE
data/raw/mri_images/DWI/MRI00144.png,DWI,data/raw/mri_images/T2/MRI00043.png,T2,10,Cross-Class Near Duplicate,MARK FOR MEDICAL REVIEW - DO NOT AUTO-OVERRIDE
data/raw/mri_images/DWI/MRI00144.png,DWI,data/raw/mri_images/T2/MRI00045.png,T2,9,Cross-Class Near Duplicate,MARK FOR MEDICAL REVIEW - DO NOT AUTO-OVERRIDE
data/raw/mri_images/DWI/MRI00144.png,DWI,data/raw/mri_images/T2/MRI00052.png,T2,8,Cross-Class Near Duplicate,MARK FOR MEDICAL REVIEW - DO NOT AUTO-OVERRIDE
data/raw/mri_images/DWI/MRI00144.png,DWI,data/raw/mri_images/T2/MRI00053.png,T2,10,Cross-Class Near Duplicate,MARK FOR MEDICAL REVIEW - DO NOT AUTO-OVERRIDE
data/raw/mri_images/DWI/MRI00144.png,DWI,data/raw/mri_images/T2/MRI00056.png,T2,9,Cross-Class Near Duplicate,MARK FOR MEDICAL REVIEW - DO NOT AUTO-OVERRIDE
data/raw/mri_images/DWI/MRI00144.png,DWI,data/raw/mri_images/T2/MRI00062.png,T2,10,Cross-Class Near Duplicate,MARK FOR MEDICAL REVIEW - DO NOT AUTO-OVERRIDE
data/raw/mri_images/DWI/MRI00144.png,DWI,data/raw/mri_images/T2/MRI00065.png,T2,10,Cross-Class Near Duplicate,MARK FOR MEDICAL REVIEW - DO NOT AUTO-OVERRIDE
data/raw/mri_images/DWI/MRI00144.png,DWI,data/raw/mri_images/T2/MRI00066.png,T2,10,Cross-Class Near Duplicate,MARK FOR MEDICAL REVIEW - DO NOT AUTO-OVERRIDE
data/raw/mri_images/DWI/MRI00145.png,DWI,data/raw/mri_images/FLAIR/MRI00081.png,FLAIR,0,Cross-Class Exact Duplicate,MARK FOR MEDICAL REVIEW - DO NOT AUTO-OVERRIDE
data/raw/mri_images/DWI/MRI00145.png,DWI,data/raw/mri_images/FLAIR/MRI00085.png,FLAIR,10,Cross-Class Near Duplicate,MARK FOR MEDICAL REVIEW - DO NOT AUTO-OVERRIDE
data/raw/mri_images/DWI/MRI00145.png,DWI,data/raw/mri_images/FLAIR/MRI00086.png,FLAIR,8,Cross-Class Near Duplicate,MARK FOR MEDICAL REVIEW - DO NOT AUTO-OVERRIDE
data/raw/mri_images/DWI/MRI00145.png,DWI,data/raw/mri_images/FLAIR/MRI00089.png,FLAIR,9,Cross-Class Near Duplicate,MARK FOR MEDICAL REVIEW - DO NOT AUTO-OVERRIDE
data/raw/mri_images/DWI/MRI00145.png,DWI,data/raw/mri_images/FLAIR/MRI00090.png,FLAIR,0,Cross-Class Exact Duplicate,MARK FOR MEDICAL REVIEW - DO NOT AUTO-OVERRIDE
data/raw/mri_images/DWI/MRI00145.png,DWI,data/raw/mri_images/FLAIR/MRI00093.png,FLAIR,8,Cross-Class Near Duplicate,MARK FOR MEDICAL REVIEW - DO NOT AUTO-OVERRIDE
data/raw/mri_images/DWI/MRI00145.png,DWI,data/raw/mri_images/FLAIR/MRI00094.png,FLAIR,9,Cross-Class Near Duplicate,MARK FOR MEDICAL REVIEW - DO NOT AUTO-OVERRIDE
data/raw/mri_images/DWI/MRI00145.png,DWI,data/raw/mri_images/FLAIR/MRI00095.png,FLAIR,5,Cross-Class Near Duplicate,MARK FOR MEDICAL REVIEW - DO NOT AUTO-OVERRIDE
data/raw/mri_images/DWI/MRI00145.png,DWI,data/raw/mri_images/FLAIR/MRI00097.png,FLAIR,2,Cross-Class Near Duplicate,MARK FOR MEDICAL REVIEW - DO NOT AUTO-OVERRIDE
data/raw/mri_images/DWI/MRI00145.png,DWI,data/raw/mri_images/FLAIR/MRI00098.png,FLAIR,7,Cross-Class Near Duplicate,MARK FOR MEDICAL REVIEW - DO NOT AUTO-OVERRIDE
data/raw/mri_images/DWI/MRI00145.png,DWI,data/raw/mri_images/FLAIR/MRI00099.png,FLAIR,9,Cross-Class Near Duplicate,MARK FOR MEDICAL REVIEW - DO NOT AUTO-OVERRIDE
data/raw/mri_images/DWI/MRI00145.png,DWI,data/raw/mri_images/FLAIR/MRI00101.png,FLAIR,2,Cross-Class Near Duplicate,MARK FOR MEDICAL REVIEW - DO NOT AUTO-OVERRIDE
data/raw/mri_images/DWI/MRI00145.png,DWI,data/raw/mri_images/FLAIR/MRI00104.png,FLAIR,9,Cross-Class Near Duplicate,MARK FOR MEDICAL REVIEW - DO NOT AUTO-OVERRIDE
data/raw/mri_images/DWI/MRI00145.png,DWI,data/raw/mri_images/FLAIR/MRI00105.png,FLAIR,10,Cross-Class Near Duplicate,MARK FOR MEDICAL REVIEW - DO NOT AUTO-OVERRIDE
data/raw/mri_images/DWI/MRI00145.png,DWI,data/raw/mri_images/FLAIR/MRI00106.png,FLAIR,6,Cross-Class Near Duplicate,MARK FOR MEDICAL REVIEW - DO NOT AUTO-OVERRIDE
data/raw/mri_images/DWI/MRI00145.png,DWI,data/raw/mri_images/FLAIR/MRI00108.png,FLAIR,9,Cross-Class Near Duplicate,MARK FOR MEDICAL REVIEW - DO NOT AUTO-OVERRIDE
data/raw/mri_images/DWI/MRI00145.png,DWI,data/raw/mri_images/FLAIR/MRI00109.png,FLAIR,1,Cross-Class Near Duplicate,MARK FOR MEDICAL REVIEW - DO NOT AUTO-OVERRIDE
data/raw/mri_images/DWI/MRI00145.png,DWI,data/raw/mri_images/FLAIR/MRI00110.png,FLAIR,7,Cross-Class Near Duplicate,MARK FOR MEDICAL REVIEW - DO NOT AUTO-OVERRIDE
data/raw/mri_images/DWI/MRI00145.png,DWI,data/raw/mri_images/FLAIR/MRI00116.png,FLAIR,9,Cross-Class Near Duplicate,MARK FOR MEDICAL REVIEW - DO NOT AUTO-OVERRIDE
data/raw/mri_images/DWI/MRI00145.png,DWI,data/raw/mri_images/FLAIR/MRI00118.png,FLAIR,9,Cross-Class Near Duplicate,MARK FOR MEDICAL REVIEW - DO NOT AUTO-OVERRIDE
data/raw/mri_images/DWI/MRI00145.png,DWI,data/raw/mri_images/FLAIR/MRI00120.png,FLAIR,5,Cross-Class Near Duplicate,MARK FOR MEDICAL REVIEW - DO NOT AUTO-OVERRIDE
data/raw/mri_images/DWI/MRI00145.png,DWI,data/raw/mri_images/T2/MRI00041.png,T2,10,Cross-Class Near Duplicate,MARK FOR MEDICAL REVIEW - DO NOT AUTO-OVERRIDE
data/raw/mri_images/DWI/MRI00145.png,DWI,data/raw/mri_images/T2/MRI00045.png,T2,9,Cross-Class Near Duplicate,MARK FOR MEDICAL REVIEW - DO NOT AUTO-OVERRIDE
data/raw/mri_images/DWI/MRI00145.png,DWI,data/raw/mri_images/T2/MRI00052.png,T2,8,Cross-Class Near Duplicate,MARK FOR MEDICAL REVIEW - DO NOT AUTO-OVERRIDE
data/raw/mri_images/DWI/MRI00145.png,DWI,data/raw/mri_images/T2/MRI00058.png,T2,10,Cross-Class Near Duplicate,MARK FOR MEDICAL REVIEW - DO NOT AUTO-OVERRIDE
data/raw/mri_images/DWI/MRI00145.png,DWI,data/raw/mri_images/T2/MRI00063.png,T2,8,Cross-Class Near Duplicate,MARK FOR MEDICAL REVIEW - DO NOT AUTO-OVERRIDE
data/raw/mri_images/DWI/MRI00145.png,DWI,data/raw/mri_images/T2/MRI00072.png,T2,10,Cross-Class Near Duplicate,MARK FOR MEDICAL REVIEW - DO NOT AUTO-OVERRIDE
data/raw/mri_images/DWI/MRI00145.png,DWI,data/raw/mri_images/T2/MRI00075.png,T2,10,Cross-Class Near Duplicate,MARK FOR MEDICAL REVIEW - DO NOT AUTO-OVERRIDE
data/raw/mri_images/DWI/MRI00146.png,DWI,data/raw/mri_images/FLAIR/MRI00082.png,FLAIR,5,Cross-Class Near Duplicate,MARK FOR MEDICAL REVIEW - DO NOT AUTO-OVERRIDE
data/raw/mri_images/DWI/MRI00146.png,DWI,data/raw/mri_images/FLAIR/MRI00084.png,FLAIR,2,Cross-Class Near Duplicate,MARK FOR MEDICAL REVIEW - DO NOT AUTO-OVERRIDE
data/raw/mri_images/DWI/MRI00146.png,DWI,data/raw/mri_images/FLAIR/MRI00085.png,FLAIR,10,Cross-Class Near Duplicate,MARK FOR MEDICAL REVIEW - DO NOT AUTO-OVERRIDE
data/raw/mri_images/DWI/MRI00146.png,DWI,data/raw/mri_images/FLAIR/MRI00086.png,FLAIR,10,Cross-Class Near Duplicate,MARK FOR MEDICAL REVIEW - DO NOT AUTO-OVERRIDE
data/raw/mri_images/DWI/MRI00146.png,DWI,data/raw/mri_images/FLAIR/MRI00089.png,FLAIR,5,Cross-Class Near Duplicate,MARK FOR MEDICAL REVIEW - DO NOT AUTO-OVERRIDE
data/raw/mri_images/DWI/MRI00146.png,DWI,data/raw/mri_images/FLAIR/MRI00091.png,FLAIR,6,Cross-Class Near Duplicate,MARK FOR MEDICAL REVIEW - DO NOT AUTO-OVERRIDE
data/raw/mri_images/DWI/MRI00146.png,DWI,data/raw/mri_images/FLAIR/MRI00092.png,FLAIR,0,Cross-Class Exact Duplicate,MARK FOR MEDICAL REVIEW - DO NOT AUTO-OVERRIDE
data/raw/mri_images/DWI/MRI00146.png,DWI,data/raw/mri_images/FLAIR/MRI00093.png,FLAIR,10,Cross-Class Near Duplicate,MARK FOR MEDICAL REVIEW - DO NOT AUTO-OVERRIDE
data/raw/mri_images/DWI/MRI00146.png,DWI,data/raw/mri_images/FLAIR/MRI00095.png,FLAIR,9,Cross-Class Near Duplicate,MARK FOR MEDICAL REVIEW - DO NOT AUTO-OVERRIDE
data/raw/mri_images/DWI/MRI00146.png,DWI,data/raw/mri_images/FLAIR/MRI00096.png,FLAIR,0,Cross-Class Exact Duplicate,MARK FOR MEDICAL REVIEW - DO NOT AUTO-OVERRIDE
data/raw/mri_images/DWI/MRI00146.png,DWI,data/raw/mri_images/FLAIR/MRI00098.png,FLAIR,9,Cross-Class Near Duplicate,MARK FOR MEDICAL REVIEW - DO NOT AUTO-OVERRIDE
data/raw/mri_images/DWI/MRI00146.png,DWI,data/raw/mri_images/FLAIR/MRI00100.png,FLAIR,2,Cross-Class Near Duplicate,MARK FOR MEDICAL REVIEW - DO NOT AUTO-OVERRIDE
data/raw/mri_images/DWI/MRI00146.png,DWI,data/raw/mri_images/FLAIR/MRI00105.png,FLAIR,8,Cross-Class Near Duplicate,MARK FOR MEDICAL REVIEW - DO NOT AUTO-OVERRIDE
data/raw/mri_images/DWI/MRI00146.png,DWI,data/raw/mri_images/FLAIR/MRI00108.png,FLAIR,9,Cross-Class Near Duplicate,MARK FOR MEDICAL REVIEW - DO NOT AUTO-OVERRIDE
data/raw/mri_images/DWI/MRI00146.png,DWI,data/raw/mri_images/FLAIR/MRI00110.png,FLAIR,7,Cross-Class Near Duplicate,MARK FOR MEDICAL REVIEW - DO NOT AUTO-OVERRIDE
data/raw/mri_images/DWI/MRI00146.png,DWI,data/raw/mri_images/FLAIR/MRI00115.png,FLAIR,5,Cross-Class Near Duplicate,MARK FOR MEDICAL REVIEW - DO NOT AUTO-OVERRIDE
data/raw/mri_images/DWI/MRI00146.png,DWI,data/raw/mri_images/FLAIR/MRI00116.png,FLAIR,5,Cross-Class Near Duplicate,MARK FOR MEDICAL REVIEW - DO NOT AUTO-OVERRIDE
data/raw/mri_images/DWI/MRI00146.png,DWI,data/raw/mri_images/FLAIR/MRI00120.png,FLAIR,9,Cross-Class Near Duplicate,MARK FOR MEDICAL REVIEW - DO NOT AUTO-OVERRIDE
data/raw/mri_images/DWI/MRI00146.png,DWI,data/raw/mri_images/T2/MRI00041.png,T2,10,Cross-Class Near Duplicate,MARK FOR MEDICAL REVIEW - DO NOT AUTO-OVERRIDE
data/raw/mri_images/DWI/MRI00146.png,DWI,data/raw/mri_images/T2/MRI00056.png,T2,9,Cross-Class Near Duplicate,MARK FOR MEDICAL REVIEW - DO NOT AUTO-OVERRIDE
data/raw/mri_images/DWI/MRI00147.png,DWI,data/raw/mri_images/FLAIR/MRI00083.png,FLAIR,6,Cross-Class Near Duplicate,MARK FOR MEDICAL REVIEW - DO NOT AUTO-OVERRIDE
data/raw/mri_images/DWI/MRI00147.png,DWI,data/raw/mri_images/FLAIR/MRI00087.png,FLAIR,9,Cross-Class Near Duplicate,MARK FOR MEDICAL REVIEW - DO NOT AUTO-OVERRIDE
data/raw/mri_images/DWI/MRI00147.png,DWI,data/raw/mri_images/FLAIR/MRI00088.png,FLAIR,4,Cross-Class Near Duplicate,MARK FOR MEDICAL REVIEW - DO NOT AUTO-OVERRIDE
data/raw/mri_images/DWI/MRI00147.png,DWI,data/raw/mri_images/FLAIR/MRI00099.png,FLAIR,5,Cross-Class Near Duplicate,MARK FOR MEDICAL REVIEW - DO NOT AUTO-OVERRIDE
data/raw/mri_images/DWI/MRI00147.png,DWI,data/raw/mri_images/FLAIR/MRI00102.png,FLAIR,7,Cross-Class Near Duplicate,MARK FOR MEDICAL REVIEW - DO NOT AUTO-OVERRIDE
data/raw/mri_images/DWI/MRI00147.png,DWI,data/raw/mri_images/FLAIR/MRI00104.png,FLAIR,5,Cross-Class Near Duplicate,MARK FOR MEDICAL REVIEW - DO NOT AUTO-OVERRIDE
data/raw/mri_images/DWI/MRI00147.png,DWI,data/raw/mri_images/FLAIR/MRI00107.png,FLAIR,10,Cross-Class Near Duplicate,MARK FOR MEDICAL REVIEW - DO NOT AUTO-OVERRIDE
data/raw/mri_images/DWI/MRI00147.png,DWI,data/raw/mri_images/FLAIR/MRI00111.png,FLAIR,9,Cross-Class Near Duplicate,MARK FOR MEDICAL REVIEW - DO NOT AUTO-OVERRIDE
data/raw/mri_images/DWI/MRI00147.png,DWI,data/raw/mri_images/FLAIR/MRI00113.png,FLAIR,9,Cross-Class Near Duplicate,MARK FOR MEDICAL REVIEW - DO NOT AUTO-OVERRIDE
data/raw/mri_images/DWI/MRI00147.png,DWI,data/raw/mri_images/FLAIR/MRI00114.png,FLAIR,5,Cross-Class Near Duplicate,MARK FOR MEDICAL REVIEW - DO NOT AUTO-OVERRIDE
data/raw/mri_images/DWI/MRI00147.png,DWI,data/raw/mri_images/FLAIR/MRI00117.png,FLAIR,2,Cross-Class Near Duplicate,MARK FOR MEDICAL REVIEW - DO NOT AUTO-OVERRIDE
data/raw/mri_images/DWI/MRI00147.png,DWI,data/raw/mri_images/FLAIR/MRI00119.png,FLAIR,2,Cross-Class Near Duplicate,MARK FOR MEDICAL REVIEW - DO NOT AUTO-OVERRIDE
data/raw/mri_images/DWI/MRI00147.png,DWI,data/raw/mri_images/FLAIR/MRI00120.png,FLAIR,9,Cross-Class Near Duplicate,MARK FOR MEDICAL REVIEW - DO NOT AUTO-OVERRIDE
data/raw/mri_images/DWI/MRI00147.png,DWI,data/raw/mri_images/T2/MRI00049.png,T2,10,Cross-Class Near Duplicate,MARK FOR MEDICAL REVIEW - DO NOT AUTO-OVERRIDE
data/raw/mri_images/DWI/MRI00147.png,DWI,data/raw/mri_images/T2/MRI00057.png,T2,10,Cross-Class Near Duplicate,MARK FOR MEDICAL REVIEW - DO NOT AUTO-OVERRIDE
data/raw/mri_images/DWI/MRI00148.png,DWI,data/raw/mri_images/FLAIR/MRI00081.png,FLAIR,7,Cross-Class Near Duplicate,MARK FOR MEDICAL REVIEW - DO NOT AUTO-OVERRIDE
data/raw/mri_images/DWI/MRI00148.png,DWI,data/raw/mri_images/FLAIR/MRI00082.png,FLAIR,4,Cross-Class Near Duplicate,MARK FOR MEDICAL REVIEW - DO NOT AUTO-OVERRIDE
data/raw/mri_images/DWI/MRI00148.png,DWI,data/raw/mri_images/FLAIR/MRI00083.png,FLAIR,7,Cross-Class Near Duplicate,MARK FOR MEDICAL REVIEW - DO NOT AUTO-OVERRIDE
data/raw/mri_images/DWI/MRI00148.png,DWI,data/raw/mri_images/FLAIR/MRI00084.png,FLAIR,7,Cross-Class Near Duplicate,MARK FOR MEDICAL REVIEW - DO NOT AUTO-OVERRIDE
data/raw/mri_images/DWI/MRI00148.png,DWI,data/raw/mri_images/FLAIR/MRI00085.png,FLAIR,3,Cross-Class Near Duplicate,MARK FOR MEDICAL REVIEW - DO NOT AUTO-OVERRIDE
data/raw/mri_images/DWI/MRI00148.png,DWI,data/raw/mri_images/FLAIR/MRI00086.png,FLAIR,5,Cross-Class Near Duplicate,MARK FOR MEDICAL REVIEW - DO NOT AUTO-OVERRIDE
data/raw/mri_images/DWI/MRI00148.png,DWI,data/raw/mri_images/FLAIR/MRI00089.png,FLAIR,10,Cross-Class Near Duplicate,MARK FOR MEDICAL REVIEW - DO NOT AUTO-OVERRIDE
data/raw/mri_images/DWI/MRI00148.png,DWI,data/raw/mri_images/FLAIR/MRI00090.png,FLAIR,7,Cross-Class Near Duplicate,MARK FOR MEDICAL REVIEW - DO NOT AUTO-OVERRIDE
data/raw/mri_images/DWI/MRI00148.png,DWI,data/raw/mri_images/FLAIR/MRI00092.png,FLAIR,7,Cross-Class Near Duplicate,MARK FOR MEDICAL REVIEW - DO NOT AUTO-OVERRIDE
data/raw/mri_images/DWI/MRI00148.png,DWI,data/raw/mri_images/FLAIR/MRI00093.png,FLAIR,5,Cross-Class Near Duplicate,MARK FOR MEDICAL REVIEW - DO NOT AUTO-OVERRIDE
data/raw/mri_images/DWI/MRI00148.png,DWI,data/raw/mri_images/FLAIR/MRI00094.png,FLAIR,4,Cross-Class Near Duplicate,MARK FOR MEDICAL REVIEW - DO NOT AUTO-OVERRIDE
data/raw/mri_images/DWI/MRI00148.png,DWI,data/raw/mri_images/FLAIR/MRI00095.png,FLAIR,2,Cross-Class Near Duplicate,MARK FOR MEDICAL REVIEW - DO NOT AUTO-OVERRIDE
data/raw/mri_images/DWI/MRI00148.png,DWI,data/raw/mri_images/FLAIR/MRI00096.png,FLAIR,7,Cross-Class Near Duplicate,MARK FOR MEDICAL REVIEW - DO NOT AUTO-OVERRIDE
data/raw/mri_images/DWI/MRI00148.png,DWI,data/raw/mri_images/FLAIR/MRI00097.png,FLAIR,7,Cross-Class Near Duplicate,MARK FOR MEDICAL REVIEW - DO NOT AUTO-OVERRIDE
data/raw/mri_images/DWI/MRI00148.png,DWI,data/raw/mri_images/FLAIR/MRI00100.png,FLAIR,9,Cross-Class Near Duplicate,MARK FOR MEDICAL REVIEW - DO NOT AUTO-OVERRIDE
data/raw/mri_images/DWI/MRI00148.png,DWI,data/raw/mri_images/FLAIR/MRI00101.png,FLAIR,5,Cross-Class Near Duplicate,MARK FOR MEDICAL REVIEW - DO NOT AUTO-OVERRIDE
data/raw/mri_images/DWI/MRI00148.png,DWI,data/raw/mri_images/FLAIR/MRI00102.png,FLAIR,6,Cross-Class Near Duplicate,MARK FOR MEDICAL REVIEW - DO NOT AUTO-OVERRIDE
data/raw/mri_images/DWI/MRI00148.png,DWI,data/raw/mri_images/FLAIR/MRI00103.png,FLAIR,6,Cross-Class Near Duplicate,MARK FOR MEDICAL REVIEW - DO NOT AUTO-OVERRIDE
data/raw/mri_images/DWI/MRI00148.png,DWI,data/raw/mri_images/FLAIR/MRI00106.png,FLAIR,5,Cross-Class Near Duplicate,MARK FOR MEDICAL REVIEW - DO NOT AUTO-OVERRIDE
data/raw/mri_images/DWI/MRI00148.png,DWI,data/raw/mri_images/FLAIR/MRI00108.png,FLAIR,2,Cross-Class Near Duplicate,MARK FOR MEDICAL REVIEW - DO NOT AUTO-OVERRIDE
data/raw/mri_images/DWI/MRI00148.png,DWI,data/raw/mri_images/FLAIR/MRI00109.png,FLAIR,8,Cross-Class Near Duplicate,MARK FOR MEDICAL REVIEW - DO NOT AUTO-OVERRIDE
data/raw/mri_images/DWI/MRI00148.png,DWI,data/raw/mri_images/FLAIR/MRI00110.png,FLAIR,0,Cross-Class Exact Duplicate,MARK FOR MEDICAL REVIEW - DO NOT AUTO-OVERRIDE
data/raw/mri_images/DWI/MRI00148.png,DWI,data/raw/mri_images/FLAIR/MRI00115.png,FLAIR,6,Cross-Class Near Duplicate,MARK FOR MEDICAL REVIEW - DO NOT AUTO-OVERRIDE
data/raw/mri_images/DWI/MRI00148.png,DWI,data/raw/mri_images/FLAIR/MRI00116.png,FLAIR,10,Cross-Class Near Duplicate,MARK FOR MEDICAL REVIEW - DO NOT AUTO-OVERRIDE
data/raw/mri_images/DWI/MRI00148.png,DWI,data/raw/mri_images/FLAIR/MRI00118.png,FLAIR,6,Cross-Class Near Duplicate,MARK FOR MEDICAL REVIEW - DO NOT AUTO-OVERRIDE
data/raw/mri_images/DWI/MRI00148.png,DWI,data/raw/mri_images/FLAIR/MRI00120.png,FLAIR,2,Cross-Class Near Duplicate,MARK FOR MEDICAL REVIEW - DO NOT AUTO-OVERRIDE
data/raw/mri_images/DWI/MRI00148.png,DWI,data/raw/mri_images/T2/MRI00043.png,T2,9,Cross-Class Near Duplicate,MARK FOR MEDICAL REVIEW - DO NOT AUTO-OVERRIDE
data/raw/mri_images/DWI/MRI00148.png,DWI,data/raw/mri_images/T2/MRI00045.png,T2,10,Cross-Class Near Duplicate,MARK FOR MEDICAL REVIEW - DO NOT AUTO-OVERRIDE
data/raw/mri_images/DWI/MRI00148.png,DWI,data/raw/mri_images/T2/MRI00052.png,T2,9,Cross-Class Near Duplicate,MARK FOR MEDICAL REVIEW - DO NOT AUTO-OVERRIDE
data/raw/mri_images/DWI/MRI00148.png,DWI,data/raw/mri_images/T2/MRI00053.png,T2,9,Cross-Class Near Duplicate,MARK FOR MEDICAL REVIEW - DO NOT AUTO-OVERRIDE
data/raw/mri_images/DWI/MRI00148.png,DWI,data/raw/mri_images/T2/MRI00056.png,T2,10,Cross-Class Near Duplicate,MARK FOR MEDICAL REVIEW - DO NOT AUTO-OVERRIDE
data/raw/mri_images/DWI/MRI00148.png,DWI,data/raw/mri_images/T2/MRI00065.png,T2,9,Cross-Class Near Duplicate,MARK FOR MEDICAL REVIEW - DO NOT AUTO-OVERRIDE
data/raw/mri_images/DWI/MRI00148.png,DWI,data/raw/mri_images/T2/MRI00066.png,T2,9,Cross-Class Near Duplicate,MARK FOR MEDICAL REVIEW - DO NOT AUTO-OVERRIDE
data/raw/mri_images/DWI/MRI00149.png,DWI,data/raw/mri_images/FLAIR/MRI00082.png,FLAIR,5,Cross-Class Near Duplicate,MARK FOR MEDICAL REVIEW - DO NOT AUTO-OVERRIDE
data/raw/mri_images/DWI/MRI00149.png,DWI,data/raw/mri_images/FLAIR/MRI00084.png,FLAIR,4,Cross-Class Near Duplicate,MARK FOR MEDICAL REVIEW - DO NOT AUTO-OVERRIDE
data/raw/mri_images/DWI/MRI00149.png,DWI,data/raw/mri_images/FLAIR/MRI00085.png,FLAIR,10,Cross-Class Near Duplicate,MARK FOR MEDICAL REVIEW - DO NOT AUTO-OVERRIDE
data/raw/mri_images/DWI/MRI00149.png,DWI,data/raw/mri_images/FLAIR/MRI00089.png,FLAIR,7,Cross-Class Near Duplicate,MARK FOR MEDICAL REVIEW - DO NOT AUTO-OVERRIDE
data/raw/mri_images/DWI/MRI00149.png,DWI,data/raw/mri_images/FLAIR/MRI00091.png,FLAIR,8,Cross-Class Near Duplicate,MARK FOR MEDICAL REVIEW - DO NOT AUTO-OVERRIDE
data/raw/mri_images/DWI/MRI00149.png,DWI,data/raw/mri_images/FLAIR/MRI00092.png,FLAIR,2,Cross-Class Near Duplicate,MARK FOR MEDICAL REVIEW - DO NOT AUTO-OVERRIDE
data/raw/mri_images/DWI/MRI00149.png,DWI,data/raw/mri_images/FLAIR/MRI00093.png,FLAIR,10,Cross-Class Near Duplicate,MARK FOR MEDICAL REVIEW - DO NOT AUTO-OVERRIDE
data/raw/mri_images/DWI/MRI00149.png,DWI,data/raw/mri_images/FLAIR/MRI00094.png,FLAIR,9,Cross-Class Near Duplicate,MARK FOR MEDICAL REVIEW - DO NOT AUTO-OVERRIDE
data/raw/mri_images/DWI/MRI00149.png,DWI,data/raw/mri_images/FLAIR/MRI00095.png,FLAIR,9,Cross-Class Near Duplicate,MARK FOR MEDICAL REVIEW - DO NOT AUTO-OVERRIDE
data/raw/mri_images/DWI/MRI00149.png,DWI,data/raw/mri_images/FLAIR/MRI00096.png,FLAIR,2,Cross-Class Near Duplicate,MARK FOR MEDICAL REVIEW - DO NOT AUTO-OVERRIDE
data/raw/mri_images/DWI/MRI00149.png,DWI,data/raw/mri_images/FLAIR/MRI00100.png,FLAIR,4,Cross-Class Near Duplicate,MARK FOR MEDICAL REVIEW - DO NOT AUTO-OVERRIDE
data/raw/mri_images/DWI/MRI00149.png,DWI,data/raw/mri_images/FLAIR/MRI00105.png,FLAIR,10,Cross-Class Near Duplicate,MARK FOR MEDICAL REVIEW - DO NOT AUTO-OVERRIDE
data/raw/mri_images/DWI/MRI00149.png,DWI,data/raw/mri_images/FLAIR/MRI00108.png,FLAIR,7,Cross-Class Near Duplicate,MARK FOR MEDICAL REVIEW - DO NOT AUTO-OVERRIDE
data/raw/mri_images/DWI/MRI00149.png,DWI,data/raw/mri_images/FLAIR/MRI00110.png,FLAIR,7,Cross-Class Near Duplicate,MARK FOR MEDICAL REVIEW - DO NOT AUTO-OVERRIDE
data/raw/mri_images/DWI/MRI00149.png,DWI,data/raw/mri_images/FLAIR/MRI00115.png,FLAIR,5,Cross-Class Near Duplicate,MARK FOR MEDICAL REVIEW - DO NOT AUTO-OVERRIDE
data/raw/mri_images/DWI/MRI00149.png,DWI,data/raw/mri_images/FLAIR/MRI00116.png,FLAIR,7,Cross-Class Near Duplicate,MARK FOR MEDICAL REVIEW - DO NOT AUTO-OVERRIDE
data/raw/mri_images/DWI/MRI00149.png,DWI,data/raw/mri_images/FLAIR/MRI00120.png,FLAIR,9,Cross-Class Near Duplicate,MARK FOR MEDICAL REVIEW - DO NOT AUTO-OVERRIDE
data/raw/mri_images/DWI/MRI00149.png,DWI,data/raw/mri_images/T2/MRI00041.png,T2,10,Cross-Class Near Duplicate,MARK FOR MEDICAL REVIEW - DO NOT AUTO-OVERRIDE
data/raw/mri_images/DWI/MRI00149.png,DWI,data/raw/mri_images/T2/MRI00046.png,T2,10,Cross-Class Near Duplicate,MARK FOR MEDICAL REVIEW - DO NOT AUTO-OVERRIDE
data/raw/mri_images/DWI/MRI00149.png,DWI,data/raw/mri_images/T2/MRI00056.png,T2,7,Cross-Class Near Duplicate,MARK FOR MEDICAL REVIEW - DO NOT AUTO-OVERRIDE
data/raw/mri_images/DWI/MRI00149.png,DWI,data/raw/mri_images/T2/MRI00078.png,T2,9,Cross-Class Near Duplicate,MARK FOR MEDICAL REVIEW - DO NOT AUTO-OVERRIDE
data/raw/mri_images/DWI/MRI00150.png,DWI,data/raw/mri_images/FLAIR/MRI00081.png,FLAIR,10,Cross-Class Near Duplicate,MARK FOR MEDICAL REVIEW - DO NOT AUTO-OVERRIDE
data/raw/mri_images/DWI/MRI00150.png,DWI,data/raw/mri_images/FLAIR/MRI00082.png,FLAIR,9,Cross-Class Near Duplicate,MARK FOR MEDICAL REVIEW - DO NOT AUTO-OVERRIDE
data/raw/mri_images/DWI/MRI00150.png,DWI,data/raw/mri_images/FLAIR/MRI00084.png,FLAIR,6,Cross-Class Near Duplicate,MARK FOR MEDICAL REVIEW - DO NOT AUTO-OVERRIDE
data/raw/mri_images/DWI/MRI00150.png,DWI,data/raw/mri_images/FLAIR/MRI00086.png,FLAIR,10,Cross-Class Near Duplicate,MARK FOR MEDICAL REVIEW - DO NOT AUTO-OVERRIDE
data/raw/mri_images/DWI/MRI00150.png,DWI,data/raw/mri_images/FLAIR/MRI00089.png,FLAIR,1,Cross-Class Near Duplicate,MARK FOR MEDICAL REVIEW - DO NOT AUTO-OVERRIDE
data/raw/mri_images/DWI/MRI00150.png,DWI,data/raw/mri_images/FLAIR/MRI00090.png,FLAIR,10,Cross-Class Near Duplicate,MARK FOR MEDICAL REVIEW - DO NOT AUTO-OVERRIDE
data/raw/mri_images/DWI/MRI00150.png,DWI,data/raw/mri_images/FLAIR/MRI00092.png,FLAIR,6,Cross-Class Near Duplicate,MARK FOR MEDICAL REVIEW - DO NOT AUTO-OVERRIDE
data/raw/mri_images/DWI/MRI00150.png,DWI,data/raw/mri_images/FLAIR/MRI00096.png,FLAIR,6,Cross-Class Near Duplicate,MARK FOR MEDICAL REVIEW - DO NOT AUTO-OVERRIDE
data/raw/mri_images/DWI/MRI00150.png,DWI,data/raw/mri_images/FLAIR/MRI00097.png,FLAIR,10,Cross-Class Near Duplicate,MARK FOR MEDICAL REVIEW - DO NOT AUTO-OVERRIDE
data/raw/mri_images/DWI/MRI00150.png,DWI,data/raw/mri_images/FLAIR/MRI00098.png,FLAIR,7,Cross-Class Near Duplicate,MARK FOR MEDICAL REVIEW - DO NOT AUTO-OVERRIDE
data/raw/mri_images/DWI/MRI00150.png,DWI,data/raw/mri_images/FLAIR/MRI00100.png,FLAIR,6,Cross-Class Near Duplicate,MARK FOR MEDICAL REVIEW - DO NOT AUTO-OVERRIDE
data/raw/mri_images/DWI/MRI00150.png,DWI,data/raw/mri_images/FLAIR/MRI00101.png,FLAIR,8,Cross-Class Near Duplicate,MARK FOR MEDICAL REVIEW - DO NOT AUTO-OVERRIDE
data/raw/mri_images/DWI/MRI00150.png,DWI,data/raw/mri_images/FLAIR/MRI00105.png,FLAIR,4,Cross-Class Near Duplicate,MARK FOR MEDICAL REVIEW - DO NOT AUTO-OVERRIDE
data/raw/mri_images/DWI/MRI00150.png,DWI,data/raw/mri_images/FLAIR/MRI00106.png,FLAIR,10,Cross-Class Near Duplicate,MARK FOR MEDICAL REVIEW - DO NOT AUTO-OVERRIDE
data/raw/mri_images/DWI/MRI00150.png,DWI,data/raw/mri_images/FLAIR/MRI00109.png,FLAIR,9,Cross-Class Near Duplicate,MARK FOR MEDICAL REVIEW - DO NOT AUTO-OVERRIDE
data/raw/mri_images/DWI/MRI00150.png,DWI,data/raw/mri_images/FLAIR/MRI00115.png,FLAIR,9,Cross-Class Near Duplicate,MARK FOR MEDICAL REVIEW - DO NOT AUTO-OVERRIDE
data/raw/mri_images/DWI/MRI00150.png,DWI,data/raw/mri_images/FLAIR/MRI00116.png,FLAIR,1,Cross-Class Near Duplicate,MARK FOR MEDICAL REVIEW - DO NOT AUTO-OVERRIDE
data/raw/mri_images/DWI/MRI00150.png,DWI,data/raw/mri_images/T2/MRI00041.png,T2,8,Cross-Class Near Duplicate,MARK FOR MEDICAL REVIEW - DO NOT AUTO-OVERRIDE
data/raw/mri_images/DWI/MRI00150.png,DWI,data/raw/mri_images/T2/MRI00073.png,T2,10,Cross-Class Near Duplicate,MARK FOR MEDICAL REVIEW - DO NOT AUTO-OVERRIDE
data/raw/mri_images/DWI/MRI00151.png,DWI,data/raw/mri_images/FLAIR/MRI00081.png,FLAIR,9,Cross-Class Near Duplicate,MARK FOR MEDICAL REVIEW - DO NOT AUTO-OVERRIDE
data/raw/mri_images/DWI/MRI00151.png,DWI,data/raw/mri_images/FLAIR/MRI00082.png,FLAIR,8,Cross-Class Near Duplicate,MARK FOR MEDICAL REVIEW - DO NOT AUTO-OVERRIDE
data/raw/mri_images/DWI/MRI00151.png,DWI,data/raw/mri_images/FLAIR/MRI00084.png,FLAIR,5,Cross-Class Near Duplicate,MARK FOR MEDICAL REVIEW - DO NOT AUTO-OVERRIDE
data/raw/mri_images/DWI/MRI00151.png,DWI,data/raw/mri_images/FLAIR/MRI00086.png,FLAIR,9,Cross-Class Near Duplicate,MARK FOR MEDICAL REVIEW - DO NOT AUTO-OVERRIDE
data/raw/mri_images/DWI/MRI00151.png,DWI,data/raw/mri_images/FLAIR/MRI00089.png,FLAIR,0,Cross-Class Exact Duplicate,MARK FOR MEDICAL REVIEW - DO NOT AUTO-OVERRIDE
data/raw/mri_images/DWI/MRI00151.png,DWI,data/raw/mri_images/FLAIR/MRI00090.png,FLAIR,9,Cross-Class Near Duplicate,MARK FOR MEDICAL REVIEW - DO NOT AUTO-OVERRIDE
data/raw/mri_images/DWI/MRI00151.png,DWI,data/raw/mri_images/FLAIR/MRI00092.png,FLAIR,5,Cross-Class Near Duplicate,MARK FOR MEDICAL REVIEW - DO NOT AUTO-OVERRIDE
data/raw/mri_images/DWI/MRI00151.png,DWI,data/raw/mri_images/FLAIR/MRI00095.png,FLAIR,10,Cross-Class Near Duplicate,MARK FOR MEDICAL REVIEW - DO NOT AUTO-OVERRIDE
data/raw/mri_images/DWI/MRI00151.png,DWI,data/raw/mri_images/FLAIR/MRI00096.png,FLAIR,5,Cross-Class Near Duplicate,MARK FOR MEDICAL REVIEW - DO NOT AUTO-OVERRIDE
data/raw/mri_images/DWI/MRI00151.png,DWI,data/raw/mri_images/FLAIR/MRI00097.png,FLAIR,9,Cross-Class Near Duplicate,MARK FOR MEDICAL REVIEW - DO NOT AUTO-OVERRIDE
data/raw/mri_images/DWI/MRI00151.png,DWI,data/raw/mri_images/FLAIR/MRI00098.png,FLAIR,6,Cross-Class Near Duplicate,MARK FOR MEDICAL REVIEW - DO NOT AUTO-OVERRIDE
data/raw/mri_images/DWI/MRI00151.png,DWI,data/raw/mri_images/FLAIR/MRI00100.png,FLAIR,5,Cross-Class Near Duplicate,MARK FOR MEDICAL REVIEW - DO NOT AUTO-OVERRIDE
data/raw/mri_images/DWI/MRI00151.png,DWI,data/raw/mri_images/FLAIR/MRI00101.png,FLAIR,7,Cross-Class Near Duplicate,MARK FOR MEDICAL REVIEW - DO NOT AUTO-OVERRIDE
data/raw/mri_images/DWI/MRI00151.png,DWI,data/raw/mri_images/FLAIR/MRI00105.png,FLAIR,3,Cross-Class Near Duplicate,MARK FOR MEDICAL REVIEW - DO NOT AUTO-OVERRIDE
data/raw/mri_images/DWI/MRI00151.png,DWI,data/raw/mri_images/FLAIR/MRI00106.png,FLAIR,9,Cross-Class Near Duplicate,MARK FOR MEDICAL REVIEW - DO NOT AUTO-OVERRIDE
data/raw/mri_images/DWI/MRI00151.png,DWI,data/raw/mri_images/FLAIR/MRI00109.png,FLAIR,8,Cross-Class Near Duplicate,MARK FOR MEDICAL REVIEW - DO NOT AUTO-OVERRIDE
data/raw/mri_images/DWI/MRI00151.png,DWI,data/raw/mri_images/FLAIR/MRI00110.png,FLAIR,10,Cross-Class Near Duplicate,MARK FOR MEDICAL REVIEW - DO NOT AUTO-OVERRIDE
data/raw/mri_images/DWI/MRI00151.png,DWI,data/raw/mri_images/FLAIR/MRI00115.png,FLAIR,8,Cross-Class Near Duplicate,MARK FOR MEDICAL REVIEW - DO NOT AUTO-OVERRIDE
data/raw/mri_images/DWI/MRI00151.png,DWI,data/raw/mri_images/FLAIR/MRI00116.png,FLAIR,0,Cross-Class Exact Duplicate,MARK FOR MEDICAL REVIEW - DO NOT AUTO-OVERRIDE
data/raw/mri_images/DWI/MRI00151.png,DWI,data/raw/mri_images/FLAIR/MRI00118.png,FLAIR,10,Cross-Class Near Duplicate,MARK FOR MEDICAL REVIEW - DO NOT AUTO-OVERRIDE
data/raw/mri_images/DWI/MRI00151.png,DWI,data/raw/mri_images/FLAIR/MRI00120.png,FLAIR,10,Cross-Class Near Duplicate,MARK FOR MEDICAL REVIEW - DO NOT AUTO-OVERRIDE
data/raw/mri_images/DWI/MRI00151.png,DWI,data/raw/mri_images/T2/MRI00041.png,T2,7,Cross-Class Near Duplicate,MARK FOR MEDICAL REVIEW - DO NOT AUTO-OVERRIDE
data/raw/mri_images/DWI/MRI00151.png,DWI,data/raw/mri_images/T2/MRI00056.png,T2,10,Cross-Class Near Duplicate,MARK FOR MEDICAL REVIEW - DO NOT AUTO-OVERRIDE
data/raw/mri_images/DWI/MRI00151.png,DWI,data/raw/mri_images/T2/MRI00067.png,T2,10,Cross-Class Near Duplicate,MARK FOR MEDICAL REVIEW - DO NOT AUTO-OVERRIDE
data/raw/mri_images/DWI/MRI00151.png,DWI,data/raw/mri_images/T2/MRI00073.png,T2,9,Cross-Class Near Duplicate,MARK FOR MEDICAL REVIEW - DO NOT AUTO-OVERRIDE
data/raw/mri_images/DWI/MRI00151.png,DWI,data/raw/mri_images/T2/MRI00078.png,T2,10,Cross-Class Near Duplicate,MARK FOR MEDICAL REVIEW - DO NOT AUTO-OVERRIDE
data/raw/mri_images/DWI/MRI00152.png,DWI,data/raw/mri_images/FLAIR/MRI00082.png,FLAIR,7,Cross-Class Near Duplicate,MARK FOR MEDICAL REVIEW - DO NOT AUTO-OVERRIDE
data/raw/mri_images/DWI/MRI00152.png,DWI,data/raw/mri_images/FLAIR/MRI00084.png,FLAIR,4,Cross-Class Near Duplicate,MARK FOR MEDICAL REVIEW - DO NOT AUTO-OVERRIDE
data/raw/mri_images/DWI/MRI00152.png,DWI,data/raw/mri_images/FLAIR/MRI00089.png,FLAIR,7,Cross-Class Near Duplicate,MARK FOR MEDICAL REVIEW - DO NOT AUTO-OVERRIDE
data/raw/mri_images/DWI/MRI00152.png,DWI,data/raw/mri_images/FLAIR/MRI00091.png,FLAIR,8,Cross-Class Near Duplicate,MARK FOR MEDICAL REVIEW - DO NOT AUTO-OVERRIDE
data/raw/mri_images/DWI/MRI00152.png,DWI,data/raw/mri_images/FLAIR/MRI00092.png,FLAIR,2,Cross-Class Near Duplicate,MARK FOR MEDICAL REVIEW - DO NOT AUTO-OVERRIDE
data/raw/mri_images/DWI/MRI00152.png,DWI,data/raw/mri_images/FLAIR/MRI00096.png,FLAIR,2,Cross-Class Near Duplicate,MARK FOR MEDICAL REVIEW - DO NOT AUTO-OVERRIDE
data/raw/mri_images/DWI/MRI00152.png,DWI,data/raw/mri_images/FLAIR/MRI00100.png,FLAIR,4,Cross-Class Near Duplicate,MARK FOR MEDICAL REVIEW - DO NOT AUTO-OVERRIDE
data/raw/mri_images/DWI/MRI00152.png,DWI,data/raw/mri_images/FLAIR/MRI00105.png,FLAIR,10,Cross-Class Near Duplicate,MARK FOR MEDICAL REVIEW - DO NOT AUTO-OVERRIDE
data/raw/mri_images/DWI/MRI00152.png,DWI,data/raw/mri_images/FLAIR/MRI00108.png,FLAIR,9,Cross-Class Near Duplicate,MARK FOR MEDICAL REVIEW - DO NOT AUTO-OVERRIDE
data/raw/mri_images/DWI/MRI00152.png,DWI,data/raw/mri_images/FLAIR/MRI00110.png,FLAIR,9,Cross-Class Near Duplicate,MARK FOR MEDICAL REVIEW - DO NOT AUTO-OVERRIDE
data/raw/mri_images/DWI/MRI00152.png,DWI,data/raw/mri_images/FLAIR/MRI00115.png,FLAIR,5,Cross-Class Near Duplicate,MARK FOR MEDICAL REVIEW - DO NOT AUTO-OVERRIDE
data/raw/mri_images/DWI/MRI00152.png,DWI,data/raw/mri_images/FLAIR/MRI00116.png,FLAIR,7,Cross-Class Near Duplicate,MARK FOR MEDICAL REVIEW - DO NOT AUTO-OVERRIDE
data/raw/mri_images/DWI/MRI00152.png,DWI,data/raw/mri_images/T2/MRI00041.png,T2,10,Cross-Class Near Duplicate,MARK FOR MEDICAL REVIEW - DO NOT AUTO-OVERRIDE
data/raw/mri_images/DWI/MRI00152.png,DWI,data/raw/mri_images/T2/MRI00056.png,T2,9,Cross-Class Near Duplicate,MARK FOR MEDICAL REVIEW - DO NOT AUTO-OVERRIDE
data/raw/mri_images/DWI/MRI00153.png,DWI,data/raw/mri_images/FLAIR/MRI00081.png,FLAIR,9,Cross-Class Near Duplicate,MARK FOR MEDICAL REVIEW - DO NOT AUTO-OVERRIDE
data/raw/mri_images/DWI/MRI00153.png,DWI,data/raw/mri_images/FLAIR/MRI00082.png,FLAIR,6,Cross-Class Near Duplicate,MARK FOR MEDICAL REVIEW - DO NOT AUTO-OVERRIDE
data/raw/mri_images/DWI/MRI00153.png,DWI,data/raw/mri_images/FLAIR/MRI00083.png,FLAIR,9,Cross-Class Near Duplicate,MARK FOR MEDICAL REVIEW - DO NOT AUTO-OVERRIDE
data/raw/mri_images/DWI/MRI00153.png,DWI,data/raw/mri_images/FLAIR/MRI00084.png,FLAIR,9,Cross-Class Near Duplicate,MARK FOR MEDICAL REVIEW - DO NOT AUTO-OVERRIDE
data/raw/mri_images/DWI/MRI00153.png,DWI,data/raw/mri_images/FLAIR/MRI00085.png,FLAIR,5,Cross-Class Near Duplicate,MARK FOR MEDICAL REVIEW - DO NOT AUTO-OVERRIDE
data/raw/mri_images/DWI/MRI00153.png,DWI,data/raw/mri_images/FLAIR/MRI00086.png,FLAIR,7,Cross-Class Near Duplicate,MARK FOR MEDICAL REVIEW - DO NOT AUTO-OVERRIDE
data/raw/mri_images/DWI/MRI00153.png,DWI,data/raw/mri_images/FLAIR/MRI00090.png,FLAIR,9,Cross-Class Near Duplicate,MARK FOR MEDICAL REVIEW - DO NOT AUTO-OVERRIDE
data/raw/mri_images/DWI/MRI00153.png,DWI,data/raw/mri_images/FLAIR/MRI00092.png,FLAIR,9,Cross-Class Near Duplicate,MARK FOR MEDICAL REVIEW - DO NOT AUTO-OVERRIDE
data/raw/mri_images/DWI/MRI00153.png,DWI,data/raw/mri_images/FLAIR/MRI00093.png,FLAIR,7,Cross-Class Near Duplicate,MARK FOR MEDICAL REVIEW - DO NOT AUTO-OVERRIDE
data/raw/mri_images/DWI/MRI00153.png,DWI,data/raw/mri_images/FLAIR/MRI00094.png,FLAIR,4,Cross-Class Near Duplicate,MARK FOR MEDICAL REVIEW - DO NOT AUTO-OVERRIDE
data/raw/mri_images/DWI/MRI00153.png,DWI,data/raw/mri_images/FLAIR/MRI00095.png,FLAIR,4,Cross-Class Near Duplicate,MARK FOR MEDICAL REVIEW - DO NOT AUTO-OVERRIDE
data/raw/mri_images/DWI/MRI00153.png,DWI,data/raw/mri_images/FLAIR/MRI00096.png,FLAIR,9,Cross-Class Near Duplicate,MARK FOR MEDICAL REVIEW - DO NOT AUTO-OVERRIDE
data/raw/mri_images/DWI/MRI00153.png,DWI,data/raw/mri_images/FLAIR/MRI00097.png,FLAIR,9,Cross-Class Near Duplicate,MARK FOR MEDICAL REVIEW - DO NOT AUTO-OVERRIDE
data/raw/mri_images/DWI/MRI00153.png,DWI,data/raw/mri_images/FLAIR/MRI00101.png,FLAIR,7,Cross-Class Near Duplicate,MARK FOR MEDICAL REVIEW - DO NOT AUTO-OVERRIDE
data/raw/mri_images/DWI/MRI00153.png,DWI,data/raw/mri_images/FLAIR/MRI00102.png,FLAIR,6,Cross-Class Near Duplicate,MARK FOR MEDICAL REVIEW - DO NOT AUTO-OVERRIDE
data/raw/mri_images/DWI/MRI00153.png,DWI,data/raw/mri_images/FLAIR/MRI00103.png,FLAIR,8,Cross-Class Near Duplicate,MARK FOR MEDICAL REVIEW - DO NOT AUTO-OVERRIDE
data/raw/mri_images/DWI/MRI00153.png,DWI,data/raw/mri_images/FLAIR/MRI00106.png,FLAIR,7,Cross-Class Near Duplicate,MARK FOR MEDICAL REVIEW - DO NOT AUTO-OVERRIDE
data/raw/mri_images/DWI/MRI00153.png,DWI,data/raw/mri_images/FLAIR/MRI00108.png,FLAIR,0,Cross-Class Exact Duplicate,MARK FOR MEDICAL REVIEW - DO NOT AUTO-OVERRIDE
data/raw/mri_images/DWI/MRI00153.png,DWI,data/raw/mri_images/FLAIR/MRI00109.png,FLAIR,10,Cross-Class Near Duplicate,MARK FOR MEDICAL REVIEW - DO NOT AUTO-OVERRIDE
data/raw/mri_images/DWI/MRI00153.png,DWI,data/raw/mri_images/FLAIR/MRI00110.png,FLAIR,2,Cross-Class Near Duplicate,MARK FOR MEDICAL REVIEW - DO NOT AUTO-OVERRIDE
data/raw/mri_images/DWI/MRI00153.png,DWI,data/raw/mri_images/FLAIR/MRI00115.png,FLAIR,6,Cross-Class Near Duplicate,MARK FOR MEDICAL REVIEW - DO NOT AUTO-OVERRIDE
data/raw/mri_images/DWI/MRI00153.png,DWI,data/raw/mri_images/FLAIR/MRI00118.png,FLAIR,8,Cross-Class Near Duplicate,MARK FOR MEDICAL REVIEW - DO NOT AUTO-OVERRIDE
data/raw/mri_images/DWI/MRI00153.png,DWI,data/raw/mri_images/FLAIR/MRI00120.png,FLAIR,4,Cross-Class Near Duplicate,MARK FOR MEDICAL REVIEW - DO NOT AUTO-OVERRIDE
data/raw/mri_images/DWI/MRI00153.png,DWI,data/raw/mri_images/T2/MRI00043.png,T2,9,Cross-Class Near Duplicate,MARK FOR MEDICAL REVIEW - DO NOT AUTO-OVERRIDE
data/raw/mri_images/DWI/MRI00153.png,DWI,data/raw/mri_images/T2/MRI00045.png,T2,10,Cross-Class Near Duplicate,MARK FOR MEDICAL REVIEW - DO NOT AUTO-OVERRIDE
data/raw/mri_images/DWI/MRI00153.png,DWI,data/raw/mri_images/T2/MRI00052.png,T2,9,Cross-Class Near Duplicate,MARK FOR MEDICAL REVIEW - DO NOT AUTO-OVERRIDE
data/raw/mri_images/DWI/MRI00153.png,DWI,data/raw/mri_images/T2/MRI00053.png,T2,9,Cross-Class Near Duplicate,MARK FOR MEDICAL REVIEW - DO NOT AUTO-OVERRIDE
data/raw/mri_images/DWI/MRI00153.png,DWI,data/raw/mri_images/T2/MRI00056.png,T2,10,Cross-Class Near Duplicate,MARK FOR MEDICAL REVIEW - DO NOT AUTO-OVERRIDE
data/raw/mri_images/DWI/MRI00153.png,DWI,data/raw/mri_images/T2/MRI00065.png,T2,9,Cross-Class Near Duplicate,MARK FOR MEDICAL REVIEW - DO NOT AUTO-OVERRIDE
data/raw/mri_images/DWI/MRI00153.png,DWI,data/raw/mri_images/T2/MRI00066.png,T2,9,Cross-Class Near Duplicate,MARK FOR MEDICAL REVIEW - DO NOT AUTO-OVERRIDE
data/raw/mri_images/DWI/MRI00154.png,DWI,data/raw/mri_images/FLAIR/MRI00081.png,FLAIR,9,Cross-Class Near Duplicate,MARK FOR MEDICAL REVIEW - DO NOT AUTO-OVERRIDE
data/raw/mri_images/DWI/MRI00154.png,DWI,data/raw/mri_images/FLAIR/MRI00082.png,FLAIR,8,Cross-Class Near Duplicate,MARK FOR MEDICAL REVIEW - DO NOT AUTO-OVERRIDE
data/raw/mri_images/DWI/MRI00154.png,DWI,data/raw/mri_images/FLAIR/MRI00083.png,FLAIR,9,Cross-Class Near Duplicate,MARK FOR MEDICAL REVIEW - DO NOT AUTO-OVERRIDE
data/raw/mri_images/DWI/MRI00154.png,DWI,data/raw/mri_images/FLAIR/MRI00085.png,FLAIR,7,Cross-Class Near Duplicate,MARK FOR MEDICAL REVIEW - DO NOT AUTO-OVERRIDE
data/raw/mri_images/DWI/MRI00154.png,DWI,data/raw/mri_images/FLAIR/MRI00086.png,FLAIR,9,Cross-Class Near Duplicate,MARK FOR MEDICAL REVIEW - DO NOT AUTO-OVERRIDE
data/raw/mri_images/DWI/MRI00154.png,DWI,data/raw/mri_images/FLAIR/MRI00090.png,FLAIR,9,Cross-Class Near Duplicate,MARK FOR MEDICAL REVIEW - DO NOT AUTO-OVERRIDE
data/raw/mri_images/DWI/MRI00154.png,DWI,data/raw/mri_images/FLAIR/MRI00093.png,FLAIR,7,Cross-Class Near Duplicate,MARK FOR MEDICAL REVIEW - DO NOT AUTO-OVERRIDE
data/raw/mri_images/DWI/MRI00154.png,DWI,data/raw/mri_images/FLAIR/MRI00094.png,FLAIR,4,Cross-Class Near Duplicate,MARK FOR MEDICAL REVIEW - DO NOT AUTO-OVERRIDE
data/raw/mri_images/DWI/MRI00154.png,DWI,data/raw/mri_images/FLAIR/MRI00095.png,FLAIR,4,Cross-Class Near Duplicate,MARK FOR MEDICAL REVIEW - DO NOT AUTO-OVERRIDE
data/raw/mri_images/DWI/MRI00154.png,DWI,data/raw/mri_images/FLAIR/MRI00097.png,FLAIR,9,Cross-Class Near Duplicate,MARK FOR MEDICAL REVIEW - DO NOT AUTO-OVERRIDE
data/raw/mri_images/DWI/MRI00154.png,DWI,data/raw/mri_images/FLAIR/MRI00101.png,FLAIR,7,Cross-Class Near Duplicate,MARK FOR MEDICAL REVIEW - DO NOT AUTO-OVERRIDE
data/raw/mri_images/DWI/MRI00154.png,DWI,data/raw/mri_images/FLAIR/MRI00102.png,FLAIR,6,Cross-Class Near Duplicate,MARK FOR MEDICAL REVIEW - DO NOT AUTO-OVERRIDE
data/raw/mri_images/DWI/MRI00154.png,DWI,data/raw/mri_images/FLAIR/MRI00103.png,FLAIR,10,Cross-Class Near Duplicate,MARK FOR MEDICAL REVIEW - DO NOT AUTO-OVERRIDE
data/raw/mri_images/DWI/MRI00154.png,DWI,data/raw/mri_images/FLAIR/MRI00106.png,FLAIR,9,Cross-Class Near Duplicate,MARK FOR MEDICAL REVIEW - DO NOT AUTO-OVERRIDE
data/raw/mri_images/DWI/MRI00154.png,DWI,data/raw/mri_images/FLAIR/MRI00108.png,FLAIR,2,Cross-Class Near Duplicate,MARK FOR MEDICAL REVIEW - DO NOT AUTO-OVERRIDE
data/raw/mri_images/DWI/MRI00154.png,DWI,data/raw/mri_images/FLAIR/MRI00109.png,FLAIR,10,Cross-Class Near Duplicate,MARK FOR MEDICAL REVIEW - DO NOT AUTO-OVERRIDE
data/raw/mri_images/DWI/MRI00154.png,DWI,data/raw/mri_images/FLAIR/MRI00110.png,FLAIR,4,Cross-Class Near Duplicate,MARK FOR MEDICAL REVIEW - DO NOT AUTO-OVERRIDE
data/raw/mri_images/DWI/MRI00154.png,DWI,data/raw/mri_images/FLAIR/MRI00115.png,FLAIR,8,Cross-Class Near Duplicate,MARK FOR MEDICAL REVIEW - DO NOT AUTO-OVERRIDE
data/raw/mri_images/DWI/MRI00154.png,DWI,data/raw/mri_images/FLAIR/MRI00118.png,FLAIR,10,Cross-Class Near Duplicate,MARK FOR MEDICAL REVIEW - DO NOT AUTO-OVERRIDE
data/raw/mri_images/DWI/MRI00154.png,DWI,data/raw/mri_images/FLAIR/MRI00120.png,FLAIR,4,Cross-Class Near Duplicate,MARK FOR MEDICAL REVIEW - DO NOT AUTO-OVERRIDE
data/raw/mri_images/DWI/MRI00154.png,DWI,data/raw/mri_images/T2/MRI00045.png,T2,10,Cross-Class Near Duplicate,MARK FOR MEDICAL REVIEW - DO NOT AUTO-OVERRIDE
data/raw/mri_images/DWI/MRI00154.png,DWI,data/raw/mri_images/T2/MRI00062.png,T2,9,Cross-Class Near Duplicate,MARK FOR MEDICAL REVIEW - DO NOT AUTO-OVERRIDE
data/raw/mri_images/DWI/MRI00155.png,DWI,data/raw/mri_images/FLAIR/MRI00081.png,FLAIR,7,Cross-Class Near Duplicate,MARK FOR MEDICAL REVIEW - DO NOT AUTO-OVERRIDE
data/raw/mri_images/DWI/MRI00155.png,DWI,data/raw/mri_images/FLAIR/MRI00082.png,FLAIR,8,Cross-Class Near Duplicate,MARK FOR MEDICAL REVIEW - DO NOT AUTO-OVERRIDE
data/raw/mri_images/DWI/MRI00155.png,DWI,data/raw/mri_images/FLAIR/MRI00084.png,FLAIR,7,Cross-Class Near Duplicate,MARK FOR MEDICAL REVIEW - DO NOT AUTO-OVERRIDE
data/raw/mri_images/DWI/MRI00155.png,DWI,data/raw/mri_images/FLAIR/MRI00089.png,FLAIR,2,Cross-Class Near Duplicate,MARK FOR MEDICAL REVIEW - DO NOT AUTO-OVERRIDE
data/raw/mri_images/DWI/MRI00155.png,DWI,data/raw/mri_images/FLAIR/MRI00090.png,FLAIR,7,Cross-Class Near Duplicate,MARK FOR MEDICAL REVIEW - DO NOT AUTO-OVERRIDE
data/raw/mri_images/DWI/MRI00155.png,DWI,data/raw/mri_images/FLAIR/MRI00092.png,FLAIR,7,Cross-Class Near Duplicate,MARK FOR MEDICAL REVIEW - DO NOT AUTO-OVERRIDE
data/raw/mri_images/DWI/MRI00155.png,DWI,data/raw/mri_images/FLAIR/MRI00095.png,FLAIR,10,Cross-Class Near Duplicate,MARK FOR MEDICAL REVIEW - DO NOT AUTO-OVERRIDE
data/raw/mri_images/DWI/MRI00155.png,DWI,data/raw/mri_images/FLAIR/MRI00096.png,FLAIR,7,Cross-Class Near Duplicate,MARK FOR MEDICAL REVIEW - DO NOT AUTO-OVERRIDE
data/raw/mri_images/DWI/MRI00155.png,DWI,data/raw/mri_images/FLAIR/MRI00097.png,FLAIR,9,Cross-Class Near Duplicate,MARK FOR MEDICAL REVIEW - DO NOT AUTO-OVERRIDE
data/raw/mri_images/DWI/MRI00155.png,DWI,data/raw/mri_images/FLAIR/MRI00098.png,FLAIR,8,Cross-Class Near Duplicate,MARK FOR MEDICAL REVIEW - DO NOT AUTO-OVERRIDE
data/raw/mri_images/DWI/MRI00155.png,DWI,data/raw/mri_images/FLAIR/MRI00100.png,FLAIR,7,Cross-Class Near Duplicate,MARK FOR MEDICAL REVIEW - DO NOT AUTO-OVERRIDE
data/raw/mri_images/DWI/MRI00155.png,DWI,data/raw/mri_images/FLAIR/MRI00101.png,FLAIR,7,Cross-Class Near Duplicate,MARK FOR MEDICAL REVIEW - DO NOT AUTO-OVERRIDE
data/raw/mri_images/DWI/MRI00155.png,DWI,data/raw/mri_images/FLAIR/MRI00105.png,FLAIR,5,Cross-Class Near Duplicate,MARK FOR MEDICAL REVIEW - DO NOT AUTO-OVERRIDE
data/raw/mri_images/DWI/MRI00155.png,DWI,data/raw/mri_images/FLAIR/MRI00106.png,FLAIR,9,Cross-Class Near Duplicate,MARK FOR MEDICAL REVIEW - DO NOT AUTO-OVERRIDE
data/raw/mri_images/DWI/MRI00155.png,DWI,data/raw/mri_images/FLAIR/MRI00109.png,FLAIR,6,Cross-Class Near Duplicate,MARK FOR MEDICAL REVIEW - DO NOT AUTO-OVERRIDE
data/raw/mri_images/DWI/MRI00155.png,DWI,data/raw/mri_images/FLAIR/MRI00110.png,FLAIR,10,Cross-Class Near Duplicate,MARK FOR MEDICAL REVIEW - DO NOT AUTO-OVERRIDE
data/raw/mri_images/DWI/MRI00155.png,DWI,data/raw/mri_images/FLAIR/MRI00115.png,FLAIR,10,Cross-Class Near Duplicate,MARK FOR MEDICAL REVIEW - DO NOT AUTO-OVERRIDE
data/raw/mri_images/DWI/MRI00155.png,DWI,data/raw/mri_images/FLAIR/MRI00116.png,FLAIR,2,Cross-Class Near Duplicate,MARK FOR MEDICAL REVIEW - DO NOT AUTO-OVERRIDE
data/raw/mri_images/DWI/MRI00155.png,DWI,data/raw/mri_images/FLAIR/MRI00120.png,FLAIR,10,Cross-Class Near Duplicate,MARK FOR MEDICAL REVIEW - DO NOT AUTO-OVERRIDE
data/raw/mri_images/DWI/MRI00155.png,DWI,data/raw/mri_images/T2/MRI00041.png,T2,9,Cross-Class Near Duplicate,MARK FOR MEDICAL REVIEW - DO NOT AUTO-OVERRIDE
data/raw/mri_images/DWI/MRI00155.png,DWI,data/raw/mri_images/T2/MRI00056.png,T2,10,Cross-Class Near Duplicate,MARK FOR MEDICAL REVIEW - DO NOT AUTO-OVERRIDE
data/raw/mri_images/DWI/MRI00155.png,DWI,data/raw/mri_images/T2/MRI00067.png,T2,10,Cross-Class Near Duplicate,MARK FOR MEDICAL REVIEW - DO NOT AUTO-OVERRIDE
data/raw/mri_images/DWI/MRI00155.png,DWI,data/raw/mri_images/T2/MRI00073.png,T2,9,Cross-Class Near Duplicate,MARK FOR MEDICAL REVIEW - DO NOT AUTO-OVERRIDE
data/raw/mri_images/DWI/MRI00155.png,DWI,data/raw/mri_images/T2/MRI00078.png,T2,10,Cross-Class Near Duplicate,MARK FOR MEDICAL REVIEW - DO NOT AUTO-OVERRIDE
data/raw/mri_images/DWI/MRI00156.png,DWI,data/raw/mri_images/FLAIR/MRI00081.png,FLAIR,9,Cross-Class Near Duplicate,MARK FOR MEDICAL REVIEW - DO NOT AUTO-OVERRIDE
data/raw/mri_images/DWI/MRI00156.png,DWI,data/raw/mri_images/FLAIR/MRI00082.png,FLAIR,8,Cross-Class Near Duplicate,MARK FOR MEDICAL REVIEW - DO NOT AUTO-OVERRIDE
data/raw/mri_images/DWI/MRI00156.png,DWI,data/raw/mri_images/FLAIR/MRI00083.png,FLAIR,7,Cross-Class Near Duplicate,MARK FOR MEDICAL REVIEW - DO NOT AUTO-OVERRIDE
data/raw/mri_images/DWI/MRI00156.png,DWI,data/raw/mri_images/FLAIR/MRI00085.png,FLAIR,7,Cross-Class Near Duplicate,MARK FOR MEDICAL REVIEW - DO NOT AUTO-OVERRIDE
data/raw/mri_images/DWI/MRI00156.png,DWI,data/raw/mri_images/FLAIR/MRI00086.png,FLAIR,9,Cross-Class Near Duplicate,MARK FOR MEDICAL REVIEW - DO NOT AUTO-OVERRIDE
data/raw/mri_images/DWI/MRI00156.png,DWI,data/raw/mri_images/FLAIR/MRI00090.png,FLAIR,9,Cross-Class Near Duplicate,MARK FOR MEDICAL REVIEW - DO NOT AUTO-OVERRIDE
data/raw/mri_images/DWI/MRI00156.png,DWI,data/raw/mri_images/FLAIR/MRI00093.png,FLAIR,7,Cross-Class Near Duplicate,MARK FOR MEDICAL REVIEW - DO NOT AUTO-OVERRIDE
data/raw/mri_images/DWI/MRI00156.png,DWI,data/raw/mri_images/FLAIR/MRI00094.png,FLAIR,6,Cross-Class Near Duplicate,MARK FOR MEDICAL REVIEW - DO NOT AUTO-OVERRIDE
data/raw/mri_images/DWI/MRI00156.png,DWI,data/raw/mri_images/FLAIR/MRI00095.png,FLAIR,4,Cross-Class Near Duplicate,MARK FOR MEDICAL REVIEW - DO NOT AUTO-OVERRIDE
data/raw/mri_images/DWI/MRI00156.png,DWI,data/raw/mri_images/FLAIR/MRI00097.png,FLAIR,9,Cross-Class Near Duplicate,MARK FOR MEDICAL REVIEW - DO NOT AUTO-OVERRIDE
data/raw/mri_images/DWI/MRI00156.png,DWI,data/raw/mri_images/FLAIR/MRI00101.png,FLAIR,7,Cross-Class Near Duplicate,MARK FOR MEDICAL REVIEW - DO NOT AUTO-OVERRIDE
data/raw/mri_images/DWI/MRI00156.png,DWI,data/raw/mri_images/FLAIR/MRI00102.png,FLAIR,4,Cross-Class Near Duplicate,MARK FOR MEDICAL REVIEW - DO NOT AUTO-OVERRIDE
data/raw/mri_images/DWI/MRI00156.png,DWI,data/raw/mri_images/FLAIR/MRI00103.png,FLAIR,10,Cross-Class Near Duplicate,MARK FOR MEDICAL REVIEW - DO NOT AUTO-OVERRIDE
data/raw/mri_images/DWI/MRI00156.png,DWI,data/raw/mri_images/FLAIR/MRI00106.png,FLAIR,9,Cross-Class Near Duplicate,MARK FOR MEDICAL REVIEW - DO NOT AUTO-OVERRIDE
data/raw/mri_images/DWI/MRI00156.png,DWI,data/raw/mri_images/FLAIR/MRI00108.png,FLAIR,2,Cross-Class Near Duplicate,MARK FOR MEDICAL REVIEW - DO NOT AUTO-OVERRIDE
data/raw/mri_images/DWI/MRI00156.png,DWI,data/raw/mri_images/FLAIR/MRI00109.png,FLAIR,10,Cross-Class Near Duplicate,MARK FOR MEDICAL REVIEW - DO NOT AUTO-OVERRIDE
data/raw/mri_images/DWI/MRI00156.png,DWI,data/raw/mri_images/FLAIR/MRI00110.png,FLAIR,4,Cross-Class Near Duplicate,MARK FOR MEDICAL REVIEW - DO NOT AUTO-OVERRIDE
data/raw/mri_images/DWI/MRI00156.png,DWI,data/raw/mri_images/FLAIR/MRI00115.png,FLAIR,8,Cross-Class Near Duplicate,MARK FOR MEDICAL REVIEW - DO NOT AUTO-OVERRIDE
data/raw/mri_images/DWI/MRI00156.png,DWI,data/raw/mri_images/FLAIR/MRI00118.png,FLAIR,10,Cross-Class Near Duplicate,MARK FOR MEDICAL REVIEW - DO NOT AUTO-OVERRIDE
data/raw/mri_images/DWI/MRI00156.png,DWI,data/raw/mri_images/FLAIR/MRI00120.png,FLAIR,4,Cross-Class Near Duplicate,MARK FOR MEDICAL REVIEW - DO NOT AUTO-OVERRIDE
data/raw/mri_images/DWI/MRI00156.png,DWI,data/raw/mri_images/T2/MRI00045.png,T2,10,Cross-Class Near Duplicate,MARK FOR MEDICAL REVIEW - DO NOT AUTO-OVERRIDE
data/raw/mri_images/DWI/MRI00156.png,DWI,data/raw/mri_images/T2/MRI00053.png,T2,9,Cross-Class Near Duplicate,MARK FOR MEDICAL REVIEW - DO NOT AUTO-OVERRIDE
data/raw/mri_images/DWI/MRI00156.png,DWI,data/raw/mri_images/T2/MRI00065.png,T2,9,Cross-Class Near Duplicate,MARK FOR MEDICAL REVIEW - DO NOT AUTO-OVERRIDE
data/raw/mri_images/DWI/MRI00156.png,DWI,data/raw/mri_images/T2/MRI00066.png,T2,9,Cross-Class Near Duplicate,MARK FOR MEDICAL REVIEW - DO NOT AUTO-OVERRIDE
data/raw/mri_images/DWI/MRI00157.png,DWI,data/raw/mri_images/FLAIR/MRI00081.png,FLAIR,9,Cross-Class Near Duplicate,MARK FOR MEDICAL REVIEW - DO NOT AUTO-OVERRIDE
data/raw/mri_images/DWI/MRI00157.png,DWI,data/raw/mri_images/FLAIR/MRI00082.png,FLAIR,8,Cross-Class Near Duplicate,MARK FOR MEDICAL REVIEW - DO NOT AUTO-OVERRIDE
data/raw/mri_images/DWI/MRI00157.png,DWI,data/raw/mri_images/FLAIR/MRI00084.png,FLAIR,5,Cross-Class Near Duplicate,MARK FOR MEDICAL REVIEW - DO NOT AUTO-OVERRIDE
data/raw/mri_images/DWI/MRI00157.png,DWI,data/raw/mri_images/FLAIR/MRI00086.png,FLAIR,9,Cross-Class Near Duplicate,MARK FOR MEDICAL REVIEW - DO NOT AUTO-OVERRIDE
data/raw/mri_images/DWI/MRI00157.png,DWI,data/raw/mri_images/FLAIR/MRI00089.png,FLAIR,0,Cross-Class Exact Duplicate,MARK FOR MEDICAL REVIEW - DO NOT AUTO-OVERRIDE
data/raw/mri_images/DWI/MRI00157.png,DWI,data/raw/mri_images/FLAIR/MRI00090.png,FLAIR,9,Cross-Class Near Duplicate,MARK FOR MEDICAL REVIEW - DO NOT AUTO-OVERRIDE
data/raw/mri_images/DWI/MRI00157.png,DWI,data/raw/mri_images/FLAIR/MRI00092.png,FLAIR,5,Cross-Class Near Duplicate,MARK FOR MEDICAL REVIEW - DO NOT AUTO-OVERRIDE
data/raw/mri_images/DWI/MRI00157.png,DWI,data/raw/mri_images/FLAIR/MRI00095.png,FLAIR,10,Cross-Class Near Duplicate,MARK FOR MEDICAL REVIEW - DO NOT AUTO-OVERRIDE
data/raw/mri_images/DWI/MRI00157.png,DWI,data/raw/mri_images/FLAIR/MRI00096.png,FLAIR,5,Cross-Class Near Duplicate,MARK FOR MEDICAL REVIEW - DO NOT AUTO-OVERRIDE
data/raw/mri_images/DWI/MRI00157.png,DWI,data/raw/mri_images/FLAIR/MRI00097.png,FLAIR,9,Cross-Class Near Duplicate,MARK FOR MEDICAL REVIEW - DO NOT AUTO-OVERRIDE
data/raw/mri_images/DWI/MRI00157.png,DWI,data/raw/mri_images/FLAIR/MRI00098.png,FLAIR,6,Cross-Class Near Duplicate,MARK FOR MEDICAL REVIEW - DO NOT AUTO-OVERRIDE
data/raw/mri_images/DWI/MRI00157.png,DWI,data/raw/mri_images/FLAIR/MRI00100.png,FLAIR,5,Cross-Class Near Duplicate,MARK FOR MEDICAL REVIEW - DO NOT AUTO-OVERRIDE
data/raw/mri_images/DWI/MRI00157.png,DWI,data/raw/mri_images/FLAIR/MRI00101.png,FLAIR,7,Cross-Class Near Duplicate,MARK FOR MEDICAL REVIEW - DO NOT AUTO-OVERRIDE
data/raw/mri_images/DWI/MRI00157.png,DWI,data/raw/mri_images/FLAIR/MRI00105.png,FLAIR,3,Cross-Class Near Duplicate,MARK FOR MEDICAL REVIEW - DO NOT AUTO-OVERRIDE
data/raw/mri_images/DWI/MRI00157.png,DWI,data/raw/mri_images/FLAIR/MRI00106.png,FLAIR,9,Cross-Class Near Duplicate,MARK FOR MEDICAL REVIEW - DO NOT AUTO-OVERRIDE
data/raw/mri_images/DWI/MRI00157.png,DWI,data/raw/mri_images/FLAIR/MRI00109.png,FLAIR,8,Cross-Class Near Duplicate,MARK FOR MEDICAL REVIEW - DO NOT AUTO-OVERRIDE
data/raw/mri_images/DWI/MRI00157.png,DWI,data/raw/mri_images/FLAIR/MRI00110.png,FLAIR,10,Cross-Class Near Duplicate,MARK FOR MEDICAL REVIEW - DO NOT AUTO-OVERRIDE
data/raw/mri_images/DWI/MRI00157.png,DWI,data/raw/mri_images/FLAIR/MRI00115.png,FLAIR,8,Cross-Class Near Duplicate,MARK FOR MEDICAL REVIEW - DO NOT AUTO-OVERRIDE
data/raw/mri_images/DWI/MRI00157.png,DWI,data/raw/mri_images/FLAIR/MRI00116.png,FLAIR,0,Cross-Class Exact Duplicate,MARK FOR MEDICAL REVIEW - DO NOT AUTO-OVERRIDE
data/raw/mri_images/DWI/MRI00157.png,DWI,data/raw/mri_images/FLAIR/MRI00118.png,FLAIR,10,Cross-Class Near Duplicate,MARK FOR MEDICAL REVIEW - DO NOT AUTO-OVERRIDE
data/raw/mri_images/DWI/MRI00157.png,DWI,data/raw/mri_images/FLAIR/MRI00120.png,FLAIR,10,Cross-Class Near Duplicate,MARK FOR MEDICAL REVIEW - DO NOT AUTO-OVERRIDE
data/raw/mri_images/DWI/MRI00157.png,DWI,data/raw/mri_images/T2/MRI00041.png,T2,7,Cross-Class Near Duplicate,MARK FOR MEDICAL REVIEW - DO NOT AUTO-OVERRIDE
data/raw/mri_images/DWI/MRI00157.png,DWI,data/raw/mri_images/T2/MRI00056.png,T2,10,Cross-Class Near Duplicate,MARK FOR MEDICAL REVIEW - DO NOT AUTO-OVERRIDE
data/raw/mri_images/DWI/MRI00157.png,DWI,data/raw/mri_images/T2/MRI00067.png,T2,10,Cross-Class Near Duplicate,MARK FOR MEDICAL REVIEW - DO NOT AUTO-OVERRIDE
data/raw/mri_images/DWI/MRI00157.png,DWI,data/raw/mri_images/T2/MRI00073.png,T2,9,Cross-Class Near Duplicate,MARK FOR MEDICAL REVIEW - DO NOT AUTO-OVERRIDE
data/raw/mri_images/DWI/MRI00157.png,DWI,data/raw/mri_images/T2/MRI00078.png,T2,10,Cross-Class Near Duplicate,MARK FOR MEDICAL REVIEW - DO NOT AUTO-OVERRIDE
data/raw/mri_images/DWI/MRI00158.png,DWI,data/raw/mri_images/FLAIR/MRI00081.png,FLAIR,1,Cross-Class Near Duplicate,MARK FOR MEDICAL REVIEW - DO NOT AUTO-OVERRIDE
data/raw/mri_images/DWI/MRI00158.png,DWI,data/raw/mri_images/FLAIR/MRI00086.png,FLAIR,7,Cross-Class Near Duplicate,MARK FOR MEDICAL REVIEW - DO NOT AUTO-OVERRIDE
data/raw/mri_images/DWI/MRI00158.png,DWI,data/raw/mri_images/FLAIR/MRI00089.png,FLAIR,10,Cross-Class Near Duplicate,MARK FOR MEDICAL REVIEW - DO NOT AUTO-OVERRIDE
data/raw/mri_images/DWI/MRI00158.png,DWI,data/raw/mri_images/FLAIR/MRI00090.png,FLAIR,1,Cross-Class Near Duplicate,MARK FOR MEDICAL REVIEW - DO NOT AUTO-OVERRIDE
data/raw/mri_images/DWI/MRI00158.png,DWI,data/raw/mri_images/FLAIR/MRI00093.png,FLAIR,7,Cross-Class Near Duplicate,MARK FOR MEDICAL REVIEW - DO NOT AUTO-OVERRIDE
data/raw/mri_images/DWI/MRI00158.png,DWI,data/raw/mri_images/FLAIR/MRI00094.png,FLAIR,10,Cross-Class Near Duplicate,MARK FOR MEDICAL REVIEW - DO NOT AUTO-OVERRIDE
data/raw/mri_images/DWI/MRI00158.png,DWI,data/raw/mri_images/FLAIR/MRI00095.png,FLAIR,6,Cross-Class Near Duplicate,MARK FOR MEDICAL REVIEW - DO NOT AUTO-OVERRIDE
data/raw/mri_images/DWI/MRI00158.png,DWI,data/raw/mri_images/FLAIR/MRI00097.png,FLAIR,3,Cross-Class Near Duplicate,MARK FOR MEDICAL REVIEW - DO NOT AUTO-OVERRIDE
data/raw/mri_images/DWI/MRI00158.png,DWI,data/raw/mri_images/FLAIR/MRI00098.png,FLAIR,8,Cross-Class Near Duplicate,MARK FOR MEDICAL REVIEW - DO NOT AUTO-OVERRIDE
data/raw/mri_images/DWI/MRI00158.png,DWI,data/raw/mri_images/FLAIR/MRI00099.png,FLAIR,10,Cross-Class Near Duplicate,MARK FOR MEDICAL REVIEW - DO NOT AUTO-OVERRIDE
data/raw/mri_images/DWI/MRI00158.png,DWI,data/raw/mri_images/FLAIR/MRI00101.png,FLAIR,3,Cross-Class Near Duplicate,MARK FOR MEDICAL REVIEW - DO NOT AUTO-OVERRIDE
data/raw/mri_images/DWI/MRI00158.png,DWI,data/raw/mri_images/FLAIR/MRI00104.png,FLAIR,10,Cross-Class Near Duplicate,MARK FOR MEDICAL REVIEW - DO NOT AUTO-OVERRIDE
data/raw/mri_images/DWI/MRI00158.png,DWI,data/raw/mri_images/FLAIR/MRI00105.png,FLAIR,9,Cross-Class Near Duplicate,MARK FOR MEDICAL REVIEW - DO NOT AUTO-OVERRIDE
data/raw/mri_images/DWI/MRI00158.png,DWI,data/raw/mri_images/FLAIR/MRI00106.png,FLAIR,7,Cross-Class Near Duplicate,MARK FOR MEDICAL REVIEW - DO NOT AUTO-OVERRIDE
data/raw/mri_images/DWI/MRI00158.png,DWI,data/raw/mri_images/FLAIR/MRI00108.png,FLAIR,10,Cross-Class Near Duplicate,MARK FOR MEDICAL REVIEW - DO NOT AUTO-OVERRIDE
data/raw/mri_images/DWI/MRI00158.png,DWI,data/raw/mri_images/FLAIR/MRI00109.png,FLAIR,2,Cross-Class Near Duplicate,MARK FOR MEDICAL REVIEW - DO NOT AUTO-OVERRIDE
data/raw/mri_images/DWI/MRI00158.png,DWI,data/raw/mri_images/FLAIR/MRI00110.png,FLAIR,8,Cross-Class Near Duplicate,MARK FOR MEDICAL REVIEW - DO NOT AUTO-OVERRIDE
data/raw/mri_images/DWI/MRI00158.png,DWI,data/raw/mri_images/FLAIR/MRI00112.png,FLAIR,10,Cross-Class Near Duplicate,MARK FOR MEDICAL REVIEW - DO NOT AUTO-OVERRIDE
data/raw/mri_images/DWI/MRI00158.png,DWI,data/raw/mri_images/FLAIR/MRI00116.png,FLAIR,10,Cross-Class Near Duplicate,MARK FOR MEDICAL REVIEW - DO NOT AUTO-OVERRIDE
data/raw/mri_images/DWI/MRI00158.png,DWI,data/raw/mri_images/FLAIR/MRI00118.png,FLAIR,8,Cross-Class Near Duplicate,MARK FOR MEDICAL REVIEW - DO NOT AUTO-OVERRIDE
data/raw/mri_images/DWI/MRI00158.png,DWI,data/raw/mri_images/FLAIR/MRI00120.png,FLAIR,6,Cross-Class Near Duplicate,MARK FOR MEDICAL REVIEW - DO NOT AUTO-OVERRIDE
data/raw/mri_images/DWI/MRI00158.png,DWI,data/raw/mri_images/T2/MRI00045.png,T2,10,Cross-Class Near Duplicate,MARK FOR MEDICAL REVIEW - DO NOT AUTO-OVERRIDE
data/raw/mri_images/DWI/MRI00158.png,DWI,data/raw/mri_images/T2/MRI00048.png,T2,10,Cross-Class Near Duplicate,MARK FOR MEDICAL REVIEW - DO NOT AUTO-OVERRIDE
data/raw/mri_images/DWI/MRI00158.png,DWI,data/raw/mri_images/T2/MRI00052.png,T2,9,Cross-Class Near Duplicate,MARK FOR MEDICAL REVIEW - DO NOT AUTO-OVERRIDE
data/raw/mri_images/DWI/MRI00158.png,DWI,data/raw/mri_images/T2/MRI00058.png,T2,9,Cross-Class Near Duplicate,MARK FOR MEDICAL REVIEW - DO NOT AUTO-OVERRIDE
data/raw/mri_images/DWI/MRI00158.png,DWI,data/raw/mri_images/T2/MRI00063.png,T2,7,Cross-Class Near Duplicate,MARK FOR MEDICAL REVIEW - DO NOT AUTO-OVERRIDE
data/raw/mri_images/DWI/MRI00159.png,DWI,data/raw/mri_images/FLAIR/MRI00083.png,FLAIR,5,Cross-Class Near Duplicate,MARK FOR MEDICAL REVIEW - DO NOT AUTO-OVERRIDE
data/raw/mri_images/DWI/MRI00159.png,DWI,data/raw/mri_images/FLAIR/MRI00087.png,FLAIR,4,Cross-Class Near Duplicate,MARK FOR MEDICAL REVIEW - DO NOT AUTO-OVERRIDE
data/raw/mri_images/DWI/MRI00159.png,DWI,data/raw/mri_images/FLAIR/MRI00088.png,FLAIR,9,Cross-Class Near Duplicate,MARK FOR MEDICAL REVIEW - DO NOT AUTO-OVERRIDE
data/raw/mri_images/DWI/MRI00159.png,DWI,data/raw/mri_images/FLAIR/MRI00095.png,FLAIR,8,Cross-Class Near Duplicate,MARK FOR MEDICAL REVIEW - DO NOT AUTO-OVERRIDE
data/raw/mri_images/DWI/MRI00159.png,DWI,data/raw/mri_images/FLAIR/MRI00097.png,FLAIR,9,Cross-Class Near Duplicate,MARK FOR MEDICAL REVIEW - DO NOT AUTO-OVERRIDE
data/raw/mri_images/DWI/MRI00159.png,DWI,data/raw/mri_images/FLAIR/MRI00099.png,FLAIR,4,Cross-Class Near Duplicate,MARK FOR MEDICAL REVIEW - DO NOT AUTO-OVERRIDE
data/raw/mri_images/DWI/MRI00159.png,DWI,data/raw/mri_images/FLAIR/MRI00101.png,FLAIR,9,Cross-Class Near Duplicate,MARK FOR MEDICAL REVIEW - DO NOT AUTO-OVERRIDE
data/raw/mri_images/DWI/MRI00159.png,DWI,data/raw/mri_images/FLAIR/MRI00102.png,FLAIR,6,Cross-Class Near Duplicate,MARK FOR MEDICAL REVIEW - DO NOT AUTO-OVERRIDE
data/raw/mri_images/DWI/MRI00159.png,DWI,data/raw/mri_images/FLAIR/MRI00104.png,FLAIR,4,Cross-Class Near Duplicate,MARK FOR MEDICAL REVIEW - DO NOT AUTO-OVERRIDE
data/raw/mri_images/DWI/MRI00159.png,DWI,data/raw/mri_images/FLAIR/MRI00107.png,FLAIR,5,Cross-Class Near Duplicate,MARK FOR MEDICAL REVIEW - DO NOT AUTO-OVERRIDE
data/raw/mri_images/DWI/MRI00159.png,DWI,data/raw/mri_images/FLAIR/MRI00110.png,FLAIR,10,Cross-Class Near Duplicate,MARK FOR MEDICAL REVIEW - DO NOT AUTO-OVERRIDE
data/raw/mri_images/DWI/MRI00159.png,DWI,data/raw/mri_images/FLAIR/MRI00111.png,FLAIR,10,Cross-Class Near Duplicate,MARK FOR MEDICAL REVIEW - DO NOT AUTO-OVERRIDE
data/raw/mri_images/DWI/MRI00159.png,DWI,data/raw/mri_images/FLAIR/MRI00112.png,FLAIR,6,Cross-Class Near Duplicate,MARK FOR MEDICAL REVIEW - DO NOT AUTO-OVERRIDE
data/raw/mri_images/DWI/MRI00159.png,DWI,data/raw/mri_images/FLAIR/MRI00113.png,FLAIR,10,Cross-Class Near Duplicate,MARK FOR MEDICAL REVIEW - DO NOT AUTO-OVERRIDE
data/raw/mri_images/DWI/MRI00159.png,DWI,data/raw/mri_images/FLAIR/MRI00114.png,FLAIR,4,Cross-Class Near Duplicate,MARK FOR MEDICAL REVIEW - DO NOT AUTO-OVERRIDE
data/raw/mri_images/DWI/MRI00159.png,DWI,data/raw/mri_images/FLAIR/MRI00117.png,FLAIR,7,Cross-Class Near Duplicate,MARK FOR MEDICAL REVIEW - DO NOT AUTO-OVERRIDE
data/raw/mri_images/DWI/MRI00159.png,DWI,data/raw/mri_images/FLAIR/MRI00119.png,FLAIR,7,Cross-Class Near Duplicate,MARK FOR MEDICAL REVIEW - DO NOT AUTO-OVERRIDE
data/raw/mri_images/DWI/MRI00159.png,DWI,data/raw/mri_images/FLAIR/MRI00120.png,FLAIR,10,Cross-Class Near Duplicate,MARK FOR MEDICAL REVIEW - DO NOT AUTO-OVERRIDE
data/raw/mri_images/DWI/MRI00159.png,DWI,data/raw/mri_images/T2/MRI00049.png,T2,9,Cross-Class Near Duplicate,MARK FOR MEDICAL REVIEW - DO NOT AUTO-OVERRIDE
data/raw/mri_images/DWI/MRI00159.png,DWI,data/raw/mri_images/T2/MRI00055.png,T2,10,Cross-Class Near Duplicate,MARK FOR MEDICAL REVIEW - DO NOT AUTO-OVERRIDE
data/raw/mri_images/DWI/MRI00159.png,DWI,data/raw/mri_images/T2/MRI00072.png,T2,9,Cross-Class Near Duplicate,MARK FOR MEDICAL REVIEW - DO NOT AUTO-OVERRIDE
data/raw/mri_images/DWI/MRI00160.png,DWI,data/raw/mri_images/FLAIR/MRI00082.png,FLAIR,5,Cross-Class Near Duplicate,MARK FOR MEDICAL REVIEW - DO NOT AUTO-OVERRIDE
data/raw/mri_images/DWI/MRI00160.png,DWI,data/raw/mri_images/FLAIR/MRI00084.png,FLAIR,2,Cross-Class Near Duplicate,MARK FOR MEDICAL REVIEW - DO NOT AUTO-OVERRIDE
data/raw/mri_images/DWI/MRI00160.png,DWI,data/raw/mri_images/FLAIR/MRI00085.png,FLAIR,10,Cross-Class Near Duplicate,MARK FOR MEDICAL REVIEW - DO NOT AUTO-OVERRIDE
data/raw/mri_images/DWI/MRI00160.png,DWI,data/raw/mri_images/FLAIR/MRI00086.png,FLAIR,10,Cross-Class Near Duplicate,MARK FOR MEDICAL REVIEW - DO NOT AUTO-OVERRIDE
data/raw/mri_images/DWI/MRI00160.png,DWI,data/raw/mri_images/FLAIR/MRI00089.png,FLAIR,5,Cross-Class Near Duplicate,MARK FOR MEDICAL REVIEW - DO NOT AUTO-OVERRIDE
data/raw/mri_images/DWI/MRI00160.png,DWI,data/raw/mri_images/FLAIR/MRI00091.png,FLAIR,6,Cross-Class Near Duplicate,MARK FOR MEDICAL REVIEW - DO NOT AUTO-OVERRIDE
data/raw/mri_images/DWI/MRI00160.png,DWI,data/raw/mri_images/FLAIR/MRI00092.png,FLAIR,0,Cross-Class Exact Duplicate,MARK FOR MEDICAL REVIEW - DO NOT AUTO-OVERRIDE
data/raw/mri_images/DWI/MRI00160.png,DWI,data/raw/mri_images/FLAIR/MRI00093.png,FLAIR,10,Cross-Class Near Duplicate,MARK FOR MEDICAL REVIEW - DO NOT AUTO-OVERRIDE
data/raw/mri_images/DWI/MRI00160.png,DWI,data/raw/mri_images/FLAIR/MRI00095.png,FLAIR,9,Cross-Class Near Duplicate,MARK FOR MEDICAL REVIEW - DO NOT AUTO-OVERRIDE
data/raw/mri_images/DWI/MRI00160.png,DWI,data/raw/mri_images/FLAIR/MRI00096.png,FLAIR,0,Cross-Class Exact Duplicate,MARK FOR MEDICAL REVIEW - DO NOT AUTO-OVERRIDE
data/raw/mri_images/DWI/MRI00160.png,DWI,data/raw/mri_images/FLAIR/MRI00098.png,FLAIR,9,Cross-Class Near Duplicate,MARK FOR MEDICAL REVIEW - DO NOT AUTO-OVERRIDE
data/raw/mri_images/DWI/MRI00160.png,DWI,data/raw/mri_images/FLAIR/MRI00100.png,FLAIR,2,Cross-Class Near Duplicate,MARK FOR MEDICAL REVIEW - DO NOT AUTO-OVERRIDE
data/raw/mri_images/DWI/MRI00160.png,DWI,data/raw/mri_images/FLAIR/MRI00105.png,FLAIR,8,Cross-Class Near Duplicate,MARK FOR MEDICAL REVIEW - DO NOT AUTO-OVERRIDE
data/raw/mri_images/DWI/MRI00160.png,DWI,data/raw/mri_images/FLAIR/MRI00108.png,FLAIR,9,Cross-Class Near Duplicate,MARK FOR MEDICAL REVIEW - DO NOT AUTO-OVERRIDE
data/raw/mri_images/DWI/MRI00160.png,DWI,data/raw/mri_images/FLAIR/MRI00110.png,FLAIR,7,Cross-Class Near Duplicate,MARK FOR MEDICAL REVIEW - DO NOT AUTO-OVERRIDE
data/raw/mri_images/DWI/MRI00160.png,DWI,data/raw/mri_images/FLAIR/MRI00115.png,FLAIR,5,Cross-Class Near Duplicate,MARK FOR MEDICAL REVIEW - DO NOT AUTO-OVERRIDE
data/raw/mri_images/DWI/MRI00160.png,DWI,data/raw/mri_images/FLAIR/MRI00116.png,FLAIR,5,Cross-Class Near Duplicate,MARK FOR MEDICAL REVIEW - DO NOT AUTO-OVERRIDE
data/raw/mri_images/DWI/MRI00160.png,DWI,data/raw/mri_images/FLAIR/MRI00120.png,FLAIR,9,Cross-Class Near Duplicate,MARK FOR MEDICAL REVIEW - DO NOT AUTO-OVERRIDE
data/raw/mri_images/DWI/MRI00160.png,DWI,data/raw/mri_images/T2/MRI00041.png,T2,10,Cross-Class Near Duplicate,MARK FOR MEDICAL REVIEW - DO NOT AUTO-OVERRIDE
data/raw/mri_images/DWI/MRI00160.png,DWI,data/raw/mri_images/T2/MRI00056.png,T2,9,Cross-Class Near Duplicate,MARK FOR MEDICAL REVIEW - DO NOT AUTO-OVERRIDE
data/raw/mri_images/FLAIR/MRI00081.png,FLAIR,data/raw/mri_images/T2/MRI00041.png,T2,10,Cross-Class Near Duplicate,MARK FOR MEDICAL REVIEW - DO NOT AUTO-OVERRIDE
data/raw/mri_images/FLAIR/MRI00081.png,FLAIR,data/raw/mri_images/T2/MRI00045.png,T2,9,Cross-Class Near Duplicate,MARK FOR MEDICAL REVIEW - DO NOT AUTO-OVERRIDE
data/raw/mri_images/FLAIR/MRI00081.png,FLAIR,data/raw/mri_images/T2/MRI00052.png,T2,8,Cross-Class Near Duplicate,MARK FOR MEDICAL REVIEW - DO NOT AUTO-OVERRIDE
data/raw/mri_images/FLAIR/MRI00081.png,FLAIR,data/raw/mri_images/T2/MRI00058.png,T2,10,Cross-Class Near Duplicate,MARK FOR MEDICAL REVIEW - DO NOT AUTO-OVERRIDE
data/raw/mri_images/FLAIR/MRI00081.png,FLAIR,data/raw/mri_images/T2/MRI00063.png,T2,8,Cross-Class Near Duplicate,MARK FOR MEDICAL REVIEW - DO NOT AUTO-OVERRIDE
data/raw/mri_images/FLAIR/MRI00081.png,FLAIR,data/raw/mri_images/T2/MRI00072.png,T2,10,Cross-Class Near Duplicate,MARK FOR MEDICAL REVIEW - DO NOT AUTO-OVERRIDE
data/raw/mri_images/FLAIR/MRI00081.png,FLAIR,data/raw/mri_images/T2/MRI00075.png,T2,10,Cross-Class Near Duplicate,MARK FOR MEDICAL REVIEW - DO NOT AUTO-OVERRIDE
data/raw/mri_images/FLAIR/MRI00082.png,FLAIR,data/raw/mri_images/T2/MRI00056.png,T2,8,Cross-Class Near Duplicate,MARK FOR MEDICAL REVIEW - DO NOT AUTO-OVERRIDE
data/raw/mri_images/FLAIR/MRI00082.png,FLAIR,data/raw/mri_images/T2/MRI00078.png,T2,10,Cross-Class Near Duplicate,MARK FOR MEDICAL REVIEW - DO NOT AUTO-OVERRIDE
data/raw/mri_images/FLAIR/MRI00083.png,FLAIR,data/raw/mri_images/T2/MRI00053.png,T2,10,Cross-Class Near Duplicate,MARK FOR MEDICAL REVIEW - DO NOT AUTO-OVERRIDE
data/raw/mri_images/FLAIR/MRI00085.png,FLAIR,data/raw/mri_images/T2/MRI00043.png,T2,10,Cross-Class Near Duplicate,MARK FOR MEDICAL REVIEW - DO NOT AUTO-OVERRIDE
data/raw/mri_images/FLAIR/MRI00085.png,FLAIR,data/raw/mri_images/T2/MRI00052.png,T2,10,Cross-Class Near Duplicate,MARK FOR MEDICAL REVIEW - DO NOT AUTO-OVERRIDE
data/raw/mri_images/FLAIR/MRI00085.png,FLAIR,data/raw/mri_images/T2/MRI00053.png,T2,10,Cross-Class Near Duplicate,MARK FOR MEDICAL REVIEW - DO NOT AUTO-OVERRIDE
data/raw/mri_images/FLAIR/MRI00085.png,FLAIR,data/raw/mri_images/T2/MRI00065.png,T2,10,Cross-Class Near Duplicate,MARK FOR MEDICAL REVIEW - DO NOT AUTO-OVERRIDE
data/raw/mri_images/FLAIR/MRI00085.png,FLAIR,data/raw/mri_images/T2/MRI00066.png,T2,10,Cross-Class Near Duplicate,MARK FOR MEDICAL REVIEW - DO NOT AUTO-OVERRIDE
data/raw/mri_images/FLAIR/MRI00086.png,FLAIR,data/raw/mri_images/T2/MRI00063.png,T2,10,Cross-Class Near Duplicate,MARK FOR MEDICAL REVIEW - DO NOT AUTO-OVERRIDE
data/raw/mri_images/FLAIR/MRI00086.png,FLAIR,data/raw/mri_images/T2/MRI00077.png,T2,10,Cross-Class Near Duplicate,MARK FOR MEDICAL REVIEW - DO NOT AUTO-OVERRIDE
data/raw/mri_images/FLAIR/MRI00087.png,FLAIR,data/raw/mri_images/T2/MRI00055.png,T2,8,Cross-Class Near Duplicate,MARK FOR MEDICAL REVIEW - DO NOT AUTO-OVERRIDE
data/raw/mri_images/FLAIR/MRI00089.png,FLAIR,data/raw/mri_images/T2/MRI00041.png,T2,7,Cross-Class Near Duplicate,MARK FOR MEDICAL REVIEW - DO NOT AUTO-OVERRIDE
data/raw/mri_images/FLAIR/MRI00089.png,FLAIR,data/raw/mri_images/T2/MRI00056.png,T2,10,Cross-Class Near Duplicate,MARK FOR MEDICAL REVIEW - DO NOT AUTO-OVERRIDE
data/raw/mri_images/FLAIR/MRI00089.png,FLAIR,data/raw/mri_images/T2/MRI00067.png,T2,10,Cross-Class Near Duplicate,MARK FOR MEDICAL REVIEW - DO NOT AUTO-OVERRIDE
data/raw/mri_images/FLAIR/MRI00089.png,FLAIR,data/raw/mri_images/T2/MRI00073.png,T2,9,Cross-Class Near Duplicate,MARK FOR MEDICAL REVIEW - DO NOT AUTO-OVERRIDE
data/raw/mri_images/FLAIR/MRI00089.png,FLAIR,data/raw/mri_images/T2/MRI00078.png,T2,10,Cross-Class Near Duplicate,MARK FOR MEDICAL REVIEW - DO NOT AUTO-OVERRIDE
data/raw/mri_images/FLAIR/MRI00090.png,FLAIR,data/raw/mri_images/T2/MRI00041.png,T2,10,Cross-Class Near Duplicate,MARK FOR MEDICAL REVIEW - DO NOT AUTO-OVERRIDE
data/raw/mri_images/FLAIR/MRI00090.png,FLAIR,data/raw/mri_images/T2/MRI00045.png,T2,9,Cross-Class Near Duplicate,MARK FOR MEDICAL REVIEW - DO NOT AUTO-OVERRIDE
data/raw/mri_images/FLAIR/MRI00090.png,FLAIR,data/raw/mri_images/T2/MRI00052.png,T2,8,Cross-Class Near Duplicate,MARK FOR MEDICAL REVIEW - DO NOT AUTO-OVERRIDE
data/raw/mri_images/FLAIR/MRI00090.png,FLAIR,data/raw/mri_images/T2/MRI00058.png,T2,10,Cross-Class Near Duplicate,MARK FOR MEDICAL REVIEW - DO NOT AUTO-OVERRIDE
data/raw/mri_images/FLAIR/MRI00090.png,FLAIR,data/raw/mri_images/T2/MRI00063.png,T2,8,Cross-Class Near Duplicate,MARK FOR MEDICAL REVIEW - DO NOT AUTO-OVERRIDE
data/raw/mri_images/FLAIR/MRI00090.png,FLAIR,data/raw/mri_images/T2/MRI00072.png,T2,10,Cross-Class Near Duplicate,MARK FOR MEDICAL REVIEW - DO NOT AUTO-OVERRIDE
data/raw/mri_images/FLAIR/MRI00090.png,FLAIR,data/raw/mri_images/T2/MRI00075.png,T2,10,Cross-Class Near Duplicate,MARK FOR MEDICAL REVIEW - DO NOT AUTO-OVERRIDE
data/raw/mri_images/FLAIR/MRI00092.png,FLAIR,data/raw/mri_images/T2/MRI00041.png,T2,10,Cross-Class Near Duplicate,MARK FOR MEDICAL REVIEW - DO NOT AUTO-OVERRIDE
data/raw/mri_images/FLAIR/MRI00092.png,FLAIR,data/raw/mri_images/T2/MRI00056.png,T2,9,Cross-Class Near Duplicate,MARK FOR MEDICAL REVIEW - DO NOT AUTO-OVERRIDE
data/raw/mri_images/FLAIR/MRI00093.png,FLAIR,data/raw/mri_images/T2/MRI00063.png,T2,10,Cross-Class Near Duplicate,MARK FOR MEDICAL REVIEW - DO NOT AUTO-OVERRIDE
data/raw/mri_images/FLAIR/MRI00094.png,FLAIR,data/raw/mri_images/T2/MRI00052.png,T2,9,Cross-Class Near Duplicate,MARK FOR MEDICAL REVIEW - DO NOT AUTO-OVERRIDE
data/raw/mri_images/FLAIR/MRI00095.png,FLAIR,data/raw/mri_images/T2/MRI00043.png,T2,9,Cross-Class Near Duplicate,MARK FOR MEDICAL REVIEW - DO NOT AUTO-OVERRIDE
data/raw/mri_images/FLAIR/MRI00095.png,FLAIR,data/raw/mri_images/T2/MRI00045.png,T2,8,Cross-Class Near Duplicate,MARK FOR MEDICAL REVIEW - DO NOT AUTO-OVERRIDE
data/raw/mri_images/FLAIR/MRI00095.png,FLAIR,data/raw/mri_images/T2/MRI00052.png,T2,9,Cross-Class Near Duplicate,MARK FOR MEDICAL REVIEW - DO NOT AUTO-OVERRIDE
data/raw/mri_images/FLAIR/MRI00095.png,FLAIR,data/raw/mri_images/T2/MRI00056.png,T2,10,Cross-Class Near Duplicate,MARK FOR MEDICAL REVIEW - DO NOT AUTO-OVERRIDE
data/raw/mri_images/FLAIR/MRI00095.png,FLAIR,data/raw/mri_images/T2/MRI00066.png,T2,9,Cross-Class Near Duplicate,MARK FOR MEDICAL REVIEW - DO NOT AUTO-OVERRIDE
data/raw/mri_images/FLAIR/MRI00096.png,FLAIR,data/raw/mri_images/T2/MRI00041.png,T2,10,Cross-Class Near Duplicate,MARK FOR MEDICAL REVIEW - DO NOT AUTO-OVERRIDE
data/raw/mri_images/FLAIR/MRI00096.png,FLAIR,data/raw/mri_images/T2/MRI00056.png,T2,9,Cross-Class Near Duplicate,MARK FOR MEDICAL REVIEW - DO NOT AUTO-OVERRIDE
data/raw/mri_images/FLAIR/MRI00097.png,FLAIR,data/raw/mri_images/T2/MRI00041.png,T2,10,Cross-Class Near Duplicate,MARK FOR MEDICAL REVIEW - DO NOT AUTO-OVERRIDE
data/raw/mri_images/FLAIR/MRI00097.png,FLAIR,data/raw/mri_images/T2/MRI00045.png,T2,9,Cross-Class Near Duplicate,MARK FOR MEDICAL REVIEW - DO NOT AUTO-OVERRIDE
data/raw/mri_images/FLAIR/MRI00097.png,FLAIR,data/raw/mri_images/T2/MRI00051.png,T2,10,Cross-Class Near Duplicate,MARK FOR MEDICAL REVIEW - DO NOT AUTO-OVERRIDE
data/raw/mri_images/FLAIR/MRI00097.png,FLAIR,data/raw/mri_images/T2/MRI00052.png,T2,8,Cross-Class Near Duplicate,MARK FOR MEDICAL REVIEW - DO NOT AUTO-OVERRIDE
data/raw/mri_images/FLAIR/MRI00097.png,FLAIR,data/raw/mri_images/T2/MRI00058.png,T2,10,Cross-Class Near Duplicate,MARK FOR MEDICAL REVIEW - DO NOT AUTO-OVERRIDE
data/raw/mri_images/FLAIR/MRI00097.png,FLAIR,data/raw/mri_images/T2/MRI00061.png,T2,10,Cross-Class Near Duplicate,MARK FOR MEDICAL REVIEW - DO NOT AUTO-OVERRIDE
data/raw/mri_images/FLAIR/MRI00097.png,FLAIR,data/raw/mri_images/T2/MRI00063.png,T2,8,Cross-Class Near Duplicate,MARK FOR MEDICAL REVIEW - DO NOT AUTO-OVERRIDE
data/raw/mri_images/FLAIR/MRI00097.png,FLAIR,data/raw/mri_images/T2/MRI00064.png,T2,10,Cross-Class Near Duplicate,MARK FOR MEDICAL REVIEW - DO NOT AUTO-OVERRIDE
data/raw/mri_images/FLAIR/MRI00097.png,FLAIR,data/raw/mri_images/T2/MRI00068.png,T2,10,Cross-Class Near Duplicate,MARK FOR MEDICAL REVIEW - DO NOT AUTO-OVERRIDE
data/raw/mri_images/FLAIR/MRI00097.png,FLAIR,data/raw/mri_images/T2/MRI00069.png,T2,10,Cross-Class Near Duplicate,MARK FOR MEDICAL REVIEW - DO NOT AUTO-OVERRIDE
data/raw/mri_images/FLAIR/MRI00097.png,FLAIR,data/raw/mri_images/T2/MRI00072.png,T2,8,Cross-Class Near Duplicate,MARK FOR MEDICAL REVIEW - DO NOT AUTO-OVERRIDE
data/raw/mri_images/FLAIR/MRI00097.png,FLAIR,data/raw/mri_images/T2/MRI00075.png,T2,8,Cross-Class Near Duplicate,MARK FOR MEDICAL REVIEW - DO NOT AUTO-OVERRIDE
data/raw/mri_images/FLAIR/MRI00098.png,FLAIR,data/raw/mri_images/T2/MRI00041.png,T2,9,Cross-Class Near Duplicate,MARK FOR MEDICAL REVIEW - DO NOT AUTO-OVERRIDE
data/raw/mri_images/FLAIR/MRI00099.png,FLAIR,data/raw/mri_images/T2/MRI00049.png,T2,9,Cross-Class Near Duplicate,MARK FOR MEDICAL REVIEW - DO NOT AUTO-OVERRIDE
data/raw/mri_images/FLAIR/MRI00099.png,FLAIR,data/raw/mri_images/T2/MRI00055.png,T2,8,Cross-Class Near Duplicate,MARK FOR MEDICAL REVIEW - DO NOT AUTO-OVERRIDE
data/raw/mri_images/FLAIR/MRI00099.png,FLAIR,data/raw/mri_images/T2/MRI00064.png,T2,9,Cross-Class Near Duplicate,MARK FOR MEDICAL REVIEW - DO NOT AUTO-OVERRIDE
data/raw/mri_images/FLAIR/MRI00099.png,FLAIR,data/raw/mri_images/T2/MRI00069.png,T2,9,Cross-Class Near Duplicate,MARK FOR MEDICAL REVIEW - DO NOT AUTO-OVERRIDE
data/raw/mri_images/FLAIR/MRI00099.png,FLAIR,data/raw/mri_images/T2/MRI00072.png,T2,9,Cross-Class Near Duplicate,MARK FOR MEDICAL REVIEW - DO NOT AUTO-OVERRIDE
data/raw/mri_images/FLAIR/MRI00099.png,FLAIR,data/raw/mri_images/T2/MRI00075.png,T2,9,Cross-Class Near Duplicate,MARK FOR MEDICAL REVIEW - DO NOT AUTO-OVERRIDE
data/raw/mri_images/FLAIR/MRI00100.png,FLAIR,data/raw/mri_images/T2/MRI00041.png,T2,10,Cross-Class Near Duplicate,MARK FOR MEDICAL REVIEW - DO NOT AUTO-OVERRIDE
data/raw/mri_images/FLAIR/MRI00101.png,FLAIR,data/raw/mri_images/T2/MRI00041.png,T2,10,Cross-Class Near Duplicate,MARK FOR MEDICAL REVIEW - DO NOT AUTO-OVERRIDE
data/raw/mri_images/FLAIR/MRI00101.png,FLAIR,data/raw/mri_images/T2/MRI00043.png,T2,10,Cross-Class Near Duplicate,MARK FOR MEDICAL REVIEW - DO NOT AUTO-OVERRIDE
data/raw/mri_images/FLAIR/MRI00101.png,FLAIR,data/raw/mri_images/T2/MRI00045.png,T2,9,Cross-Class Near Duplicate,MARK FOR MEDICAL REVIEW - DO NOT AUTO-OVERRIDE
data/raw/mri_images/FLAIR/MRI00101.png,FLAIR,data/raw/mri_images/T2/MRI00052.png,T2,8,Cross-Class Near Duplicate,MARK FOR MEDICAL REVIEW - DO NOT AUTO-OVERRIDE
data/raw/mri_images/FLAIR/MRI00101.png,FLAIR,data/raw/mri_images/T2/MRI00054.png,T2,10,Cross-Class Near Duplicate,MARK FOR MEDICAL REVIEW - DO NOT AUTO-OVERRIDE
data/raw/mri_images/FLAIR/MRI00101.png,FLAIR,data/raw/mri_images/T2/MRI00057.png,T2,10,Cross-Class Near Duplicate,MARK FOR MEDICAL REVIEW - DO NOT AUTO-OVERRIDE
data/raw/mri_images/FLAIR/MRI00101.png,FLAIR,data/raw/mri_images/T2/MRI00058.png,T2,10,Cross-Class Near Duplicate,MARK FOR MEDICAL REVIEW - DO NOT AUTO-OVERRIDE
data/raw/mri_images/FLAIR/MRI00101.png,FLAIR,data/raw/mri_images/T2/MRI00063.png,T2,8,Cross-Class Near Duplicate,MARK FOR MEDICAL REVIEW - DO NOT AUTO-OVERRIDE
data/raw/mri_images/FLAIR/MRI00101.png,FLAIR,data/raw/mri_images/T2/MRI00066.png,T2,10,Cross-Class Near Duplicate,MARK FOR MEDICAL REVIEW - DO NOT AUTO-OVERRIDE
data/raw/mri_images/FLAIR/MRI00101.png,FLAIR,data/raw/mri_images/T2/MRI00072.png,T2,10,Cross-Class Near Duplicate,MARK FOR MEDICAL REVIEW - DO NOT AUTO-OVERRIDE
data/raw/mri_images/FLAIR/MRI00101.png,FLAIR,data/raw/mri_images/T2/MRI00073.png,T2,10,Cross-Class Near Duplicate,MARK FOR MEDICAL REVIEW - DO NOT AUTO-OVERRIDE
data/raw/mri_images/FLAIR/MRI00101.png,FLAIR,data/raw/mri_images/T2/MRI00075.png,T2,10,Cross-Class Near Duplicate,MARK FOR MEDICAL REVIEW - DO NOT AUTO-OVERRIDE
data/raw/mri_images/FLAIR/MRI00104.png,FLAIR,data/raw/mri_images/T2/MRI00049.png,T2,9,Cross-Class Near Duplicate,MARK FOR MEDICAL REVIEW - DO NOT AUTO-OVERRIDE
data/raw/mri_images/FLAIR/MRI00104.png,FLAIR,data/raw/mri_images/T2/MRI00055.png,T2,8,Cross-Class Near Duplicate,MARK FOR MEDICAL REVIEW - DO NOT AUTO-OVERRIDE
data/raw/mri_images/FLAIR/MRI00104.png,FLAIR,data/raw/mri_images/T2/MRI00064.png,T2,9,Cross-Class Near Duplicate,MARK FOR MEDICAL REVIEW - DO NOT AUTO-OVERRIDE
data/raw/mri_images/FLAIR/MRI00104.png,FLAIR,data/raw/mri_images/T2/MRI00069.png,T2,9,Cross-Class Near Duplicate,MARK FOR MEDICAL REVIEW - DO NOT AUTO-OVERRIDE
data/raw/mri_images/FLAIR/MRI00104.png,FLAIR,data/raw/mri_images/T2/MRI00072.png,T2,9,Cross-Class Near Duplicate,MARK FOR MEDICAL REVIEW - DO NOT AUTO-OVERRIDE
data/raw/mri_images/FLAIR/MRI00104.png,FLAIR,data/raw/mri_images/T2/MRI00075.png,T2,9,Cross-Class Near Duplicate,MARK FOR MEDICAL REVIEW - DO NOT AUTO-OVERRIDE
data/raw/mri_images/FLAIR/MRI00105.png,FLAIR,data/raw/mri_images/T2/MRI00041.png,T2,8,Cross-Class Near Duplicate,MARK FOR MEDICAL REVIEW - DO NOT AUTO-OVERRIDE
data/raw/mri_images/FLAIR/MRI00106.png,FLAIR,data/raw/mri_images/T2/MRI00043.png,T2,10,Cross-Class Near Duplicate,MARK FOR MEDICAL REVIEW - DO NOT AUTO-OVERRIDE
data/raw/mri_images/FLAIR/MRI00106.png,FLAIR,data/raw/mri_images/T2/MRI00052.png,T2,10,Cross-Class Near Duplicate,MARK FOR MEDICAL REVIEW - DO NOT AUTO-OVERRIDE
data/raw/mri_images/FLAIR/MRI00106.png,FLAIR,data/raw/mri_images/T2/MRI00066.png,T2,10,Cross-Class Near Duplicate,MARK FOR MEDICAL REVIEW - DO NOT AUTO-OVERRIDE
data/raw/mri_images/FLAIR/MRI00107.png,FLAIR,data/raw/mri_images/T2/MRI00055.png,T2,7,Cross-Class Near Duplicate,MARK FOR MEDICAL REVIEW - DO NOT AUTO-OVERRIDE
data/raw/mri_images/FLAIR/MRI00108.png,FLAIR,data/raw/mri_images/T2/MRI00043.png,T2,9,Cross-Class Near Duplicate,MARK FOR MEDICAL REVIEW - DO NOT AUTO-OVERRIDE
data/raw/mri_images/FLAIR/MRI00108.png,FLAIR,data/raw/mri_images/T2/MRI00045.png,T2,10,Cross-Class Near Duplicate,MARK FOR MEDICAL REVIEW - DO NOT AUTO-OVERRIDE
data/raw/mri_images/FLAIR/MRI00108.png,FLAIR,data/raw/mri_images/T2/MRI00052.png,T2,9,Cross-Class Near Duplicate,MARK FOR MEDICAL REVIEW - DO NOT AUTO-OVERRIDE
data/raw/mri_images/FLAIR/MRI00108.png,FLAIR,data/raw/mri_images/T2/MRI00053.png,T2,9,Cross-Class Near Duplicate,MARK FOR MEDICAL REVIEW - DO NOT AUTO-OVERRIDE
data/raw/mri_images/FLAIR/MRI00108.png,FLAIR,data/raw/mri_images/T2/MRI00056.png,T2,10,Cross-Class Near Duplicate,MARK FOR MEDICAL REVIEW - DO NOT AUTO-OVERRIDE
data/raw/mri_images/FLAIR/MRI00108.png,FLAIR,data/raw/mri_images/T2/MRI00065.png,T2,9,Cross-Class Near Duplicate,MARK FOR MEDICAL REVIEW - DO NOT AUTO-OVERRIDE
data/raw/mri_images/FLAIR/MRI00108.png,FLAIR,data/raw/mri_images/T2/MRI00066.png,T2,9,Cross-Class Near Duplicate,MARK FOR MEDICAL REVIEW - DO NOT AUTO-OVERRIDE
data/raw/mri_images/FLAIR/MRI00109.png,FLAIR,data/raw/mri_images/T2/MRI00041.png,T2,9,Cross-Class Near Duplicate,MARK FOR MEDICAL REVIEW - DO NOT AUTO-OVERRIDE
data/raw/mri_images/FLAIR/MRI00109.png,FLAIR,data/raw/mri_images/T2/MRI00045.png,T2,10,Cross-Class Near Duplicate,MARK FOR MEDICAL REVIEW - DO NOT AUTO-OVERRIDE
data/raw/mri_images/FLAIR/MRI00109.png,FLAIR,data/raw/mri_images/T2/MRI00052.png,T2,9,Cross-Class Near Duplicate,MARK FOR MEDICAL REVIEW - DO NOT AUTO-OVERRIDE
data/raw/mri_images/FLAIR/MRI00109.png,FLAIR,data/raw/mri_images/T2/MRI00063.png,T2,9,Cross-Class Near Duplicate,MARK FOR MEDICAL REVIEW - DO NOT AUTO-OVERRIDE
data/raw/mri_images/FLAIR/MRI00110.png,FLAIR,data/raw/mri_images/T2/MRI00043.png,T2,9,Cross-Class Near Duplicate,MARK FOR MEDICAL REVIEW - DO NOT AUTO-OVERRIDE
data/raw/mri_images/FLAIR/MRI00110.png,FLAIR,data/raw/mri_images/T2/MRI00045.png,T2,10,Cross-Class Near Duplicate,MARK FOR MEDICAL REVIEW - DO NOT AUTO-OVERRIDE
data/raw/mri_images/FLAIR/MRI00110.png,FLAIR,data/raw/mri_images/T2/MRI00052.png,T2,9,Cross-Class Near Duplicate,MARK FOR MEDICAL REVIEW - DO NOT AUTO-OVERRIDE
data/raw/mri_images/FLAIR/MRI00110.png,FLAIR,data/raw/mri_images/T2/MRI00053.png,T2,9,Cross-Class Near Duplicate,MARK FOR MEDICAL REVIEW - DO NOT AUTO-OVERRIDE
data/raw/mri_images/FLAIR/MRI00110.png,FLAIR,data/raw/mri_images/T2/MRI00056.png,T2,10,Cross-Class Near Duplicate,MARK FOR MEDICAL REVIEW - DO NOT AUTO-OVERRIDE
data/raw/mri_images/FLAIR/MRI00110.png,FLAIR,data/raw/mri_images/T2/MRI00065.png,T2,9,Cross-Class Near Duplicate,MARK FOR MEDICAL REVIEW - DO NOT AUTO-OVERRIDE
data/raw/mri_images/FLAIR/MRI00110.png,FLAIR,data/raw/mri_images/T2/MRI00066.png,T2,9,Cross-Class Near Duplicate,MARK FOR MEDICAL REVIEW - DO NOT AUTO-OVERRIDE
data/raw/mri_images/FLAIR/MRI00112.png,FLAIR,data/raw/mri_images/T2/MRI00055.png,T2,8,Cross-Class Near Duplicate,MARK FOR MEDICAL REVIEW - DO NOT AUTO-OVERRIDE
data/raw/mri_images/FLAIR/MRI00114.png,FLAIR,data/raw/mri_images/T2/MRI00049.png,T2,7,Cross-Class Near Duplicate,MARK FOR MEDICAL REVIEW - DO NOT AUTO-OVERRIDE
data/raw/mri_images/FLAIR/MRI00114.png,FLAIR,data/raw/mri_images/T2/MRI00055.png,T2,10,Cross-Class Near Duplicate,MARK FOR MEDICAL REVIEW - DO NOT AUTO-OVERRIDE
data/raw/mri_images/FLAIR/MRI00114.png,FLAIR,data/raw/mri_images/T2/MRI00064.png,T2,9,Cross-Class Near Duplicate,MARK FOR MEDICAL REVIEW - DO NOT AUTO-OVERRIDE
data/raw/mri_images/FLAIR/MRI00114.png,FLAIR,data/raw/mri_images/T2/MRI00069.png,T2,9,Cross-Class Near Duplicate,MARK FOR MEDICAL REVIEW - DO NOT AUTO-OVERRIDE
data/raw/mri_images/FLAIR/MRI00114.png,FLAIR,data/raw/mri_images/T2/MRI00075.png,T2,9,Cross-Class Near Duplicate,MARK FOR MEDICAL REVIEW - DO NOT AUTO-OVERRIDE
data/raw/mri_images/FLAIR/MRI00115.png,FLAIR,data/raw/mri_images/T2/MRI00056.png,T2,8,Cross-Class Near Duplicate,MARK FOR MEDICAL REVIEW - DO NOT AUTO-OVERRIDE
data/raw/mri_images/FLAIR/MRI00115.png,FLAIR,data/raw/mri_images/T2/MRI00078.png,T2,10,Cross-Class Near Duplicate,MARK FOR MEDICAL REVIEW - DO NOT AUTO-OVERRIDE
data/raw/mri_images/FLAIR/MRI00116.png,FLAIR,data/raw/mri_images/T2/MRI00041.png,T2,7,Cross-Class Near Duplicate,MARK FOR MEDICAL REVIEW - DO NOT AUTO-OVERRIDE
data/raw/mri_images/FLAIR/MRI00116.png,FLAIR,data/raw/mri_images/T2/MRI00056.png,T2,10,Cross-Class Near Duplicate,MARK FOR MEDICAL REVIEW - DO NOT AUTO-OVERRIDE
data/raw/mri_images/FLAIR/MRI00116.png,FLAIR,data/raw/mri_images/T2/MRI00067.png,T2,10,Cross-Class Near Duplicate,MARK FOR MEDICAL REVIEW - DO NOT AUTO-OVERRIDE
data/raw/mri_images/FLAIR/MRI00116.png,FLAIR,data/raw/mri_images/T2/MRI00073.png,T2,9,Cross-Class Near Duplicate,MARK FOR MEDICAL REVIEW - DO NOT AUTO-OVERRIDE
data/raw/mri_images/FLAIR/MRI00116.png,FLAIR,data/raw/mri_images/T2/MRI00078.png,T2,10,Cross-Class Near Duplicate,MARK FOR MEDICAL REVIEW - DO NOT AUTO-OVERRIDE
data/raw/mri_images/FLAIR/MRI00117.png,FLAIR,data/raw/mri_images/T2/MRI00049.png,T2,10,Cross-Class Near Duplicate,MARK FOR MEDICAL REVIEW - DO NOT AUTO-OVERRIDE
data/raw/mri_images/FLAIR/MRI00117.png,FLAIR,data/raw/mri_images/T2/MRI00064.png,T2,10,Cross-Class Near Duplicate,MARK FOR MEDICAL REVIEW - DO NOT AUTO-OVERRIDE
data/raw/mri_images/FLAIR/MRI00117.png,FLAIR,data/raw/mri_images/T2/MRI00069.png,T2,10,Cross-Class Near Duplicate,MARK FOR MEDICAL REVIEW - DO NOT AUTO-OVERRIDE
data/raw/mri_images/FLAIR/MRI00117.png,FLAIR,data/raw/mri_images/T2/MRI00075.png,T2,10,Cross-Class Near Duplicate,MARK FOR MEDICAL REVIEW - DO NOT AUTO-OVERRIDE
data/raw/mri_images/FLAIR/MRI00120.png,FLAIR,data/raw/mri_images/T2/MRI00045.png,T2,10,Cross-Class Near Duplicate,MARK FOR MEDICAL REVIEW - DO NOT AUTO-OVERRIDE
data/raw/mri_images/FLAIR/MRI00120.png,FLAIR,data/raw/mri_images/T2/MRI00052.png,T2,9,Cross-Class Near Duplicate,MARK FOR MEDICAL REVIEW - DO NOT AUTO-OVERRIDE
