File_Path,Filename,Modality,Subfolder_Class,Width,Height,Color_Mode,Format,Size_Bytes,MD5_Hash,SHA256_Hash,aHash,dHash,pHash,Mean_Intensity,Std_Intensity,Min_Intensity,Max_Intensity,Pixel_Variance
data/raw/ct_images/normal/CT00001.png,CT00001.png,ct,normal,256,256,L,PNG,1986,4b95f7f555103cae466bec90b5284c7e,712867c87bcbfdaaab6a2c16e805c9f6a7efbdeadd3293323b1885406c927799,003c7e7e7e7e3c00,8e0f030b330f0f96,c0332b8c378c3433,55.38,39.86,16.0,236.0,1589.03
data/raw/ct_images/normal/CT00002.png,CT00002.png,ct,normal,256,256,L,PNG,2056,9685710b7c0b2b6fbd64971b4856f8e6,d3109417c5629913f1d2649e413f2f2d09c3abced4e3525969949a96d35beeb7,003c7e7e7e7e3c00,cc0f070f130f0f8e,95667e8962996126,53.61,40.72,14.0,236.0,1657.92
data/raw/ct_images/normal/CT00003.png,CT00003.png,ct,normal,256,256,L,PNG,1990,b16fc54cbafe8abd7b6b8c3e2e745e70,566ce19e5d8c748ed1970a7ff14b88309385e7dcce254ea130e42828046b895e,003c7e7e7e7e3c00,8e0f230b132f0f86,91267e9962996126,53.78,38.56,16.0,231.0,1487.07
data/raw/ct_images/normal/CT00004.png,CT00004.png,ct,normal,256,256,L,PNG,1999,091a9b8fcbda1e7abb633323cbd20876,6a1e8a77853cf1887cb1fde19316ae13878dc3b8e52b1fbcedc78376f276386f,003c7e7e7e7e3c00,8c0f030f330b0f8e,c0332bcc35cc3033,54.79,41.35,14.0,229.0,1709.8
data/raw/ct_images/normal/CT00005.png,CT00005.png,ct,normal,256,256,L,PNG,2039,e1f3f04defdffcc26ed3ee2bd8a08807,0b2ed62057fe1e1846a2323e32e09314e555e736bdd509037a83f1364e5c538c,003c7e7e7e7e3c00,8c0f0f0b330f0f8e,c0332f8c378c3033,54.11,39.32,16.0,228.0,1546.27
data/raw/ct_images/normal/CT00006.png,CT00006.png,ct,normal,256,256,L,PNG,1978,967b7cdf4c9f4c2c71d2c643687061ae,257c371ad811663291cbaca2c2bc50bb46e0a64f60222d0c850607c4a6e56322,003c7e7e7e7e3c00,8e0f070b330f0f86,c0332bcc378c3033,53.35,38.02,16.0,221.0,1445.78
data/raw/ct_images/normal/CT00007.png,CT00007.png,ct,normal,256,256,L,PNG,2016,298afde76403e841d4a7b16ac9abcb57,dc2543f1d72e56ed8f0e89986ed555c3023e8dcbcf8c83ef0712e89bd46d8c77,003c7e7e7e7e3c00,ce0f030b132f0f8e,95667e99609961a6,55.89,42.3,14.0,233.0,1789.22
data/raw/ct_images/normal/CT00008.png,CT00008.png,ct,normal,256,256,L,PNG,2051,6f408c5444b2791897d85fa1b3c3e480,318aa7728c88f4fbfc1caf8cea12c1286f7d902f8286f9585ad7b50d4edda156,003c7e7e7e7e3c00,8e0f070b130f0f96,95267a9962996166,53.09,39.64,15.0,237.0,1571.5
data/raw/ct_images/normal/CT00009.png,CT00009.png,ct,normal,256,256,L,PNG,2036,4e6e5b737c6972b55c54654051ea1d50,b620083925e8f7f60e5e9f1e84a4376f72f8772fcd10d1c858becbc74ab9b16a,003c7e7e7e7e3c00,8e0f070b130f0f86,95667a9962996126,56.8,40.02,18.0,238.0,1601.88
data/raw/ct_images/normal/CT00010.png,CT00010.png,ct,normal,256,256,L,PNG,1996,e278e0d30295db42cedf4567731a826e,6de90fc34824e8f5dc9b8da6e65fce4469128c9b0115002026717546833f7bf5,003c7e7e7e7e3c00,ce0f230f130f0f8e,95667e9960996126,53.5,38.1,16.0,222.0,1451.28
data/raw/ct_images/normal/CT00011.png,CT00011.png,ct,normal,256,256,L,PNG,2008,623160b46e4dd7fcb7cfbff779fdd82c,9fe19fb10f2c42a75ec15bf85d9ee752aa3ea059798090ff0b8df8bdd82a3867,003c7e7e7e7e3c00,8e0f070b330f0f86,c0332b8c378c3433,52.27,39.93,13.0,224.0,1594.43
data/raw/ct_images/normal/CT00012.png,CT00012.png,ct,normal,256,256,L,PNG,2049,7619568e168e317f616dd2b9b5083e2a,cbb5e5db3db509c251c36f02070a8d83c2d5b99da34a4331662a03a5c67d1da8,003c7e7e7e7e3c00,8c0f070f330f0f8e,c0332b8c378c3433,53.91,39.12,16.0,227.0,1530.36
data/raw/ct_images/normal/CT00013.png,CT00013.png,ct,normal,256,256,L,PNG,2077,74a62f6b2a7823b1f57a480d374d91c8,ed27a96b07d26e2c5294fd675773725edc2942449f8a1f3b18d62b6ae66e27db,003c7e7e7e7e3c00,8e0f070b130f0f96,95a67a9962996166,56.3,42.33,15.0,237.0,1791.56
data/raw/ct_images/normal/CT00014.png,CT00014.png,ct,normal,256,256,L,PNG,2021,8c9cebc252fdbd20eda700800ac1bc97,b9f654369635d1ac7a0d57fbfd1acb40046c71317224f43798740b86935a24d6,003c7e7e7e7e3c00,8e0f070b330f0f94,c0332b8c378c3433,53.87,38.22,17.0,234.0,1460.71
data/raw/ct_images/normal/CT00015.png,CT00015.png,ct,normal,256,256,L,PNG,2025,ec101166f865df9e0f954d75bde291c5,16f03f971202e28707bab8b16f54300979c44e0560a7df9b5d2e312d9239d18f,003c7e7e7e7e3c00,8c0f070f330f0f8e,c0332bcc358c3433,53.07,40.78,13.0,230.0,1663.36
data/raw/ct_images/normal/CT00016.png,CT00016.png,ct,normal,256,256,L,PNG,2030,e22311a8fff8c2e5e7d7c8ff839100c7,4c5aea0e4c254e6122f1b462da2045af1d479334ecb92f72c7c47b53136e76c0,003c7e7e7e7e3c00,ce0f070f130f0f8e,95667e99609961a6,52.26,40.89,12.0,221.0,1671.77
data/raw/ct_images/normal/CT00017.png,CT00017.png,ct,normal,256,256,L,PNG,2039,a6c2f35fcf447ef1fa6a7aafb06b665b,0f83924bb72b43da163696c0889b13b405532105559ca4e5e9d0d27f48479da8,003c7e7e7e7e3c00,8e0f070b130f0fd6,91267a9962996166,54.49,39.82,16.0,237.0,1586.0
data/raw/ct_images/normal/CT00018.png,CT00018.png,ct,normal,256,256,L,PNG,2070,554160558c5b3fcb97294f84cedb13f6,10e4e3b0391408b9a7f452ddc3c914100b5bbfbad3168756438d31d83d19124e,003c7e7e7e7e3c00,8c0f0f0b330f0f8e,c0332fcc358c3033,53.02,41.85,12.0,222.0,1751.81
data/raw/ct_images/normal/CT00019.png,CT00019.png,ct,normal,256,256,L,PNG,2001,a93abe22bf78663aeaa3cf1a1abdb1bd,7937c12c7804707c2d270caac5619804d8cc19945efb0628786c10ab5232888a,003c7e7e7e7e3c00,8e0f230f330f0f8e,c0332b8c3dcc3033,54.41,40.75,14.0,230.0,1660.67
data/raw/ct_images/normal/CT00020.png,CT00020.png,ct,normal,256,256,L,PNG,2032,9153e92f9c02f7debe41bdd6916b71c7,bfe81e48fa2be65ea7ff824fee9ceb7e40e56d16659f1d2c5f7f8fa75f7e43fd,003c7e7e7e7e3c00,8c0f070b330f0f8e,c0332fcc358c3033,53.51,41.82,12.0,226.0,1748.97
data/raw/ct_images/normal/CT00021.png,CT00021.png,ct,normal,256,256,L,PNG,2045,1624498e57dc330a951151dc98170a29,369cfe178ab8e5ccc4e9237411e4bb0c22fd77324d4ce824a35def76b9dfce3e,003c7e7e7e7e3c00,8c0f0f0f330f0f8e,c0332f8c378c3033,55.56,40.17,17.0,240.0,1613.61
data/raw/ct_images/normal/CT00022.png,CT00022.png,ct,normal,256,256,L,PNG,2060,a735dd14da7bcd2f2163d0f412d44be7,710aecd186939eacd66b85a07853030c895d87e55d00794bd1b41f7ed052cbd3,003c7e7e7e7e3c00,8e0f070b130f0f96,95267a9962996166,56.56,41.43,16.0,237.0,1716.31
data/raw/ct_images/normal/CT00023.png,CT00023.png,ct,normal,256,256,L,PNG,2041,1cc30ba5ccfea0e94fb1b7cdf8421e59,65b9b78363241299e3905ee63372cb4f12b93d976ca084f7627989f89ef9fc9f,003c7e7e7e7e3c00,8e0f170b330f0f94,c0332b8c378c3433,52.31,40.26,13.0,224.0,1620.63
data/raw/ct_images/normal/CT00024.png,CT00024.png,ct,normal,256,256,L,PNG,2028,153e05485b78e9b1807434d1219e64d7,e0823c5a52b8a7eed06c7bdd08ee504cdcfabd0858a1f45f5e3dbb8907b068c5,003c7e7e7e7e3c00,8e0f172b330f0f94,c0332f8c378c3033,56.03,39.18,18.0,223.0,1535.33
data/raw/ct_images/normal/CT00025.png,CT00025.png,ct,normal,256,256,L,PNG,2022,509ee8faa7a65ab01b186fa580783a03,8c0c3817f3d5ebc46717882fa3b207956069d0f7ad30a946db4fcf83b3add84f,003c7e7e7e7e3c00,8e0f030f330f0f8e,c0332bcc378c3033,56.23,40.96,16.0,239.0,1677.71
data/raw/ct_images/normal/CT00026.png,CT00026.png,ct,normal,256,256,L,PNG,2012,6f55e1dd4990924b35f1fcf03105fdab,bfbf99d35748e320cb41430c71811d1c0efde356122b356d5683f733437ef547,003c7e7e7e7e3c00,8e0f072b330f0f86,95267ad962996126,56.35,41.14,16.0,239.0,1692.17
data/raw/ct_images/normal/CT00027.png,CT00027.png,ct,normal,256,256,L,PNG,2035,734a57b4631bc133e57a273948a35e82,89cc920dcdfa004e6acbd8e6e05d2e9e8f840417ebb4e749a7dbcd76a4c32114,003c7e7e7e7e3c00,8e0f070b130f0f86,95667a9962996126,54.35,39.64,16.0,237.0,1571.71
data/raw/ct_images/normal/CT00028.png,CT00028.png,ct,normal,256,256,L,PNG,1999,3268b1de2cac112abc9636614e6e5210,c2a4d0cd38d592dd97d76f468ca54dcb4d91219019ebe447e23b7774d82dccae,003c7e7e7e7e3c00,ce0f230f130f0f8e,95667a9960996166,54.11,40.67,14.0,231.0,1653.89
data/raw/ct_images/normal/CT00029.png,CT00029.png,ct,normal,256,256,L,PNG,2033,4657fc722d2fbb68969b5306731b1117,e50940940fd839d5b4e486764ccb239183826a5747d33a83fb09d35d278d330b,003c7e7e7e7e3c00,8e0f170b130f0f86,95a67a9962996166,55.65,40.56,16.0,222.0,1645.29
data/raw/ct_images/normal/CT00030.png,CT00030.png,ct,normal,256,256,L,PNG,2050,bd7e178ed0207cbed1c747de6eb1dca9,f7c77ed7e2d1052b384e2efeed41d65ba7da9834e3bec050840ae0e7a2a4cab0,003c7e7e7e7e3c00,ce0f0f0b130f0f8e,95667a9962996126,56.15,39.33,18.0,220.0,1547.22
data/raw/ct_images/normal/CT00031.png,CT00031.png,ct,normal,256,256,L,PNG,2023,63646650c7c886352e6d88d2655a79f1,7a9bbb33576db2c9a502abf75d772986eb769898a7d9fdda1c4e5b085637fc40,003c7e7e7e7e3c00,8c0f030f370f0f8e,c0332b8c37cc3033,55.44,38.76,18.0,234.0,1502.59
data/raw/ct_images/normal/CT00032.png,CT00032.png,ct,normal,256,256,L,PNG,2022,3c61edbf040625336380f24893c6de94,13cab1d8114908d148c9344f52640b8c602c5cf515ecfbd057d0de1034be50a7,003c7e7e7e7e3c00,8e0f070b130f0f86,95667a9962996126,52.27,40.22,13.0,235.0,1617.84
data/raw/ct_images/normal/CT00033.png,CT00033.png,ct,normal,256,256,L,PNG,2016,f55ea69d4b3a891ff9a462cecb9f883b,85179cf31ae576e1f1ef01833e35490b74423eeedd89f9eb1f2547b0116f04cc,003c7e7e7e7e3c00,8c0f0f0b330f0f8e,c0332f8c37cc30a3,56.46,41.29,16.0,239.0,1704.61
data/raw/ct_images/normal/CT00034.png,CT00034.png,ct,normal,256,256,L,PNG,2004,d46cd49ea7f59db071c2749d00e5e530,6fdacb78ab8cf3e75c765ba90fc75e15f590b2d02da77d9b3fc4c10f749ffc67,003c7e7e7e7e3c00,cc0f2b0f130f0f8e,81667e89689961a6,52.91,40.37,13.0,222.0,1630.01
data/raw/ct_images/normal/CT00035.png,CT00035.png,ct,normal,256,256,L,PNG,2045,7e48a2b7d3122aa26fc16a4f0bd22775,dda49abdc5c76df37ca1273d5902078b4612e84d5d449936afaed29162fc098e,003c7e7e7e7e3c00,8e0f070b330f0f8e,c0332f8c378c3033,53.59,41.39,13.0,226.0,1712.77
data/raw/ct_images/normal/CT00036.png,CT00036.png,ct,normal,256,256,L,PNG,1998,a1acc806e9ddb04a92d9868bcfb03f54,e77d0e889b0a168a428182ad82809c24507b360d911ad9ca9dff203d92eb01e3,003c7e7e7e7e3c00,cc0f2b0f330f0f8e,c0332bcc35cc34a3,53.49,40.97,13.0,237.0,1678.75
data/raw/ct_images/normal/CT00037.png,CT00037.png,ct,normal,256,256,L,PNG,2032,c91f27916e1cb57f2990db043d1ca334,26133197ca26707bc8f5d3706fe7e19f11842a9548f38fdd799ef35cda6778d0,003c7e7e7e7e3c00,8e0f070b330f0f96,c0332f8c378c3033,54.88,39.92,16.0,239.0,1593.62
data/raw/ct_images/normal/CT00038.png,CT00038.png,ct,normal,256,256,L,PNG,2024,dcbc5c905d6dec9c5fe2e8c21d866e56,89e221c3ad09fcd906cf3f26be15b4fac99bae3a075a70ec56cb7febf3801bb9,003c7e7e7e7e3c00,8e0f070b330f0f86,c0332bcc378c3033,56.78,39.81,18.0,227.0,1584.63
data/raw/ct_images/normal/CT00039.png,CT00039.png,ct,normal,256,256,L,PNG,2022,a55de0c7ada09b7b7af49ec7039e6b9f,ca92d0cae84dde0cddcf0d45c8e07190f09a601e51668cf63b18c7b607effc25,003c7e7e7e7e3c00,8e0f070b130f0f86,91667a9962996126,57.24,40.14,18.0,233.0,1611.5
data/raw/ct_images/normal/CT00040.png,CT00040.png,ct,normal,256,256,L,PNG,2014,70c79367a3e0a996a52299e2e39903f5,6a1aaf7a8f1e98d4598d573c1b3374e7dab461aff5038c8e2ba82670adda47ea,003c7e7e7e7e3c00,8c0f0f0f330f0f8e,c0332fcc358c30b3,56.36,40.91,16.0,234.0,1673.7
data/raw/ct_images/normal/CT00041.png,CT00041.png,ct,normal,256,256,L,PNG,2032,33b200a38e50e45a66636fc5ce417668,9ce4f1788262adfcd46921d2a4b197920ac5e8102c7fad318748e3446e7cfc48,003c7e7e7e7e3c00,8e0f0f0b330f0f8e,95667a9962996126,55.99,41.65,15.0,240.0,1734.61
data/raw/ct_images/normal/CT00042.png,CT00042.png,ct,normal,256,256,L,PNG,2033,f37c74859f074f755ad456c7f9f804dd,c14039a97d15d8dfb56a9d15564852f32bbb11ab5a456e69978f3458b93089b3,003c7e7e7e7e3c00,8c0f030f330f0f8e,c0332b8c37cc3423,55.83,39.67,17.0,232.0,1573.61
data/raw/ct_images/normal/CT00043.png,CT00043.png,ct,normal,256,256,L,PNG,2035,5a2411575288211817f395d93d676f3b,9a38ab944974ac45c03f3e2d05aaa2f92a70190d36da3da6e340a3835993125a,003c7e7e7e7e3c00,8e0f070b130f0f86,95667a9962996126,53.02,40.85,13.0,226.0,1668.37
data/raw/ct_images/normal/CT00044.png,CT00044.png,ct,normal,256,256,L,PNG,1984,6484631084b30914fc5ec215a3be5f1c,ff53dbfb3401a2e9c4e5ff2b3d49c6b40c4a42988e970d85f5c0fd8b968c8029,003c7e7e7e7e3c00,8e0f070b330f0f8e,c0332bcc358c3433,55.65,40.01,16.0,224.0,1600.55
data/raw/ct_images/normal/CT00045.png,CT00045.png,ct,normal,256,256,L,PNG,2018,8bedfc4e0abb0a021518bf4666bcf95a,7547ea54b71d94fc5992403d78b8720124eebcb01bab7eb10c6c76d6208f58e1,003c7e7e7e7e3c00,ce0f070b130f0f8e,95667a9962996126,55.65,39.86,17.0,234.0,1588.77
data/raw/ct_images/normal/CT00046.png,CT00046.png,ct,normal,256,256,L,PNG,2039,d1f9eb34988fd8ca69ceb5e534031e7b,f9bd6a582f37b1a967c16c3b51bdfa5c3909f83a367cb170036711650fbea1a6,003c7e7e7e7e3c00,8e0f070b130f0f86,95267a9962996166,58.07,40.93,18.0,229.0,1675.14
data/raw/ct_images/normal/CT00047.png,CT00047.png,ct,normal,256,256,L,PNG,2059,65e52843428a4d25ef123d55057ee205,f7748c7be482e354c527f5f07d9a805b0ddfe27e14950171e63778cf857beb19,003c7e7e7e7e3c00,8c0f070f330f0f8e,c0332bcc378c3033,53.91,40.26,15.0,236.0,1620.67
data/raw/ct_images/normal/CT00048.png,CT00048.png,ct,normal,256,256,L,PNG,2028,cb9ec8009e38361c7ac186f0fc08b28d,7e556ccbccd0e62a157f8c9a11bc2b7bf856f167dffe242e94980cc6ebb68002,003c7e7e7e7e3c00,ce0f070b130f0f8e,95667a9962996126,57.21,39.94,18.0,236.0,1595.54
data/raw/ct_images/normal/CT00049.png,CT00049.png,ct,normal,256,256,L,PNG,2022,59df7efd401204c06a1791c12097c497,fb50f59ce03253c1d7c6112d31923815c886d65a982347c6fcc25e5b588c48a3,003c7e7e7e7e3c00,8c0f0f0f330f0f8e,c0332fcc358c30b3,53.73,42.25,12.0,231.0,1785.05
data/raw/ct_images/normal/CT00050.png,CT00050.png,ct,normal,256,256,L,PNG,2023,47f27442620f475a843a32acd9569534,81933cd6a2ab1615bf89bb10d8982e1406a71b162df7b5574d762ccaf41cf6c9,003c7e7e7e7e3c00,8c0f070b330f0f8e,95667a9962996126,54.94,40.54,15.0,237.0,1643.11
data/raw/ct_images/normal/CT00051.png,CT00051.png,ct,normal,256,256,L,PNG,2014,d6bf2cacec903bdfdecb340068322fa0,96c7ba30a4909a9dea6d3d378addb298380034ba4fc11268c2a9a110de439874,003c7e7e7e7e3c00,8e0f070b132f0f8e,95667e9960996126,57.01,39.55,18.0,224.0,1564.19
data/raw/ct_images/normal/CT00052.png,CT00052.png,ct,normal,256,256,L,PNG,2027,52b6a1a19c4ad1d994cb61cfa04c3c77,84a7f136e4a72945977da543bb66962e2be2dc54bbb5fb609be11f5dfffa4876,003c7e7e7e7e3c00,ce0f070b130f0f8e,95667a99609965a6,55.77,41.57,15.0,235.0,1728.01
data/raw/ct_images/normal/CT00053.png,CT00053.png,ct,normal,256,256,L,PNG,2012,0267e692579bcc52eddf870ee5a4a03d,20cfaa079d808a399dc35007b76147442f74f44d9b9742f7e90dd7081b8e0948,003c7e7e7e7e3c00,8e0f070b130f0f96,95a67a9962996166,52.0,40.1,13.0,231.0,1608.29
data/raw/ct_images/normal/CT00054.png,CT00054.png,ct,normal,256,256,L,PNG,2073,3d8bdea51b3b94e8639787be6c34ecea,36f6cfab30f25d8c2037e321c2fc4a7adde938549a355781ef1e2ad8e5557d94,003c7e7e7e7e3c00,ce0f070b130f0f8e,95667a89629965a6,53.39,42.18,12.0,232.0,1779.21
data/raw/ct_images/normal/CT00055.png,CT00055.png,ct,normal,256,256,L,PNG,2041,2a2054767724c4e3dbd0c619830cc815,ee07eb6b427dbd83e29125ee5e32d60bbb074a30dbbd391c9d9a6f55b7431c42,003c7e7e7e7e3c00,8e0f170b130f0f86,95267a9962996166,55.6,38.74,18.0,227.0,1500.9
data/raw/ct_images/normal/CT00056.png,CT00056.png,ct,normal,256,256,L,PNG,2061,95be6760637c391eb564912ab6a5cca7,e1f5045685d588ec99843df2bd8b09b6000b6b605f599094a150434ec8da4799,003c7e7e7e7e3c00,8e0f0f0b330f0f8e,c0332b8c37cc3033,54.71,41.1,15.0,240.0,1688.98
data/raw/ct_images/normal/CT00057.png,CT00057.png,ct,normal,256,256,L,PNG,2007,0e76a36e3e8e716d4a3fb6da5e5249c7,f73655cd94bef5c4e0068676369ce5378ca7c9cffe8617022db5970d9be313bc,003c7e7e7e7e3c00,8e0f230b130f0f86,95667a9960996166,51.56,40.14,12.0,230.0,1611.27
data/raw/ct_images/normal/CT00058.png,CT00058.png,ct,normal,256,256,L,PNG,2035,f4e00efd3191e088d82c8f6cf1891875,d0289e37e31ca8b5412a8c5221b41d9783cc3fcd34b9690132de973df7a69c0c,003c7e7e7e7e3c00,8c0f2b0f330f0f8e,c0332b8c3f8c3423,52.67,41.35,12.0,235.0,1710.03
data/raw/ct_images/normal/CT00059.png,CT00059.png,ct,normal,256,256,L,PNG,2054,bc474f9899287c042d365a337d3d92a4,06f9c74a53dff712567cb81c664f42f3b1d65b3f3e621ca371301dcce348c592,003c7e7e7e7e3c00,8e0f070b330f0f8e,c0332bcc378c3033,56.57,40.82,17.0,227.0,1666.09
data/raw/ct_images/normal/CT00060.png,CT00060.png,ct,normal,256,256,L,PNG,2057,2ba19bc7df721308ae544930a5aa3f2f,5baf6b758aed67cc39d4faa8d40fdd5d8ec474aec16903695dc7abcf54dacb5d,003c7e7e7e7e3c00,8e0f170b370f0f94,c0b32b8c378c3433,56.5,39.71,18.0,224.0,1577.07
data/raw/ct_images/normal/CT00061.png,CT00061.png,ct,normal,256,256,L,PNG,2042,11da272aee3e58f10a41a48bc1473a03,9bf4a4980e80e0dd919f2c960ecaf546188d2d076ae956f6de4aeae5de49b881,003c7e7e7e7e3c00,8e0f070b130f0f8e,95667a9962996126,56.81,40.77,17.0,235.0,1661.93
data/raw/ct_images/normal/CT00062.png,CT00062.png,ct,normal,256,256,L,PNG,2052,45a4215e61e7d3111cbd4095c7f8c1bd,a0fe5b7944ef000be0b3808826b6397974dd3395030a3c385010a6f7b0d8c4c0,003c7e7e7e7e3c00,8c0f0f0b330f0f8e,95667a8962996166,54.38,40.47,15.0,228.0,1637.72
data/raw/ct_images/normal/CT00063.png,CT00063.png,ct,normal,256,256,L,PNG,2020,bceb6196960d7fe74417eb1dd4e2ff58,bcb1c3801f61506b0e1cef298e11ab0b7c8cd916ade68378c841cff01343190e,003c7e7e7e7e3c00,8e0f070f130f0f8e,95667a9962996126,54.87,39.12,17.0,232.0,1530.22
data/raw/ct_images/normal/CT00064.png,CT00064.png,ct,normal,256,256,L,PNG,2010,40dcd4c6fcca8c1e843fb1735c92ccbd,044d4ef7d6bba6ff8065033805e9e6a4adf17f5fe5ac57cab1b31f1561fa81c5,003c7e7e7e7e3c00,8c0f0f0f330f0f8e,c0332fcc358c30b3,56.15,42.74,14.0,239.0,1826.8
data/raw/ct_images/normal/CT00065.png,CT00065.png,ct,normal,256,256,L,PNG,2045,9be8a8103cc3e60017f6e0a558c2ec99,03399154ca1d7d6a23aefa4bf1e25cf77dda135c49d5148f0e74cfbf73ecb03d,003c7e7e7e7e3c00,8c0f072b330f0f8e,c0332fcc358c3033,56.72,39.62,18.0,220.0,1569.68
data/raw/ct_images/progression/CT00136.png,CT00136.png,ct,progression,256,256,L,PNG,2398,aefc95c5f6b0d1b1f68d923aa44a21b7,b35866ce56bb3eac8a14d9572be196e5316fb4579827b8ffd5f799896be0b1e4,003c7e7e7e7e3c00,8e0f0f0d1b2f0f86,ccce3b3330cd6122,62.94,55.25,14.0,234.0,3052.57
data/raw/ct_images/progression/CT00137.png,CT00137.png,ct,progression,256,256,L,PNG,2387,a40219e679413b04577c149268980d01,f5f475d368c81751ec52c31fb25c5ab8c107bab5940cdd9c652ac8edfd4df9aa,003c7e7e7e7e3c00,8e0f0f0f0b0f0f96,cccc3b3333cca123,60.63,57.28,12.0,237.0,3280.95
data/raw/ct_images/progression/CT00138.png,CT00138.png,ct,progression,256,256,L,PNG,2339,bcce99b726ac525cb99a115bedb38bce,5dbab9f347e8fa96b3c8c0130a51884cc224c9b10cf52eaae1e32bc14f96b814,003c7e7e7e7e3c00,8e0f0f0f330f0f8e,cccc3b3232cde123,64.46,55.14,16.0,221.0,3040.32
data/raw/ct_images/progression/CT00139.png,CT00139.png,ct,progression,256,256,L,PNG,2405,d3ef633197d4e927a919e698dab55289,508ae15dc190dbceeed4aec83953e78e242803223a7d2ba27d0056d16e9a8390,003c7e7e7e7e3c00,8e0f0f0f330f0f86,99996e6666999066,60.95,55.66,14.0,226.0,3097.78
data/raw/ct_images/progression/CT00140.png,CT00140.png,ct,progression,256,256,L,PNG,2351,2bbe60e28d365a07995b4ef4f8fd6e0e,92d8510e49ae0b1f96a30de51608e01b652986d93a1bf01642cb4879b6b48ae6,003c3e7e7e7e3c00,cc0f0f0f330f0f8e,cccc3b32328d61e3,66.74,56.31,17.0,229.0,3171.18
data/raw/ct_images/progression/CT00141.png,CT00141.png,ct,progression,256,256,L,PNG,2344,60d39c6ddbab78561a8eb536afe1753c,98a8fd7275f072cf14141383d49c065556d13401643ece66658adfde30615924,003c7e7e7e7e3c00,8c0f0f0f330f0f8e,cc892b3237ccbcc3,59.19,53.35,12.0,230.0,2846.29
data/raw/ct_images/progression/CT00142.png,CT00142.png,ct,progression,256,256,L,PNG,2357,067a6a4f38883f4d011f45c3124cdc88,ec6cdf742be748516f598afc1d90c9e2c641406a30377137f83aa4a4bc57f159,003c7c7e7e7e3c00,8c0f0f0f330f0f8e,d8992f64278c34b6,63.42,57.42,14.0,228.0,3297.35
data/raw/ct_images/progression/CT00143.png,CT00143.png,ct,progression,256,256,L,PNG,2326,47c84260bfe4de397e835a4d94eacb56,2159f96fabc49acccdf79d1d35275978833c90b1712c88358896eeb1944c8c94,003c7e7e7e7e3c00,8e0f0f0f330f0fd6,99996e666689999a,59.48,52.86,14.0,237.0,2794.21
data/raw/ct_images/progression/CT00144.png,CT00144.png,ct,progression,256,256,L,PNG,2355,dd2f015cee23494be3b51ae5e9fe2196,fba2b4cd685b16bbeee55d9c8198d7a14ac103ef76f5330262fe9c0f1d85f3f0,003c7e7e7e7e3c00,8e0f0f0f330f0f86,99996e6666999992,60.65,49.79,18.0,234.0,2478.81
data/raw/ct_images/progression/CT00145.png,CT00145.png,ct,progression,256,256,L,PNG,2370,86b9a53b066c17cefb180c3d59982347,7fddadf8eeed6c3f73064561a8553ea63d3e306acea8f81c344d5982eab21f84,003c7e7e7e7e3c00,8e0f0f0f330f0f96,cccc3b33338cc523,62.86,54.09,15.0,240.0,2926.03
data/raw/ct_images/progression/CT00146.png,CT00146.png,ct,progression,256,256,L,PNG,2371,cb9eba34c039d5e02aa695036d3beeab,8b5a3f21a708838d035a64bb40e46ec8939f0297c9855848681ee18ad60804bc,003c3e7e7e7e3c00,8e0f0f0f330f0f86,ccce3a3132c9e163,64.63,54.8,17.0,230.0,3003.13
data/raw/ct_images/progression/CT00147.png,CT00147.png,ct,progression,256,256,L,PNG,2355,3fd7d903a421dc453498bf71c1e2f93f,9ab2eee649f4a995c78abbe9b7d9ff9e52c57c47cf164350965c19b00dfd35a0,003c7e7e7e7e3c00,8e0f0f0f2b0f0f8e,cccc3b3230cde163,64.25,56.49,14.0,220.0,3190.76
data/raw/ct_images/progression/CT00148.png,CT00148.png,ct,progression,256,256,L,PNG,2412,ceebd14ae9008ffa1ace66722deb3b7c,4d42461b9936881d867311e734941a8649e6f28289d820e0bf65c90e6cd9aefb,003c3e7e7e7e3c00,c60f0f0f0f2f0f86,8dce7a3362896126,62.31,56.37,14.0,230.0,3177.03
data/raw/ct_images/progression/CT00149.png,CT00149.png,ct,progression,256,256,L,PNG,2351,c2c5e930ce5f92e0e6732f9f1ac6e121,adc3ae05e580e3f53767dbcc738f961c38865ea5b8729e12c1bc7dd1a07695b1,003c3c7e7e7e3c00,8e0f0f0f2b0f0f86,99986e676698b426,64.98,59.56,15.0,230.0,3546.86
data/raw/ct_images/progression/CT00150.png,CT00150.png,ct,progression,256,256,L,PNG,2409,3e083b710a1151583b141406258b088b,609d3a599e56e78d771830ef4427008df9c424fba569fc58d37fc6351357a45c,003c7e7e7e7e3c00,8e0f0f0f130f0f94,cccc3b3333cccc22,61.73,51.15,18.0,236.0,2616.77
data/raw/ct_images/progression/CT00151.png,CT00151.png,ct,progression,256,256,L,PNG,2327,00095c6565528b65f9af13f6b5932c46,382e31bc1b1c0c0b464965dcfc9ba572775ab0c88ee13ef58d46b035cf9a5419,003c7e7e7e7e3c00,8e0f0f0f330f0f86,cccc3b333289e1e3,65.14,55.87,17.0,240.0,3120.97
data/raw/ct_images/progression/CT00152.png,CT00152.png,ct,progression,256,256,L,PNG,2347,34734b2e174c6750c77895c2555cc91d,9bbe416111faf920cfd43745c61c62703f9b74e410519a4142ee17a0e5781cf4,003c7e7e7e7e3c00,8e0f0f0f330f0fc6,99987e676699a026,62.08,54.3,15.0,230.0,2948.87
data/raw/ct_images/progression/CT00153.png,CT00153.png,ct,progression,256,256,L,PNG,2358,e4edc30664af41de40723b76d3ddad3f,953331d23990977862f959c97be2fbe2b46cc70d0676c5dec9f5b56bc850aeb3,003c7e7e7e7e3c00,8e0f0f0f330f0f96,cccc3b3333cccc83,59.05,52.61,13.0,236.0,2767.66
data/raw/ct_images/progression/CT00154.png,CT00154.png,ct,progression,256,256,L,PNG,2438,bdd6eeff875df13d1a473ad90e21a053,60ebd88143f97c11d8d698d1adcda7505b1cb72477a8d54a572d75240fc8a2cf,003c7e7e7e7e3800,8e0f0f0f330f0f94,cccc3b3333cc8923,64.58,56.52,17.0,226.0,3194.62
data/raw/ct_images/progression/CT00155.png,CT00155.png,ct,progression,256,256,L,PNG,2370,54c8486a462b09621d512bef87f04a41,a0797ef89a347ca3cffc5cd67ebdebbcfd123d9028078577169ae314a12b2894,003c7c7e7e7e3c00,8c0f0f0f330f0f8e,d9992e6667dc9892,64.37,55.13,17.0,240.0,3038.85
data/raw/ct_images/progression/CT00156.png,CT00156.png,ct,progression,256,256,L,PNG,2399,ed9279c3e70deb68fe947895a34cb626,30bf89f8e462a0368c4dc4dd2e31e8b92983ddfa8b22ac3b25c5ebcba875875f,003c7e7e7e7e3c00,8e0f0f0f2b0f0f86,8dcc7a3362c9e126,64.95,59.05,14.0,236.0,3487.37
data/raw/ct_images/progression/CT00157.png,CT00157.png,ct,progression,256,256,L,PNG,2409,b773d3d9f5b08c57e6e9e3187ae3bad3,fd22adb48523adcb838fd4bc8b39cfa81fd3cc2045fe208d53ed68a96472efc2,003c7e7e7e7e3c00,8e0f0f0f1b0f0f8e,8ccc3b3322cce526,64.67,53.5,18.0,224.0,2862.23
data/raw/ct_images/progression/CT00158.png,CT00158.png,ct,progression,256,256,L,PNG,2369,277e4eb0dce3f676827a9e141e9176fd,848f154c444f0d0e1c8ed624cd1997db9f4c923fd997274ada7178c6daa1d163,003c7e7e7e7e3c00,8e0f0f4d330f0f8e,cccc3b3333cc2432,61.6,49.89,17.0,223.0,2489.29
data/raw/ct_images/progression/CT00159.png,CT00159.png,ct,progression,256,256,L,PNG,2345,79fd090ae6c99e1a4d9b8d3d6412fa13,8518717786e1ef57d76128e47b18f0f68a14b5885645229c842d894ef3d73916,003c7e7e7e7e3c00,8c0f0f0f330f0f8e,cccc3b33338ce4c3,61.26,52.43,15.0,221.0,2749.11
data/raw/ct_images/progression/CT00160.png,CT00160.png,ct,progression,256,256,L,PNG,2382,c50545f56cecb80f1b60e0f5af80c8f1,e9670712974597a73c8d5cc1f8486a9e8442c973fc5df1079903e7d754ea53f8,003c7c7e7e7e3c00,9c0f0f0f330f0f8e,d9992e66679898d3,64.33,53.32,18.0,232.0,2842.98
data/raw/ct_images/progression/CT00161.png,CT00161.png,ct,progression,256,256,L,PNG,2430,50894964a97b204db5ccce6d0b706ece,57dfc7477c65e3b03754b9eee18a377c5d37aebbc0f437ab1c64de000d501299,003c7e7e7e7e3c00,8e0f0f0f0b0f0f96,8ccc3b3360cde522,65.98,54.34,18.0,229.0,2953.37
data/raw/ct_images/progression/CT00162.png,CT00162.png,ct,progression,256,256,L,PNG,2318,105d6d3766558da4347814e12933f171,17c1d1d79a1adaae049b2dd006d33d6ba0911c3438da0e63f641b8069c573a53,003c3e7e7e7e3c00,8e0f0f0f330f0f86,ccce3b313289e163,65.81,55.48,17.0,235.0,3078.27
data/raw/ct_images/progression/CT00163.png,CT00163.png,ct,progression,256,256,L,PNG,2351,7b84aa3683d979683f805105a9082ba2,8167375631832dd811413ea379f0e0a31b18508a1a18c3c549a2db21887c4d9c,003c3e7e7e7e3c00,c60f0f0f330f0f8e,8ccc7a333289e5c3,64.35,55.33,18.0,226.0,3061.17
data/raw/ct_images/progression/CT00164.png,CT00164.png,ct,progression,256,256,L,PNG,2349,f6dc1e4286d8ad4bc5a022da88623827,fc24f62aad5c0a30803d3e3726f756efaedfc991b31879f5746a7286b2545cd6,003c7e7e7e7e3c00,cc0f0f0f330f0f8e,99996e666699919a,61.17,53.41,14.0,223.0,2853.0
data/raw/ct_images/progression/CT00165.png,CT00165.png,ct,progression,256,256,L,PNG,2355,205532ebbec6db0d6a1e975cbeaa4009,26e212a363c3d26ca2ffb79ef44eeb7b35c91fb3bc4feae2ebfbdf81d0f00624,003c7e7e7e7e3c00,8e0f0f0f330f0f86,99997e666699898a,61.01,52.6,15.0,228.0,2767.0
data/raw/ct_images/progression/CT00166.png,CT00166.png,ct,progression,256,256,L,PNG,2382,3386470569102659df20bd3f2348ee32,5adf438d1097e3cdb83c61f15d5de6d6352d8369b907ddffe742b1e090770cd4,003c7e7e7e7e3c00,8e0f0f0f330f0f86,8ccc3b333289cd23,63.29,54.69,16.0,228.0,2991.09
data/raw/ct_images/progression/CT00167.png,CT00167.png,ct,progression,256,256,L,PNG,2386,1ab9b4bd06ff1e84e1b540c5970d1a55,cb88c241213c23657258858580cec65e75e8c2e7ea480789da7714c37ae3c452,003c7e7e7e7e3c00,8e0f0f0f2b0f0f96,8dcc7a3322c9e127,62.6,59.05,12.0,232.0,3486.39
data/raw/ct_images/progression/CT00168.png,CT00168.png,ct,progression,256,256,L,PNG,2373,bdfeccf28340f77920bb78a43d604b98,aad5af6e95601de720bcfffe849080a12d0d7d48425bb38475207f09b040b4cb,003c7e7e7e7e3c00,8e0f0f0f330f0f96,cccc3b33328cc563,62.14,54.19,16.0,238.0,2936.46
data/raw/ct_images/progression/CT00169.png,CT00169.png,ct,progression,256,256,L,PNG,2393,9aa4878b3b41e0d0998e4be61b6d5453,30be457d9933d54ad2de06a538948203cd0c6eb2c01ebab326a007c46bdaf8ae,003c7e7e7e7e3c00,8e0f0f0f0b0f0f96,ccce3b3320cde126,61.89,56.97,13.0,220.0,3245.39
data/raw/ct_images/progression/CT00170.png,CT00170.png,ct,progression,256,256,L,PNG,2329,fd9b36039d0fa9ed8f903fcb3fd11e8d,c51ad8264f8fa39b1eb5f26ae23802dc73ba09337532bd9b19ab7a69cee641b0,003c7e7e7e7e3c00,8e0f0f4f330f0f86,99996e6666999832,62.58,54.92,15.0,233.0,3015.67
data/raw/ct_images/progression/CT00171.png,CT00171.png,ct,progression,256,256,L,PNG,2338,44502f95b63dc4b1d8adb0166dd66478,d6ad53090d90a2a66b8f8078d7bbcb0a9071173f91f7552b7b50f1eac4b7a7a2,003c7e7e7e7e3c00,8e0f0f0f330f0f8e,99996e6666cdb092,63.22,53.88,17.0,234.0,2903.28
data/raw/ct_images/progression/CT00172.png,CT00172.png,ct,progression,256,256,L,PNG,2338,ec805e3771a12a190faeea14a8a8f971,af36875fec262f8ab404b1e0c72bd5bb6990b38308c338802c1c16b65dc67802,003c7e7e7e7e3c00,860f0f0f330f0f86,8ccc7b3332cccc86,58.86,52.57,13.0,229.0,2763.36
data/raw/ct_images/progression/CT00173.png,CT00173.png,ct,progression,256,256,L,PNG,2380,8c5c65ef10444bb867522459bc3625fa,6297ad61db5b6de12e33f3563ebbb729b9664bdc45c72858988c96ba87c3c574,003c7e7e7e7e3c00,8e0f0f0f330b0f94,cccc3b3333cccc22,61.31,52.72,15.0,232.0,2779.76
data/raw/ct_images/progression/CT00174.png,CT00174.png,ct,progression,256,256,L,PNG,2398,47b9b2f75bd3a0e14f47d1fc87f42f5b,0a3d1df86b8d5f86947ea534bc6ca6cfb885a36d0547f0c29ed16fd0ebf5460a,003c7e7e7e7e3c00,8e0f0f0f2b0f0fc6,99987e666299a166,63.02,54.23,16.0,234.0,2940.65
data/raw/ct_images/progression/CT00175.png,CT00175.png,ct,progression,256,256,L,PNG,2324,0351463d9953deb2f408406aecf92213,5249b84edf30e4f5afd095de63890e155f702a880b2f9fe6c50ae1fd6beaa0f7,003c3e7e7e7e3c00,ce0f0f0f330f0f86,cdce3a3132c9e1e3,66.04,57.01,18.0,235.0,3250.19
data/raw/ct_images/progression/CT00176.png,CT00176.png,ct,progression,256,256,L,PNG,2299,719b563a89cce266ecbecac1088a7d90,b7dfbfd011f6585fca309a6f811dae87769602413bc8a93bd053917310a73682,003c7e7e7e7e3c00,8e0f0f0f330f0f86,cccc3b33338865c3,61.52,53.44,16.0,227.0,2855.39
data/raw/ct_images/progression/CT00177.png,CT00177.png,ct,progression,256,256,L,PNG,2341,4ae3ac1291648fa0ec2cf2ac391401dd,c0d0fc2406182576e61b6367dbc1cfd772b5930fb2c493a1422d17f271c0f51f,003c7e7e7e7e3c00,8c0f0f0f330f0f8e,cccc3b3333cce483,61.24,49.56,18.0,222.0,2456.32
data/raw/ct_images/progression/CT00178.png,CT00178.png,ct,progression,256,256,L,PNG,2372,16d51376f64244e8edd25aa00eeee025,798a23836bea2e2ae50ce219b3af92d12414f25ce33fe3894085c0126dd340b6,003c7e7e7e7e3c00,8e0f0f4f270f0f8e,99996e6764983426,63.34,56.25,14.0,221.0,3164.36
data/raw/ct_images/progression/CT00179.png,CT00179.png,ct,progression,256,256,L,PNG,2388,fd70a20495a6c9b2b1c6c8d4f263e914,d898418e303251cb4040eadfce0f6162b40edebd8213551fad12d5c4d9a0b883,003c7e7e7e7e3c00,8e0f0f0d330f0f8e,99987e666299e126,60.17,54.24,12.0,231.0,2942.25
data/raw/ct_images/progression/CT00180.png,CT00180.png,ct,progression,256,256,L,PNG,2354,b89b2ee38af583ee3891739dccced665,2f3258cc378cfba46972f7fbc99da66076b159918dcb1d5ac2331418a9cb29a7,003c7e7e7e7e3c00,8e0f0f0f330f0f96,99997e666689b026,61.72,55.67,13.0,221.0,3098.89
data/raw/ct_images/progression/CT00181.png,CT00181.png,ct,progression,256,256,L,PNG,2442,142437fe817c9030a0939221844d6d7b,fa351214b317ccf7934bfd0e82a90422b784f2c830d693d6c9071239a0da9b9c,003c7e7e7e7e3c00,8e0f0f0f330f0f9c,c8992f26378c9833,60.74,54.23,12.0,227.0,2941.01
data/raw/ct_images/progression/CT00182.png,CT00182.png,ct,progression,256,256,L,PNG,2391,9a582fbbd45eb7d0ab8a54aa4ba270dd,6f7aa980b3a83782530ced6f7ec3df56434e1031f92b659c33cfc2b93264c664,003c7e7e7e7e3c00,8e0f0f0f0b0f0f86,cccc3b3332cde122,64.25,53.86,18.0,223.0,2901.09
data/raw/ct_images/progression/CT00183.png,CT00183.png,ct,progression,256,256,L,PNG,2396,79462cbd2cf52d247dc68c4a153dc7c7,870ec458e254c1d3bfed4321130808d6f6b1b5a7091d653b47243721c53ca92a,003c7e7e7e7e3c00,8c0f0f0f0b0f0f8e,cccc3b3332cce522,63.3,53.74,17.0,221.0,2888.41
data/raw/ct_images/progression/CT00184.png,CT00184.png,ct,progression,256,256,L,PNG,2349,6ab33710807dabd566860a0225e0b660,15fb9bf1714effccd4be0f4d439b01061100847033e079cdc4a4c8b590d60451,003c7e7e7e7e3c00,8e0f0f0f330f0f8e,8dcc7a3362c9e586,60.45,53.35,12.0,234.0,2846.67
data/raw/ct_images/progression/CT00185.png,CT00185.png,ct,progression,256,256,L,PNG,2367,ccbf4eaa07e6cd3924dd8f89be4ed465,7a096c1ecb05c5bf86b350eee3513599022bea656c3941ed4c22e9838515afe0,003c3e7e7e7e3c00,ce0f0f0d130f0f86,8cce3a3332c9e123,64.24,55.14,18.0,234.0,3040.56
data/raw/ct_images/progression/CT00186.png,CT00186.png,ct,progression,256,256,L,PNG,2381,771d34dd9d7bb923d75a68c2929dbd27,e621ba46773866445f985a88e07d77c2ef74c8c1885d4f8e3abea5cb1e826e26,003c7e7e7e7e3c00,8e0f0f0f330f0f96,998c7e236299c966,60.57,49.0,18.0,234.0,2400.52
data/raw/ct_images/progression/CT00187.png,CT00187.png,ct,progression,256,256,L,PNG,2379,72818a310e4487151b1af0e0bd5ccfd4,2e21891eb22b6163ced8816528b57aba3be8d7eb96bd6ff900faedf9c3842fec,003c7e7e7e7e3c00,8e0f0f0d330f0f86,8ccc3b3362ccec22,60.78,51.67,16.0,226.0,2669.51
data/raw/ct_images/progression/CT00188.png,CT00188.png,ct,progression,256,256,L,PNG,2404,f3b4e3c66849624911c64d01f89b0d83,fa19b63d32c694f129029b5478cde99b0ad842d0f6ffc814a124b87363ab330e,003c7e7e7e7e3c00,8e0f0f0f2b0f0f86,99996e676698b026,62.36,59.13,12.0,230.0,3496.4
data/raw/ct_images/progression/CT00189.png,CT00189.png,ct,progression,256,256,L,PNG,2437,6e4c925b20ba45855f08c7936640eb67,039f8c0d08adb8f0e28f749e04636ce81b43d818ae7215ccaf504074abc50bcb,003c3e7e7e7e1c00,8e0f0f0f0f0f0f86,8dcc7a3362c9e126,65.3,59.29,15.0,230.0,3515.74
data/raw/ct_images/progression/CT00190.png,CT00190.png,ct,progression,256,256,L,PNG,2407,81f7f2c27ad6ae38846ef8d2c48be8fc,d2787231928e9d9764081286bcf22f373fd19d8c3e8f7b12b619cc1f1ac54240,003c7e7e7e7e3c00,8e0f0f0f2b0f0f8e,99987e666299e126,61.98,54.42,14.0,220.0,2961.64
data/raw/ct_images/progression/CT00191.png,CT00191.png,ct,progression,256,256,L,PNG,2374,d503ec102301b543c38ed631476f46bb,7b6d584a0178d3d2eab29b0e1b39ba4e7fe22ab2d15941d5efa7e73c4ff0984d,003c7e7e7e7e3c00,8e0f0f0f330f0f8e,cccc3b3333cc8c23,61.31,52.31,14.0,222.0,2736.42
data/raw/ct_images/progression/CT00192.png,CT00192.png,ct,progression,256,256,L,PNG,2366,33c6154358b84f7731c8052104b15db2,7799e542abfebf864016d8125233225cbced5ff3639c259b2bb2a793698bc12a,003c7e7e7e7e3c00,8e0f0f0f330f0f8e,cccd2b3233ccb493,63.67,58.06,13.0,226.0,3370.89
data/raw/ct_images/progression/CT00193.png,CT00193.png,ct,progression,256,256,L,PNG,2392,4dc723349669aa47d10ed401dd7859f0,bcf48ff6b7b39a85f6e4bc9c1b94e0d5e48cdb4b5a789fc1a3dd8b539c00916a,003c7e7e7e7e3c00,8e0f0f0f330f0f86,99996e6666999826,63.57,56.19,16.0,233.0,3157.47
data/raw/ct_images/progression/CT00194.png,CT00194.png,ct,progression,256,256,L,PNG,2339,3313bc079f0b4f6c3d1b05b3fd1bacad,a921aadc678a469a2298ea21f8a8d55667440abbd664b8634ca62d76a71adad4,003c7e7e7e7e3c00,8e0f0f0f330f0f86,99987e666699c986,60.96,49.54,18.0,223.0,2454.12
data/raw/ct_images/progression/CT00195.png,CT00195.png,ct,progression,256,256,L,PNG,2351,84f79a7b4e22d873ee08bbb72b28fd18,8649b57ce5251d6994f7fb2cfca2b538e6a671536448060ade9ff126f6b08279,003c7e7e7e7e3c00,8e0f0f0f330f0f96,cccc3b33338ce583,63.91,55.14,17.0,225.0,3040.85
data/raw/ct_images/progression/CT00196.png,CT00196.png,ct,progression,256,256,L,PNG,2358,495105b500c07680d24e7a24dc4da8ad,2c3d7e67dddb11ea2b60b1bcd52bb83aa8da9f8f4b2365b7c9ef5d1207f8af91,003c7e7e7e7e3c00,8e0f0f0f330f0f96,8ccc7b33228ccd26,59.92,49.39,17.0,237.0,2439.82
data/raw/ct_images/progression/CT00197.png,CT00197.png,ct,progression,256,256,L,PNG,2358,2451ad2c0e23cd219ae6538915489a52,dd18fce7616d74848742af574e5fc5eb6195614ef2e3fe3f3dc98838594f8598,003c7e7e7e7e3c00,8e0f0f0f330f0f94,cc992b2637cc9c93,59.81,55.2,12.0,227.0,3047.54
data/raw/ct_images/progression/CT00198.png,CT00198.png,ct,progression,256,256,L,PNG,2380,e119a8c9376987f4a12c37df2c0494f3,f42ef3d650240e713615f97e3b1af48b7eab8ce2d0cdc2d84fa2b7c5c086fdd9,003c7e7e7e7e3c00,8e0f0f0f330f0f8e,998c7e236299c966,64.67,55.26,16.0,225.0,3053.7
data/raw/ct_images/progression/CT00199.png,CT00199.png,ct,progression,256,256,L,PNG,2401,d876277a71e91805e2d0a5742aabb4db,bcbc0d3dbe0625258f0d9accc0867392eeb08c6687b2b15ec34d8bef78b8cd7a,003c7e7e7e7e3800,8e0f0f0f2b0f0f94,cccc2b3337cc8433,63.19,53.87,16.0,229.0,2901.51
data/raw/ct_images/progression/CT00200.png,CT00200.png,ct,progression,256,256,L,PNG,2359,222b6ff91791e2bfef139a395f59661d,0f5a818541117db7fae58f779a9475beaab0a102cdcfc2c781c0ff26f56e4be5,003c7e7e7e7e3c00,8c0f0f0f330f0f8e,d9996e666798b096,62.1,54.43,14.0,231.0,2962.87
data/raw/ct_images/tumor/CT00066.png,CT00066.png,ct,tumor,256,256,L,PNG,2157,8fc441a9f8f1a8e7fdbc7f6138079cc2,bdd3646e5c8f6dae7d46e524f78d1381b944c629e024b65cedd98ed2fd6cbc3d,003c7e7e7e7e3c00,8e0f0f0f330f0fc6,858c7a336289e966,57.87,44.88,16.0,226.0,2014.3
data/raw/ct_images/tumor/CT00067.png,CT00067.png,ct,tumor,256,256,L,PNG,2178,8966ceb5ab248e789dd230e5e93d78ff,e1cea892c943ba9c0726912763ae7523536d746ee8e560876ca5a7765c38b638,003c7e7e7e7e3c00,8e1f2727130f0f8e,91336e6460993166,54.98,45.61,12.0,221.0,2079.97
data/raw/ct_images/tumor/CT00068.png,CT00068.png,ct,tumor,256,256,L,PNG,2161,7fd75395966f1b1a6b74e910bdcbe501,77dc60d2d09a7e03e902e1603bee78697267ce9aad127ef350ee9cda373a9ab6,003c7e7e7e7e3c00,ce170f0f330f0f8e,95667a3360996126,57.99,45.34,15.0,226.0,2055.99
data/raw/ct_images/tumor/CT00069.png,CT00069.png,ct,tumor,256,256,L,PNG,2192,965799fbb4b56a8123cec90a540ca88d,9d8d72aade8e785c5d99609a4e6976bc34af4d9622bcafaeac60e602f7af73f7,003c7e7e7e7e3c00,ce0f0f0f330f0f86,954c7a336299e986,58.22,47.77,14.0,240.0,2282.27
data/raw/ct_images/tumor/CT00070.png,CT00070.png,ct,tumor,256,256,L,PNG,2157,6cca966a65864b75cf38c8bf9bc6ca9f,e1ebd9e1ece997e9c8e81b60ad80e5ed8c3822397a6051f18dc182d88bff60b6,003c7e7e7e7e3c00,8c1f0f0f330f0f8e,d1332e6631993126,57.82,46.03,15.0,236.0,2118.76
data/raw/ct_images/tumor/CT00071.png,CT00071.png,ct,tumor,256,256,L,PNG,2163,47b3c445e42050b24fd65fdab2adc5d0,02ab37e2528a35c3825fb14cbd6a2a1795fe7f96092ab5c8245712fc7dc1c66c,003c7e7e7e7e3c00,8e0f0f2f130f0f96,91916e6666999932,56.45,46.44,13.0,229.0,2156.69
data/raw/ct_images/tumor/CT00072.png,CT00072.png,ct,tumor,256,256,L,PNG,2195,9947833faa184afd7e58c755ff3cd235,25cd80f585a9960f58762bc09a6be596ba4abf747d6b3f64d4b4edcbf41212ee,003c7e7e7e7e3c00,8e170f0f330f0f8e,d0332e6639993026,58.36,44.87,17.0,236.0,2013.57
data/raw/ct_images/tumor/CT00073.png,CT00073.png,ct,tumor,256,256,L,PNG,2189,3f84011ca0ea2a258a3b3902b2c632bf,fca76ab59ac1aa0eabd73fc66f233e59a6db9ef35852d3ae125e5f0761dee76f,003c7e7e7e7e3c00,8e0f0f0f330f0f86,91887e666299c966,57.24,46.87,14.0,223.0,2196.77
data/raw/ct_images/tumor/CT00074.png,CT00074.png,ct,tumor,256,256,L,PNG,2127,c630166a7a81e241e91859ad92e569a1,8c41565302029e33b7eb466342c13a4c1f4c6c19a4190ca4614369324be7f27a,003c7e7e7e7e3c00,8e170f0f330f0f96,c0332b263d8c3033,54.14,43.6,13.0,227.0,1901.21
data/raw/ct_images/tumor/CT00075.png,CT00075.png,ct,tumor,256,256,L,PNG,2127,56160d4e5aa3a4726ea4921f66d6043a,2b9fea9c34ec35ed5af88ca37e06bd1dcb492ecb4c78760a537724759db02ee0,003c7e7e7e7e3c00,8e1f2727130f0f96,91136e6432993166,56.08,44.41,15.0,238.0,1972.49
data/raw/ct_images/tumor/CT00076.png,CT00076.png,ct,tumor,256,256,L,PNG,2163,84a14c725ba5af1a1551f4ec9944241c,ebd702d0c39154dde20c571c46fb5559ab328f5262136687374b0234e9814997,003c7e7e7e7e3c00,8c170f4d330b0f8e,c40a2b3337cc2433,56.62,47.47,13.0,240.0,2253.73
data/raw/ct_images/tumor/CT00077.png,CT00077.png,ct,tumor,256,256,L,PNG,2145,674c8b3ede0fb0ba1153ae545bd7f70c,183439e3e4184725b8a3d537343736f786f28b22a7b7f3339981d565129b4bbe,003c7e7e7e7e3c00,8e170f0d330f0f86,91136e6662993126,56.2,45.24,14.0,232.0,2046.64
data/raw/ct_images/tumor/CT00078.png,CT00078.png,ct,tumor,256,256,L,PNG,2152,d9bea25cb4bab454f12505ae35a27c5e,a16d7eab8c57931d042e1f0ef327299e4f659c20f3625859fd6f5bc20c16ee9d,003c7e7e7e7e3c00,8c0f0f0f330b0f8e,c4892b3337cc3c83,54.87,45.9,12.0,221.0,2107.15
data/raw/ct_images/tumor/CT00079.png,CT00079.png,ct,tumor,256,256,L,PNG,2215,db23b47cda1ffb958cb6a98f5de9b137,2740ccb9bfc15e4d2f4ed1091f6133127299d22b50bf0a58172b761ec9034f6c,003c7e7e7e7e3c00,8e1f0f0f370f0f8e,d1332e6439993066,56.4,47.18,12.0,220.0,2226.38
data/raw/ct_images/tumor/CT00080.png,CT00080.png,ct,tumor,256,256,L,PNG,2152,2921a03ccf734218d8a0af4022dae102,228a9df551afa7094a089d7c34aaf6ef6fdaf8c61c3162987d9df2a392c37184,003c7e7e7e7e3c00,8e0f0f0f330f0f8e,91992e6626993993,57.9,47.77,13.0,234.0,2282.3
data/raw/ct_images/tumor/CT00081.png,CT00081.png,ct,tumor,256,256,L,PNG,2143,7c545093129e120307d1b2bbb18540a1,2748c2db603234fe0742e0d3df4cd8cdaf8eda44df2b1c6c6cc794969a979934,003c7e7e7e7e3c00,8e0f2727330f0f86,d1932e6466993133,59.96,44.75,18.0,233.0,2002.87
data/raw/ct_images/tumor/CT00082.png,CT00082.png,ct,tumor,256,256,L,PNG,2170,df574d1014b74c864d2adefcc1b2db4b,ee52bb052a56be6ec648d0ab4599d69d420aa65119421d1e6af7ea0772cf0df6,003c7e7e7e7e3c00,8e1f0727330f0f8e,91336e6431993126,59.35,44.58,18.0,225.0,1987.12
data/raw/ct_images/tumor/CT00083.png,CT00083.png,ct,tumor,256,256,L,PNG,2203,df2cdf2486ac0622c1c87062f3d299d9,ce0490a000386443c2992b2f8e9f90a5061f9421ab8de0c9abf70ac9aa67d78a,003c7e7e7e7e3c00,8e0f0f0f330f0fc6,91997e6662999922,56.82,46.41,15.0,226.0,2154.05
data/raw/ct_images/tumor/CT00084.png,CT00084.png,ct,tumor,256,256,L,PNG,2210,98757f9915c86091a9684d02724e58d3,a2d1143a8fe6240bed4da234b7c1a17b941abaf1c5b3b5502990b5b6ed949868,003c7e7e7e7e3c00,8e0f0f0f330f0f96,d1992e6636999923,56.19,45.23,15.0,239.0,2045.68
data/raw/ct_images/tumor/CT00085.png,CT00085.png,ct,tumor,256,256,L,PNG,2138,11ebc4904f50c57e0ed9422a3d81614c,8e752c31629f7a8418f518a08757d7be836b1661825f02e10d2c9c079395d900,003c7e7e7e7e3c00,ce170f0d330f0f8e,85667a3368896126,57.66,43.18,17.0,220.0,1864.42
data/raw/ct_images/tumor/CT00086.png,CT00086.png,ct,tumor,256,256,L,PNG,2199,3d3b4d92907db361e587739fb73b42a5,8ee7dcdc65d9a260dd8f2ad89e63c758d91cea4c5d6dfabeeaefadda30cde38a,003c7e7e7e7e3c00,8e1f0f0f330f0f94,d0912e6637993922,58.58,46.72,15.0,239.0,2182.65
data/raw/ct_images/tumor/CT00087.png,CT00087.png,ct,tumor,256,256,L,PNG,2134,0acf58d945b5c8808330da594a675488,bf066a28727d8ad918c11ce96cf0aa7ba7d1bccd3b2aaed4212e47b0f02bc2fb,003c7e7e7e7e3c00,8e170f0f330f0f8e,85667a33628c6426,55.98,45.32,13.0,240.0,2053.99
data/raw/ct_images/tumor/CT00088.png,CT00088.png,ct,tumor,256,256,L,PNG,2161,372e6615495682f4ab6fe265d496e195,d91ade7051e01ed5fbea1bbfa44b66c5d5fa8f7c230fbb7c87e4932ad315ef89,003c7e7e7e7e3c00,8e1f2727330f0f96,91936e6439993066,57.06,46.41,13.0,230.0,2153.88
data/raw/ct_images/tumor/CT00089.png,CT00089.png,ct,tumor,256,256,L,PNG,2187,ad472075707a5d1d7c30d5d9e9c8b820,951b9276cabc88de33b39aa6a7385ba9e72f7e924eb8fba18c9fd3541913eff0,003c7e7e7e7e3c00,8e1f0f2f330f0f96,91936e6431993166,57.04,46.1,14.0,235.0,2125.29
data/raw/ct_images/tumor/CT00090.png,CT00090.png,ct,tumor,256,256,L,PNG,2122,513e2fe67a910e2e01f0fe1866139f4e,6a2bb7cfe0a9eb04caf16e33187696f9446d6060fdd4660eb0f2241173ffeeda,003c7e7e7e7e3c00,8c170f0d330f0f8e,91336e6628993126,54.47,43.73,13.0,239.0,1912.33
data/raw/ct_images/tumor/CT00091.png,CT00091.png,ct,tumor,256,256,L,PNG,2170,49cc973effe1e41964c12b99cc7f4d25,b3c4739bafbd8b76c6dd49bae47f86a5ab32557fc57b8c16e65fdb9a752afc50,003c7e7e7e7e3c00,8e1f2725130f0f86,91136e6468993166,57.57,44.73,16.0,229.0,2000.89
data/raw/ct_images/tumor/CT00092.png,CT00092.png,ct,tumor,256,256,L,PNG,2146,fe1feaab78183ada62592d36ffd3457f,7620b7134436bcc7643907f04fec55ef6cea56c65eb744915961182d80683b5e,003c7e7e7e7e3c00,8e170f0f330f0f96,85c67b33688c6132,56.74,47.11,12.0,236.0,2219.56
data/raw/ct_images/tumor/CT00093.png,CT00093.png,ct,tumor,256,256,L,PNG,2186,b422d7ee5734ff81617c3e238173e043,91f5060cd885da13676f8385d602e052aa209b629afef8b8f0fb260005c5b9c7,003c7e7e7e7e3c00,8e170f0f330f0f86,91227e6662996126,59.96,45.4,18.0,237.0,2060.83
data/raw/ct_images/tumor/CT00094.png,CT00094.png,ct,tumor,256,256,L,PNG,2133,5cd60ca0694a8052211e7c1c5d815219,36ff830fa7e3ed845a9364db234148ef7a977e920c993e5ce5926b687b300f53,003c7e7e7e7e3c00,8e0f2727130f0f86,91136e6466993193,57.97,43.45,18.0,238.0,1887.51
data/raw/ct_images/tumor/CT00095.png,CT00095.png,ct,tumor,256,256,L,PNG,2198,84b3cf57fcfd4fcbab882d896ac2253d,9ada967f4587c9d94d23306e37226f1bad20af8f8e9c5b57387666971e75f7a9,003c7e7e7e7e3c00,8e0f0f0f330f0f8e,c00b2b2237cc3433,58.35,47.84,13.0,240.0,2288.23
data/raw/ct_images/tumor/CT00096.png,CT00096.png,ct,tumor,256,256,L,PNG,2229,4e96ec4fc6aa9ef92c5d3cd6a2a3f6d8,fa258dd66d5727ffd913e760a76c77ad071b82d4753790d82f43611efd41168a,003c7e7e7e7e3c00,8e1f0727330f0f86,91936e6660993166,58.76,46.15,16.0,226.0,2130.01
data/raw/ct_images/tumor/CT00097.png,CT00097.png,ct,tumor,256,256,L,PNG,2225,09769fa65a70acc4dba3100293f78688,ad9e52785fae487c24243efcfaae37ba0eef2abf8d01619a868fe69f0a50f493,003c7e7e7e7e3c00,8e0f0f0f330f0fd6,91996e6662999926,60.14,46.19,18.0,222.0,2133.34
data/raw/ct_images/tumor/CT00098.png,CT00098.png,ct,tumor,256,256,L,PNG,2143,95e3f1e896a78cc37ddfebbb328a3d0f,1bec67e26ed1f82af2c51bbbdbd71afdea0f341a9b0d463c415835e8bd1dfde1,003c7e7e7e7e3c00,8e170f2f330f0f8e,91332e6631993126,58.63,45.9,15.0,234.0,2107.17
data/raw/ct_images/tumor/CT00099.png,CT00099.png,ct,tumor,256,256,L,PNG,2164,61b96121185ba01e929c575dfa2fd956,9339eecb1a82de1c2520859a31d7ad8a08888c7f1e863b6bd680ed2961a221e7,003c7e7e7e7e3c00,8e0f0f0f330f0f8e,91996e6626993922,57.08,47.33,13.0,228.0,2239.72
data/raw/ct_images/tumor/CT00100.png,CT00100.png,ct,tumor,256,256,L,PNG,2164,a2f642ef1dbecaeecb05b9660794fb3b,5b6d304cf2cd64455791e14a43c1fd6f1a00cd757634f246cea718c23f7b132f,003c7e7e7e7e3c00,8c170f0f330f0f8e,d1332e6639993026,60.79,45.36,18.0,234.0,2057.7
data/raw/ct_images/tumor/CT00101.png,CT00101.png,ct,tumor,256,256,L,PNG,2152,4aef47bdfb44fc8ff5f64cd6ce9749bb,e3b61c25e6255aecd1d9df1fcf57f6f281eaad6c209597bf56117a9ce7a3241f,003c7e7e7e7e3c00,8e170f0f330f0f94,d1b32e6631993126,55.05,43.05,15.0,237.0,1853.46
data/raw/ct_images/tumor/CT00102.png,CT00102.png,ct,tumor,256,256,L,PNG,2159,3aa96bd7420769e0335d5368989f922d,7a56af1a649946e4a599338214415571621709b521c7762d1d87746617779912,003c7e7e7e7e3c00,8e0f0f0d330f0f86,911b6e6626993982,56.36,43.34,16.0,235.0,1878.08
data/raw/ct_images/tumor/CT00103.png,CT00103.png,ct,tumor,256,256,L,PNG,2185,e78129e3ccf0aaa62878a994a20933c6,1fd997bfe5e51bce3498c832fba25fd96b7689827adcc1c1274931b61f7f0894,003c7e7e7e7e3c00,8e0f0f0f330f0f8e,91196e6662993922,59.33,45.42,17.0,231.0,2062.76
data/raw/ct_images/tumor/CT00104.png,CT00104.png,ct,tumor,256,256,L,PNG,2183,d1f68c9e9d86d9bafba875429e4072bc,b1754d90704228d6977efbc891f1d63a05763634442efbc6c896e91fc2e217af,003c7e7e7e7e3c00,8c0f0f0f330f0f8e,911b6e6626993902,57.71,45.33,17.0,235.0,2054.85
data/raw/ct_images/tumor/CT00105.png,CT00105.png,ct,tumor,256,256,L,PNG,2208,658240ed3e844f80c600ca3e67e59589,6972980fcf4e02ac75fdeb104125d3f5fa821d2dbca6bc4976a4c3aace6770c1,003c7e7e7e7e3c00,8c0f0f0f330f0f8e,91336e6630993126,58.3,47.61,14.0,239.0,2267.11
data/raw/ct_images/tumor/CT00106.png,CT00106.png,ct,tumor,256,256,L,PNG,2201,41bc0eb60c1f87344e6001778cd6ac6d,dac6244e9e884e6273ea4e51b6e49da60f7c94701a683e17157192e3e12133aa,003c7e7e7e7e3c00,8e0f0f2f130f0f8e,91336e6626993183,59.49,44.74,18.0,231.0,2001.59
data/raw/ct_images/tumor/CT00107.png,CT00107.png,ct,tumor,256,256,L,PNG,2152,f80f06506da2bdb59b36e0e351e07473,ca102d9afd352d33390957865002dbc3dd37bd62179cae6a783e6a062ce4eb3d,003c7e7e7e7e3c00,8e0f0f0f330f0f86,d1992e6626999933,58.45,44.99,17.0,227.0,2023.98
data/raw/ct_images/tumor/CT00108.png,CT00108.png,ct,tumor,256,256,L,PNG,2176,2688b70eb9dc8686029a960d5cf52a1f,f6c7977fa1a867e58f7a60446f9e3378cc9fe2144e2186b3c281a0b0fea60841,003c7e7e7e7e3c00,ce1f2725132f0f8e,91336e6460993166,56.78,45.03,14.0,224.0,2027.66
data/raw/ct_images/tumor/CT00109.png,CT00109.png,ct,tumor,256,256,L,PNG,2120,2b5ca69464d463911493b772a6a199ca,d8396947c226a7f99aaebd1c5c044194cb188e00838c238bbfc6e7a407ace9c2,003c7e7e7e7e3c00,ce170f2f130f0f8e,91327e6660992166,57.41,44.25,15.0,224.0,1958.32
data/raw/ct_images/tumor/CT00110.png,CT00110.png,ct,tumor,256,256,L,PNG,2163,30eeb19f3d62fa47eb3ad0c9a209d3a8,19d4aa31de57dec3241a14b6df48f5b78599844d2cffc9ed56e9d69036281e7c,003c7e7e7e7e3c00,8c0f0f0f330f0f8e,d0392e66379830a3,57.93,46.74,14.0,224.0,2184.67
data/raw/ct_images/tumor/CT00111.png,CT00111.png,ct,tumor,256,256,L,PNG,2158,3f2ff746ef0210e54ece839af8f6459d,b2ce05443197df79621341401968fe23cfbe943ac77ade6aa0a6634e338e29f5,003c7e7e7e7e3c00,8c1f2727130f0f8e,91336e6466993122,56.52,45.57,13.0,228.0,2077.06
data/raw/ct_images/tumor/CT00112.png,CT00112.png,ct,tumor,256,256,L,PNG,2165,18fb82b49c9baae295ab230dd2586ba7,de34f388593d7bc1ec8ab5c64a05d63627234969d77b42e282f5ad158f9db70f,003c7e7e7e7e3c00,ce0f0f0f332f0f8e,954c7a3362996986,55.36,44.0,14.0,228.0,1936.1
data/raw/ct_images/tumor/CT00113.png,CT00113.png,ct,tumor,256,256,L,PNG,2164,626ef48f16598a16fcd03f478cc7b785,a35fd7dccef2e97493fdf217ac50578f407aa35305d8add597ec5bd48061b42d,003c7e7e7e7e3c00,8c170f0f330f0f8e,913b2e6622993126,56.84,46.85,13.0,234.0,2194.47
data/raw/ct_images/tumor/CT00114.png,CT00114.png,ct,tumor,256,256,L,PNG,2170,c9f3f3c1aaf0e4c8cd2eefb2386b3da8,6ea01d14868105e9770418a41582254d96f56d65880305a0075f9948eb10ea51,003c7e7e7e7e3c00,8e0f2727130f0fc6,91936e6464993133,56.26,45.98,12.0,230.0,2114.45
data/raw/ct_images/tumor/CT00115.png,CT00115.png,ct,tumor,256,256,L,PNG,2178,e926be33381e024cf498f1cd7112161b,acfe3f20dfebe4f390d3e2180de240f5498b30ebe930d600ed4514f616334339,003c7e7e7e7e3c00,8e1f0f0f330f0f94,d1932e6623993926,54.13,45.4,12.0,239.0,2060.71
data/raw/ct_images/tumor/CT00116.png,CT00116.png,ct,tumor,256,256,L,PNG,2157,e5a81b0ad53af38adccdbacd33724af8,5da5e9849e291fa0b567c6e0c603d3fadd942a8472dc47fd824baa538a2c4034,003c7e7e7e7e3c00,8e070f0f330f0f86,95267a3362896526,55.58,44.3,14.0,232.0,1962.27
data/raw/ct_images/tumor/CT00117.png,CT00117.png,ct,tumor,256,256,L,PNG,2153,2150e00c92716faffa2ef4542b405cd8,97157168881028ad32f811a55220ff5d08a5db881f59e4955b7215f2d907995d,003c7e7e7e7e3c00,8e170f0f330f0f86,91336e6660992166,56.96,46.19,13.0,235.0,2133.94
data/raw/ct_images/tumor/CT00118.png,CT00118.png,ct,tumor,256,256,L,PNG,2206,7ce356d1ec83f329a05ee93d8db89b9a,d29bb369432977165678b11321255a7e3846586c39d46464559de7d6ae4c6c15,003c7e7e7e7e3c00,8e0f0f0f330f0f8e,d11b2e662699b922,60.2,45.63,18.0,225.0,2082.5
data/raw/ct_images/tumor/CT00119.png,CT00119.png,ct,tumor,256,256,L,PNG,2175,4a81fdb1aeb24ef06f922671e4949a9c,c49ceaf01f10de89ed80133a37237f3ae563354efb8fa25fafe2c9c6a1c8e247,003c7e7e7e7e3c00,8e1f2f0d370f0f96,91936e6439992166,57.54,45.63,15.0,227.0,2081.78
data/raw/ct_images/tumor/CT00120.png,CT00120.png,ct,tumor,256,256,L,PNG,2150,533d645709150173b69729712d8b40fa,cf3ba9af3b41d26a1145d6b94798ff5f348448c2e92df561f57890d67c061b16,003c7e7e7e7e3c00,8e070f0f330f0f86,85c67a33628c6466,57.38,44.86,14.0,221.0,2012.39
data/raw/ct_images/tumor/CT00121.png,CT00121.png,ct,tumor,256,256,L,PNG,2138,151e5dd6892c75018177931e43e29155,a460923ad37af14a7e04d15df5101c9af3520a9f5a98df4e7e281b4a8b952058,003c7e7e7e7e3c00,8e170f0d330f0f86,91267e2368996126,56.98,46.13,13.0,229.0,2128.19
data/raw/ct_images/tumor/CT00122.png,CT00122.png,ct,tumor,256,256,L,PNG,2226,7a7eea64630143b324024b920b889496,8d42e06c40718ab47200452621bc6bd8b5e636bbd618154ec9fee20bc2f9301a,003c7e7e7e7e3c00,8e0f2727130f0f86,91936e646699b132,57.86,48.74,12.0,229.0,2375.52
data/raw/ct_images/tumor/CT00123.png,CT00123.png,ct,tumor,256,256,L,PNG,2159,c3c79ab68d7565aff18d61f09f7c4eaa,d32a13126dac28555ad099c856a058c1701b2816a68d113b72f4a179b8f9b971,003c7e7e7e7e3c00,cc1f0f0f330f0f8e,913b6e6626993182,56.09,46.2,12.0,226.0,2134.61
data/raw/ct_images/tumor/CT00124.png,CT00124.png,ct,tumor,256,256,L,PNG,2206,57de367db86e65480fdec79ff2915eaa,84d73733bc12042d4bdb362d65bace90725ecc03cb5f2d673d260a935e6d91ec,003c7e7e7e7e3c00,8e1f0f2f330f0f8e,91336e6628992166,56.18,47.36,12.0,224.0,2242.68
data/raw/ct_images/tumor/CT00125.png,CT00125.png,ct,tumor,256,256,L,PNG,2188,6ececc043fff58446896ee460c6fc8c1,ba1e46e55cb0207ed076df70dff7f0e11459bab4d5f282e0b1d7ed8096f0ebe6,003c7e7e7e7e3c00,8e0f0f0f330f0f96,d1932e6631993166,56.93,47.58,12.0,233.0,2264.3
data/raw/ct_images/tumor/CT00126.png,CT00126.png,ct,tumor,256,256,L,PNG,2163,a5a7d5c07fb40867676d549f1526a162,170d364526abf4c8b39ecf9ad6892821067b658966489588af9f03e4288d5e2e,003c7e7e7e7e3c00,8e0f0f2f330f0f96,91932e6626993923,56.42,44.08,15.0,231.0,1943.38
data/raw/ct_images/tumor/CT00127.png,CT00127.png,ct,tumor,256,256,L,PNG,2181,4f4cec5169b7b3f15b4473c99251cfbf,9e7931cf8c4ea6a44aef97b50bd6a3992bc9ee0ee85a5a6e6702687d690a466e,003c7e7e7e7e3c00,8e0f2f2f130f0f96,91932e6466993133,55.59,46.46,12.0,234.0,2158.5
data/raw/ct_images/tumor/CT00128.png,CT00128.png,ct,tumor,256,256,L,PNG,2139,24fab14c13823fef94059767223df853,b7d72a33cf69211ff3ca7abd4a989f4ba087530e28d218fd30c5b1caf7771065,003c7e7e7e7e3c00,8e170f0f330b0f94,c4912b2237cc3c33,56.77,43.78,15.0,231.0,1916.56
data/raw/ct_images/tumor/CT00129.png,CT00129.png,ct,tumor,256,256,L,PNG,2191,53515aa0b75a31c0504cfb908d2bfd6d,ff9b7d8d53ee2605bb49f23b98a43421ac231da71b909c31b33376b7ff44a12c,003c7e7e7e7e3c00,8c1f0f2f330f0f8e,d1332e6636993122,59.13,46.02,16.0,238.0,2117.5
data/raw/ct_images/tumor/CT00130.png,CT00130.png,ct,tumor,256,256,L,PNG,2140,06b842ef1b5f18c6a9481da0301fc8b6,7c59d9f7644a9a1d62de2429a2db92f1ab8b046f1d1605dbdf187201b9af7a0d,003c7e7e7e7e3c00,8c1f0f2f330f0f8e,d1332e6439993066,59.85,45.22,17.0,230.0,2044.6
data/raw/ct_images/tumor/CT00131.png,CT00131.png,ct,tumor,256,256,L,PNG,2202,e5eaf1fe4cb2766ad7ff6f8178e37f93,d127b8c0c6e89eb883b88267dda6fa954a857cf6d64fd7807137bd4934e331b6,003c7e7e7e7e3c00,8e1f0f2f330f0f86,91936e6660993166,56.55,46.56,14.0,233.0,2168.03
data/raw/ct_images/tumor/CT00132.png,CT00132.png,ct,tumor,256,256,L,PNG,2173,8ff29cd5f5a6a4cc86cf43b0df045f0d,d26eae0218dfaba55333af2f7bd7ed677648b649954654c877a59dce1776dcfd,003c7e7e7e7e3c00,8e170f0f330f0f94,c4932b2237cc3433,57.3,43.78,16.0,234.0,1916.32
data/raw/ct_images/tumor/CT00133.png,CT00133.png,ct,tumor,256,256,L,PNG,2229,db4ce103f5803710172dc16ad116ee4d,80234fb3ae236418e94662871b0472d408c497e718a3b1936ec838a83ae15f2d,003c7e7e7e7e3c00,8c1f0f0f230f0f8e,d1332e6639993026,60.16,47.02,17.0,235.0,2210.74
data/raw/ct_images/tumor/CT00134.png,CT00134.png,ct,tumor,256,256,L,PNG,2146,84a5d7d5e8a596b3909c3060ba19aecd,2139ff72c600a329338d26deb2bdd9d83812ffa44ce216d32a8e6b52fa495c9e,003c7e7e7e7e3c00,8e1f2f2f330f0f86,91336e6439992066,54.35,44.78,12.0,222.0,2005.14
data/raw/ct_images/tumor/CT00135.png,CT00135.png,ct,tumor,256,256,L,PNG,2188,51b4b4dc037af480556dc81b21eb8b56,b021171a5e2033d522dbc1aad39826cf93be855dbffb875eac444f24acb49058,003c7e7e7e7e3c00,cc0f0f2f330f0f8e,913b6e6620993126,57.56,47.58,13.0,229.0,2264.04
data/raw/histopathology_images/atypical/HIMG00141.png,HIMG00141.png,histopathology,atypical,256,256,RGB,PNG,9208,5561a3d6ad75d03dfac3cb20801c7e85,d11c5b126150c73c0e4dfaca5ece168d8d4f841ead80a5ca8013f53d3d937204,ff0f85ed9180e4bb,45d6d6a28ac6aaa8,be9a85488df33e2e,175.04,43.63,35.0,218.0,1903.76
data/raw/histopathology_images/atypical/HIMG00142.png,HIMG00142.png,histopathology,atypical,256,256,RGB,PNG,9356,df3bdb573bd553a0b3ac27b21a2b1132,8f25480df39eac83d77cbff4a015cdc3c0831bb25819ba61ac3cac0867cae8b1,af90d85d99c18ddc,a39bee22cc64a6e6,fbc69729939271f9,174.46,43.93,35.0,219.0,1929.89
data/raw/histopathology_images/atypical/HIMG00143.png,HIMG00143.png,histopathology,atypical,256,256,RGB,PNG,9397,069eddeaf61ed5353c251352a24a6f10,b3ba84ba0f15e65a13980c6e8b765ee69d0df95c2d46bcd248e9a82971b7e04c,f1d915a1b7c1819e,0a4e92b892f8ca82,eec8d8e5972d9796,174.94,44.85,35.0,221.0,2011.56
data/raw/histopathology_images/atypical/HIMG00144.png,HIMG00144.png,histopathology,atypical,256,256,RGB,PNG,9279,6985d60a5720aa58e8e8af9351e3e680,e2010bc1a9c8e6ac94abaa296c6f734f08059556b035eeeaa6841d3ea1782c07,b39910a0f80d61df,ddc8aab56ea23464,eb6cbc1bd02797c8,178.15,45.65,35.0,222.0,2083.54
data/raw/histopathology_images/atypical/HIMG00145.png,HIMG00145.png,histopathology,atypical,256,256,RGB,PNG,9075,b82a0ac1db1ead7dc9156df875f75936,d33c0b09ce3178b4351b30114ee7615e662eefdc3fdeaff7c2dab7050757152d,3b371081b1373bed,ad9acab4b49aad66,af0c91a7e969f4da,176.34,40.99,35.0,214.0,1680.4
data/raw/histopathology_images/atypical/HIMG00146.png,HIMG00146.png,histopathology,atypical,256,256,RGB,PNG,9279,cf728be7f3941e8631ace66eeffa9484,c8ea1a74c71f47baac23f32423e13bef6fca1e50f6da8816895958b6eeef2d76,df41251f87b718fc,ca74b286cab8895a,ae23c09c989df77c,175.85,44.12,35.0,221.0,1946.7
data/raw/histopathology_images/atypical/HIMG00147.png,HIMG00147.png,histopathology,atypical,256,256,RGB,PNG,9209,c09a3622128d43213a535668417adae6,d5537e8ed86517bf94c1e11b2a5d0da4cd0401643dc866f29843aa5846019696,73f0fc8b8345cdd3,29dfc6add836a4e9,ffccc523ad99e2fc,179.92,43.23,36.0,226.0,1868.83
data/raw/histopathology_images/atypical/HIMG00148.png,HIMG00148.png,histopathology,atypical,256,256,RGB,PNG,9315,86d9e281a3c1ca870e98db4ac5e1d928,7c667f65c3a5c3dc17b4e125ea6be6d4f364f6231357233027d1881c05f5650c,af0bb081a2c028df,a6ac9cb4a9adb5ca,ff2f9011b05bee8f,173.19,43.03,35.0,214.0,1851.72
data/raw/histopathology_images/atypical/HIMG00149.png,HIMG00149.png,histopathology,atypical,256,256,RGB,PNG,9391,7cd056dfde8896ac9f78feb839de4d3a,534fb10ed1115414e9666172078e32f3236a49cfb407667f4dd0297ea57a3bf4,dde370a0f793919f,e6693eb65ada9cc8,eed3b9b49a5b928d,174.35,44.82,35.0,218.0,2008.39
data/raw/histopathology_images/atypical/HIMG00150.png,HIMG00150.png,histopathology,atypical,256,256,RGB,PNG,9125,d75f73443a0fb73d467d6f05d69e06f9,820e0d8538fe0c7cae4d4b71b5cc0b0b1fe71a333c857d1633ae84eec275bf7c,a7ddd0b935d5a0f7,b4c6ca8c9652b39a,ee78b5138f65e806,174.95,43.97,35.0,219.0,1933.13
data/raw/histopathology_images/atypical/HIMG00151.png,HIMG00151.png,histopathology,atypical,256,256,RGB,PNG,9446,ba2c6a7182b6f3f52842007f2b7699f2,cb7b09f6de0d6b67e3ce16450c838aa9cc0a53eb918656ec59dc7038363f815c,9d0cfcc1058787d2,c2e2eeb4b252d1c9,bacadc32e8ecd4dc,173.26,43.95,35.0,221.0,1931.54
data/raw/histopathology_images/atypical/HIMG00152.png,HIMG00152.png,histopathology,atypical,256,256,RGB,PNG,9233,8bfa219dbf782452cd819f5f69369677,a5f0d2727a38e2aa21a68af8a6cf4a9625d2248a095a2efecb11b8f7e25e53a4,fd34878dfd0180fe,349ad1e466a69aab,bb94cccad93bb1f4,177.86,42.19,35.0,219.0,1780.33
data/raw/histopathology_images/atypical/HIMG00153.png,HIMG00153.png,histopathology,atypical,256,256,RGB,PNG,9331,7ca4fa601dc98c01cf0b8429190bb48f,1e1d836951a5e6b350aa909b0fb4396cf60ac50e25e707847bcbfa90c77f9ce1,b129c2a56ddc80ee,9ca4e1b2a646cab3,fb2f45ca877cb441,174.8,42.65,35.0,217.0,1819.03
data/raw/histopathology_images/atypical/HIMG00154.png,HIMG00154.png,histopathology,atypical,256,256,RGB,PNG,9153,57bc627a91604b4a9cd037aef8cf7b2b,1ccf4013b7c7072185cd6b74cd5bd9208103858478f779346d731c400c391f4d,f7a3bad4d13190cf,d2b889db4c9c9c44,eee4b32ef0568f48,175.14,42.39,36.0,215.0,1796.97
data/raw/histopathology_images/atypical/HIMG00155.png,HIMG00155.png,histopathology,atypical,256,256,RGB,PNG,9412,007dedeac19a6d7670f72677d684e677,a734c056aed12f1c135be04edf18abcf7de17f4cc9780c18e0e682673b0580b4,ff2381229485a4ff,16ba8a3bd2d2b2b2,ae2dc1b29541bd5e,175.03,44.78,35.0,222.0,2004.93
data/raw/histopathology_images/atypical/HIMG00156.png,HIMG00156.png,histopathology,atypical,256,256,RGB,PNG,9253,550fb3ab1ce1c7d1666af6c2e749cee4,bddd04615713c379d8aaa0d494d2a10262acbc889e1add4836b6663bc7970059,ecc9e4f70280c19d,b5e43a3aa9ace8c6,ead3d97995c4d624,176.38,45.65,35.0,220.0,2084.23
data/raw/histopathology_images/atypical/HIMG00157.png,HIMG00157.png,histopathology,atypical,256,256,RGB,PNG,9313,e18962d8e494f805b1b7de1b92bce54b,5c5528569111dd4f5141aceb8e0c14f6e40019f699c7a4b6c8d1c4b29b5ceae8,b7b1934b809ca9a1,90d6c865d5d2a4b4,ffa4ef9e21a99437,175.97,44.78,35.0,219.0,2004.95
data/raw/histopathology_images/atypical/HIMG00158.png,HIMG00158.png,histopathology,atypical,256,256,RGB,PNG,9272,07a5d1390ec030250e04a3ed1fb59b96,8343f1dc9c603939093c0c513f14e275ccbfa011bede6fa63421964acdd740d4,d584ac0f90b8b3b7,6ce695a78ade989a,ff39e6eca1a5c947,175.98,46.01,35.0,223.0,2116.83
data/raw/histopathology_images/atypical/HIMG00159.png,HIMG00159.png,histopathology,atypical,256,256,RGB,PNG,9299,ba94f7a393b735dd987a93772674c146,de7878111109d0badd85a536f652652abf366ae346e0ae3637c8b633ca6432f6,bd9de33119c4d0d3,86c6389c48f7cac8,ea8bfc9a8d67a1e4,173.58,44.6,35.0,214.0,1989.54
data/raw/histopathology_images/atypical/HIMG00160.png,HIMG00160.png,histopathology,atypical,256,256,RGB,PNG,9173,feb5ef0633a5b49e760d49aa3aafb883,62e23619c47805399296baac49a80027d14789106b9b8fe12cc7a72b5ddaa718,36ca21b1b923e1fd,92a9b49e9495ae9c,ef16901fce62378b,177.16,43.32,35.0,224.0,1876.71
data/raw/histopathology_images/atypical/HIMG00161.png,HIMG00161.png,histopathology,atypical,256,256,RGB,PNG,9003,c751a91512957b969b192edb9071ea4e,73f192a14f2a7a866ca47819bf99eef239ba83053c2b2164924f05eaf67dbca4,f383b2918c4dc6fb,d4cc88da8662f29c,fecce1338fe6805f,176.86,43.11,36.0,217.0,1858.57
data/raw/histopathology_images/atypical/HIMG00162.png,HIMG00162.png,histopathology,atypical,256,256,RGB,PNG,9181,20522387e460aa69d249c0b2eca7d9ac,267ad52736c3a9d2eb06ee9595c93ce9b3e3f09b4033dbfff7220bdcdf5c9f91,8f0d9a3bc28989ff,896ec98ce9d48474,bf14b27bc48fe4f4,178.69,42.3,35.0,221.0,1788.9
data/raw/histopathology_images/atypical/HIMG00163.png,HIMG00163.png,histopathology,atypical,256,256,RGB,PNG,9142,efa221d5ef820abcbd8bdb7e353e313e,d8f4e52af235c8b817afe4d0c58db13ce51e6ad447a4c1a57459957486844f1e,ff808c0524853dae,b4d4c6b6b3d296a7,bf69dde2c18af455,176.68,42.17,35.0,228.0,1778.42
data/raw/histopathology_images/atypical/HIMG00164.png,HIMG00164.png,histopathology,atypical,256,256,RGB,PNG,9358,d4c23761d4af2f40567c964c2fee2a49,d9203349023ea82bc5da3abdafcb500e22ddfc5a093614c400c726389ea3b129,dd0b1bb53b234051,caaa8c928cb8565c,aa9dd01fce728599,176.36,42.4,35.0,222.0,1798.09
data/raw/histopathology_images/atypical/HIMG00165.png,HIMG00165.png,histopathology,atypical,256,256,RGB,PNG,9169,4eff61c7b0b046bbc924bcea2636e1d8,d1daab49da558da1eb3e44c372f407ecb757962085702bb3cd37d944213ffc22,efc3c720c3e464ed,325ad2b4e8f23666,f2acd0e2e147b7b9,174.57,45.07,35.0,222.0,2031.39
data/raw/histopathology_images/atypical/HIMG00166.png,HIMG00166.png,histopathology,atypical,256,256,RGB,PNG,9295,eea9467f38e7c63d79c07944aac73cc4,5d00d8f35712710c44a173a032915eb2114f1fee3f14963e335a92bb097e8574,9bf952058200f1ff,d4cc2baac1e5da92,fe9dce79be0291b4,177.09,44.4,35.0,220.0,1971.45
data/raw/histopathology_images/atypical/HIMG00167.png,HIMG00167.png,histopathology,atypical,256,256,RGB,PNG,9356,d4ef9d0f287479d19634fa6216de253b,906f837f49ce6e6408ec58170470013638aa23426d9e8f0143258cc8f77cf4ca,5789c2e5136f4d4b,4ac4f1b2d82e2469,ba7e98888ce3f475,176.49,45.02,35.0,221.0,2026.44
data/raw/histopathology_images/atypical/HIMG00168.png,HIMG00168.png,histopathology,atypical,256,256,RGB,PNG,9381,f70a0e4680e9d7cbfae5430409c86148,8ac1e7b636a3f1290e8fe2d49fad36d7a16d1df47a31161492af8c1809b80138,fd08f9941181d3f1,6e2eb4d29aa4989a,ea59c118d6f4f1cd,173.18,44.44,35.0,219.0,1975.07
data/raw/histopathology_images/atypical/HIMG00169.png,HIMG00169.png,histopathology,atypical,256,256,RGB,PNG,9483,4b8c105477d9d41313b062f53aa0b5e0,c345747eeb6db2cdd37f18591f541f441f89f7070f88dd0a8c17073e814deeb4,fec9ff345c85a1bb,dbd4149a4ad2b4ad,facaed7cc46784b1,175.08,43.79,35.0,223.0,1917.53
data/raw/histopathology_images/atypical/HIMG00170.png,HIMG00170.png,histopathology,atypical,256,256,RGB,PNG,9555,dd5f7a73b8e043e76f6cec4937b1399c,d0fbf0044ca92fcf5ce4b9b5ba005139a9d666cf16f12450fb57d98ec7bba21d,c38183168f8e3172,64cac99bc3c59c5b,bf38e8bbd0c7f4a5,175.97,45.48,35.0,227.0,2068.65
data/raw/histopathology_images/atypical/HIMG00171.png,HIMG00171.png,histopathology,atypical,256,256,RGB,PNG,9374,0ab975c97dc6549a860287186db15636,9e51d05ca7ef96d041f1b586b0ce6fc97c2b00be3be93b2608188d1f9b8f06b3,edb1a1fd8900e0ed,a6bab0d4cca2b2b6,ebadc31d89c2b17d,173.63,43.9,35.0,218.0,1927.0
data/raw/histopathology_images/atypical/HIMG00172.png,HIMG00172.png,histopathology,atypical,256,256,RGB,PNG,9434,1acfa3c699ad9277f5cba06692793a07,64a86c7a2f55d3adf0a28b9a77f4e968f3ddbd934d0cb4dfc9628312962e0ff9,cd89a96998190bf7,e68ca42acc8c5593,eb7bb618d001cbf5,173.6,44.36,35.0,221.0,1967.39
data/raw/histopathology_images/atypical/HIMG00173.png,HIMG00173.png,histopathology,atypical,256,256,RGB,PNG,9331,7219a186f9269f515f82054ad45bc999,10da7ea8ec0c3e4780ec00d397c38f9c9df5ee51081022076879b91b660b71b6,c48137fcc3819d9d,e2ea98aeecaccec6,fae69639d2ca873c,176.11,42.48,35.0,218.0,1804.51
data/raw/histopathology_images/atypical/HIMG00174.png,HIMG00174.png,histopathology,atypical,256,256,RGB,PNG,9135,76cbdf46d45eecaf11b25b8f26eb3dfc,0439bf96a3ed902ed62744ac9e0ca8c92adcda6e189c946aad92fdb9f1c5df93,ffc1c18901c6cdfb,c95476ee3a73e664,fa6cc9d68dbaf062,174.4,43.14,35.0,218.0,1861.45
data/raw/histopathology_images/atypical/HIMG00175.png,HIMG00175.png,histopathology,atypical,256,256,RGB,PNG,9421,341692eeb5e7c1308ea45828c136c0ed,fd6b2b04fcb4b1df057a5236e903c025bf33571c1ef5db5c466681eb9be43123,fb609da7998104df,ac744ab28490926c,bee1816f993eec98,174.34,43.26,35.0,222.0,1871.35
data/raw/histopathology_images/atypical/HIMG00176.png,HIMG00176.png,histopathology,atypical,256,256,RGB,PNG,9484,d6fa7838ca3f6a211765b951f0500e4b,700783e8151851ec93ca94f2422ccfbb73ff8d14162607f3c05df0fda3349687,798d95a42fcb19f9,2ca68abaaaac4cb4,bbfec989c74ccd83,173.22,45.27,35.0,219.0,2049.0
data/raw/histopathology_images/atypical/HIMG00177.png,HIMG00177.png,histopathology,atypical,256,256,RGB,PNG,9378,10a193d5aa6e478b1d7d777fdec1a05b,47bc66e94863f8e357aae890b294b4cede3df758a9320b6a9c85d255666d1cdf,f782cc3b238da3f2,da88e7acbbc6b519,af3ce48e87dbf062,175.83,43.5,35.0,216.0,1892.5
data/raw/histopathology_images/atypical/HIMG00178.png,HIMG00178.png,histopathology,atypical,256,256,RGB,PNG,9321,d9281f53078cdb8028e8279a6baa1405,f170bb80d7cb08df7fe9ad8ec266106bed7b07157933f86081edcb45dd64752f,c703b3b88e8322c7,71b29caec2d139d2,beada1f49acdecd2,174.09,44.38,35.0,221.0,1969.32
data/raw/histopathology_images/atypical/HIMG00179.png,HIMG00179.png,histopathology,atypical,256,256,RGB,PNG,9353,fd10ad6eb3f6390c7a5e2961a0b921ef,be6e04cadfc89a2c96a8a2974e92a99cf92cead39d1f680bb37cf51e16db6f58,9b209b02339f93fd,dc10ac899885c9aa,af6ff8a6803c99ec,175.11,43.04,35.0,218.0,1852.48
data/raw/histopathology_images/atypical/HIMG00180.png,HIMG00180.png,histopathology,atypical,256,256,RGB,PNG,9388,4f69ba1e84a6c8fc22e8f642ac915227,6962a1ec0d6727b8d8cf9a99c1009d61b7f1525c28e6c7058b6e9f6e9653b1ba,f981918307b9f363,dc9496c8a28cdcb1,af1ec5c9b0ccda67,172.56,44.07,35.0,219.0,1942.02
data/raw/histopathology_images/atypical/HIMG00181.png,HIMG00181.png,histopathology,atypical,256,256,RGB,PNG,9448,539d29efdf87839f8759b04f6207cc33,f353d4f39a7a7e7f042b1797af0bec7cba566a3059ce056b893ebcec66e02a0f,f6912d82b49c98f7,db9ea6ab9ad6ceaa,fea3fcd6a478938b,176.42,44.7,35.0,225.0,1998.09
data/raw/histopathology_images/atypical/HIMG00182.png,HIMG00182.png,histopathology,atypical,256,256,RGB,PNG,9192,98e73e3b7c9a66e8363002ae51cbd61e,abad41a6d1849d2da81dc35a9f3ebe657b1497aaac6a5775596eb417350205ed,efb0a2f10183a6b7,b19db5dcecc993ba,ffcd9735a0b3b91a,177.6,46.2,36.0,225.0,2134.78
data/raw/histopathology_images/atypical/HIMG00183.png,HIMG00183.png,histopathology,atypical,256,256,RGB,PNG,9316,6a1f45bda2cde4b084b9cf65c4d55d19,2e9988aead7c180eccfa0395f472d6b608a573f7bba80b6353957dab9e393cf7,99c5099917990dee,cc66648e888c66a2,bb68f28ee7e98d21,174.62,45.02,36.0,221.0,2026.46
data/raw/histopathology_images/atypical/HIMG00184.png,HIMG00184.png,histopathology,atypical,256,256,RGB,PNG,9308,8a9ac540c7d967b8e00f40dae2451df1,dbb4aab313a0cc8ce449147256024476869aeb85dd76712aefe322a88d179d4d,eeadd0c061e9c5db,a2b6caf03ca46e6a,eb579293f470cdcc,173.26,43.63,35.0,217.0,1903.73
data/raw/histopathology_images/atypical/HIMG00185.png,HIMG00185.png,histopathology,atypical,256,256,RGB,PNG,9277,3ddab092d963a226ad26970b957decaa,1bc2e7076003a0d78bc2d4a4ac5b4522111f3e44c9bb864c18fd7667e78180a4,d1297360092f217d,d6a4b83eac949436,ab68fa3dd064b6e0,178.06,44.86,35.0,224.0,2012.14
data/raw/histopathology_images/atypical/HIMG00186.png,HIMG00186.png,histopathology,atypical,256,256,RGB,PNG,9257,cadf96d7d5ed1bd876f830773c6562d2,d254d5d671a6ce2aab4136a030f90e861c2c9f7b23625ab3341729c29132f5ad,f778f1a908879b9f,da2e88a4a5c0d88c,bfc2c63693eeb427,175.48,43.86,36.0,223.0,1923.92
data/raw/histopathology_images/atypical/HIMG00187.png,HIMG00187.png,histopathology,atypical,256,256,RGB,PNG,9209,d7229f8e718c2eb058e94f29c64661f4,9742ba2f9f357509fb0dfeefedf709889fc1c7042b38149bafd0b4b615684de9,dd9393bc834103d3,cc88c896b964d4d9,affdb8a1d39ae825,173.75,44.34,35.0,213.0,1965.65
data/raw/histopathology_images/atypical/HIMG00188.png,HIMG00188.png,histopathology,atypical,256,256,RGB,PNG,9340,b523e2ea614c3df5e38912e713323fda,27b49b021cb88909f6d6f8563eff24e55fc1215721051a9f1b573e3a0262b4b9,9b2c5bdaa603c06e,ccb62ccd92a9eb22,ff8bcb3c9eec8da2,178.19,47.4,35.0,230.0,2247.23
data/raw/histopathology_images/atypical/HIMG00189.png,HIMG00189.png,histopathology,atypical,256,256,RGB,PNG,9150,cf6faf1bb4ed216ca74e161837a20cfe,8552f9309faedf7a99051bec69470df76562932c54c78d2b5bcf735439be2591,efe105e4dbd3818d,232556baecd9a4e6,bbc2b3ddd856929b,175.03,44.26,35.0,215.0,1959.12
data/raw/histopathology_images/atypical/HIMG00190.png,HIMG00190.png,histopathology,atypical,256,256,RGB,PNG,9425,d047d0a49e80a5c7ab67d1646e3d7850,e5008994471bcf6bf4a0ca55bf88a4f0663cbd3a491bac4deabf05894911f3f1,c7e8c954e12c06fd,d06e6a3a3496d36e,fa68bc97a7369a21,176.24,43.16,35.0,222.0,1863.16
data/raw/histopathology_images/atypical/HIMG00191.png,HIMG00191.png,histopathology,atypical,256,256,RGB,PNG,9107,edbf8ffdbf066a0b347a5f465b00fd3e,ab8dfd9488a0d50c1c03e351c118c761689fde89fc99ca93d51dd2173cbdaaee,bfb9c8818085edf9,a694e5cab286e6cc,bb15c3b69eb8cbe1,178.82,46.01,36.0,227.0,2117.31
data/raw/histopathology_images/atypical/HIMG00192.png,HIMG00192.png,histopathology,atypical,256,256,RGB,PNG,9295,d5a927eec101ecb6d1d09a28eb395bef,29d27cb5a6b2b3ad16749a02f5cbc0dc428e7bb5a7288651c2a35daf720d8600,5d1189e1fd9584cd,5656a4f8ce9697e6,ea60959ee037bd19,173.8,45.41,35.0,216.0,2061.96
data/raw/histopathology_images/atypical/HIMG00193.png,HIMG00193.png,histopathology,atypical,256,256,RGB,PNG,9555,9c6b6d5b6beb5261a9a1185870b4e388,dbc9e5f02c0ad7feb7654ea686b58a4aedf1d7f7a84df5dbe4d4ecfe3698faf5,ffd1c92d068ca48f,98cc64a6a387b2a6,bbedecd687839964,176.59,45.07,35.0,223.0,2030.91
data/raw/histopathology_images/atypical/HIMG00194.png,HIMG00194.png,histopathology,atypical,256,256,RGB,PNG,9230,2cdca1c874ca32d85b6a4cd740a85a44,671d600d7383eb2003b9c3ba3f847195159f5aae5da686ba134c9e48f3566a8f,f809218818459ffd,b584b6cc9c2aed4e,cb6fc185dcf1a2a7,178.3,44.0,36.0,222.0,1935.74
data/raw/histopathology_images/atypical/HIMG00195.png,HIMG00195.png,histopathology,atypical,256,256,RGB,PNG,9359,c3c3da212fc02a5d2b5e1de6f0ea5046,b8b42e66ab70fd591360602c983302307c06b5a57b5720f99f5f16d23f870e22,0f12b121e58381ff,46599454aa8ccc22,ae009c3de10bf3f6,174.76,45.19,35.0,218.0,2042.03
data/raw/histopathology_images/atypical/HIMG00196.png,HIMG00196.png,histopathology,atypical,256,256,RGB,PNG,9337,27cbb72f01daa38348a304ca261c4595,ba7758a8e6dfaa0c91d0e1088e9702658b3fb7faa80a2c280a8a905481d38dcd,1ef8e143c1c12ded,8356e860fce4a654,eb449e3aa417f06e,176.8,43.13,35.0,220.0,1860.2
data/raw/histopathology_images/atypical/HIMG00197.png,HIMG00197.png,histopathology,atypical,256,256,RGB,PNG,9308,04160c8a924b60c603ca13253dbb4c39,b412bfcc600c59e1dd383ab677bd8453fd17fcfc2b8bc7d55eb2bde4f03f9ca7,f7b0e3031343e1bf,9a9ab594da39d296,ee46d6649f6381da,173.05,42.62,36.0,219.0,1816.36
data/raw/histopathology_images/atypical/HIMG00198.png,HIMG00198.png,histopathology,atypical,256,256,RGB,PNG,9266,fc709488dde86848024fd56e45d4015c,aa7c0f425c5e1cd2c83645aff0cbaf1fc40c49bf7025faca34aecdb4366692a6,7f128f8534b980c9,26c9a2c2939cedec,bf96e1cfd23b8b85,174.17,45.02,35.0,218.0,2026.61
data/raw/histopathology_images/atypical/HIMG00199.png,HIMG00199.png,histopathology,atypical,256,256,RGB,PNG,9470,73792d7db3f02da567f80ba51e57a92b,3ddd39dc4a21f4616c016be812b7403ef7c036ca1e255c1a2c4f077ac691d411,ff38cd9f810e0db9,3396a6eac6c5c6ac,bbc6c734e499d13b,175.99,45.8,35.0,227.0,2097.64
data/raw/histopathology_images/atypical/HIMG00200.png,HIMG00200.png,histopathology,atypical,256,256,RGB,PNG,9275,b61b30cedf7ade38a9f4c5f45e828a0c,4a70dc0398b6a1d1b832196da9e1951f96d4986e17c7025efac1feb51f1e3928,b980ccd9e0ad09b9,8caa66ccb6b4a498,eb70af2bec09d252,174.01,45.05,35.0,221.0,2029.9
data/raw/histopathology_images/atypical/HIMG00201.png,HIMG00201.png,histopathology,atypical,256,256,RGB,PNG,9232,298f60ec3b2bfc8e450a4c8213b6378b,5c42192f50041ec0000860a603bd691b204013cd6811a3d2c9197b520c466aea,0f8f171c1f0590c3,a3cdd88e9236dae8,be9df1139b46a3e4,173.1,41.56,36.0,212.0,1727.25
data/raw/histopathology_images/atypical/HIMG00202.png,HIMG00202.png,histopathology,atypical,256,256,RGB,PNG,9319,d2b5d1c677f9ea212b1f83028963e137,4095b10f372552ff6cf1be26b905f7bf61c41de54c40194350548b2d9d583709,ee88c5a2c13c93bb,27e6f4992ab69894,fb739bc3c58793e8,175.55,41.63,35.0,219.0,1733.09
data/raw/histopathology_images/atypical/HIMG00203.png,HIMG00203.png,histopathology,atypical,256,256,RGB,PNG,9236,201d87faa8d245fb452aa63031ed51a3,e8dc83559f76d3065074eefc5159b805f4236482ff7c39f2602907f7dd85ae38,ffe00c829087f7ff,34a6a6c9dcb2dadb,ff43c0eeecb49f4c,175.53,43.51,35.0,220.0,1893.42
data/raw/histopathology_images/atypical/HIMG00204.png,HIMG00204.png,histopathology,atypical,256,256,RGB,PNG,9329,634a9a805738e24c0ee8fb4bffa180d9,43233d0b8c01ae1dd45575198279eb42a5fd49c32661d0e32853252c18412117,6f4b92b2cfe7f089,aa65d599e559b984,af90cbb0bb45b6fa,174.45,45.77,35.0,218.0,2095.14
data/raw/histopathology_images/atypical/HIMG00205.png,HIMG00205.png,histopathology,atypical,256,256,RGB,PNG,9223,fd786edc190dbbc3dd504241d965cab9,f76f68345b3d5e343be2087a21db7dbfc9d1ec48b1bcdc6f3879bfca3f498776,ffdc870f14f01017,aa4fd122cadadadb,be819cea930de7bd,176.52,43.26,35.0,221.0,1871.49
data/raw/histopathology_images/atypical/HIMG00206.png,HIMG00206.png,histopathology,atypical,256,256,RGB,PNG,9645,6396f304beef4535d78e7169fcadf6a5,56da6790cb3e70dd860d5b53b166469511fbc58a618246a524d893ae88d15cb0,7b3d3f8d830731f1,1816a2e6a8b0aad8,af91c624fc9ba7e6,172.93,43.47,35.0,221.0,1889.44
data/raw/histopathology_images/atypical/HIMG00207.png,HIMG00207.png,histopathology,atypical,256,256,RGB,PNG,9244,fab052f464e8fba183c7038ff19b2e59,7a7abdfa9091b0ab2c61180b5ff63c46d1be5881fb0e43538e53a0a27617354f,af211b9b2683b7fb,a2a88cc8ba949add,af1be172f0989b8f,174.43,42.73,35.0,215.0,1825.5
data/raw/histopathology_images/atypical/HIMG00208.png,HIMG00208.png,histopathology,atypical,256,256,RGB,PNG,9207,b35170119a8dcddb4c89e58a140c5b62,8bf395df9a4f32474c0f0403ad6bc4c189da2f20763549aa9c49695300b6c8c2,ee298cb80f078d7e,65a4a69482c2a626,9b65f134c45f949a,174.25,42.75,35.0,214.0,1827.4
data/raw/histopathology_images/atypical/HIMG00209.png,HIMG00209.png,histopathology,atypical,256,256,RGB,PNG,9391,66b3cda5c04834a98aa35072d9752a97,f49f7fc4ed881ced71e0611e1cf4f06db99094400e9699ac849fdeb7dfa7fadf,b378df911498cffb,982fcad8cb9ec56c,ee64e11e64acbef0,177.4,44.45,35.0,226.0,1976.07
data/raw/histopathology_images/atypical/HIMG00210.png,HIMG00210.png,histopathology,atypical,256,256,RGB,PNG,9332,4385e93f495cd7cbf94620a573228021,bba29c7a966d8b60a127e741825884cb1275698e7e16423b9ddcc9ed785dacc4,ff9afbf08880633f,a5cd55aec4e8b132,ffdd873d8ae2b299,172.75,43.42,35.0,213.0,1885.45
data/raw/histopathology_images/benign/HIMG00001.png,HIMG00001.png,histopathology,benign,256,256,RGB,PNG,8679,2a046419f8062b9f9a09ac05d39ff413,9c6b9e0ae39ead1d6accf138c59459bb79fb90f40ddb7a0aa4a754dd5772bf04,bf07a7af8f0181f9,a595b0b082aae4d4,bb87cc39c663e0fa,188.26,32.26,46.0,218.0,1040.92
data/raw/histopathology_images/benign/HIMG00002.png,HIMG00002.png,histopathology,benign,256,256,RGB,PNG,8264,f55d8a93a319bc1ae930cc3f8a75f150,c3e895a7196f90429cc980c86d7180bcbb7160c36b68e74b757aef71650984e8,fa8589878088f9ff,9dd6c6d1d4e6cec8,fa36c5cbb5c49971,189.17,30.88,49.0,217.0,953.71
data/raw/histopathology_images/benign/HIMG00003.png,HIMG00003.png,histopathology,benign,256,256,RGB,PNG,8712,50871c71454b99a85432faa75d86cc0c,945549acb26f5fdcd42d1549f91c01336480654cb301f8c02f78318414df93c3,f5858292b3a3a7ee,9abaad89d8b9b6a7,ff6c93e2c8dfc513,190.66,31.23,47.0,225.0,975.6
data/raw/histopathology_images/benign/HIMG00004.png,HIMG00004.png,histopathology,benign,256,256,RGB,PNG,8739,ae93d2c9358183b716fcb5fef4820885,a74e7eecb6670a8a5978b5751dea6af863932c1c652d74b706198ed0f241bc02,fbb004b1b76170f9,d99eb29c9a343ccc,ee1ed9e5ac41b136,187.26,32.74,47.0,218.0,1071.94
data/raw/histopathology_images/benign/HIMG00005.png,HIMG00005.png,histopathology,benign,256,256,RGB,PNG,8655,b5f6d1e17d1a65be91c836da2ecc44ae,12580cc2f5fe34018da43971780cfa1b3c8705a408107341953ebda223952307,f6a69b83c421a1fb,1393d4c4f2ba9239,ef9cc446d16bc9fc,190.35,31.97,47.0,219.0,1022.2
data/raw/histopathology_images/benign/HIMG00006.png,HIMG00006.png,histopathology,benign,256,256,RGB,PNG,8414,58dddb07577723bf2437d239f84015c4,9fc259e7e6be3c68cbde56f5789d4991d9d67a7348d48555839ef846a565d3fb,ffa1a5c1808f99bc,79b6b2a8cae2c896,fac3c598cde4975e,187.01,30.9,48.0,216.0,955.04
data/raw/histopathology_images/benign/HIMG00007.png,HIMG00007.png,histopathology,benign,256,256,RGB,PNG,8748,fbe373c43af21e7914e24107b5d8e8a8,7162212dd82796604e51e7ebc995670cfebad054610a1d11ce8294eb3d2e483f,bd21fbcde10183b7,9692a9663eacd092,eac28e6a9bb99dc6,188.87,32.24,49.0,220.0,1039.62
data/raw/histopathology_images/benign/HIMG00008.png,HIMG00008.png,histopathology,benign,256,256,RGB,PNG,8573,e628bc7e4d7d982af786f94a9d7fd147,0eddb5b3c42c4b19c411998dcdd47f23e2313d16c13b7dbfa32fde3191b39984,dfe5e191398b81ed,eab6948c1c9584b6,abe0b39dc83cd5d6,187.2,31.02,47.0,215.0,962.47
data/raw/histopathology_images/benign/HIMG00009.png,HIMG00009.png,histopathology,benign,256,256,RGB,PNG,8578,e55d516b7e4237c212f6c7fc5efa51f9,98c7dda37eee9736c67b7f334d728289e7c1e632bc63208e7bb64c07ab0a6674,bb133dc1a1398db7,9c9896ea9494c690,afc5ac9fe1788793,190.72,32.33,47.0,223.0,1044.92
data/raw/histopathology_images/benign/HIMG00010.png,HIMG00010.png,histopathology,benign,256,256,RGB,PNG,8613,886f15d0a88f7b8850388752b9895776,9d8ac1e1aa228fce66e7b2e07fc057cef3dcf47b4a3656b81159fca2096775ee,34843fd9b68681a7,93a2ad6c9b8af493,fed33676c4e985a5,188.61,32.23,47.0,220.0,1038.68
data/raw/histopathology_images/benign/HIMG00011.png,HIMG00011.png,histopathology,benign,256,256,RGB,PNG,8752,756d0f269d5f76105adf9d224ce2afee,594d183c797fb93606b29e56b4776b932df32ee0409562afe4fcbba286879c15,cfe60dc1c92b8ddf,e4e3c6ec6cb5c2c2,fbe196b7e92a871a,191.14,31.57,48.0,223.0,996.46
data/raw/histopathology_images/benign/HIMG00012.png,HIMG00012.png,histopathology,benign,256,256,RGB,PNG,8642,ff6929c487251836ffa2c64efe6b915c,75084dc8fcd371cf2e3b0e553654ac6c8cd17ce3c7ffa1de556e1e6ce1766056,cfa19dc1c891b9ff,e4b4ca6cecda9c9d,eb3397cef18c94d9,187.07,32.59,49.0,216.0,1062.39
data/raw/histopathology_images/benign/HIMG00013.png,HIMG00013.png,histopathology,benign,256,256,RGB,PNG,8694,608f806b426e03b2c2514190532f5dc6,07d518b211a37408a887a3515df4eb711d2f5cfb69897deb44b2831a169b8464,f79511d32c14acfb,9bdade5936d2abcc,ee66e512e1a59d4b,187.29,32.21,45.0,219.0,1037.67
data/raw/histopathology_images/benign/HIMG00014.png,HIMG00014.png,histopathology,benign,256,256,RGB,PNG,8672,81198053b5c8c308a9e1c57e31b42952,5731fb42a52a8c2e24070ca1068385a5d924516979918b6dda5a021adab565ff,cfcb8808bfb103bf,d5e5eda4969ca889,af71a4669664fc9c,187.47,30.74,47.0,221.0,945.05
data/raw/histopathology_images/benign/HIMG00015.png,HIMG00015.png,histopathology,benign,256,256,RGB,PNG,8491,f80f3fa0434a24fb8844f659fe09cc89,31b611fd49eab47165e018f630b9b85f0cb8982d8066ac9cf3cfc6c7ead100cc,ef039e8f9e8303ff,64a0dbaacbb4995a,bfb9e161d03df0dc,188.68,30.2,46.0,214.0,911.74
data/raw/histopathology_images/benign/HIMG00016.png,HIMG00016.png,histopathology,benign,256,256,RGB,PNG,8716,2f08f8a1967508ac98dc091dffeea7b9,c11297550c905683b8d3cb9a53184c9f0c183dae9204bd6f5159d9291917afa7,fc91c9d181cdd3ff,b69a6cecd8e648bb,ea0ad332d7e993b4,189.1,32.27,50.0,224.0,1041.56
data/raw/histopathology_images/benign/HIMG00017.png,HIMG00017.png,histopathology,benign,256,256,RGB,PNG,8579,de710df46034402a3b955e2216e88c04,05f920cbb38acda7a97eb6078feb196e2de531eebc18abf1554ce1c13d199a5b,bf23da85a1c48bff,8eb169b2b2e2c949,bec38d7ae638d0cd,190.87,31.41,46.0,222.0,986.44
data/raw/histopathology_images/benign/HIMG00018.png,HIMG00018.png,histopathology,benign,256,256,RGB,PNG,8669,fe89cdb47ea1e32a23fc1e3dfbb0b213,4b6b5e0d72c48c37ac2cc896bc5c8a48f0277240266d57274b81cfc562e2ad37,3fb9c18ec0c181f9,949caca3da68a8c4,ff8f8f349613c86e,188.39,30.3,47.0,221.0,917.9
data/raw/histopathology_images/benign/HIMG00019.png,HIMG00019.png,histopathology,benign,256,256,RGB,PNG,8554,fa0dffa138518d674f1489c20612caa7,76dd885a14808be2a3e355e57b1ec85f03271453178b7f3f253a48a9e4426f19,b392f3cf3b0919c3,99992ae89ca68ee9,afa4f41bf5d2e1e4,190.04,31.34,51.0,223.0,981.97
data/raw/histopathology_images/benign/HIMG00020.png,HIMG00020.png,histopathology,benign,256,256,RGB,PNG,8486,e8e20c3c24de840effb0de49b0e3a3dc,5e5f4036e23e512e249fa324ee1eae7fc8b838243ce6918202bb85d4261c56bc,9f19835f97a0a5bd,cc8a9142889ab682,be0cdb0a983364bf,189.5,31.6,50.0,224.0,998.85
data/raw/histopathology_images/benign/HIMG00021.png,HIMG00021.png,histopathology,benign,256,256,RGB,PNG,8666,5127ca78d28ce3d57112a5757a5b1fd3,db43d76eec3905692a4eb75a65f2b77781e6cfaef4fdfeef85b019ec63ce61df,c781d9b1999828cf,52d4ec989ccca562,aa66b0d8e647b8b3,190.54,31.42,48.0,224.0,987.24
data/raw/histopathology_images/benign/HIMG00022.png,HIMG00022.png,histopathology,benign,256,256,RGB,PNG,8640,b4a95f852ab51ca345ab61c8684bc06a,c190939b7f482bfc19beb68b027088052e1d4b69537f6b7fc06b257852be9c21,5fa68f8dccc592ff,6abb876666d6899a,be91cd48c81dbe5d,188.19,30.2,46.0,218.0,912.28
data/raw/histopathology_images/benign/HIMG00023.png,HIMG00023.png,histopathology,benign,256,256,RGB,PNG,8931,cca042b743edfee9b1061681b29fcb4d,eac081c3f5c1ef8fb0bc427c638203c7c173c016bdcd103b812c26d4bb3f5bfa,f91d81a741b991bf,ac8e9490248c88c4,af179c49f064cb71,193.1,33.03,49.0,230.0,1091.26
data/raw/histopathology_images/benign/HIMG00024.png,HIMG00024.png,histopathology,benign,256,256,RGB,PNG,8800,87ecda5a9aba526029556ce74dd6c4fb,6980a4e025195601bf454679b5563e29905a72d01bd79e57404e1d2dd4f9afa7,f3150988f90f8df7,785294a48c8c96ba,ab60e48de13f85af,189.73,32.64,47.0,226.0,1065.31
data/raw/histopathology_images/benign/HIMG00025.png,HIMG00025.png,histopathology,benign,256,256,RGB,PNG,8595,59c648e1472e1c684672228622ca7689,ca7fc394312e1eef55e13354c57d125a71c2565d9ef4b8d2b9a09f476003bace,f79868a49feca0a3,98cea4aac6a292b5,bfc8e7b2a567e1c9,187.31,30.83,51.0,217.0,950.44
data/raw/histopathology_images/benign/HIMG00026.png,HIMG00026.png,histopathology,benign,256,256,RGB,PNG,8449,5dea5680e02f9ad580b354f5774032ee,8b42b9a6af9632f1553c14eab11ec125707a8a03314c4c0559d095d326486595,fc9e0fa6a1956163,b687a09390962c3d,bf96c9dee6e1ba21,189.51,32.05,47.0,222.0,1027.27
data/raw/histopathology_images/benign/HIMG00027.png,HIMG00027.png,histopathology,benign,256,256,RGB,PNG,8518,975c81ebe5422cdbd68412843efeb262,a00f1884d5dea9fd5dbedb1885176a9d7488ae72445a0d0230bf4d80821d08cf,ff88a91535ec43db,53cdb4969ab6684d,fb9ff0c68632d32b,190.19,30.92,48.0,225.0,955.8
data/raw/histopathology_images/benign/HIMG00028.png,HIMG00028.png,histopathology,benign,256,256,RGB,PNG,8720,b42a114829d59791aeb2afb7861981b6,bcbe7d89c8c67beb410c987430e1c2123dc52f351ed1faddfac3d39c4a90ea02,e9c1c1c839e565f5,64644c66a8d25292,ea79a283cd52de87,190.24,32.94,46.0,224.0,1085.04
data/raw/histopathology_images/benign/HIMG00029.png,HIMG00029.png,histopathology,benign,256,256,RGB,PNG,8783,cf21b2a879b70f72cd091f4542a4704e,442bfc9c486c5655d05ea1b1b7baa8e186258560c882a35f5ab5a8a663ec0021,df8f2ba183b1b53c,53962c94d598b236,afb992fcf08bcc69,190.08,32.41,60.0,222.0,1050.58
data/raw/histopathology_images/benign/HIMG00030.png,HIMG00030.png,histopathology,benign,256,256,RGB,PNG,8739,de5999d12d113c13103e39d0b9c3da08,3b60dc3c157b4211a445b44f0d5b36c0f69eb3f358691b393bd94506ce445774,b3a33329c592078d,9c9199aec2d952a6,ae8fe7f4db038c12,190.73,32.65,47.0,225.0,1066.03
data/raw/histopathology_images/benign/HIMG00031.png,HIMG00031.png,histopathology,benign,256,256,RGB,PNG,8670,285b375a7eef7fd1189f390e2a8ff8e4,7b3be8de002d666fcfc6f15b63064362cb157e787225b7996ac8b39f282ed5e3,f6b3d9c1e6c80cdc,bb9dcce8f3e78253,feed8797f43ac8c2,187.15,30.32,47.0,214.0,919.05
data/raw/histopathology_images/benign/HIMG00032.png,HIMG00032.png,histopathology,benign,256,256,RGB,PNG,8670,b71d26df3803926cd6af4479cf076854,3b7b7d3114b49958052f8a9134269473142953d66b6459eb40d26986d1c717c7,e79dc994b0e98d0f,b4c2a4d69ab4a687,fbf483e7947be111,189.58,32.56,47.0,225.0,1060.14
data/raw/histopathology_images/benign/HIMG00033.png,HIMG00033.png,histopathology,benign,256,256,RGB,PNG,8385,6add96dd05e6d89de47df9224085f589,f861ec97baaa50a8e7967a6c48325fdedec29af949c23b8d2062372f4c4bae34,0f87d1c284c98b9f,a4d45849d6f4acc2,be6c97939665c84e,189.37,29.63,48.0,217.0,877.95
data/raw/histopathology_images/benign/HIMG00034.png,HIMG00034.png,histopathology,benign,256,256,RGB,PNG,8697,efe9de93c16187dab79ea0498a0148a3,cd62faa36d1fe500828a754acc7454fc8540ee8c44f032b2f0cb5b72746e4048,bd91a387cfe0158f,828abdd672729aa2,bfe98cf2933ee193,189.69,33.08,48.0,223.0,1094.25
data/raw/histopathology_images/benign/HIMG00035.png,HIMG00035.png,histopathology,benign,256,256,RGB,PNG,8505,ac94f7572497747c428afbfe6c425bd7,6ac92c7002fd3faed0976dbc6e4bfd1109e507fa29ef6bf5eac03f68c0a35fec,a9a1612584c4cfcf,b4943a32d2daa2e6,fb4fb9fc93c1ccb0,188.26,30.59,45.0,218.0,935.53
data/raw/histopathology_images/benign/HIMG00036.png,HIMG00036.png,histopathology,benign,256,256,RGB,PNG,8509,06090f698be0971cd015eb9381f16259,2ca03ab452de8487797020f87de6c242c01ddff3e158f256aa963ced13101a88,ffc1a8bbc1db80af,b674969de844c4b5,fbe2b2b0c58f8f7a,189.59,32.67,50.0,220.0,1067.4
data/raw/histopathology_images/benign/HIMG00037.png,HIMG00037.png,histopathology,benign,256,256,RGB,PNG,8700,7286bcb3db08366f48b8215a5a587a27,3b540f20151975aee49b63b685cdb41ea761eb685370736374fb568e4ea2219f,ff9ce5038989a3a2,34d612b5acc490bb,af92c6a9f1a7f06e,190.54,29.2,48.0,218.0,852.91
data/raw/histopathology_images/benign/HIMG00038.png,HIMG00038.png,histopathology,benign,256,256,RGB,PNG,8699,57a2236839e2dd3ed81e0c63901fafce,79a3595e2168458e9e53eb2a037ab5eff6782e8018eb0c82fa65575b44ab3772,d500c3c38383e73f,caa2e4cae5f4d212,be78862e9cf8b9c3,188.11,30.55,48.0,218.0,933.38
data/raw/histopathology_images/benign/HIMG00039.png,HIMG00039.png,histopathology,benign,256,256,RGB,PNG,8819,35b56e190fd641677a2467831d825179,488821dc1ba6afa6148231c30a16470e41438ecf80ea76d9f25de5af7c5ce0bb,ff491fa4030761ed,4a68cab2a0512826,bb9cc834dbd7bc89,190.32,32.47,45.0,225.0,1054.54
data/raw/histopathology_images/benign/HIMG00040.png,HIMG00040.png,histopathology,benign,256,256,RGB,PNG,8641,b939096cc6c252d18c2b44ddaf29e3db,38a6f0dbaf2aa8849e2f727ba60592deae10b6c65afded0fe5b3d83e6d9b6861,b630a0df8f31a1f7,9bbbb8cac69c9699,fe44e79ab0eacc3b,191.05,32.34,46.0,224.0,1046.03
data/raw/histopathology_images/benign/HIMG00041.png,HIMG00041.png,histopathology,benign,256,256,RGB,PNG,8817,2074904ee3f073a5343a81a8547c8f1d,e9b4af4ef69c6f63ea1e54c4852c4ba16af19af8eeb420d31625d75c40bbacb0,ef884073d3ac8f07,b5a56638c8b6c2d2,bb41b797a4c3dabc,187.77,30.52,46.0,216.0,931.41
data/raw/histopathology_images/benign/HIMG00042.png,HIMG00042.png,histopathology,benign,256,256,RGB,PNG,8661,e71f76c93c5c7192a52dd9e3d3a63d6d,a7bfa905e3ca36f52241ceeeeb4c9b11763f40a2da3ff916be6dfbe58fe40b54,ebe1d157e0a883ff,35344c58b4aea9c9,eb61bd4b909c9ef8,189.59,31.43,48.0,220.0,987.91
data/raw/histopathology_images/benign/HIMG00043.png,HIMG00043.png,histopathology,benign,256,256,RGB,PNG,8449,8f7a864136d2a6b44a5f623559763b85,4595ec0c9e84c231ec53e2a77b3052f27b1aa52dfa8f69454f3d85e0ab20edc1,e3f1c9cb9939c1ff,b0b8ec64c6acec2a,e937844e92359bda,190.23,31.86,46.0,226.0,1015.37
data/raw/histopathology_images/benign/HIMG00044.png,HIMG00044.png,histopathology,benign,256,256,RGB,PNG,8715,0f875b9e6a0c2b2c0566ae8c221a3448,4c3fb3458def2bccbad58b3f9ccf79a9267573e33581fff7390e431531e4330f,a7938ce401c587fb,b498aaa2a452dabc,ba1fad30e3f2d209,188.7,29.86,46.0,223.0,891.36
data/raw/histopathology_images/benign/HIMG00045.png,HIMG00045.png,histopathology,benign,256,256,RGB,PNG,8519,4684ec40fe44511cd839c1685840d113,19184b3b141da7cc3bd66fb5e4f465fc244526521ba9d1440fe120937e60d38f,bdc8c8f1c46301ff,d6ecedba6a28b4c4,ebda9f87de278418,189.64,32.13,47.0,221.0,1032.62
data/raw/histopathology_images/benign/HIMG00046.png,HIMG00046.png,histopathology,benign,256,256,RGB,PNG,8705,8f8404e3052706361db6024146b4d7f7,1f63e4c744118d95e0bc52cacdb3aed96b657d0e815d340fdc36234f552c8142,b6e4f50f898e91c3,9bb29284c4c7dae9,bec6f69fa10e9368,190.75,32.37,46.0,230.0,1047.69
data/raw/histopathology_images/benign/HIMG00047.png,HIMG00047.png,histopathology,benign,256,256,RGB,PNG,8373,fcc6441c56504a17b64513a2a596bfcc,233659a348b4d1bbf45d92eed2a560e72194dbfb50cf8332f131d127b61efade,ff9044c781f980bb,99dba2f3d2cc928d,fed0cdecb433c94e,190.2,30.96,50.0,220.0,958.81
data/raw/histopathology_images/benign/HIMG00048.png,HIMG00048.png,histopathology,benign,256,256,RGB,PNG,8635,dde87c6992fd9f5c94aeb27593298869,ce413940cc90c531f69018af17f78050dfcc445800faa8b85331d9342c217d06,fb819191a82831fb,ccd29edca6a61818,ef3ea491d54dd1cb,186.51,32.28,47.0,214.0,1041.84
data/raw/histopathology_images/benign/HIMG00049.png,HIMG00049.png,histopathology,benign,256,256,RGB,PNG,8826,2f80193d5e23d53b93f3c6a08f1b3676,51bc8f23a14c222b8c879ee5bae61bcd78a872fd1eb3946d58d073fb5d6297d2,bcb08109a3b089ff,86dcd4a4aa9aecaa,ef5ad0469399d63b,192.12,32.07,48.0,227.0,1028.26
data/raw/histopathology_images/benign/HIMG00050.png,HIMG00050.png,histopathology,benign,256,256,RGB,PNG,8712,630d796ab649af28f906d99acbdd9731,e26778acc7226b1a103bcc66f7911ee484bd86af74d01f0febacdabb27b2d6be,bf97078b87d761e4,8ec8caa49a5230b2,ae9dc3ccd3c39c66,186.61,32.17,52.0,220.0,1034.82
data/raw/histopathology_images/benign/HIMG00051.png,HIMG00051.png,histopathology,benign,256,256,RGB,PNG,8929,f643939aeed7ee4cd06dc37a335d1638,cacda950b717222dacf740ede738719566e701f70e4b34adc8a1522ca4b28b01,ef0de840cd97c58d,a692b569ea8952c6,bbc78ab4d961cfd2,189.77,32.49,49.0,227.0,1055.64
data/raw/histopathology_images/benign/HIMG00052.png,HIMG00052.png,histopathology,benign,256,256,RGB,PNG,8617,36ac6094b7206b4f48bf9fc249be312f,96f319c81a5e6a238327e9828b1224de0ca9c859189f73eed2ac61354d777954,dfa021dd9191c7ee,c2b0b466ca9ea523,ebc6f1bc9cb1ce31,188.05,30.13,49.0,214.0,907.57
data/raw/histopathology_images/benign/HIMG00053.png,HIMG00053.png,histopathology,benign,256,256,RGB,PNG,8596,be045b10f69fbdca56e0a3f9e6e3a8a1,5f209b0143b0cd746d443f33a35b62d2b434c017ff8c27af6aa4939d6ea56d11,bb9e8c85006284ff,99c2a6e2ca35d6d7,be98c565e41fc15e,187.86,30.26,50.0,214.0,915.96
data/raw/histopathology_images/benign/HIMG00054.png,HIMG00054.png,histopathology,benign,256,256,RGB,PNG,8578,a7fd93254a0948ac50ad0d689af7b850,49c9b3565acb106dc953c9a70723e39b1ddb61f2154d201905985694352f1570,ef2d818086f7d5d5,b6a6e2c8eb6a4ad2,fa0bcad5f568a5b8,189.75,33.11,45.0,227.0,1096.13
data/raw/histopathology_images/benign/HIMG00055.png,HIMG00055.png,histopathology,benign,256,256,RGB,PNG,8779,2d658b51ff84f993ef96eb04c6dbf67a,cd6ae0eaea4dba337a9e0eff617998b8bb2ee6c5d29e8798d1ed9de382fb1188,af81ac24f59595bf,b4b0a632b4d2d287,ff619dee8396d98d,189.99,32.44,47.0,224.0,1052.22
data/raw/histopathology_images/benign/HIMG00056.png,HIMG00056.png,histopathology,benign,256,256,RGB,PNG,8409,559c10c6d1a43e645d82c1d1a8479a70,590ee507fc858faefc51175ef3bb0052c2c36ee2f3193768dbbbf726ba3fa586,cf0d88c9cd25f1db,a4a6adec66b2a84c,bb1387a2b8edc7f8,189.96,31.03,48.0,219.0,962.96
data/raw/histopathology_images/benign/HIMG00057.png,HIMG00057.png,histopathology,benign,256,256,RGB,PNG,8793,6915dcf4e876504148337377a694cf6a,0d152c0cfc135fbb7e06232cbe887adcf08c453fb356814d09329768d7999418,eb0324801bfd0ff9,2da8a2aa886ea4bc,ab61e19dec73c08f,188.09,31.7,47.0,221.0,1005.17
data/raw/histopathology_images/benign/HIMG00058.png,HIMG00058.png,histopathology,benign,256,256,RGB,PNG,8656,6a0cd5d679e2e9a16a6115dea789bcdf,9aaea28fbd2607de17983ace09ec468e2bcad776ef495a97fbaf433be88b3c7a,b5850199b7e8099f,dac2cacc98362cc8,fa7efcc3e489c287,187.78,31.82,49.0,222.0,1012.76
data/raw/histopathology_images/benign/HIMG00059.png,HIMG00059.png,histopathology,benign,256,256,RGB,PNG,8936,066d7ed2ae600f66078252798a4f8661,f54c01362106aff66e8e5a3412bb0cd3d68db9f8daf12ec45e82dc77ff8758fb,ff49de848d528389,e5ac47c2c659d9cc,bed1a5e49af6d43a,189.56,33.13,50.0,224.0,1097.75
data/raw/histopathology_images/benign/HIMG00060.png,HIMG00060.png,histopathology,benign,256,256,RGB,PNG,8680,30e9605dad4c7d49cd72e98ce69cada8,21ca86180a5e7c23715eab7eb90d00183836a0fb48ca2ef8286d9b5c393514b3,f1e4a7c9c34003f1,bab2b364692c29d8,e3d6ce49e80dc3b5,190.32,30.81,47.0,224.0,949.34
data/raw/histopathology_images/benign/HIMG00061.png,HIMG00061.png,histopathology,benign,256,256,RGB,PNG,8537,6c7e53b88ff62c6e011ef7a6135492c2,d46990ecb70728a7c8fd9528fbe9fc4687a54105eb7c68e0b3be37724de92347,bf9dc883a31e86e5,97d66e91dd87b2b2,ffca9295af37c968,189.36,29.89,47.0,221.0,893.34
data/raw/histopathology_images/benign/HIMG00062.png,HIMG00062.png,histopathology,benign,256,256,RGB,PNG,8652,d31f8a90a8ff6211dc604a6834066682,2b8f59fb965d6e277059adf839b90ed3a6b3e00e2dd2f3c0b68ba528a0d50038,e72cdc01b11711bd,30b6a69296114a9e,ea53d124efa4b44b,188.39,31.6,50.0,218.0,998.76
data/raw/histopathology_images/benign/HIMG00063.png,HIMG00063.png,histopathology,benign,256,256,RGB,PNG,8709,6ead5c80629fde2525b521fa20867cfc,ce472c04c08b8431edabaf678add064af6f65c9aa8a760814bab369da0d5fe95,ffc4cd91c70702b7,e6d2e6dadaa4cb9b,bedad1a3ee09a3b3,190.1,33.13,52.0,225.0,1097.67
data/raw/histopathology_images/benign/HIMG00064.png,HIMG00064.png,histopathology,benign,256,256,RGB,PNG,8797,159c81b17d13012ecb92f97ea3c42605,a971472aac9a9f5ec69ce1e9d0ae857c2cbe26563b38c71923cdf6120a2f655b,3f19f361a38181fd,a98e7d3491daa8ae,af859d36c3e3e2e5,189.01,31.37,45.0,224.0,984.12
data/raw/histopathology_images/benign/HIMG00065.png,HIMG00065.png,histopathology,benign,256,256,RGB,PNG,8515,249830672ce13ccba7f1268dfcd27ab9,9c18a99fe36be04aa76fa214106c29e31641f507dacce098a9f1af535eceb571,fecfc19c810370fb,6360acca84b9286c,fdb3c0269fc4a76b,190.24,30.5,51.0,220.0,929.95
data/raw/histopathology_images/benign/HIMG00066.png,HIMG00066.png,histopathology,benign,256,256,RGB,PNG,8770,30cd57bebef9cac766967afd520f2ae0,ec174a8cbf9385c8ac3eaba710ad70297dbf079d84521868d37fc208780f713c,d7cd9298bfc081d7,5346abccd456dad3,be99b6e08d6ce5a7,190.19,31.89,48.0,222.0,1017.16
data/raw/histopathology_images/benign/HIMG00067.png,HIMG00067.png,histopathology,benign,256,256,RGB,PNG,8812,0418cc2b849a2da12e12957c0777ec3e,0f5a3900ac177c3660317fb060f2a6875638cfd159e7aafe18bada5c2d43c00e,f88c6da7bb1133bb,6ad6369088889cad,8fd2d94ceda7e0b1,189.47,31.26,47.0,223.0,977.2
data/raw/histopathology_images/benign/HIMG00068.png,HIMG00068.png,histopathology,benign,256,256,RGB,PNG,8621,4366797485ff56c024abd62e2cd1ea51,3d155366be754194caec5f9fc7c8a08dacfb861ddb94528e4977deff0c5690ab,9950b885aef4c1df,cc589e92a11afacc,ee4ae894bb3accb5,188.72,31.43,48.0,221.0,987.83
data/raw/histopathology_images/benign/HIMG00069.png,HIMG00069.png,histopathology,benign,256,256,RGB,PNG,8645,b8c14cc367730c959b419455f0e68de0,f11b822ba626207fa2c21d57319adae2e6559586ff3c7ed24561e0fcb2fbe023,c1c90fc9f37b03db,ece4a6f4792cc9c9,a9b32ce4e43ed314,187.9,30.75,49.0,216.0,945.55
data/raw/histopathology_images/benign/HIMG00070.png,HIMG00070.png,histopathology,benign,256,256,RGB,PNG,8717,e41d2f8c9b4c98983b484d09b62347b6,fcd3620d08e8919a0d6677ed4b9646140169cf14a04b6ac0ce1f6e83a964ed0c,05014be89d86e3f7,d6d66db694c3b4db,bb3ba43ecec19da1,187.08,32.98,48.0,220.0,1087.8
data/raw/histopathology_images/inflammatory/HIMG00281.png,HIMG00281.png,histopathology,inflammatory,256,256,RGB,PNG,10127,4912c9a963343cf33bfd90c0296f458a,1b1e0f08ad44537cb710454f86089b9ecdf0a02e27003abeadabc6653d78a4b3,f9a4e53819a8a5f2,66d2ea898cb692bb,ce88f20b8dabfabc,166.47,50.88,29.0,214.0,2589.01
data/raw/histopathology_images/inflammatory/HIMG00282.png,HIMG00282.png,histopathology,inflammatory,256,256,RGB,PNG,10304,2b8a34874889e0db4fc94788c74d4693,431256273a670ad8c095a29835207da810b7611348d5fa5f800dcd288325159b,2d85cd95c7b682d7,a6d2e6daea5ac9c9,be8b9107eccfcab9,164.97,52.97,29.0,223.0,2805.93
data/raw/histopathology_images/inflammatory/HIMG00283.png,HIMG00283.png,histopathology,inflammatory,256,256,RGB,PNG,10297,9b64ac166c9f3981dcbb666bf6c064a4,40f7b6098235ab54d30df9dc1f056aa3e6057d26f03646ef18218d754d7fe951,e7858911ebda88be,31eac69e65cd8e99,ff2297e1a74ad5b3,168.11,52.0,29.0,227.0,2704.49
data/raw/histopathology_images/inflammatory/HIMG00284.png,HIMG00284.png,histopathology,inflammatory,256,256,RGB,PNG,10270,b5d4200918479265ba61df11db3ba37c,edb5fbbc62d5f1578473195b0e3906cb84ee33bc0dfd481c7860f6e225b5840c,ff6939042d0b2f99,b0369e13b4a9aa4c,8be6e9b3f0348c9b,165.17,52.76,30.0,219.0,2783.9
data/raw/histopathology_images/inflammatory/HIMG00285.png,HIMG00285.png,histopathology,inflammatory,256,256,RGB,PNG,10043,6a5fb220235b8447d789dfb7b058335b,d0c1515dc0c68a93576124b3b760ab08c2098392495f3f46b70f13c65d97d27a,be8f83986386b226,b9a4a4cca4a39bb3,bf99c7e7c54cd4a6,169.1,53.89,29.0,225.0,2903.76
data/raw/histopathology_images/inflammatory/HIMG00286.png,HIMG00286.png,histopathology,inflammatory,256,256,RGB,PNG,10124,b9553949d74fc6c5475acac6963ea272,b9b7fa7cf4bf68e8948f038fb388d3435064333d2f0096aa7094326aff1e6821,c20931c1f7f0c1b7,d1aeba6e92b8f8d2,ee0bb574b261c7a6,165.27,52.3,29.0,217.0,2734.91
data/raw/histopathology_images/inflammatory/HIMG00287.png,HIMG00287.png,histopathology,inflammatory,256,256,RGB,PNG,10118,24973638575318a3698c41395950b4c8,cf0c31943eb68adcc8fe42ac93fea4f806f51890f8b979f6e7e41c9b199500f4,f11581e9bb07c1cd,285adaaca99156f6,ea40d285c969b7fe,165.91,53.1,29.0,223.0,2819.64
data/raw/histopathology_images/inflammatory/HIMG00288.png,HIMG00288.png,histopathology,inflammatory,256,256,RGB,PNG,10146,7056922593764b554901ccfaa9a3ecaf,9efd5bec9eee3ff1ba3e5b521efa423ffcc99bd827dc28c8d3af5cfb85b3a7d0,929325208b873369,dbea92b7acd0ad24,af56ccbd4146be09,162.97,53.61,28.0,215.0,2874.47
data/raw/histopathology_images/inflammatory/HIMG00289.png,HIMG00289.png,histopathology,inflammatory,256,256,RGB,PNG,10151,a9d93415962a180dfcfc0256be43e5ed,c44905049b1e8b3a8ed974039214bd7fb1149ab08d6875451eeeffe9c5afe6c0,e7c42464fde1c3c6,b2a2a622b6f46973,f31bb4a99665cec9,167.25,51.49,28.0,221.0,2650.73
data/raw/histopathology_images/inflammatory/HIMG00290.png,HIMG00290.png,histopathology,inflammatory,256,256,RGB,PNG,10185,0a9adb73a9549fa45f28690dedb52692,a245c9ed49e69b539b3d1f722d8eea4c6c06de1ceebf946b05ccd55a1ff7be43,867189c0d3e5c5fb,933eb46dd5f6726a,fa0f84169530bfbd,169.43,50.49,30.0,223.0,2549.45
data/raw/histopathology_images/inflammatory/HIMG00291.png,HIMG00291.png,histopathology,inflammatory,256,256,RGB,PNG,10141,0774b73ca318943c5d585ebcd9283f37,a2cfff1d05af179772a19e587c8dec614e98d3e423e078609162640549b9d346,b1938c2c54b383db,9dd9e7a65298cdd4,ee41edaec25bdad0,167.69,52.87,29.0,222.0,2795.54
data/raw/histopathology_images/inflammatory/HIMG00292.png,HIMG00292.png,histopathology,inflammatory,256,256,RGB,PNG,10150,41008b834fccf2f55573fbab35d6c3c8,4e430a75689c7310802e33c0b82173a2a379477d91552a7901ab374823ea25af,a7f4753f8db025ef,9a931292b69ea235,e686f47ea50fe821,169.44,54.64,29.0,226.0,2985.72
data/raw/histopathology_images/inflammatory/HIMG00293.png,HIMG00293.png,histopathology,inflammatory,256,256,RGB,PNG,10089,9e7ffe0bee90ebaf325676da96c38612,8e6b1540dffc1c7612e2578ac70603ee2aeb213fb6288d3540c6ae6482a426e9,afc943e3bbb890fb,a4ec29bcbdaa9aa9,afb198dee56e9514,166.04,53.2,30.0,219.0,2830.74
data/raw/histopathology_images/inflammatory/HIMG00294.png,HIMG00294.png,histopathology,inflammatory,256,256,RGB,PNG,10227,05679a992271269e809afc90d0c3e903,17e97ebe2122ba236599bdf3287d3a07848ca2ef6e91888b1e58d8a4583ce642,bf29b5893d86c4fc,d5a49a8494d3f2a5,ffafd1948d7cb4ca,165.91,53.55,28.0,220.0,2867.46
data/raw/histopathology_images/inflammatory/HIMG00295.png,HIMG00295.png,histopathology,inflammatory,256,256,RGB,PNG,10117,1a19cbfefba8101f1c605fb4ffefd7da,71874f55efe4b81d0bc31f7a1da478c0ad61fa7e3c45f31d140aee42c5235cad,ff98c4c6cccd84d7,ae8debfbe6a2f2cb,fac98dbba166a15b,164.04,51.75,30.0,213.0,2678.14
data/raw/histopathology_images/inflammatory/HIMG00296.png,HIMG00296.png,histopathology,inflammatory,256,256,RGB,PNG,10232,4ddebc7f164950c1dcb0d074674a6902,96b824af6754ab1a9c8623e96c6d977ccf13d0be11ea0a47e203d012e3944089,9f1ff1b09899000f,c627d8d9cec4aa2b,bafc901bf466e864,164.51,54.82,29.0,221.0,3005.53
data/raw/histopathology_images/inflammatory/HIMG00297.png,HIMG00297.png,histopathology,inflammatory,256,256,RGB,PNG,10333,81550dbc751c8cccae065811008c4d76,6d0ffd7ebf46aff62289b544e4f7ba462bb0d71c9e7759426165fee6f405e1fa,a72d991cbb3044fb,b2a6dcca98ba77dd,8f1bf1e3e0706cac,164.25,51.91,29.0,216.0,2694.59
data/raw/histopathology_images/inflammatory/HIMG00298.png,HIMG00298.png,histopathology,inflammatory,256,256,RGB,PNG,10101,0d70a6b2dc5fdf2476c2fb231d419a09,32a95b12096b15e3a1987bc0493b5e393b0569736f0a8766d15ab65947d4df79,0fcf912deda88166,aa64ac26a6a6ca31,bb9d349b8308e7dd,166.27,52.86,30.0,219.0,2794.16
data/raw/histopathology_images/inflammatory/HIMG00299.png,HIMG00299.png,histopathology,inflammatory,256,256,RGB,PNG,10271,3e15c6ab29b64151851f2f71913ea35d,a7d69d6f70cd4f1feaf0c227db0b5d5b19536588661f31dd68164099033beec1,dd878ac1c2d3293f,4eaaa5d0e9c9ac96,af508bfc9a69d549,166.72,50.8,31.0,216.0,2580.19
data/raw/histopathology_images/inflammatory/HIMG00300.png,HIMG00300.png,histopathology,inflammatory,256,256,RGB,PNG,10097,1a20496e193c9123a9f3e5f1cdf9c8c6,94fa5afd16631e75ab110ebc8f9403c82f1e99b506f841537ef2528159e68820,a798fab323a383dc,9aeac989a9b5d566,afced227866df294,164.8,53.79,30.0,218.0,2893.9
data/raw/histopathology_images/inflammatory/HIMG00301.png,HIMG00301.png,histopathology,inflammatory,256,256,RGB,PNG,10198,c0e278a5cbf6a19f55686d7d1434bc63,95083bf67c70537ee7ceb2f61d1179fa5f0556691b4ec67fd800a3878b78500e,d1b3d16c4196a5fd,c8985a2656d1b6aa,ea6cee3c8071dc4a,169.75,53.2,29.0,224.0,2829.87
data/raw/histopathology_images/inflammatory/HIMG00302.png,HIMG00302.png,histopathology,inflammatory,256,256,RGB,PNG,10032,e672a29e68643411e9f2aa1007e60d16,665d26659ec9fec796903a1562af3b98788e8ad56f30633ae56ad00df5952985,ed9f91990e6a82cf,b4aa8cca51a5e9e2,bf0af3c1fa7cc906,168.05,52.07,30.0,222.0,2711.28
data/raw/histopathology_images/inflammatory/HIMG00303.png,HIMG00303.png,histopathology,inflammatory,256,256,RGB,PNG,10247,c2ba01d011abd24ca1d2062e73d0ea2a,5eeaab2798e510357539f0880613ef9c110e0502f9b55f25c05e83f4c57be7e6,9f4d89f04bcdf8a9,c466a4ab24668cac,ab349eb0e5ceba29,167.31,52.97,29.0,220.0,2805.31
data/raw/histopathology_images/inflammatory/HIMG00304.png,HIMG00304.png,histopathology,inflammatory,256,256,RGB,PNG,10045,1bb2ab578384d09f6d01f7533e88f406,8072196a6d1f4ec6996ae05c60f172b19fe408043e3b5374ec628b1adb47b4ad,d831b5cb8f04c86f,6a1a96f5f3526a22,facec850b5f8ce9b,165.13,52.57,29.0,213.0,2763.22
data/raw/histopathology_images/inflammatory/HIMG00305.png,HIMG00305.png,histopathology,inflammatory,256,256,RGB,PNG,10111,1a72ab3cdddf03daff3b41ad923f2099,f241276a7ca672bedc45f2758c03d85a100513e7d7499b35ed374fdb9f479d85,3fa1e58b819a8b5f,9594b4c4d4ddc94e,bfc385ccb2b5de63,165.78,50.71,30.0,213.0,2571.84
data/raw/histopathology_images/inflammatory/HIMG00306.png,HIMG00306.png,histopathology,inflammatory,256,256,RGB,PNG,10215,5654bf80e53b1d780231527a431ca9a7,a59d8d880dffa3be857017596df68f0bf38b5564bb3ba42bf0d5b622fd80a781,ddd5929094cf537b,ce4adbdbcae1690c,bc5ac1bbc665978c,166.87,53.28,29.0,227.0,2838.91
data/raw/histopathology_images/inflammatory/HIMG00307.png,HIMG00307.png,histopathology,inflammatory,256,256,RGB,PNG,10197,bc09d6e1af925edc3de95a451f68cacd,4a5b0c53eff81bbc89a6c9a02148be3e8c320221459178eaf43270acd91a7f89,ffc909f9c58041fb,66eeaeaaf6b2ac4c,ebf0cc37c4cf960e,164.71,52.74,28.0,222.0,2782.01
data/raw/histopathology_images/inflammatory/HIMG00308.png,HIMG00308.png,histopathology,inflammatory,256,256,RGB,PNG,10193,5df5218aa93c29f1c80a3b8e316d5fff,189e6a7d9601edc582752f7854e8edbabb74957b5dbe75a9f51dbc4dd0ed600b,6d1c13b58c2599cf,624b9adae2a6cce2,ba0491d3f2afa74e,167.03,50.62,30.0,217.0,2562.8
data/raw/histopathology_images/inflammatory/HIMG00309.png,HIMG00309.png,histopathology,inflammatory,256,256,RGB,PNG,10152,8476fcef3b027dbac990598b068e47e6,dcbf427c3c13af9a7dd49b4bddc8004eb7d9475ab5aa8e3474280a3373f78ecc,fd8c9cb01190b56f,aaa6ea8abcdad622,fa57936aa1ecbc91,167.32,54.99,29.0,228.0,3023.77
data/raw/histopathology_images/inflammatory/HIMG00310.png,HIMG00310.png,histopathology,inflammatory,256,256,RGB,PNG,10220,0ca6e6ea65fd54fa430b84d68c8cdef2,6449880717b8604f87f9a907aa827b51264ef81678fc9251a636724007bd19ab,e7831d0583f3a0f3,34aace96943dbaa9,af3ae163a362e159,167.51,53.5,28.0,222.0,2862.34
data/raw/histopathology_images/inflammatory/HIMG00311.png,HIMG00311.png,histopathology,inflammatory,256,256,RGB,PNG,10109,2c8703c66d1b366a3a23a666ba2f2113,f19c56ac6497f051a76a1ba3345d9086de5532dee1b0a4dd6262cc08e28f531b,ff65a7a7950180bb,6a52b2b196d49a89,aec0c078c577b1df,165.68,50.22,29.0,213.0,2521.62
data/raw/histopathology_images/inflammatory/HIMG00312.png,HIMG00312.png,histopathology,inflammatory,256,256,RGB,PNG,10333,a8e70c378d005f689fd309151d279f44,1c45e079a9b396803e8effa5f2f0296fadb3148879438b716f3c16b6e201889c,bd850b87beb02cf7,94a4aad2d29c363a,bf3bc3cffc88cd90,165.8,53.28,29.0,219.0,2838.7
data/raw/histopathology_images/inflammatory/HIMG00313.png,HIMG00313.png,histopathology,inflammatory,256,256,RGB,PNG,10083,9ce96d381fbe513f958a5a175212e3e0,57b673d3565fdda74cc473dcb34dfb9630a34091303ddc093b1fd9f1843dcdc3,e2e2e6f89c809aed,a9a9925ed6d58d36,ff65e17dca8db292,165.19,49.92,29.0,212.0,2491.69
data/raw/histopathology_images/inflammatory/HIMG00314.png,HIMG00314.png,histopathology,inflammatory,256,256,RGB,PNG,10077,3ff940f87faf680c8231da083d028386,285636e01041742df9dfd67de8c8d5d298dd884ad02627cb6ac308e1ae477695,be12214b7380a3ed,8b8b304428b49062,af9cd697d02ff286,164.88,53.85,29.0,221.0,2899.66
data/raw/histopathology_images/inflammatory/HIMG00315.png,HIMG00315.png,histopathology,inflammatory,256,256,RGB,PNG,10137,ade9664e307d1ba632e8e91df86c4111,4e120e62ae402e1756bad79f8e98d26d2aaf8f8093a1d1103a7e39227074ab6e,d39b0d85d9f3c38e,6894d6d2c4586aa7,fb0f95ecdb607019,165.71,52.67,30.0,217.0,2773.8
data/raw/histopathology_images/inflammatory/HIMG00316.png,HIMG00316.png,histopathology,inflammatory,256,256,RGB,PNG,10043,385840219031c9b17fe5778b5648a5c0,53980439cb9102d76a0acee3605f77b19f74730b522b7531fe9c64b2649424e6,9703a0790985a5fd,8aaaba2cac92b6ae,af2cbe3e81825e39,165.17,53.81,31.0,217.0,2895.03
data/raw/histopathology_images/inflammatory/HIMG00317.png,HIMG00317.png,histopathology,inflammatory,256,256,RGB,PNG,10102,ab92a279e73fe62d312997f9e709b24b,d79e64873e3ac64e12b724e0d683b35e1ddb92cc813905e52c6486830444141e,dac4cf90118c8b57,d55a62dc94c2ac59,fcf6a45e8ff99089,167.16,52.18,29.0,222.0,2722.42
data/raw/histopathology_images/inflammatory/HIMG00318.png,HIMG00318.png,histopathology,inflammatory,256,256,RGB,PNG,10081,2c30833a370b1366bb3d63b97d7c867f,65b8c0f5e461369fedc307f16f0f6e14883c810966b5d1a1dfa29c8a5f10852f,7e81a2a504c49377,2ae4b5b442e2985a,fb53ac5a8acfd10e,167.3,50.46,29.0,216.0,2545.96
data/raw/histopathology_images/inflammatory/HIMG00319.png,HIMG00319.png,histopathology,inflammatory,256,256,RGB,PNG,10128,da0e8c32a2c2073cb68ac5d8d82ae8bb,5f88b4b894e91592a5c6c5e295f14a6171f026ef51e1c005d3cb1710275ddb9a,e30f41c940c2a6df,a8a474a4696a93c9,e92b9ec4e9e7e844,167.24,53.58,29.0,223.0,2871.01
data/raw/histopathology_images/inflammatory/HIMG00320.png,HIMG00320.png,histopathology,inflammatory,256,256,RGB,PNG,10323,374a5239f6a40349934c0f9140618c2b,5c86a455c259ebfbdf426994525c4bf16f2cb23005d7bc58478ae206f1a19511,f322b7f9a1a1c19f,989b8aa4b09264da,eec4d463fae99ea1,166.92,55.12,29.0,227.0,3038.62
data/raw/histopathology_images/inflammatory/HIMG00321.png,HIMG00321.png,histopathology,inflammatory,256,256,RGB,PNG,10155,57a7aecb0d5529df68a225c3089e1f3c,dad7da9f8c678d3fb988af9e51ec0744848d6c7ef3fca2f1e33b5c150da54f54,3b85c1c7c1032359,8d92c4d2e490b04e,bb5c8da7d8a1dc69,164.79,52.67,30.0,222.0,2774.49
data/raw/histopathology_images/inflammatory/HIMG00322.png,HIMG00322.png,histopathology,inflammatory,256,256,RGB,PNG,10001,45d9f4f9d1f1348fb724be6fd24d5f3e,611c84e757a57157d150ae872401e87259463a1bfd3ef7a97e05499661d4933d,9fc3d3812862a5a1,81f4d8b4a2319294,afbd97951b3c84c6,167.05,51.79,31.0,220.0,2682.18
data/raw/histopathology_images/inflammatory/HIMG00323.png,HIMG00323.png,histopathology,inflammatory,256,256,RGB,PNG,10220,3c7d62815198edd98d6ca66025da0671,74bf7dc97620eeb27150fdf55436d038baa7aeb1df177621dcea192e58b639fd,f31d3f0c978e88ee,b40495229a47a523,9b8be12ee651d0ee,164.79,51.39,29.0,215.0,2640.72
data/raw/histopathology_images/inflammatory/HIMG00324.png,HIMG00324.png,histopathology,inflammatory,256,256,RGB,PNG,10122,38626ad46201aa0ab4ee6196038be42e,f929d829b83a367856b0eb0748a5a0624f44c53fc3858377e5183825ef2f2ee2,3737c3d0311611f3,9a90e8caaca35a59,ae99860fcd7ab1a9,165.89,53.28,28.0,219.0,2838.54
data/raw/histopathology_images/inflammatory/HIMG00325.png,HIMG00325.png,histopathology,inflammatory,256,256,RGB,PNG,10070,55ba97d6ac10b89203ceb24951e0163b,649867dcb41d2372e9214eccbeae65049a32b1b0d3aa854c083a8d1cb307b2f5,3b32c280c78ff0eb,9d39abd255e27a6c,fb0fc19be96eb160,166.15,50.85,30.0,215.0,2586.11
data/raw/histopathology_images/inflammatory/HIMG00326.png,HIMG00326.png,histopathology,inflammatory,256,256,RGB,PNG,10095,f508c4554b826e38d7c17c9d4e13fac8,1259dc57f2cee6a1fce8367a54f3885fb524d22cfea4aa0c5f919c658be5a052,1ea7e78f09ace0fd,8babb2c424a6baa4,bbb4dd0999fc9b83,167.5,52.91,28.0,222.0,2799.39
data/raw/histopathology_images/inflammatory/HIMG00327.png,HIMG00327.png,histopathology,inflammatory,256,256,RGB,PNG,10235,7054493a766f94497967f00df5449d3b,eec72c340c2176114fe25cdd826ace42fadbaf6237e63b7703e02e003e3401cd,eec7a1b164b09187,a372b4bc72ba9ed0,eeb1bcd4950f9f8a,166.4,54.45,30.0,222.0,2964.59
data/raw/histopathology_images/inflammatory/HIMG00328.png,HIMG00328.png,histopathology,inflammatory,256,256,RGB,PNG,9935,3644e4c8dbe30ea8e88355377bd28208,0040e03c00e7fba417461ac5eb432e7e9c3145bf5d13e333e36aa92cc3fd2793,9d91a1b0e78197ff,d49aba96b2e8daa6,ee4b9cb8935ce9e2,165.42,50.95,29.0,215.0,2596.36
data/raw/histopathology_images/inflammatory/HIMG00329.png,HIMG00329.png,histopathology,inflammatory,256,256,RGB,PNG,10059,1d6a7991781ae5f747c232cd99577918,530d1e6c9f181358f93c9520f2abfce95cc1374a3ce8fa7bd330b66b0faa7e7a,ecc183f96981b06e,76d4d4942cc6aba7,eba8b45ac3d6bea5,166.44,55.59,29.0,228.0,3090.44
data/raw/histopathology_images/inflammatory/HIMG00330.png,HIMG00330.png,histopathology,inflammatory,256,256,RGB,PNG,10118,607e6bc27ab83e70c51ab51010452747,c2b1b59e4800d085d334ad7056ce2a1f54982809aaaf6bee815273cbfbaf02a2,ab8cc8a98f6919e0,95e765b4e43dac76,fb1fc48ff68bc598,169.35,53.84,30.0,225.0,2898.96
data/raw/histopathology_images/inflammatory/HIMG00331.png,HIMG00331.png,histopathology,inflammatory,256,256,RGB,PNG,10098,d5f1ee4d467958eef9b546c06618155f,443a704a1e94ad1fa3348552164b17bebbb83de65ed956a9a09578b598003b81,cfe5940e990484fe,62b2d2d7c8b2a2ab,bae2f1b2ed13cc4c,164.48,52.11,29.0,214.0,2715.87
data/raw/histopathology_images/inflammatory/HIMG00332.png,HIMG00332.png,histopathology,inflammatory,256,256,RGB,PNG,10275,6e39e444bd7e6945ada02bd1409656f4,5a8e6bfbc278c2c6cb1e0befc5d6f168ae34475a4ee13e61343e845eedf53e50,6791a1bdb781917d,b2d494949acc8a2a,ee36803d93e3e3e3,166.09,51.11,29.0,215.0,2612.04
data/raw/histopathology_images/inflammatory/HIMG00333.png,HIMG00333.png,histopathology,inflammatory,256,256,RGB,PNG,10190,fa655469198ef43f46c4bbf9a3f73e34,c29f94c59b1fdd1c7c54fe231da4d4cfc1a4f18bdf585b6ac2a7b75912d53dd9,ac17c4fde30525eb,a28a5666a21232ac,a2529f06d94272f1,167.55,51.83,29.0,223.0,2686.02
data/raw/histopathology_images/inflammatory/HIMG00334.png,HIMG00334.png,histopathology,inflammatory,256,256,RGB,PNG,10149,1ca8596fa1efc404ccbbf6641e46a761,52cb6f521aae8e77bb318a4982b5977fa90e5424adbb369faa2aef6d89c62771,c181ef032791999f,68d4328cb1c8acc1,ad62d86cb7cc9693,168.25,52.93,29.0,226.0,2801.97
data/raw/histopathology_images/inflammatory/HIMG00335.png,HIMG00335.png,histopathology,inflammatory,256,256,RGB,PNG,9996,fe57866e84771d7067b72aa727596b4b,5a83a5737878eb34926f5f956406788fa0a87915f8da461064c954db140d3a6e,afc885ee0b0968ee,93e6e6a7ed6626b5,fb76e60895c3bc3c,167.68,53.19,29.0,220.0,2828.89
data/raw/histopathology_images/inflammatory/HIMG00336.png,HIMG00336.png,histopathology,inflammatory,256,256,RGB,PNG,10068,e3457fade937da41ca554a2c75066c2d,9afaf332cdc8bddc75d2bdbd6ac8c10d5d70afd18ba7f66b4d9bbd9684771a54,ff9092d98de618f9,47dac9cce6b3ac2d,fbb4c5b3b19de599,167.44,53.82,31.0,221.0,2896.93
data/raw/histopathology_images/inflammatory/HIMG00337.png,HIMG00337.png,histopathology,inflammatory,256,256,RGB,PNG,10260,3124c59e4dc479312de90bce59c71689,352c63e6cc3f7af5c63a0887da442af1ce180b0ac90cb4143f636db9728b4bf0,8d851c438731c9de,a2a22b71d394a4c6,ba32db2bb461c49e,171.46,52.61,29.0,228.0,2768.09
data/raw/histopathology_images/inflammatory/HIMG00338.png,HIMG00338.png,histopathology,inflammatory,256,256,RGB,PNG,9891,96d087171c8c42d40057452ca7c6309d,474710767742bf1ef24b55dc1034789516afb4afe9d76ae0fd5e22f5c7fdcc5b,f9089df3d304b1f7,ae66c6a9689694b2,ef58c362e5ef92f0,166.21,52.82,29.0,218.0,2789.96
data/raw/histopathology_images/inflammatory/HIMG00339.png,HIMG00339.png,histopathology,inflammatory,256,256,RGB,PNG,10151,1196abdc23f31765103875bd1c2ccc0d,84d478d2cfa400622f805ef91873d1aaf3ffa5eccf9bb674e933fba26562d5bc,fef49d80c3c189bb,eabac68ae8e2ead4,fed6c671c51f99c1,164.94,54.34,28.0,222.0,2952.3
data/raw/histopathology_images/inflammatory/HIMG00340.png,HIMG00340.png,histopathology,inflammatory,256,256,RGB,PNG,10101,958b0b37417fae48f002ad8f97066f0c,c8f2c790c6a44aae0809f9d3ea3183a127230d3c623432983f01869400f3bfc5,670db6b784a411df,3284bb9a8a929c68,be97a156f485f693,167.77,52.39,28.0,221.0,2744.4
data/raw/histopathology_images/inflammatory/HIMG00341.png,HIMG00341.png,histopathology,inflammatory,256,256,RGB,PNG,10122,46d455df814a9e0bf0e48a1a9ee98ceb,9145e7d1594d4e40f515a2bb4b5f9952886377a4dc18e14560d39472531eb41f,ecf4f690842df0b3,d6d22bcaa2365abb,fed0a71b7e4883b5,166.76,53.45,30.0,225.0,2857.09
data/raw/histopathology_images/inflammatory/HIMG00342.png,HIMG00342.png,histopathology,inflammatory,256,256,RGB,PNG,10107,ffeefe7fc85560d8e1f1be76261121a4,161f40aa71324cdb80bf4f26b7449d3f7f7b7728017259d392866f394c24f870,e3bbe710d0e09950,9198202acfb78c5a,eea5af5dd40670b8,165.09,54.37,29.0,223.0,2956.6
data/raw/histopathology_images/inflammatory/HIMG00343.png,HIMG00343.png,histopathology,inflammatory,256,256,RGB,PNG,10205,91dfcabb531ddbbec49838cd72f51a08,a9b007dc209c84a299df485ce8751843eb5c7f8c58401abfefbc4459a3cf7dda,ff86099dc9c2a4ed,ac9164cac4d996f6,fa3d87edc8caa163,164.8,53.28,29.0,224.0,2838.93
data/raw/histopathology_images/inflammatory/HIMG00344.png,HIMG00344.png,histopathology,inflammatory,256,256,RGB,PNG,10238,dbc40a2bc342bbb5963ede8f4b46952e,874d16adf6924f9fd210b7fd09d555cb878bab3a68bc2475e81646cd46f8f1db,bca58525d2d790d2,aab6d2b28b59d0c9,fe83ddcccd5ab0dc,163.94,52.58,29.0,218.0,2764.74
data/raw/histopathology_images/inflammatory/HIMG00345.png,HIMG00345.png,histopathology,inflammatory,256,256,RGB,PNG,10073,58897f1aa808473393a9822a6e07bcdd,ae3d4dede96778b4086379008c81e5d3a3fa208f192d47ced0ea7855382cf959,f4f0a1d91cef1ddc,93beb444a2a60eca,da67c694d4a9f316,168.39,53.93,29.0,222.0,2908.57
data/raw/histopathology_images/inflammatory/HIMG00346.png,HIMG00346.png,histopathology,inflammatory,256,256,RGB,PNG,10208,f4056505851044a6fd2d7b5be52d2503,52da108019daff632b4fd5bdc8762f77bbdae15a04ab98a9976d24dfa5b92342,3b29e9fdb1bca3bc,8d24248e9a86b4ae,cb0905859ec7de67,166.18,53.24,29.0,221.0,2834.79
data/raw/histopathology_images/inflammatory/HIMG00347.png,HIMG00347.png,histopathology,inflammatory,256,256,RGB,PNG,10004,c7d30bb03416f64376c78e8166b50689,207ad28a1c922451719639b919f369209afd0f839c49bd40bb775381eec3f11d,d3c044e1e68811f3,484c2e70b5c4dc58,e878acbde50e9983,165.98,51.76,29.0,214.0,2678.68
data/raw/histopathology_images/inflammatory/HIMG00348.png,HIMG00348.png,histopathology,inflammatory,256,256,RGB,PNG,10149,3a81099f5ef95d54fe033185502f8a8a,17729de097069fe859dea98c5ad12db09798216aa9f4aebedb1467eff40da8c7,ff1f911921c0f1ed,a98adaccba59d436,ee9cf165c35864e6,165.87,52.16,29.0,218.0,2720.68
data/raw/histopathology_images/inflammatory/HIMG00349.png,HIMG00349.png,histopathology,inflammatory,256,256,RGB,PNG,10055,102a9fbffc45654b26128fcdb42bb3a6,c823dfa174a38d2b2f2101c668187f63aa055d3eba3079191c8c3ab85abf81a1,1d958fc66c76996f,9696abeb722acc34,ba1e8f4eb27980cb,166.34,52.12,30.0,216.0,2716.05
data/raw/histopathology_images/inflammatory/HIMG00350.png,HIMG00350.png,histopathology,inflammatory,256,256,RGB,PNG,10166,0c33363f895db73e40dc0de437d8ab1e,ec4c37014eb66476f2d407d89a3c57636b90b3415952d87fc1e341da9296829e,ff0300c1b7b191d9,34dda344d8b8cecc,ef31c9c6d853d3d6,167.01,51.63,29.0,221.0,2666.16
data/raw/histopathology_images/malignant/HIMG00071.png,HIMG00071.png,histopathology,malignant,256,256,RGB,PNG,10161,657b7d0114755f6a4c20c5524b1bbf30,0b655738966736139a2a593731ee1a88306c347d2fc7d9e9238f1f4a0c4ff656,7895b978802497f9,2cca8cb6ddb3db4d,cfcb8837c9c7a5bc,147.19,55.5,23.0,212.0,3079.83
data/raw/histopathology_images/malignant/HIMG00072.png,HIMG00072.png,histopathology,malignant,256,256,RGB,PNG,10130,cb54a8f8ecaa48205d97071fc49f89e0,5e6569b7e8f2391022509c8b979634839c9edceb42c8a7145ea756d1918fdf8d,c3a1b1b5c54cec91,d4969a927266a5cc,ebaeed91ac958caf,150.09,56.74,23.0,227.0,3219.84
data/raw/histopathology_images/malignant/HIMG00073.png,HIMG00073.png,histopathology,malignant,256,256,RGB,PNG,10149,4311a04ee7e5e21692fb8b2a6cecc0eb,6921a2e899e41ad8fdffaa0bb15ee8615fe756bee619d2abb345103a66c7885e,5b883e367c6002e6,4dce8bb236322b73,d79c7d49c285a7cd,146.27,55.41,23.0,220.0,3069.98
data/raw/histopathology_images/malignant/HIMG00074.png,HIMG00074.png,histopathology,malignant,256,256,RGB,PNG,10068,e23d6b2b4f8c647276bebafa481e067f,da572be7cbe0b2ba19159179b4c76edd4d48e9b5bc9be7d00b9685ac9fb567a7,f709c5b4d9630347,db94d29aa8a9a860,ae5ea0cdc4fce439,147.58,55.14,23.0,217.0,3040.44
data/raw/histopathology_images/malignant/HIMG00075.png,HIMG00075.png,histopathology,malignant,256,256,RGB,PNG,9995,938d169d42fc3d915a2c164a23f28144,a0cb97c24f68d0aaf963f58065778285cb91e908c3e9a4479c7cd8bf2c1351e5,b7b1bc1092c2d8b7,9b928a8999ebee9a,fecfa6f584d8944f,143.43,54.71,23.0,222.0,2992.91
data/raw/histopathology_images/malignant/HIMG00076.png,HIMG00076.png,histopathology,malignant,256,256,RGB,PNG,10185,8bed5930c19d0406ca959618cb4cc5ef,2b3ebef5b4051e5daf6542aac5da165a6b8b714937c2193f4cadca21102ec474,73e109408c98c8f7,69d2a42197ddeeb0,ff25ee5ca5618c9b,145.25,56.6,23.0,217.0,3203.02
data/raw/histopathology_images/malignant/HIMG00077.png,HIMG00077.png,histopathology,malignant,256,256,RGB,PNG,10101,63b527837bddf6829cec45747246061a,27c45d0fb2d1342401b3bf7742ebbcb1930ab94738064a6b14d59ddbb4868456,7e818bc297d064bf,5392c5a1d9a933dc,ff3fdac484d1dd9a,146.4,53.94,23.0,214.0,2909.5
data/raw/histopathology_images/malignant/HIMG00078.png,HIMG00078.png,histopathology,malignant,256,256,RGB,PNG,9951,80a4303b52fbc200a7ec6e8361555316,c8941fb02e33deb97bfc907747902d1eaadfff7824e31ce006e4403e2553ac88,fe1980078095c387,532caeb9cad2c8a8,becb81d685e6d679,148.64,57.31,23.0,218.0,3284.67
data/raw/histopathology_images/malignant/HIMG00079.png,HIMG00079.png,histopathology,malignant,256,256,RGB,PNG,10280,534ca8116503eea45e2c9ce84eac5383,3907d1581cc41d5a6c17327103721a08fae3b4b3b31dea2ac7fffc53b8ed7681,95ada721d1b181d0,caa2b6b4c898a8c9,ee9adc7c4823f614,144.1,56.92,23.0,217.0,3239.92
data/raw/histopathology_images/malignant/HIMG00080.png,HIMG00080.png,histopathology,malignant,256,256,RGB,PNG,10107,95119750820df733cf014e1f71b116d7,f70ff83f0e1674616ef5df20952296536e4bd010ce0dbfb8b8f402738a974e6b,8ca4b40939d9c2c9,c39ad2aeacccf9e5,fa06f49c0974dee6,144.87,56.92,23.0,222.0,3240.35
data/raw/histopathology_images/malignant/HIMG00081.png,HIMG00081.png,histopathology,malignant,256,256,RGB,PNG,10201,451e2e56fd0431133b373bc10219c3a9,4cb737a14b2328d52b930506645ec4f76c454ef02c529db9c0ec33f46cac38a7,bd95891bb4838195,96daccc8d2a8aa9a,be8adae7c60da95a,146.76,58.96,23.0,225.0,3476.81
data/raw/histopathology_images/malignant/HIMG00082.png,HIMG00082.png,histopathology,malignant,256,256,RGB,PNG,10000,daba713b9c9c22db063b045ff737d16b,dd75838bb2e2af28634104d3a33b504d1664ed72819a9ddbd8e60aa954917eb8,fb7633a020c5f0db,6c1998b99ab29dcd,ef83f8f2d9ebba88,147.27,56.88,23.0,219.0,3235.27
data/raw/histopathology_images/malignant/HIMG00083.png,HIMG00083.png,histopathology,malignant,256,256,RGB,PNG,10050,0858de539253c3c5885b1d6a6ec0f886,1d3c0862d431274f61dc72ae24c281cdf7b729c3beb376a7718dbf3c381f44ce,ede42708a4a192ef,a6b6b12dd2929964,f353986ed80db3b4,149.19,56.72,23.0,224.0,3217.03
data/raw/histopathology_images/malignant/HIMG00084.png,HIMG00084.png,histopathology,malignant,256,256,RGB,PNG,10163,017f3121ce27aa3a373a180f3d3b7976,99d63670072b8def0c3b0bf3e4effb8105c2a69b530bf3629d88d245b94686f6,568217139e0d3df1,5bd19a18c6e6169a,be34c659f4029ede,146.74,57.93,23.0,223.0,3355.71
data/raw/histopathology_images/malignant/HIMG00085.png,HIMG00085.png,histopathology,malignant,256,256,RGB,PNG,10165,c54cd699ca469ef531b241c84c06e39f,43308af9148cf6da9e9fc9c5aa0a8ebc258513bc613879a5e627a44a22ae181e,978d0cb1c00ff7cd,ca94a69ac624da66,fa3f98a5fce491d4,147.48,57.92,23.0,220.0,3354.15
data/raw/histopathology_images/malignant/HIMG00086.png,HIMG00086.png,histopathology,malignant,256,256,RGB,PNG,10035,e5be57a6b71249bfb42b2b642ffedfa4,62f064f3c628cb17b14fd1c0f9d021efed9e856f2d6b7cacc333f754a6247111,7b73e8306cc19cb1,3c2aadbb26e6ca9c,eb81acb0c39febf9,146.99,55.31,23.0,216.0,3058.99
data/raw/histopathology_images/malignant/HIMG00087.png,HIMG00087.png,histopathology,malignant,256,256,RGB,PNG,9972,f2db702926c9a98da194c8c0b0d71b0e,41366d49dc6413e5f25ab814293b0d778998ed1b64a8e628d36314b635f266a6,e901e3622a0519fd,f4483939a5968e4a,ab65d81ad5c5a7cc,149.59,56.21,23.0,220.0,3159.19
data/raw/histopathology_images/malignant/HIMG00088.png,HIMG00088.png,histopathology,malignant,256,256,RGB,PNG,10191,8bf53f15a45cb629af532a87f962b952,6e614a83c9b7b96bb6b048fe367488371621bd7b345f7ae7f27ab3df19e10f87,15952f7405af85b5,d2cab73bcaa3f292,bec8aeba4276971a,143.12,58.01,23.0,217.0,3365.47
data/raw/histopathology_images/malignant/HIMG00089.png,HIMG00089.png,histopathology,malignant,256,256,RGB,PNG,10058,085bb9f9647d78076f6c7c3568039a3d,a84a95bb7bfe595c30709ebf43beb7a55c9229118c469d179021508965e9cc04,cfe1e1a0b3c7189c,eaa4b4b598ebcdc6,ffeb98b49655b60d,145.01,56.67,23.0,221.0,3211.04
data/raw/histopathology_images/malignant/HIMG00090.png,HIMG00090.png,histopathology,malignant,256,256,RGB,PNG,10064,358ed1844883c2b307ae62bc97592f27,3beb713906fe31a8019036d16481c18341c17923fe86cea7d844ca6c9c914baf,e7b483014e9bacc6,b39391926ba8aa73,b787f29bb0aba5f1,146.5,56.92,23.0,216.0,3239.44
data/raw/histopathology_images/malignant/HIMG00091.png,HIMG00091.png,histopathology,malignant,256,256,RGB,PNG,10200,8efd02d99119dcfc903c9f689ccd376a,ebe521e5d796cf570502cd75fe6457f3fca80e4382d294b6b9d4a8341f1c1f62,1ee06a41cbcb8861,85b3a552e96cca28,f9555fbc841a81dd,146.16,57.44,23.0,223.0,3299.37
data/raw/histopathology_images/malignant/HIMG00092.png,HIMG00092.png,histopathology,malignant,256,256,RGB,PNG,10232,dc0e333777870a9021ae9d2583adb464,95570cc97309f872916d669afb25d2dce93a18ecbcd089e739dfc03aa7189725,bb383cb09c0b11d3,8995529b86ac5aca,8edd8c0bff24815a,148.32,57.01,23.0,222.0,3250.31
data/raw/histopathology_images/malignant/HIMG00093.png,HIMG00093.png,histopathology,malignant,256,256,RGB,PNG,9981,deb093beee66b57b9f1b6f17a07c1a55,fb7e3b0cd24394e679074501c140c2a10e7aca7d6f1755d617ed32b1f9a93a69,cf80a12606d89ff6,e6cab0b3a34dd49b,bf3bfc989693c0bb,150.59,57.84,23.0,229.0,3345.24
data/raw/histopathology_images/malignant/HIMG00094.png,HIMG00094.png,histopathology,malignant,256,256,RGB,PNG,10198,0937c28022e058fa2849488caab7367b,e54775fd4dddde0101ead0842c7d6401540fc2831ddbd1d4346ce4eb8d3c91e0,8a33b685dd3909d1,859d9ba2d68a4450,ef570d89fa11c6f8,147.89,56.45,23.0,223.0,3186.52
data/raw/histopathology_images/malignant/HIMG00095.png,HIMG00095.png,histopathology,malignant,256,256,RGB,PNG,10201,c143082745d9710c9dda951115db8df7,9dc4b41f666eeacd325c41a9f0725e5066e35c3469db3f0ee8e51ae3f6696a4e,fd087dd9918284fd,5e8624ccc8a3c336,ffcb923eecd0a7d2,144.99,55.67,23.0,220.0,3099.36
data/raw/histopathology_images/malignant/HIMG00096.png,HIMG00096.png,histopathology,malignant,256,256,RGB,PNG,10065,8c30d3424045ea15969076cc91b11866,a5319994f98175044280982d1a25528ea49cbc4ca73c57fc966b868b28dc9909,d989c01df9ef8191,ccc6e45646e2d2ca,fa49acd98837f163,149.34,57.65,23.0,229.0,3322.99
data/raw/histopathology_images/malignant/HIMG00097.png,HIMG00097.png,histopathology,malignant,256,256,RGB,PNG,9990,7ecaee963a09e23320f0a7ecead8b270,e3ca2628fa49061391749b659f9821eb2265b7ab33ab4495724006141d7b449d,9b93e301c03191f1,ccd8f17cf4bade9c,eeb19e4e618ea1f3,148.16,57.08,23.0,228.0,3258.63
data/raw/histopathology_images/malignant/HIMG00098.png,HIMG00098.png,histopathology,malignant,256,256,RGB,PNG,10094,07d721625d5be40f4fdff90e59b7b1a3,855114818833bdde0d93070439ec368915cb4c0c419d853cb6bc26adcaa00577,d780088a43b17bfb,dadaaeeb31b82c4d,ae3eeca6b499ee81,147.07,59.05,23.0,223.0,3486.71
data/raw/histopathology_images/malignant/HIMG00099.png,HIMG00099.png,histopathology,malignant,256,256,RGB,PNG,10164,90306e759dfb658ec227b3548d16080b,8f6b6b30f38817b1bfbb2dc27fb8316b7bc63312e474f42bac6fa414ba44b97b,7e81484412cf81db,2bac6e6289e2ca49,fc43edb68472d05d,144.44,55.9,23.0,225.0,3124.33
data/raw/histopathology_images/malignant/HIMG00100.png,HIMG00100.png,histopathology,malignant,256,256,RGB,PNG,10266,d7d47b534d7d541dcc18a82c3021c5bc,a534397f22a6987453549f7753058fc87ec74c9c5ebc3d738a411b50c992bcf9,cf1b13d1c3707484,644d995ac15a16d2,ee8993e1f8c28f3f,149.98,58.84,23.0,230.0,3462.57
data/raw/histopathology_images/malignant/HIMG00101.png,HIMG00101.png,histopathology,malignant,256,256,RGB,PNG,10244,9f543acb3fa3ae891372dec3c178a0c0,5ed23cac4072135c6bc86c8ac3a433daf3b6eaec132c413f5e4dd20b8f5e3a62,ededdc0183a71113,26b2cacaa9ba4d88,aef2c2232948dafd,144.8,59.18,23.0,229.0,3501.7
data/raw/histopathology_images/malignant/HIMG00102.png,HIMG00102.png,histopathology,malignant,256,256,RGB,PNG,10186,2da28ba51efc77bd63b456a585eea04b,dbd5efa8ae9235d15f29367c9cad0837009979717973739dfc87ba5189c146db,17001031678717ff,9a93cc9c74e28a96,ae4c9eb2ab4fdc01,144.63,56.14,23.0,220.0,3151.55
data/raw/histopathology_images/malignant/HIMG00103.png,HIMG00103.png,histopathology,malignant,256,256,RGB,PNG,10198,94ecf43ca372dacaac12afbefd4d6ea4,a10248400db089cea606486ced867365286716efe709f17c9be700dad9739c6b,970305c483e0e7e5,92a952cbc9b5b16a,b61ce3e7b8920aaf,144.22,56.05,23.0,219.0,3141.66
data/raw/histopathology_images/malignant/HIMG00104.png,HIMG00104.png,histopathology,malignant,256,256,RGB,PNG,10110,fc59c9b0c0e112c24e07ed970011621b,77b00920d69227943ffa5580ffe6a8e24133becadd9e6fc64cb3da1e8f0ee469,e1c9c589bccd6831,3ce476d4a7642c1a,ea7bc5e18e61a247,147.24,55.52,23.0,219.0,3082.35
data/raw/histopathology_images/malignant/HIMG00105.png,HIMG00105.png,histopathology,malignant,256,256,RGB,PNG,10212,4098a6a42ee650143af58ddc91b63a56,d763715501e56c0a77bcc58ad778e4402ae06f2e067162b237197043e4183f95,ed68b2bf07cd1390,b6259a9242664cdb,bad34db196ccda2c,146.46,55.95,23.0,220.0,3130.39
data/raw/histopathology_images/malignant/HIMG00106.png,HIMG00106.png,histopathology,malignant,256,256,RGB,PNG,10023,767d88878c510a11e3a9bca038d418ba,e1672d10e2138d7940c413f586b4e7a6fd35c8d0084425b2cccd9f4517c2b53e,a983a2c20c9d039f,a4a8d975abaad094,bf65ab1bd929ca06,147.05,57.75,23.0,224.0,3335.61
data/raw/histopathology_images/malignant/HIMG00107.png,HIMG00107.png,histopathology,malignant,256,256,RGB,PNG,10215,4acb2bd67febf9277b7acced43134b2a,5c0afae9a970330b8bca1d4d71cfca008883a2a323b9961e464521b4b5f9d347,3f899cad89fd07f2,1064eaa6ecba89a9,bf9b84abe136ce5c,147.42,57.07,23.0,218.0,3256.66
data/raw/histopathology_images/malignant/HIMG00108.png,HIMG00108.png,histopathology,malignant,256,256,RGB,PNG,10128,b08ae7964140cb5152b110077f60dda7,1895e39e51d1a97f5054e1e283082aa9a107bccf0025df6020db04db1a2dbab0,84c470608fe0fcfb,cbf21d32e2aaabe9,fa52fc3aad048d1d,146.35,55.62,23.0,215.0,3093.41
data/raw/histopathology_images/malignant/HIMG00109.png,HIMG00109.png,histopathology,malignant,256,256,RGB,PNG,10199,dd764d5aa404bf4bc81570153e3a16fa,cc6491ce9465c6f381350aae8bf8607727913e710e0b5e37a298fb15993b89ed,bbc73bf9420222e3,ad528cce5521b16d,adbae517c9cf8905,146.19,56.0,23.0,222.0,3136.34
data/raw/histopathology_images/malignant/HIMG00110.png,HIMG00110.png,histopathology,malignant,256,256,RGB,PNG,10070,ed93843b1e2e71d38542574f9342a96e,825061c5530c3089a3cee166eac8c1e0581da4dabb73ea5c7de4f59ccefb46cf,63d834cd8301d9df,304e12a6d4c86cec,fb46d92db3c306a7,147.57,55.19,23.0,214.0,3046.41
data/raw/histopathology_images/malignant/HIMG00111.png,HIMG00111.png,histopathology,malignant,256,256,RGB,PNG,10165,488b47106ffb1663e941dd38247b59a6,c3af30275ab8535f2c7ed5d495a2695707a2eef00bc6410655b298c785e0a35e,9d01a191353b21f1,96acaaaa9294bc98,ef18ad84def8d4d7,144.65,56.17,23.0,218.0,3155.39
data/raw/histopathology_images/malignant/HIMG00112.png,HIMG00112.png,histopathology,malignant,256,256,RGB,PNG,10267,8ea61a75081f6c89714d295d3dd8658a,32a573692527f3d3bc61d3058b09c50a3d88034d42a09bfa32ad41dd63cc7d85,e183d1f0a406acef,38f0ccc9b693a631,ff28e113e3c8edfa,147.34,57.22,23.0,221.0,3274.04
data/raw/histopathology_images/malignant/HIMG00113.png,HIMG00113.png,histopathology,malignant,256,256,RGB,PNG,10207,d9404072732d0fdf9a5ca53931b6d16b,0665187c79fdc731e59f2aab4ed38513a545eab26f1bc449ae1bc04be82318a9,9928203e9f852476,cca6bc9999b6b63b,8f09e3ba8cbceb25,147.05,54.48,23.0,219.0,2967.73
data/raw/histopathology_images/malignant/HIMG00114.png,HIMG00114.png,histopathology,malignant,256,256,RGB,PNG,9974,2b86f0244e1f02dc697781ed9efe043e,5b6c00dfdc333e4db2e274b149899ee3b124a752d691d2c61b152cfc5bde07cb,83e1813abbd380dc,a974a28d8cdce4e6,ed22f0ad8535ae7a,145.78,57.24,23.0,219.0,3276.15
data/raw/histopathology_images/malignant/HIMG00115.png,HIMG00115.png,histopathology,malignant,256,256,RGB,PNG,10063,fcbaf2eaeea47fb795c4d1cc02b5175f,9fab2db281b22ec07efa006a64c4ce4c16e477d533c641a5f5f1d33a613f0c98,67471a23a5ce8289,30238dbc926bebc6,af81f072ab65995e,147.07,55.64,23.0,215.0,3095.94
data/raw/histopathology_images/malignant/HIMG00116.png,HIMG00116.png,histopathology,malignant,256,256,RGB,PNG,10118,16d35e0b95a1e759e969eaebcde317f1,d5c7e2b3cf5e609440d7d0bd6a9e0b217c133808a19105fbf1b6e5f47dcb0831,afa0e38b81652430,a4b5b4e4d636328b,ebb9c502bcbba55a,143.88,56.83,23.0,216.0,3229.22
data/raw/histopathology_images/malignant/HIMG00117.png,HIMG00117.png,histopathology,malignant,256,256,RGB,PNG,10371,8a30001ea72a09f29ba46e5b184b44f0,0a8f2bba030f3145afef5ea3f539c5b1b08af43a8da92f08d84d5ffa28952cf7,ae068ff28f23d8f8,a171c0dda5b04cae,f5b5d007ddcca3ba,145.78,57.81,23.0,225.0,3341.77
data/raw/histopathology_images/malignant/HIMG00118.png,HIMG00118.png,histopathology,malignant,256,256,RGB,PNG,10194,7a7d8f601635cfa23adc8d696401d403,a43509f5a5cbaba13733fd9bfed2a39bb6a09569a74c0bba2810bad0a5e51db3,f9ad892fd3c10486,4ca28491e96a3691,bbc9dac8cd0be9e5,148.64,56.76,23.0,222.0,3222.19
data/raw/histopathology_images/malignant/HIMG00119.png,HIMG00119.png,histopathology,malignant,256,256,RGB,PNG,10050,50445957bba4109e4e663f77073de08c,ef72d5d84452ce3cd7bc5c283058bcc2375a25f07d7b4b9df5bbb2c42ea6ec83,8b9db7ef083d01a7,a4ce92a46c9e9493,bff9bf08b12bc644,149.3,58.3,23.0,224.0,3398.37
data/raw/histopathology_images/malignant/HIMG00120.png,HIMG00120.png,histopathology,malignant,256,256,RGB,PNG,9864,8b210757200b330ac60b5c351b4b16dc,e0ddd6f8982aa9f3e0bd643db81ea1bef200318bcf4980fdb49ca16e11ece229,7b8330108e1398f9,14919ecba3998ac4,ee27eba4d1cc81fb,147.33,55.49,23.0,213.0,3079.08
data/raw/histopathology_images/malignant/HIMG00121.png,HIMG00121.png,histopathology,malignant,256,256,RGB,PNG,10013,8a9aa8384da950cf00d41971788d77e6,cc8683acaeb8bded24d12225394011712b2c9c924fbd6b773601ae9b9e4bf7f6,6723a7c7892f90f0,33b8bbe2c4b4daaa,afb4c21bd8b6a71e,149.45,56.95,23.0,220.0,3242.98
data/raw/histopathology_images/malignant/HIMG00122.png,HIMG00122.png,histopathology,malignant,256,256,RGB,PNG,10188,c0b5664cc7c7ad9bc52c9ce9f1eec7e4,c55a8833a8918c873ee3fcb99059816af21d6616c19e7494d77ef7cc57408d77,5f4036b9834949b7,4a6e1994e92e64d1,ab4e9079be8b9634,143.98,55.44,23.0,214.0,3074.13
data/raw/histopathology_images/malignant/HIMG00123.png,HIMG00123.png,histopathology,malignant,256,256,RGB,PNG,10085,34ea0201a4681a3aad4e3732e5607f81,4cd074abc8b701018a28ca57139a32477874e9e6b05e954dd31222abb80955cf,8da09dd9c717b4ea,aa9a8ac46ad893b5,fe4e57a0f09f9995,143.92,57.62,23.0,219.0,3319.54
data/raw/histopathology_images/malignant/HIMG00124.png,HIMG00124.png,histopathology,malignant,256,256,RGB,PNG,10154,ffa1ec8da9793c5f1cb5a51fbf1ae0d9,cc765f6aa56c9a191d2941324a0d808df75026392fd46198b9bb9234dfd69f4f,e780d0fdb90a0fdb,b2ca4a2694a549c8,fe62b437eb90d2ae,145.13,58.18,23.0,222.0,3384.52
data/raw/histopathology_images/malignant/HIMG00125.png,HIMG00125.png,histopathology,malignant,256,256,RGB,PNG,9866,593004a7b1304d8f599e3190dae046f3,1fe0face9b2b90a9de7a6d9c26d3f54bb4011a82a7136340763a01601185fb9c,b9f2cc9e07208dcf,d491d6cbaa33a665,facec90ea8dae9ba,150.3,55.17,23.0,218.0,3043.61
data/raw/histopathology_images/malignant/HIMG00126.png,HIMG00126.png,histopathology,malignant,256,256,RGB,PNG,10016,78d08c5e6fd9800232555ad5feaf47fc,d98544f18edf245162e3c0602e202c8f03284fc8725b103f57b9360b7ef0527d,fde4808d8037a8d0,72b7a4d4d499ac48,ffd2c087f8bba47b,146.27,56.11,23.0,221.0,3148.18
data/raw/histopathology_images/malignant/HIMG00127.png,HIMG00127.png,histopathology,malignant,256,256,RGB,PNG,10177,a473779237bd5ad840592c90111ad270,083831a3a63e88f187e96cbe75a5f583b063144c9a9a3e56581272c0585ccee1,c3fb86285b85c0d2,6c38e3ad6ce2f2dd,fba4ec2a8d7f34b0,143.65,53.76,23.0,215.0,2890.2
data/raw/histopathology_images/malignant/HIMG00128.png,HIMG00128.png,histopathology,malignant,256,256,RGB,PNG,10206,01b09114052f11fc8f9c732d7e5b2957,fa6d393ece319d534917686184ddfef65228578ba02baf1a973a75216f09f45b,d7d9232ca4c191ed,cac4a4b6b35cdca6,eba8e8dcd70ca1bf,145.82,56.32,23.0,223.0,3171.61
data/raw/histopathology_images/malignant/HIMG00129.png,HIMG00129.png,histopathology,malignant,256,256,RGB,PNG,10218,0f928136272892bb367345bc9d07b581,9c59cbb431f2e97b0b7eb8de0642a10791b493122ba6ac417deb96747aea53b0,0d0a2c89db81c5fd,5655b6e4cda6f676,fb15922cfd7a83c5,146.29,56.15,23.0,220.0,3152.65
data/raw/histopathology_images/malignant/HIMG00130.png,HIMG00130.png,histopathology,malignant,256,256,RGB,PNG,10138,a8865fc3d5104668d47c3cf9097922c4,f13379ae80038b34d44778c5d305576dd7125b4ee56fbc185abdddc6989bde8d,bcb1e1849e0f1cf3,b694b0cacb4456d8,ae73c393dc5ae150,147.33,57.58,23.0,226.0,3315.48
data/raw/histopathology_images/malignant/HIMG00131.png,HIMG00131.png,histopathology,malignant,256,256,RGB,PNG,10262,f1c8cc6e4887dc533bf0b97651842236,2fe56d24f4c40264807e10db5c4e456c2f7fdba024b777458d41337750eaa215,df7786801b1b8176,ca5ab39b4d8cd833,fe3ef2a8d07f91a2,144.17,55.07,23.0,216.0,3032.52
data/raw/histopathology_images/malignant/HIMG00132.png,HIMG00132.png,histopathology,malignant,256,256,RGB,PNG,10174,51f5b0c11c0214623067a2a208a11761,7e78e7ae56af965b6c38bc3fb9c590f01885be7f8f91c66048e94b3a1ac93124,e3b08390040d8d9f,309a5daa4276a6d6,ba648ff394eba1b8,150.52,56.62,23.0,226.0,3206.18
data/raw/histopathology_images/malignant/HIMG00133.png,HIMG00133.png,histopathology,malignant,256,256,RGB,PNG,10200,e42cc1cefd11af356bb7fd289a782cce,15527b944c3c8950f469c417d083b98b67449454ba1d52e9e2e705671fc58e22,9706a47dbb13400b,94a3b30a8c5969ad,afd6350c8bc2a6bf,147.08,56.84,23.0,220.0,3231.2
data/raw/histopathology_images/malignant/HIMG00134.png,HIMG00134.png,histopathology,malignant,256,256,RGB,PNG,10098,0f2c199a71ad9358e1802079ee40d607,5daff959bb11905f48e1748ce4c3463cda46050fca7d28b1de59783d6e055381,8911d58d87d7e0fc,a4da5aa6a25bf267,fa2ec1359b6bc0f2,147.74,57.19,23.0,222.0,3270.52
data/raw/histopathology_images/malignant/HIMG00135.png,HIMG00135.png,histopathology,malignant,256,256,RGB,PNG,10162,f01c90bde3cd336c50be424431e54c1d,1e21ce92ee72afcaeaafe046126ba5adbe4134b1af8124ce033d16c6c434dc6f,3b4cd010b1ffc7c3,ac66ca899cd5d171,ac08a18f2fbecd68,147.0,54.97,23.0,214.0,3021.41
data/raw/histopathology_images/malignant/HIMG00136.png,HIMG00136.png,histopathology,malignant,256,256,RGB,PNG,10079,6d9a1b72d431b31f429a9070d3c537de,b0d9a8135221500cca60f064df25730a9a84a75848a7357fcccdd842a4826450,1f1800f3a180e8ed,868d9c98b2caa636,fb0c9338a2dc3e6b,147.97,56.74,23.0,225.0,3219.38
data/raw/histopathology_images/malignant/HIMG00137.png,HIMG00137.png,histopathology,malignant,256,256,RGB,PNG,10308,101a006e044873435d9eac61a3e5d895,a67f3152d354de821de4ad641986689ee8b54577c12fb9ab8845dd4d200af6b6,fb19898842080bc3,95cceec665465469,bb8ba507e5c6f6a5,144.12,56.46,23.0,220.0,3188.04
data/raw/histopathology_images/malignant/HIMG00138.png,HIMG00138.png,histopathology,malignant,256,256,RGB,PNG,10026,88897963a0ba73f6317d7e1638aac964,1731146323ee0c6b2608a3758b8d75f8f98402e7355770a6d11b486396b7c602,9db1bfc4e4eb20be,86968be2b6e4329d,ff1e8e79d1309d07,151.51,56.3,23.0,222.0,3170.15
data/raw/histopathology_images/malignant/HIMG00139.png,HIMG00139.png,histopathology,malignant,256,256,RGB,PNG,10164,0efc1a273fd8f08f80f8850f7cdd0754,e7542037541d095fcd5d13d95cf883064ce8d02a8bfd256156af7c1a64ca6e3a,f0af634193db0767,aab5286cd8c46222,ab4dd6fc4260c966,148.35,55.43,23.0,218.0,3072.92
data/raw/histopathology_images/malignant/HIMG00140.png,HIMG00140.png,histopathology,malignant,256,256,RGB,PNG,10254,ded7ebbb81481d3d8e603e45f4958f91,a26a6f3e823451e51d45749ebd30c549c2d5290a94e695fa65e60f4ffe2f0817,bfb018a68436833b,949b8cb2d253d0a9,afda8db69ba98939,146.26,56.38,23.0,225.0,3179.14
data/raw/histopathology_images/necrotic/HIMG00211.png,HIMG00211.png,histopathology,necrotic,256,256,RGB,PNG,6588,773758385fb8f6cb3266aed4a772a8de,fedb8fb49996d07f2d22c3b2064d6115772d6a41a1d43d422a6967191c9a534c,13ddf496751f0ea6,594ebad33aaaa3b1,bee8298de515e4e7,194.83,17.66,145.0,207.0,311.73
data/raw/histopathology_images/necrotic/HIMG00212.png,HIMG00212.png,histopathology,necrotic,256,256,RGB,PNG,6323,24b4a156d8400654d8494212d1b2a184,26a59468f9a3badaf26e0c9a6b7e97cc2b2971041ecf3ae4f119f4d5c5c0114a,cd746e46bfff7276,a4726b61a5d5592b,901a42ff19659941,195.63,16.84,144.0,207.0,283.51
data/raw/histopathology_images/necrotic/HIMG00213.png,HIMG00213.png,histopathology,necrotic,256,256,RGB,PNG,6406,d95a940bef574443fd8d44f98114d7bf,baadac8b47d97c55efbf5f73bd945b79c43952393278acb2f06dd525b2c8a061,41ca3cb53384a32e,6a6d179a99cab597,9f68f128aeee1a87,195.32,17.07,144.0,207.0,291.53
data/raw/histopathology_images/necrotic/HIMG00214.png,HIMG00214.png,histopathology,necrotic,256,256,RGB,PNG,6583,e5f65a802912743c4f61f81e8503e16c,af20b02af819ef8ddbe4daa0f7686b844943259f6c76ae4a07d7cb4a28c7aba2,5601a2fce307cab3,2b54959231aa6da9,e5561514d6d01f65,195.8,16.72,145.0,207.0,279.65
data/raw/histopathology_images/necrotic/HIMG00215.png,HIMG00215.png,histopathology,necrotic,256,256,RGB,PNG,6512,9ca613cc8334f1fedf0acf3804248aff,036ec1640d8d3bf92e0769c2a8a1947bddcaf8b7b064159e8bdda611e8cf32d0,87ec24b09d51a7cc,d1e33296ce6ab266,f25eb5ac1b27009b,194.09,17.21,146.0,206.0,296.03
data/raw/histopathology_images/necrotic/HIMG00216.png,HIMG00216.png,histopathology,necrotic,256,256,RGB,PNG,6721,01eee83c2223b3164c09b94fe65c2564,e401f281e1d75b3a5a99bded559bef2756a68c371193b517ca8f01198a0baff0,6ee2acac3929a5bf,2769b79594b4b689,dbd0b42b9e1fcb94,194.34,16.83,145.0,206.0,283.1
data/raw/histopathology_images/necrotic/HIMG00217.png,HIMG00217.png,histopathology,necrotic,256,256,RGB,PNG,6313,95ce9e3df01436f18fa626097c551180,22798df365f8dd5cd120bdfeae4020131d9405fb9d0ad93e6ca2c7a4f63fb0e2,9d7a702481d8fee3,8e291b1a94eedb70,ca04d15b33964add,195.68,16.17,144.0,206.0,261.53
data/raw/histopathology_images/necrotic/HIMG00218.png,HIMG00218.png,histopathology,necrotic,256,256,RGB,PNG,6432,a4bc87a59044df923db081454c15a911,612339557c778ba48516ef44c75066e163935b528b075042469726076b6f7d9f,847c795cb96174d7,632a1c6e8c361a4a,ca513673bc52a8ac,193.96,16.1,145.0,205.0,259.3
data/raw/histopathology_images/necrotic/HIMG00219.png,HIMG00219.png,histopathology,necrotic,256,256,RGB,PNG,6404,d749bdeded054279ebc03ca2a5de70f9,9e8de13b946a69b86c1ad617d8dc92b14cd3e95a5e634059698704544e608ee1,41c8f95d67b381db,70450e4e3998d449,e8d27d2730eace81,195.2,17.16,145.0,207.0,294.4
data/raw/histopathology_images/necrotic/HIMG00220.png,HIMG00220.png,histopathology,necrotic,256,256,RGB,PNG,6411,b46dfd6157683b9aa2049fdc28091115,48666b755f013b5ef8cceba2936c780825ae2db0442a481e1f0bb6dbec9a6f79,509b7fc3c5d3403b,4dcd2568ea4c7494,a9b80f786ec09d93,194.18,16.23,144.0,205.0,263.46
data/raw/histopathology_images/necrotic/HIMG00221.png,HIMG00221.png,histopathology,necrotic,256,256,RGB,PNG,6341,29ee65a34eafe7bb2a71cbc2298e4bd7,b37d58a891e45114dd104b8732b9cc926f05617496eeaa151285bda7a418b772,c21316b4a138fe76,69585b9b9c2cb33a,c43cb06961d55455,194.36,16.01,146.0,205.0,256.45
data/raw/histopathology_images/necrotic/HIMG00222.png,HIMG00222.png,histopathology,necrotic,256,256,RGB,PNG,6452,0c9aa0c3e925bba2a1bc8c8e509c2cc1,bd9e8a4aac85502d9a81f1530be92083d9f93f9d39a3733063915464c61ecd8f,3b1bf31c9d0b39a7,8d88d897d64498b3,8fcd2589174de4ea,193.29,16.04,145.0,204.0,257.16
data/raw/histopathology_images/necrotic/HIMG00223.png,HIMG00223.png,histopathology,necrotic,256,256,RGB,PNG,6503,f3c5f26285ea0a24a7a7d822ccc30d36,5678bee79c13290e4aae0de88c7213ca56e8796d7e620f9ef9b5d6eadd3e2893,1501e1cc4b0efde6,aa8474664c45d433,b12be68ca0de71ea,193.33,16.66,145.0,205.0,277.4
data/raw/histopathology_images/necrotic/HIMG00224.png,HIMG00224.png,histopathology,necrotic,256,256,RGB,PNG,6450,d939f7bba76b273ad1385f8e4ff35788,ea5054a88f29060b910ea703b66f97164f3b6ca4e1daff65ffd25c46aa6ba68c,ff228f096deef0d0,1529c56426638ada,f3b9cec3ab8cb03e,194.96,16.22,146.0,206.0,263.24
data/raw/histopathology_images/necrotic/HIMG00225.png,HIMG00225.png,histopathology,necrotic,256,256,RGB,PNG,6379,d5afd8e1ea3a225650cf4904a90c8352,58a54545c7bffd1174cbbbcea609f49e07deb6e91ddd92ddbcc6f29f66b7b41a,b30923f57dd481c7,d8ae391a26db9522,e60c31dcb2edf40b,193.65,16.62,145.0,205.0,276.18
data/raw/histopathology_images/necrotic/HIMG00226.png,HIMG00226.png,histopathology,necrotic,256,256,RGB,PNG,6276,516516c221b07a6b607756297e63e81c,6ae7a5e8a8a7ef0fd4677526b50da2439feb2a5e7c20238df99b64af305f9d31,c98e95d87839eeb6,64a5d2cd2d8aa3ab,df79b181e8fa2ea9,194.24,16.02,144.0,205.0,256.54
data/raw/histopathology_images/necrotic/HIMG00227.png,HIMG00227.png,histopathology,necrotic,256,256,RGB,PNG,6467,c838185ee2e1017f7cb69ccb7616dc00,d51fcec2289a531207c30e0290ded9b0b9da1c7fa17fb9047d38dc8553d73dc7,6b8e4563566e4333,35c7723a4b717d19,a0f3cdcd8cebe220,194.65,16.68,145.0,206.0,278.11
data/raw/histopathology_images/necrotic/HIMG00228.png,HIMG00228.png,histopathology,necrotic,256,256,RGB,PNG,6232,859c60ab2e32236614f1e5c99e2dded9,8a5862809ddeb13c89d4c1db2ce0f747c2fc9c95a796101747bf631a16b47083,f9e62608ad3f1f7b,b6f3b3e9b413432d,9377c0ca493cc3b3,195.84,17.05,145.0,207.0,290.86
data/raw/histopathology_images/necrotic/HIMG00229.png,HIMG00229.png,histopathology,necrotic,256,256,RGB,PNG,6204,e99818ae9c6473cac94395baa321428a,48946537a7516c8dd0f2d31fd5d66a8ad96f9869d412e4a9770947548bcfc57f,bd3a753f7e1c2098,a68b3a066356aacd,caa07f52bd621a21,195.65,16.05,145.0,206.0,257.46
data/raw/histopathology_images/necrotic/HIMG00230.png,HIMG00230.png,histopathology,necrotic,256,256,RGB,PNG,6356,f36ea50fa0f8b6061de22955d6a01c5c,a15603d658ec5333bcc3f820f765ac798d7cb1ae00bc800e91e98a6e73c57443,ce05565a9fe0dedf,6354594995a66b4d,b012bb7bbdc0c49c,195.09,16.46,144.0,206.0,270.91
data/raw/histopathology_images/necrotic/HIMG00231.png,HIMG00231.png,histopathology,necrotic,256,256,RGB,PNG,6434,6d9aa455cbc44375082bec944ef19a9f,e0f94f83f0bdbcc80976917d9557e8eb7c8b5f6324c083d4b713a634522ad88b,0774ed82e23f934c,211ba6a97959cd66,f4431aa431bdaa6b,195.22,16.17,146.0,206.0,261.42
data/raw/histopathology_images/necrotic/HIMG00232.png,HIMG00232.png,histopathology,necrotic,256,256,RGB,PNG,6456,b0f7395d6f01081ef9167bd3e499e4ef,810fe69078d05673af032e0bc473e3eeacc60f7166fbcd79813b03b749bea104,7a5d8f365ad1e3d2,5d56a23b29eaf46b,e182eecc44b39f35,195.71,16.78,144.0,207.0,281.65
data/raw/histopathology_images/necrotic/HIMG00233.png,HIMG00233.png,histopathology,necrotic,256,256,RGB,PNG,6344,28e9c8f38428b63d5b3dbaca448c797d,dbf1926886e6f365b716960918f4b783567960f2155bc340e771e30d8acee5cc,7d7fc3310bdfcc29,2a336998a96ae4a4,81c403d20f7eec31,194.9,16.82,145.0,206.0,283.01
data/raw/histopathology_images/necrotic/HIMG00234.png,HIMG00234.png,histopathology,necrotic,256,256,RGB,PNG,6208,c77d8ef4e2ef58233980f89e449b1c4d,238ff5f53003ce998b4e294cd32dcee58f10668dc6a43c969566b4f87bc63471,3923e661fddc068b,16b4733a36aa91ed,bb621dca4a56da95,195.68,17.08,144.0,207.0,291.81
data/raw/histopathology_images/necrotic/HIMG00235.png,HIMG00235.png,histopathology,necrotic,256,256,RGB,PNG,6307,62ec1a844154d6a55caf773fdfb249e8,52b1265d7a5f6b4c34c32bd31f037281c6090921d6bd36d5fa927589b7f20677,e1f097d7f349583c,bcdacb4b284c4b16,ccef0b6143303b94,195.97,16.64,145.0,207.0,276.88
data/raw/histopathology_images/necrotic/HIMG00236.png,HIMG00236.png,histopathology,necrotic,256,256,RGB,PNG,6365,24152d854bb0c083e8abaea52e289def,f7bd34491514afb82cc476e27f4e3d4f45b795a59864d612ea556839b977fbd2,6ebc1f069bef870f,3787c5938975d454,9bdef2c30633e0bc,195.78,16.82,146.0,207.0,283.04
data/raw/histopathology_images/necrotic/HIMG00237.png,HIMG00237.png,histopathology,necrotic,256,256,RGB,PNG,6442,9e219b962a4930eb8debb6da10e20457,50cd4deb1213c9fa993655e9093f92c37501525f92e2b5b745cad80f8c7efc4a,d693e1909de4a2e5,4ac9bdd8d623b9d4,feacc4d69a74d3ab,195.32,17.29,144.0,207.0,299.05
data/raw/histopathology_images/necrotic/HIMG00238.png,HIMG00238.png,histopathology,necrotic,256,256,RGB,PNG,6367,a2af282918b04ee2dea86bb3a8e77666,acd932f4d5c2b90b8140f9073b9da45146fcad80e050b332b356072ee9955a18,d034339ebdb6bed3,4c1394cb84939549,8f40405af8fd2eab,194.76,16.71,145.0,206.0,279.23
data/raw/histopathology_images/necrotic/HIMG00239.png,HIMG00239.png,histopathology,necrotic,256,256,RGB,PNG,6373,bbedba62724624b66f81e291a62b2349,b9773590edaf47971002cedbf354266794ec4244806b19a774215b4350c558c0,5f1b39db95714be9,464d2c4dd45c2da4,899c9396f691eb32,196.59,16.2,145.0,207.0,262.54
data/raw/histopathology_images/necrotic/HIMG00240.png,HIMG00240.png,histopathology,necrotic,256,256,RGB,PNG,6280,fe9d66e9d5906534b112cc1c7811a083,34de14df329df5f633348101d7ced98dfac6b11bc9e9fff3f962db767bf56fcf,63be1858c018dffd,2cab856f6acc5056,d80daf2e40854bbe,195.78,17.09,145.0,207.0,291.92
data/raw/histopathology_images/necrotic/HIMG00241.png,HIMG00241.png,histopathology,necrotic,256,256,RGB,PNG,6495,e589fef2964ce5645ceebe0064b1929b,9c9ef4e4164547319e935ed43f2eb8218f9e027e10d93b98f2319d843b5c627c,040e5eebcfc5213f,35254b646464b695,b111072a7f6234b8,195.65,16.97,144.0,207.0,287.98
data/raw/histopathology_images/necrotic/HIMG00242.png,HIMG00242.png,histopathology,necrotic,256,256,RGB,PNG,6307,3cdbc31dd0631d9dfab887aaef06ec7b,2a2738cdd3ba7842400b5502c80171b728c38188eae40882ee6343e254307153,43487be1e79e217c,696e4cb872c31056,80610036f36f9ca3,194.22,16.16,144.0,205.0,261.24
data/raw/histopathology_images/necrotic/HIMG00243.png,HIMG00243.png,histopathology,necrotic,256,256,RGB,PNG,6356,61a1e79d43a296f998b4c99414216c2e,3eb2eea5cebcd5bb7f605bcd814fba114e971d44f027177cf4703efc2f9bf595,9b4c21c71f038027,a9552c7149cbea91,b4c9467ca4682dad,194.6,15.87,145.0,205.0,251.91
data/raw/histopathology_images/necrotic/HIMG00244.png,HIMG00244.png,histopathology,necrotic,256,256,RGB,PNG,6434,5d4f9f3ee3bd8182340bfe5183097c76,8999d935c1e5023bb7359e534e84e8ffcc32eb70452a7fbb275d927e134c97c3,b6db7bcb8184eb70,dbd4346df8932d4d,ed9ec4765cc116e3,193.46,16.82,145.0,205.0,282.92
data/raw/histopathology_images/necrotic/HIMG00245.png,HIMG00245.png,histopathology,necrotic,256,256,RGB,PNG,6411,7c214c1ba04ea99a2e46a274c4a804f3,38c39e61e778e29a17981b82191fbda463f3e2d96c969e6de45320b93ae76b89,471e66e7a0e29c0b,6a8b3bd2daf5c529,b6a6197ea29a614e,195.14,16.3,145.0,206.0,265.73
data/raw/histopathology_images/necrotic/HIMG00246.png,HIMG00246.png,histopathology,necrotic,256,256,RGB,PNG,6478,db4aba9583df0e0ff8277bb6648ea182,2b2bd9bc317a26175d74b18917a7b02ce08351dcb2063a5ab870bb9d0dacf457,9735673aba0805e6,db963329adae566b,868fb21ff520f1c4,193.29,17.01,145.0,205.0,289.37
data/raw/histopathology_images/necrotic/HIMG00247.png,HIMG00247.png,histopathology,necrotic,256,256,RGB,PNG,6347,be29ccc30568e2bc58f737057d0ecedb,d8b99a34eedab76783831587cd071392f704797ee35c0b72d3467ed22cbc8435,e51a2fa56ccd6762,9249b5d66646322b,e20fe5f262261b03,194.93,15.51,145.0,205.0,240.63
data/raw/histopathology_images/necrotic/HIMG00248.png,HIMG00248.png,histopathology,necrotic,256,256,RGB,PNG,6579,771ff54bbe51a20f4bf08e99a578ec0c,ad03bc7584dff0fbf895f11527d276d667a5d73e10d3be9ac8744f2df8c0dcef,9b6e7d17c7273f78,d4231caae2911359,86c84c367a8c6f94,193.75,16.37,145.0,205.0,268.12
data/raw/histopathology_images/necrotic/HIMG00249.png,HIMG00249.png,histopathology,necrotic,256,256,RGB,PNG,6523,f92e17e65f811a44f7f4543c9c1c0937,a99609b8aaaeb57fa0e784eca7e67e4a46b594ccb7bfa4c94c0aaae09c18dea8,d9f0399e348697ad,48b894ab9bdbcaa6,8ee9a834d0b8bb1f,195.33,17.03,145.0,207.0,290.08
data/raw/histopathology_images/necrotic/HIMG00250.png,HIMG00250.png,histopathology,necrotic,256,256,RGB,PNG,6358,0c974acdabe7923f38c00b6144e03330,b0978b225f9b5be642e1254d17eee344c787f6ae8523d0bd3f49d76d3346ec84,be572f3868fdc5cd,db5aa01d253262c6,f38db8c25dcadc71,194.86,16.55,144.0,206.0,273.95
data/raw/histopathology_images/necrotic/HIMG00251.png,HIMG00251.png,histopathology,necrotic,256,256,RGB,PNG,6263,74260542ca0d62bff5db0fd5d7175b55,8ea28caa2822729ba336b79a841cfc762f968b75b5e7860c269c24bb4bed6d55,3eff788ab86001fd,afaa1ce595335544,839e9a57bf054049,194.84,16.71,144.0,206.0,279.27
data/raw/histopathology_images/necrotic/HIMG00252.png,HIMG00252.png,histopathology,necrotic,256,256,RGB,PNG,6493,1ad02192ad65782a3d768dc17d7fd781,f3a32fb1d7e9e683e01fe2e49623af06c93eaa761abbf6d2a5c15d75e33bf756,22b2fba5346b4bf2,b9992db6922d75d9,e71f7c00767980dc,193.42,15.87,146.0,204.0,251.84
data/raw/histopathology_images/necrotic/HIMG00253.png,HIMG00253.png,histopathology,necrotic,256,256,RGB,PNG,6396,55c21255ad8de374a2d9aa44eac68cf2,f26f932ba197751df7a2b56d81b6ab3f10bcd0de482216e3b3ed700a1db6ed08,2ca98f47176c5f5d,a3a4d5699822494e,bb7f4a535494d28c,194.47,15.98,144.0,205.0,255.38
data/raw/histopathology_images/necrotic/HIMG00254.png,HIMG00254.png,histopathology,necrotic,256,256,RGB,PNG,6278,339502654713cd066643e37ae37ecf8d,2e414eab295adb00ed05131663b623bdb9a0106252ba3cb4158fcd7c483ab6bb,d33b1b9fb5c43520,499c4dc4d6521226,ee8d4176dba57007,195.75,16.8,144.0,207.0,282.38
data/raw/histopathology_images/necrotic/HIMG00255.png,HIMG00255.png,histopathology,necrotic,256,256,RGB,PNG,6336,2409410a702bd091a832096ec777682e,fd81beb0bfe78815eb5710bb7805d10b4647252a90b808fd0f806e559aca9853,830fcfb5667067b7,d5614c9233193495,87b93d440eea5cd0,194.37,16.19,145.0,205.0,262.05
data/raw/histopathology_images/necrotic/HIMG00256.png,HIMG00256.png,histopathology,necrotic,256,256,RGB,PNG,6312,4fef56c3bd678e1fad2225a817b0c723,bddedfa331a6602f8cc2dcac87ad19708696f1df3bc7245d928591ecca6d8d48,d73bef7e4be9a426,4a9da5274d64b332,b19c366c92deea12,193.95,16.77,145.0,205.0,281.15
data/raw/histopathology_images/necrotic/HIMG00257.png,HIMG00257.png,histopathology,necrotic,256,256,RGB,PNG,6374,466feb28df27aaf35acf5581bc9e33c3,658dae7ea34c896728f3e44227682f7fd0856050a0d2d129b7f08bd75b47160e,dc70731f1f193c77,6e6a198995442b1a,80f04259be99afa2,194.83,16.6,144.0,206.0,275.71
data/raw/histopathology_images/necrotic/HIMG00258.png,HIMG00258.png,histopathology,necrotic,256,256,RGB,PNG,6258,20c24eb5a9a590995e7f0a56a8eb1a2b,958a4fc69cde54410837adf735577ea995081bd97bde0f3c93c92eef71247d4b,092fe3ffafa6cf41,a4292889a0936168,b1a309ff08cc6663,194.63,16.98,144.0,206.0,288.22
data/raw/histopathology_images/necrotic/HIMG00259.png,HIMG00259.png,histopathology,necrotic,256,256,RGB,PNG,6575,d67f36ba9b83427a29131ab3d8d77d98,05514ea9cbc660d36bc376051c1026f5391e742f7f873ce97e4a036ef95b979a,16083d6d72e09e8e,1b8ca63431b6d3b3,d70e144ea59acb9f,195.19,16.98,145.0,207.0,288.2
data/raw/histopathology_images/necrotic/HIMG00260.png,HIMG00260.png,histopathology,necrotic,256,256,RGB,PNG,6407,8406ddbf5fa02363dd9d337532bc5065,8f1f61b082cc78900f86a82ed54d52a3436057f8dca1f197ea0f5f0da12e1602,5dcf7e014727a6d2,4a6655905232bbdb,b699dc932c3f85c5,196.17,16.45,144.0,207.0,270.71
data/raw/histopathology_images/necrotic/HIMG00261.png,HIMG00261.png,histopathology,necrotic,256,256,RGB,PNG,6397,8ba651e17549f562f0f1dab2f72ac7e9,4f54467921e531c9f92f439e15592a54c7922c0024f903b22ec66dd031f565f1,7fd87024dc8de7e3,2ccb1b1255c63338,d2dde5b983a30be4,195.65,16.99,145.0,207.0,288.79
data/raw/histopathology_images/necrotic/HIMG00262.png,HIMG00262.png,histopathology,necrotic,256,256,RGB,PNG,6367,cb3d992f5e28b6bd7759a1bee1e9b062,315dc4b39b3610dcce983c869eb3d4f01f4d87246e64114a1ada2af0e9675b99,9773c0849b1773dd,9b98d2d2ccc83a44,ae77878d1a663029,196.01,16.52,144.0,207.0,273.01
data/raw/histopathology_images/necrotic/HIMG00263.png,HIMG00263.png,histopathology,necrotic,256,256,RGB,PNG,6625,dd10ddbb2bb5da38737719919926f103,553256ccfede4bb8a5b8774b15f4fb4afb8376f02a1fdc92976b6d2b9f3fc2c4,6be040b2876766fd,3d356a9b94115332,e269e1a5bf44c8f8,195.12,17.11,144.0,207.0,292.91
data/raw/histopathology_images/necrotic/HIMG00264.png,HIMG00264.png,histopathology,necrotic,256,256,RGB,PNG,6333,8846f9b05cbba5d10002f1c4c5032363,a39fb683e98fcff0ebe1aabba0e980f03e004104b42b8a2d792f4db38d2f035b,a068bf8f4b9d87ec,b674d4a52cc6caa6,fb41425877b6dee0,195.49,16.19,145.0,206.0,262.05
data/raw/histopathology_images/necrotic/HIMG00265.png,HIMG00265.png,histopathology,necrotic,256,256,RGB,PNG,6327,d708127ba3bc9f1fdaf40c035f289cc4,05e57954897153940234f9d4f518c8d01b9b3310b5fc5f4029441d7087f5c2ca,d8f303f2e33d37f2,465da8a9b8969219,ee38c89a559f1a3a,195.77,16.7,144.0,207.0,278.78
data/raw/histopathology_images/necrotic/HIMG00266.png,HIMG00266.png,histopathology,necrotic,256,256,RGB,PNG,6316,16194708433fc272aa41da817e567eae,abcb4a60bd8370e90463a7f4d536e8435e0e6eeed635a7b5209c258349377f93,b4f92a1e73401bb0,9bd4b50b0d654d99,cd9f7e000695632d,194.23,16.36,145.0,205.0,267.74
data/raw/histopathology_images/necrotic/HIMG00267.png,HIMG00267.png,histopathology,necrotic,256,256,RGB,PNG,6372,6f026bb885c1f5cfdb7ed89c81316593,0a603002ec674fe21c7880463d60a62352bbbb6038a64b0b94c344e53cae756d,33339d12975fa8fa,9919d6cb9142b5d5,8e2ec1942479f8bb,194.15,16.21,145.0,205.0,262.74
data/raw/histopathology_images/necrotic/HIMG00268.png,HIMG00268.png,histopathology,necrotic,256,256,RGB,PNG,6229,7abd0599dc2eec0321b4d17ec1a67ec7,208915f26937d2e7a15724e82cf1f9b14150ad608bb2354cb441e61ecc59d06d,4b6b62a4d27e2383,64352bb3495335d0,b4c128f07cf3f861,195.17,15.42,145.0,205.0,237.64
data/raw/histopathology_images/necrotic/HIMG00269.png,HIMG00269.png,histopathology,necrotic,256,256,RGB,PNG,6258,7df3157ba7f63936896b6ea56fbca262,20eb090e0fa8388e62ef4c2b06687cb9cfba53615d052bb0a9250656dde8a5b0,3e3c7a09eafcdc02,11152d2425734d71,d18716d62719c7c5,195.61,17.16,144.0,207.0,294.45
data/raw/histopathology_images/necrotic/HIMG00270.png,HIMG00270.png,histopathology,necrotic,256,256,RGB,PNG,6482,4ef750d38953113efa43634fe7306057,d04c08e886585ed36c08be1f2a5a409ad09e7b0505ef1f1e0cd511fc3dabadb9,9397fecb4180c9df,cad9d9ec508eece6,eca4de6ab06b56c2,195.77,16.74,145.0,207.0,280.29
data/raw/histopathology_images/necrotic/HIMG00271.png,HIMG00271.png,histopathology,necrotic,256,256,RGB,PNG,6348,7b2f4f03799c42fc77d06a2984648c52,72c7bc10fba33ac71309c540af6e6a15a6d2bca35d0de5ed96c1905fbd76d03b,b0bada82c0fee446,bc9dcdd1abab5263,f54d02477b7291aa,194.31,16.03,146.0,205.0,257.06
data/raw/histopathology_images/necrotic/HIMG00272.png,HIMG00272.png,histopathology,necrotic,256,256,RGB,PNG,6337,e3f06b42227261defed4a86776cf0540,1d35205dc9fad9b4e4c12f2b57929d039805623df567093a627f3e74858ff684,5f9d344b7883367e,6e8a93242dd91329,9c9a907881377d47,196.39,16.47,144.0,207.0,271.31
data/raw/histopathology_images/necrotic/HIMG00273.png,HIMG00273.png,histopathology,necrotic,256,256,RGB,PNG,6491,f679755e357c545e1ece8c0004bcc26b,7d37e6b52e2e91f88c4ec592c4d9753a3de26c846dd7d31e570799665c359cc7,737e6f37e48ce58c,58af2a92b3a6b2e6,b2c578e72ea61861,195.0,16.5,145.0,206.0,272.37
data/raw/histopathology_images/necrotic/HIMG00274.png,HIMG00274.png,histopathology,necrotic,256,256,RGB,PNG,6437,6327e81876657a982695b0a414f32805,d1012109a71b9fbeb094a6dcd25905a94b337635dd84fe200b3cd08e186b0bdd,ce0cd7d25beb168e,5763ca596d2d5383,b4729381617eeb8a,195.61,16.81,145.0,207.0,282.72
data/raw/histopathology_images/necrotic/HIMG00275.png,HIMG00275.png,histopathology,necrotic,256,256,RGB,PNG,6297,be6a6c8c46de8426514142010f4c3788,b64a49e17f7b0b579052f159a82a1fc48376289bc142af0ce907ae6d53c7122a,1fbc6e3cb999d300,c497b336acdc5949,cf933ca94ba039f5,194.54,15.68,145.0,205.0,245.88
data/raw/histopathology_images/necrotic/HIMG00276.png,HIMG00276.png,histopathology,necrotic,256,256,RGB,PNG,6406,a5417ea6065253b21cc25558ed8db441,f612fc420930d83a859c4ecb6ebf9c2549f9b70ae9060164e900dfc783815838,dab8afc6d6d149d8,458d94734b68664d,f99f59e0d413ad87,196.32,16.3,144.0,207.0,265.61
data/raw/histopathology_images/necrotic/HIMG00277.png,HIMG00277.png,histopathology,necrotic,256,256,RGB,PNG,6516,5c77250a8c024c9f6c2a273c53d962c4,8d6e5acd1f708b2956d236a68e915881d8ce9dc853af623045765b93ee10db25,311e12ecf784dd7b,288989b633a25628,8e250c7ae16a67c4,194.36,16.93,145.0,206.0,286.63
data/raw/histopathology_images/necrotic/HIMG00278.png,HIMG00278.png,histopathology,necrotic,256,256,RGB,PNG,6277,9aa57ae0c83b403d5c33aa9316dac98b,55ead0c8d3e02ea455378e1e84a6b51b29a251623d197b89b1022a0333b9dd2d,8dcf73326f01397c,e6a41ab92aae945e,abb0ba3b904f56c6,193.92,16.73,145.0,205.0,279.9
data/raw/histopathology_images/necrotic/HIMG00279.png,HIMG00279.png,histopathology,necrotic,256,256,RGB,PNG,6432,f823aa100d6df0c4275b97913420eebf,95bdf53bc4a93e5574fef5ed829b30aa8b750090046338178f6bd3517fe1b9fc,4fdb0148eaa2e6ab,2dc8686725b173a8,f188bcd7d9123f60,194.4,16.98,144.0,206.0,288.45
data/raw/histopathology_images/necrotic/HIMG00280.png,HIMG00280.png,histopathology,necrotic,256,256,RGB,PNG,6349,b8a622f37cf9c3eac967523e3ed26348,6bcb455bad91e56e30c99deaeeaea95309538728c9ded1d737b7eee932b7b22e,fc1912977b40f8cd,6e0c09ca246a4d66,c90edae1b2dd74c1,195.74,16.75,145.0,207.0,280.62
data/raw/mri_images/ADC/MRI00161.png,MRI00161.png,mri,ADC,256,256,L,PNG,1696,d68be2c36305257c41e2b0c4967f575d,d30b0d3fe991e4dcd164ef60870f66cd76f929258be6126ff27432c4cae3dba4,0038767e7e7e3c00,4d9e3b0b0f330ecc,c4642b9139936666,65.52,65.65,6.0,216.0,4309.82
data/raw/mri_images/ADC/MRI00162.png,MRI00162.png,mri,ADC,256,256,L,PNG,1633,bcea5187662c7ff80b351c6a0c5a488d,44b90b550055ee0d953aa880e696e02bb7048c56a62f35d01d9072d2fe784e52,00387e7e7e7e3c00,4d8e3b0f0f330ecc,c46c3b933892646c,70.03,66.07,9.0,219.0,4365.86
data/raw/mri_images/ADC/MRI00163.png,MRI00163.png,mri,ADC,256,256,L,PNG,1686,2302baff9303afe0dd874425b72969b3,ee3eb5d45dac5848282d089499f99c8c17506d308d59af1a4c7bf05493b9a39f,003c767e7e7e3c00,cc1e3b0f0f330e4d,c4642b9b39196264,73.54,65.66,14.0,224.0,4311.18
data/raw/mri_images/ADC/MRI00164.png,MRI00164.png,mri,ADC,256,256,L,PNG,1664,e14bd630b12e49c6274abd68a212fadc,78b5ecf79d645250cf7daaa09a6e00ecf07d9bbf4bca2597bc6a101f60842a46,003c7e7e7e7e3c00,4c8e3b0b0f338e4c,c4c43a9b396c6464,74.84,66.01,14.0,224.0,4357.1
data/raw/mri_images/ADC/MRI00165.png,MRI00165.png,mri,ADC,256,256,L,PNG,1671,944c3ba04efef68c4138db7a4f404275,44b3e24b6b4e03dea34b487eb7d04ab4bd970d086e612ab20738ff8a618eb016,00387e7e7e7e3c00,4d8e3b0f0f330ecc,c46c2b91389366ce,68.65,65.94,8.0,218.0,4348.04
data/raw/mri_images/ADC/MRI00166.png,MRI00166.png,mri,ADC,256,256,L,PNG,1648,8065b6778ec749999f75b69301bbd81e,47ad88a0d3f19ac70177e3bd22ff686982f5a3fce22e322b5b7d0a1ba1514a2f,003c767e7e7e3c00,cc1e3b0f0f330e4d,c4e62b99390c2666,64.65,65.97,4.0,214.0,4352.02
data/raw/mri_images/ADC/MRI00167.png,MRI00167.png,mri,ADC,256,256,L,PNG,1659,b36ad4fc6c8a736d0a1bb54eb510a9a8,2b1dd327e2961dd22260bf6a01b97777c597e05abb0ada6c1162871a82f6c569,003c767e7e7e3c00,4d8e3b0b0f330ecc,c4243b913ce6668e,67.65,65.92,7.0,217.0,4345.3
data/raw/mri_images/ADC/MRI00168.png,MRI00168.png,mri,ADC,256,256,L,PNG,1679,93076453fbc97c94c4822257a0f4a095,35a26cc6570e6fc990a559d2058c5d670a7298734a07035da6968e05e5a48189,003c767e7e7e3c00,4d8e3b0b0f330fcc,c46c3b933864648b,71.99,65.37,13.0,223.0,4272.66
data/raw/mri_images/ADC/MRI00169.png,MRI00169.png,mri,ADC,256,256,L,PNG,1633,3598858978833b0be33ef791fc5a633a,8f113078b003400574e383be48f8fe855dedae743b705f5374d45ba027e67670,003c7e7e7e7e3c00,4c8f3b0f0f338e4c,84c47a9b392c6464,74.04,66.06,13.0,223.0,4363.77
data/raw/mri_images/ADC/MRI00170.png,MRI00170.png,mri,ADC,256,256,L,PNG,1698,008cce8485392326fee35f4feeac97d1,61230b928afa06365a06c29d9f74d7b6585dd9f127a95eec9806ddaab199c130,003c767e7e7e3c00,4c8f3b090f338e4c,85647a93316c6464,70.2,65.38,11.0,221.0,4274.04
data/raw/mri_images/ADC/MRI00171.png,MRI00171.png,mri,ADC,256,256,L,PNG,1655,e85648cb13bb9f78b4f89c4f656d1472,009dbb4f96cd535aaa0759deea5aaf1689fd1401ffeac79a8b8b4491f227e1af,003c767e7e7e3c00,4c8e3b090f338e4c,c4643b9b39646422,70.72,65.56,11.0,221.0,4298.17
data/raw/mri_images/ADC/MRI00172.png,MRI00172.png,mri,ADC,256,256,L,PNG,1651,f19f0e45f769d023848d5863e186d263,86004af1d50f03c9f5182db1a086b7c78a152564e75e144ee402904619f95011,003c7e7e7e7e3c00,4c8f1b0f0d338f4c,85647a9969266606,75.18,66.04,14.0,224.0,4361.22
data/raw/mri_images/ADC/MRI00173.png,MRI00173.png,mri,ADC,256,256,L,PNG,1696,f9961a00b8ce2876cc8e32d79d3261b4,29d1382c3b00da095daeb43bd26f6c1d8e7214d1f6ba1cf4d06214c8218f6337,00387e7e7e7e3c00,448f1b0f0d338f4c,85647a9339926564,71.03,65.78,11.0,221.0,4327.44
data/raw/mri_images/ADC/MRI00174.png,MRI00174.png,mri,ADC,256,256,L,PNG,1671,8b258da335fc9d9486053d415cce1ab5,6625c2b7fe6eba87852e1e9509b5da4bdaddc84d9e5db2cdb0d3800da4615478,003c767e7e7e3c00,cc1e3b0b0f338e4d,c4643b9b39086664,71.03,65.48,12.0,222.0,4287.49
data/raw/mri_images/ADC/MRI00175.png,MRI00175.png,mri,ADC,256,256,L,PNG,1666,b0e0ba1510877a12cccd78553e34f0bd,d35574c2a281539b4e28e55f6c793b87b931b4fc24d6eb5b429adc723c7a8735,001c3e7e7e7e3c00,4c8e1b0f0d338f4c,856c7a913986644e,67.85,66.0,7.0,217.0,4355.42
data/raw/mri_images/ADC/MRI00176.png,MRI00176.png,mri,ADC,256,256,L,PNG,1690,9360205f5e8fea18d8b7c305cdbdbea3,1a57f640c40ec73d8ca403a9308a4822e92a8eb4492c1323489fede188ca1e5d,003c767e7e7e3c00,cc1e3b0b0f330ecd,c4663b9938246626,70.47,65.48,11.0,221.0,4287.3
data/raw/mri_images/ADC/MRI00177.png,MRI00177.png,mri,ADC,256,256,L,PNG,1675,26fc8f3b69b725e5c38d9bd49dec14ca,426a03ed0d336046733c3f55e3114e990878d5996591e33b96d19a98849164f5,003c767e7e7e3c00,4c8f3b0b0f338e4c,84643a9b39646464,76.22,65.8,16.0,226.0,4329.84
data/raw/mri_images/ADC/MRI00178.png,MRI00178.png,mri,ADC,256,256,L,PNG,1676,a4a2832b17464a016194fa9ce8a39b03,ecebf2b446cdd7d3c57f319b47288515141b9fa76969fd2ba1e18ce7af0b359a,003c767e7e7e3c00,4c9e330f0f338e4c,84663a9939892666,73.24,65.85,13.0,223.0,4336.32
data/raw/mri_images/ADC/MRI00179.png,MRI00179.png,mri,ADC,256,256,L,PNG,1707,60e8e95d00284846e047a3ffc1b74b72,5b5ba09916dd23ede78b6e8c3ddba1245bbcf1568c001c4a15312e07d2f87bd4,0038767e7e7e3c00,4c9e3b0f0f330e4c,c4643a9339936664,68.79,65.72,9.0,219.0,4319.19
data/raw/mri_images/ADC/MRI00180.png,MRI00180.png,mri,ADC,256,256,L,PNG,1702,a00977e2567915d96bb83228b62924ca,0ef26228dba9e3ce46caa408e5d575c7895e13828584f8b15f8d962a8444ab76,003c767e7e7e3c00,cc1e330f0f338e4c,c4662b9939992626,64.3,65.6,5.0,215.0,4303.36
data/raw/mri_images/ADC/MRI00181.png,MRI00181.png,mri,ADC,256,256,L,PNG,1657,3a84103cb9a1eaf6c83c2e66a2b0f5a0,06a205251082d7394351111ef6248b72d3a8f7f0f45241a9effe3df6f1026ad4,003c7e7e7e7e3c00,4d8e3b0b0f330ecc,c46c3b93384464ce,65.45,65.9,5.0,215.0,4342.75
data/raw/mri_images/ADC/MRI00182.png,MRI00182.png,mri,ADC,256,256,L,PNG,1670,548074c0692c8b9e49753d61c56abc51,546ef0af9d6d909541d4d76d3d61621e08bd44a466d1176f9103715625fa21ba,003c767e7e7e3c00,cc1e3b0b0f330ecd,c4642b9b390c6664,65.54,65.65,6.0,216.0,4309.89
data/raw/mri_images/ADC/MRI00183.png,MRI00183.png,mri,ADC,256,256,L,PNG,1664,3e25b869de1bb04f3377385f32739236,bdc665f9b163663234ddc7f565867a2620c9927e4f54f1e8eb19595d7dd2bc94,003c767e7e7e3c00,cc1e3b0f0f338e4d,c4c42b9b390d6664,68.85,66.02,8.0,218.0,4358.76
data/raw/mri_images/ADC/MRI00184.png,MRI00184.png,mri,ADC,256,256,L,PNG,1631,7686c4478b5f0c74a97d4c3ff7714db6,a10a537db230cdf4b9c9a4ba91825766551e1f3bdb037a7bb445098bf5a48e89,003c767e7e7e3c00,cc0e3b1b0f338e4c,c4663b9928646631,65.02,65.43,5.0,215.0,4281.31
data/raw/mri_images/ADC/MRI00185.png,MRI00185.png,mri,ADC,256,256,L,PNG,1633,6426328a1df365308ee05bdff419ea90,cbbff1bd5c16fbc43e5b66e21fef7a5ffed76db70bf2e75dd02a1fddf45f8191,001c3e7e7e7e3c00,4c8e1b090f338f4c,856c7a916966648a,73.65,65.89,13.0,223.0,4341.89
data/raw/mri_images/ADC/MRI00186.png,MRI00186.png,mri,ADC,256,256,L,PNG,1634,b391b4d10b5166499610a3783f42ac6b,18d9aba26da9515eda3f094691b3b5683b695898dee6936f4ef41f78952c0a95,003c7e7e7e7e3c00,cc0e3b0b0f330ecc,c4643b933c646413,74.6,65.86,14.0,224.0,4336.89
data/raw/mri_images/ADC/MRI00187.png,MRI00187.png,mri,ADC,256,256,L,PNG,1676,1253b0204005dde1acbeaec5cee1bc2f,e79e51f3c38b77ee6afb896b489565750011adf4a02ecc0b35939a958b71522d,00387e7e7e7e3c00,4d9e3b0f0f330ecc,c4642f9139933266,68.04,66.06,7.0,217.0,4363.64
data/raw/mri_images/ADC/MRI00188.png,MRI00188.png,mri,ADC,256,256,L,PNG,1671,ba0354de57aec64c5584e361685a150f,2e4ada1f3a1c9d36b6dfe445582859ef84af7ef95016718342e5a77303e36fe4,0038767e7e7e3c00,4d9e3b0f0f330fcc,c4643b9139936646,73.22,65.84,13.0,223.0,4334.48
data/raw/mri_images/ADC/MRI00189.png,MRI00189.png,mri,ADC,256,256,L,PNG,1654,c753277382bfb665167957ae42ed9fb4,d012d1368c0dfcf48dfb9ed9597152af5d4ab44e717152e653a014655b690a67,00387e7e7e7e3c00,4d8e3b0f0f330fcc,c46c2b91399326ce,74.21,66.09,13.0,223.0,4368.5
data/raw/mri_images/ADC/MRI00190.png,MRI00190.png,mri,ADC,256,256,L,PNG,1657,122b65b0ad491c6a6d638c53709fbf46,d61c7177b9e63b2ff8cd7077b1eb08b0ad2a8edcae91784fd9f9a392e3a05165,001c3e7e7e7e3c00,4c8e1b0f0f338fcc,856c7a91398664ce,75.85,66.0,15.0,225.0,4355.89
data/raw/mri_images/ADC/MRI00191.png,MRI00191.png,mri,ADC,256,256,L,PNG,1662,707f22e94b5395c50631f0e196dad02b,db4b6558e9546a185eb9b4538b12372d31e0f37297eebeadfa16e12f7f7bc846,001c367e7e7e3c00,4c8e1b0b0d338f4c,85647a91398666ce,70.03,65.74,10.0,220.0,4322.07
data/raw/mri_images/ADC/MRI00192.png,MRI00192.png,mri,ADC,256,256,L,PNG,1653,0ce3dadfe817ba1ddae607bc06918b2b,b410f40e6fa18e42f1021d87e3c1e36d90c95dea941af9031efd44801b13ef86,003c767e7e7e3c00,4c8f330f0f338f4c,84267a9929246666,76.83,66.01,16.0,226.0,4357.98
data/raw/mri_images/ADC/MRI00193.png,MRI00193.png,mri,ADC,256,256,L,PNG,1670,d05565ff211479ac537d7319e68a772a,2d7d5db64dfbbb02837163722582e1f1105d95c795442eb54058b175023d0c39,003c7e7e7e7e3c00,4c8f3b0d0f338f4c,856c7a9369646504,73.84,65.99,13.0,223.0,4354.2
data/raw/mri_images/ADC/MRI00194.png,MRI00194.png,mri,ADC,256,256,L,PNG,1658,8b5d275d28c4242c498146d3b4058bc1,0dc4305e511fa55263e75cab4b15ef7e68b668d27031fb3ac50a7647fb4706cd,003c7e7e7e7e3c00,cc0e3b0b0f338e4d,c4c43b9b3c6c6430,75.17,65.69,15.0,225.0,4315.67
data/raw/mri_images/ADC/MRI00195.png,MRI00195.png,mri,ADC,256,256,L,PNG,1678,2790b43060681b4c1bc903f4a1d32e18,3a6731c83f3edb548dd85d8976030e8a245ed194a18190b3662c640b5b6e0f9f,003c7e7e7e7e3c00,4c8f3b0f0f338f4c,856c7a9339446464,75.26,65.87,15.0,225.0,4338.23
data/raw/mri_images/ADC/MRI00196.png,MRI00196.png,mri,ADC,256,256,L,PNG,1654,c049cb29680e4619fc346e61ad52b318,3d4a18313c3290ab18c4fa12b79202a8037cc9164d59daddb0ef255373f7f2fb,003c7e7e7e7e3c00,cc0f3b0f0f338e4d,c4c43b9b392c6464,75.66,65.98,15.0,225.0,4352.91
data/raw/mri_images/ADC/MRI00197.png,MRI00197.png,mri,ADC,256,256,L,PNG,1625,deed0364bdf4761a224c6b5747dd5420,7d4af166c8238aef406e3315e163f7638d9466a10036a27a652979e606843bd4,003c7e7e7e7e3c00,4c8e330b0f338f4c,84267a9929666606,67.0,65.98,6.0,216.0,4353.83
data/raw/mri_images/ADC/MRI00198.png,MRI00198.png,mri,ADC,256,256,L,PNG,1689,07349070631b4aafb3e08716f852ff1e,cfebe23ec397581f512a98d6b655a21893a359280e4f0d67e370dd73e28bf30a,003c767e7e7e3c00,4d9e1b0f0f330fcc,84643a9939936646,72.02,65.78,12.0,222.0,4326.77
data/raw/mri_images/ADC/MRI00199.png,MRI00199.png,mri,ADC,256,256,L,PNG,1667,34d63065d6c1b9ebdb4ed49e0b6e8333,7125f4730c5cd901bbc4863e2637d22449cbd5c88ba849dfe54a0984e7f11088,003c367e7e7e3c00,4c8e1b090f338f4c,85647a9929666686,63.7,65.55,4.0,214.0,4297.3
data/raw/mri_images/ADC/MRI00200.png,MRI00200.png,mri,ADC,256,256,L,PNG,1637,58750835de8aa3046526d604aa0f2b9f,2a070b001765e14bcf11801960fddd1d677689ce0d2ff2947968fefa16745e59,003c767e7e7e3c00,4d8e3b1b0f330ecc,c4263b993c66268a,64.38,65.33,5.0,215.0,4268.58
data/raw/mri_images/DWI/MRI00121.png,MRI00121.png,mri,DWI,256,256,L,PNG,1543,99eb132f737e6ccf539caf9422769549,1e28e26994e749e82cf5a148a1eeaf601736a9db1e996aed0dff9d639656f908,001c3c7e767e3c00,4c8e272733238f4c,91996e666499998e,34.79,40.92,7.0,247.0,1674.28
data/raw/mri_images/DWI/MRI00122.png,MRI00122.png,mri,DWI,256,256,L,PNG,1496,8c91e66d8e031973f5f37f0c8a7c50c6,04629e8d67e2fd785e89d90d58e602e4fe811e4f7788e9c7912f1b37b108a462,003c7e7e7e7e3c00,4c9e272733230e4c,d1996e6664999999,36.9,32.18,12.0,252.0,1035.59
data/raw/mri_images/DWI/MRI00123.png,MRI00123.png,mri,DWI,256,256,L,PNG,1574,274430f6a48ca2f05f32572373dfca62,88705919301aaf9b059d880a322654501ac0bb421864517efcf64fd93f2d2537,003c7c7e7e7e3c00,4c8627373b238e4c,93936c6c6493939b,42.71,40.79,15.0,255.0,1664.08
data/raw/mri_images/DWI/MRI00124.png,MRI00124.png,mri,DWI,256,256,L,PNG,1510,b87112dd3c79317ce85bd286341fc231,a5e3d1d849135861aa7e9e608306aabd92acb52bddb7afee9ab625fc2480b4d3,003c7e7e7e7e3c00,4886273333238f4c,939b6e646492939b,36.9,32.18,12.0,252.0,1035.62
data/raw/mri_images/DWI/MRI00125.png,MRI00125.png,mri,DWI,256,256,L,PNG,1516,fd75e217f32444e4f8e7541564a5284d,410c7514b8a1f235736161c1d2146d05563c3b50372f7e08b4bb36d20871abff,003c7e7e7e7e3c00,4c86272733238f4c,91996e66649b9199,40.5,34.23,15.0,255.0,1171.92
data/raw/mri_images/DWI/MRI00126.png,MRI00126.png,mri,DWI,256,256,L,PNG,1478,9400a5db52679a609decafa953bb041d,6d1c0a7049adef69e9fb806efb1417ee164e66e7a5ac26352b3f1bd749d57209,001c3e7e7e7e3c00,4c9e272533238f4c,91996e66619991e6,41.19,33.13,16.0,255.0,1097.52
data/raw/mri_images/DWI/MRI00127.png,MRI00127.png,mri,DWI,256,256,L,PNG,1526,03d17a2cb5dd86e653e62f90beb13aa2,5b28c99db8eb7ec7d127a4d9e63b3dc07a05b2a156cb694ea09d77cb05fa6106,003c7e7e767e3c00,4c8e272533238e4c,91996e6664999999,33.34,39.72,6.0,246.0,1577.35
data/raw/mri_images/DWI/MRI00128.png,MRI00128.png,mri,DWI,256,256,L,PNG,1531,8d5733edb348022ecc25f0be3d60daa8,44e066cd12e2bf4aacc747d051a3cba010d0e50fb0408dbb9ebf8a97e108cfa2,001c3c7e7e7e3c00,5886272733238f4c,91996e6664999999,43.67,40.64,16.0,255.0,1651.87
data/raw/mri_images/DWI/MRI00129.png,MRI00129.png,mri,DWI,256,256,L,PNG,1528,fc4c426306bfd9e40f525b7d66564c56,685bdaa44fda5eaa8d188d73b55d133c1b8ac55435655cc3cef904954f8faa32,003c7c7e7e7e3c00,4886273733238f4c,91996e6664d39199,36.16,36.39,10.0,250.0,1324.28
data/raw/mri_images/DWI/MRI00130.png,MRI00130.png,mri,DWI,256,256,L,PNG,1531,85d956f296473f14da57ed52008b9243,d7f73252e9635b3ded01053e3c75e0b0bd95481d9ba26d0e17d411a86f2ac799,003c7c7e7e7e1c00,4c0627373b338e4c,93936c6c649b9393,38.16,36.37,12.0,252.0,1322.84
data/raw/mri_images/DWI/MRI00131.png,MRI00131.png,mri,DWI,256,256,L,PNG,1570,2d9f22fdf8db55ada0fd663d914b180b,0d5c02e12e2680c1e3a8db455e78131901e3c1b9999441db87f752cb4559d7ef,003c7c7e7e7e3c00,4c0627273b238e4c,93936c64649b939b,38.73,40.86,11.0,251.0,1669.3
data/raw/mri_images/DWI/MRI00132.png,MRI00132.png,mri,DWI,256,256,L,PNG,1522,62d3c2c5850745a3d2dc9f2edf1a37c0,e9e694ca0e991c1313d98ec14292b1a738121b6725d069306ac5757aa1cf6a29,003c7c7e7e7c3c00,4c0627273b238e4c,939b6c64649b9399,37.18,42.1,9.0,249.0,1772.69
data/raw/mri_images/DWI/MRI00133.png,MRI00133.png,mri,DWI,256,256,L,PNG,1541,6347b21d0577b789f08f5b85ce4d7c59,dd1ced940e653370b685fd824319251412f323cd12170dcdcea1248b34fc67a7,003c7e7e7e3e1c00,4c1f27273b238e4c,939b6e64609b9364,40.38,39.72,13.0,253.0,1577.55
data/raw/mri_images/DWI/MRI00134.png,MRI00134.png,mri,DWI,256,256,L,PNG,1535,2d047f75fa59ff1508effc189b155fed,be7250c837e073be2c0b0da0d8787a74dbe57226a42838e6bb6d6e4df1b738d3,003c3c7e7e3e3c00,4886273333238f4c,939b6e646406939b,30.19,36.4,4.0,244.0,1324.98
data/raw/mri_images/DWI/MRI00135.png,MRI00135.png,mri,DWI,256,256,L,PNG,1546,b6b6bc751610a5c88d28cdb071b75782,daea19596c2eb28e70fd3ce196008cf40f671a821a5f034b8e22fa9dacc115a3,001c7c7e7e7e3c00,5886273733230e4c,91996e6664c6919b,31.91,38.59,5.0,245.0,1488.91
data/raw/mri_images/DWI/MRI00136.png,MRI00136.png,mri,DWI,256,256,L,PNG,1509,5a218c93c2140cc1cfd2084b039ccf02,6d3bc29b4a6ff0b80ae0214eff42c29db2d7df884094fee1df576661ae2648e6,003c7e7e7e7e3c00,4c87273733238e4c,93936e646493939b,38.19,33.24,13.0,253.0,1104.62
data/raw/mri_images/DWI/MRI00137.png,MRI00137.png,mri,DWI,256,256,L,PNG,1514,91e403613f5ac1d2e5d5fd75ee8717e4,4ea904ed871731f576f42fedbc25ecb9cc4145205a0179e7ef01727af62e3c62,003c7e7e7e7e3c00,48862733332b8e4c,939b6e646464919b,40.85,31.94,16.0,255.0,1020.17
data/raw/mri_images/DWI/MRI00138.png,MRI00138.png,mri,DWI,256,256,L,PNG,1576,65c550368f14e353b60e27736b98947f,b404c59f523c724225e1ea56f4d412e9449ed1ad4b7cae337a2b247a447f989d,003c7c7e7e7c3c00,d806272733230e4c,91992e6664669999,42.15,41.99,14.0,254.0,1763.33
data/raw/mri_images/DWI/MRI00139.png,MRI00139.png,mri,DWI,256,256,L,PNG,1570,1960103d4e543adca779862eeadd08ed,a99f0161558a85a6a1da138b3a0faccc42b21632c59c290a2a1a88fe3a590170,001c7e7e7e7e3c00,588f2f3333238e4c,99996e6666269199,37.16,42.13,9.0,249.0,1774.85
data/raw/mri_images/DWI/MRI00140.png,MRI00140.png,mri,DWI,256,256,L,PNG,1499,982b3cebcbd2383c96326a504dd9a243,fb78e0da310b7b493aafc74878dfc8750e0c26fb4ec612830d17c4a2501acbe8,003c7e7e7e7e3c00,4c9f272533238e4c,91996e6664999999,29.19,33.11,4.0,244.0,1096.14
data/raw/mri_images/DWI/MRI00141.png,MRI00141.png,mri,DWI,256,256,L,PNG,1520,68cdd55acb8b3951f2f13ec908733710,433418ae2871aaae8cb920ddacaf8607505def33350dbb1e1ab94a5053482dbc,003c7c7e7e7e3c00,500e2733332b0ecc,d1992f6664669199,29.84,35.31,4.0,244.0,1246.66
data/raw/mri_images/DWI/MRI00142.png,MRI00142.png,mri,DWI,256,256,L,PNG,1575,ae101ca365d3efe0f851445704b83e50,ad1416d7714180036f97efeb121f33868eaba21f32bf62664074945a853b20eb,001c3c7e7e7e3c00,5886272733238f4c,939b6e646486939b,37.59,43.23,9.0,249.0,1869.02
data/raw/mri_images/DWI/MRI00143.png,MRI00143.png,mri,DWI,256,256,L,PNG,1491,d71d32d35063103566ebf5e1ff975a84,d57b6d44a4b3a68278f255b7d6dbf20c25875e95cc00d78eef92f67ca9b4e468,003c7e7e7e7e3c00,4c9f2727332b8e4c,91996e6664999999,38.9,32.15,14.0,254.0,1033.87
data/raw/mri_images/DWI/MRI00144.png,MRI00144.png,mri,DWI,256,256,L,PNG,1516,c3b387e637c48d4a1ee7f83b9fe59b57,ec0cd62014143e80bda864c51ac071949d90537fa97de09994a9c5581ecb540d,003c7c7e7e7e3c00,4886273333238e4c,939b6e646411939b,35.49,34.21,10.0,250.0,1170.29
data/raw/mri_images/DWI/MRI00145.png,MRI00145.png,mri,DWI,256,256,L,PNG,1503,516155379ed93a024affe4cf6bbfd0e4,953c61ecbe837a543e0ef39da53e5b9249329aa4c63146780dcd64a0fff8866d,003c7e7e7e7e3c00,cc1e272733238e4c,91996e6664999999,29.51,34.16,4.0,244.0,1166.93
data/raw/mri_images/DWI/MRI00146.png,MRI00146.png,mri,DWI,256,256,L,PNG,1543,c438c3805fc595b476c02d38a21e3316,497a04512cc3f184a08dab474364db3e32cffae49f00a5d9cbbd196ed49505a4,003c7e7e7e3e3c00,4887273333238e4c,939b6e646464919b,40.55,37.5,14.0,254.0,1406.36
data/raw/mri_images/DWI/MRI00147.png,MRI00147.png,mri,DWI,256,256,L,PNG,1511,f28e92a35b1ad8ca62642c6d617c2ca4,856cb5071822e923730aa4c4f422d658af1567a607b7a33c08fe14710627ffd8,003c7e7e7e3e1c00,4c9f27273b038e4c,939b6e64619b9164,32.98,38.55,6.0,246.0,1486.3
data/raw/mri_images/DWI/MRI00148.png,MRI00148.png,mri,DWI,256,256,L,PNG,1570,2474355dfdc65080b97313ace16582c8,f9724b7032e4fa897f64d9aba7bfa4a0af0211d08002678956bdd56a83b66d53,001c7c7e7e7e3c00,5986272733230ecc,939b6e646493919b,41.59,43.18,13.0,253.0,1864.79
data/raw/mri_images/DWI/MRI00149.png,MRI00149.png,mri,DWI,256,256,L,PNG,1558,38e149eae9b21979fcef7ff3432828e2,31a49ffedc373e19d34692b1e0c8e0cdfeb23bf63f2aaba32b920c820e8576fb,003c7c7e7e7e3c00,4986273733238e4c,939b6e646424939b,38.17,42.13,10.0,250.0,1775.32
data/raw/mri_images/DWI/MRI00150.png,MRI00150.png,mri,DWI,256,256,L,PNG,1586,48b83c5b809613537196d49a65b35f45,6cedd929530a42461155277a6f9fefda3f56d7e4c539a94312dcbe75b1549fa7,001c7c7e7e7e3c00,50862733332b0e4c,99996e6664669199,33.59,43.21,5.0,245.0,1867.16
data/raw/mri_images/DWI/MRI00151.png,MRI00151.png,mri,DWI,256,256,L,PNG,1577,64f9f56e7a59890f4ef1326e39e78823,f47042a8021129d417ff0b7731f6a763c335f39636ec01c264f050a75efc44b1,001c7c7e7e3e3c00,58862737332b8e4c,91996e6664669199,39.59,43.22,11.0,251.0,1867.71
data/raw/mri_images/DWI/MRI00152.png,MRI00152.png,mri,DWI,256,256,L,PNG,1540,8d7bf11fd4cf2dc378f36aeb67dcc8ae,fe4efb9df71baa96019967fbb4da262daedc85926984a88aea7d67464c129b88,003c7c7e7e7e3c00,4986273333230f4c,939b6e6464649393,32.18,36.39,6.0,246.0,1324.37
data/raw/mri_images/DWI/MRI00153.png,MRI00153.png,mri,DWI,256,256,L,PNG,1549,c181b52aa5a4842190a4d5b60b19c33c,86320f4299412f0a7deb1d7c4fa9cfc639087b9e52a69a00e8a99e6130995c48,001c3c7e7e7e3c00,488627273b230f4c,939b6c646493939b,36.75,40.95,9.0,249.0,1676.86
data/raw/mri_images/DWI/MRI00154.png,MRI00154.png,mri,DWI,256,256,L,PNG,1564,ea54857d00fc3bc95b247ef2e92e2658,a4905dd144d6a915c98864e2a0037bacac1ef274b1960fe96b583d3b6c76e697,003c7c7e7e7c3c00,cc0e27273b230e4c,93936c64649b939b,40.3,39.71,13.0,253.0,1577.23
data/raw/mri_images/DWI/MRI00155.png,MRI00155.png,mri,DWI,256,256,L,PNG,1566,b4f63d415521dd5e9f4a5fa2fed5c828,7b585064330fa3fb7b41a47f298e92eee1ad6c764472c830a4bd35582163da0d,001c7c7e7e7e3c00,508e2f33332b8f4c,91996e6664269999,32.31,39.74,5.0,245.0,1579.35
data/raw/mri_images/DWI/MRI00156.png,MRI00156.png,mri,DWI,256,256,L,PNG,1539,0cf9e64bd5787edd39a9492077325869,6153d8b0b73933783a4599fb5a8e0ee9472e51cb03f53fdbe53a2f7064766410,001c3c7e767e3c00,488627273b238f4c,939b6c64649b939a,31.79,41.05,4.0,244.0,1685.11
data/raw/mri_images/DWI/MRI00157.png,MRI00157.png,mri,DWI,256,256,L,PNG,1597,aee909a1b1e0a3d5c07ca09effda4925,4bac437a1db3dafa91411f48cd5ef6684f93ee2d0358ce5f6ceaee2d4478bd4f,001c7c7e7e7e3c00,58862733332b8f4c,91996e6664669199,39.16,42.07,11.0,251.0,1769.82
data/raw/mri_images/DWI/MRI00158.png,MRI00158.png,mri,DWI,256,256,L,PNG,1467,26a4953a4448f3f58fe045ca0f09bbd4,09bd9094c34e4de49113fd63d826ba944b6f7e75d1998a997f15581e33d1645d,003c7e7e7e7e3c00,4c1e272733238e4c,d1996e6664999999,30.9,32.13,6.0,246.0,1032.35
data/raw/mri_images/DWI/MRI00159.png,MRI00159.png,mri,DWI,256,256,L,PNG,1507,3bad3206092221aa533f56efada3fad8,f9159b5e031335da4dbc2eb952da4c178f70dea8fa2efd6246acd24d03a6116b,00183c7e767e3c00,4c9e272733230f4c,91996e64649b9166,37.55,37.42,11.0,251.0,1400.5
data/raw/mri_images/DWI/MRI00160.png,MRI00160.png,mri,DWI,256,256,L,PNG,1554,584316ed7b84e188592c75b452328dfa,0b93e99fc97ce2050d4aad4c1bd25d8d28d75c61c20749f621daa7c908b4b4ab,003c7c7e7e7e3c00,5806273333230e4c,939b6e646464919b,34.94,38.67,8.0,248.0,1495.21
data/raw/mri_images/FLAIR/MRI00081.png,MRI00081.png,mri,FLAIR,256,256,L,PNG,1615,b5efd01a9cdd2f73558cd42643ab8f8f,5496b045a1e7e33f35ee511bdefd2822e10d417600dda1e144c4e28876247997,003c7e7e767e3c00,4c8f2727332b8f4c,91996e6664999999,51.83,49.06,12.0,242.0,2406.76
data/raw/mri_images/FLAIR/MRI00082.png,MRI00082.png,mri,FLAIR,256,256,L,PNG,1610,b2a1a73ff70bafce09d39a5d992b24cd,959fd962daf0847cc89906e4c0b271f9bd3f6bb04c8503b398cd80efe0afb5ff,001c3e7e7e7e3c00,48862733332b8f4c,939b7e646486919b,51.11,45.37,13.0,243.0,2058.36
data/raw/mri_images/FLAIR/MRI00083.png,MRI00083.png,mri,FLAIR,256,256,L,PNG,1621,9b8f7fbdf1da553a83a9eac551b0cf14,f6e55f339b92556aac060795e75a547d8739293fe83b38c3dda4c360965c979f,003c7c6e7e7e3c00,4c8e2727332b0ecc,939b6e64249b914e,55.08,47.45,16.0,246.0,2251.95
data/raw/mri_images/FLAIR/MRI00084.png,MRI00084.png,mri,FLAIR,256,256,L,PNG,1668,2d280fe18561a13c1f98593f8cd10e20,a402eb173100246638e7736b9add9c5b603041d63f0ce76617e7abbc06a7c61e,003c7e7e7e7e3c00,48862733332b8f4c,939b6a646466919b,44.03,47.6,5.0,235.0,2265.66
data/raw/mri_images/FLAIR/MRI00085.png,MRI00085.png,mri,FLAIR,256,256,L,PNG,1578,b46ee9d0d65eaf87547fed0c94b1702e,e613834ab8bdc28a96b36e7fe1692a88ed4e6c6e541ae5c2b6d68c6e0f0bf49c,003c3e7e7e7e3c00,4c8f2733332b8f4c,931b7a646493919b,49.09,42.76,12.0,242.0,1828.78
data/raw/mri_images/FLAIR/MRI00086.png,MRI00086.png,mri,FLAIR,256,256,L,PNG,1626,f43e7915154d780fbb451dd8eb1bb67c,13bdd6055e9402fd7c8bde8c6ebb64c8016e3c3644eb3c7d81f03ccdc178a6e0,003c7c7e7e7e3c00,48062733332b0ecc,d3992e6664d3919b,43.66,46.71,5.0,235.0,2181.99
data/raw/mri_images/FLAIR/MRI00087.png,MRI00087.png,mri,FLAIR,256,256,L,PNG,1620,762d9b31fa1509a8b62d172f4bddb02d,e1b46e8ebd5558e8c505a8af78f2745ee123c43886bfeeeee95392fbbc96afa8,003c7c7e7e7e3c00,cc1e2727332b0e4c,91996e6634999166,51.26,49.82,11.0,241.0,2481.86
data/raw/mri_images/FLAIR/MRI00088.png,MRI00088.png,mri,FLAIR,256,256,L,PNG,1577,4462cfdf6a7583fedd917ff0579185b1,ed99d98cd636806e96572974a9c02d91ee1cc595af74f8468aa94c1bfd169c4c,003c7e7e7e3e3c00,4c8f273733238f4c,93936c6c619b9364,43.16,47.38,4.0,234.0,2245.04
data/raw/mri_images/FLAIR/MRI00089.png,MRI00089.png,mri,FLAIR,256,256,L,PNG,1659,016ead5582cbf4d02317dfef6c1e6def,517e204e5a902d4c8308b050be1e4babae8352ae22f1954264f52cf633e78e9e,003c7e7e7e7e3c00,588e2733332b0f4c,91996e6664669199,49.67,49.08,10.0,240.0,2409.01
data/raw/mri_images/FLAIR/MRI00090.png,MRI00090.png,mri,FLAIR,256,256,L,PNG,1596,91935a6ffaad6e83ee78640162b2a6bb,c4ec67699b0222e4160b2238e430213431a1c6708b0aaca6ecc89a3d491295ce,001c7e7e767e3c00,4c8e2727332b8f4c,91996e6664999999,45.72,49.01,6.0,236.0,2402.3
data/raw/mri_images/FLAIR/MRI00091.png,MRI00091.png,mri,FLAIR,256,256,L,PNG,1640,80043816c369ca80978e55b940537013,7fedd1b9a2ee1aca60eb77254196cdebf911104fdcbadfaa3cdb96ff05224805,003c7e7e7e7e3c00,cc062733332b8e4c,93932f6c6464b09b,47.57,44.02,10.0,240.0,1937.65
data/raw/mri_images/FLAIR/MRI00092.png,MRI00092.png,mri,FLAIR,256,256,L,PNG,1626,2cf3566d05728ec4ad5f0b5646221ddb,fd5ed1d1eab9c4c9baee1e2f90ce6d094b4d44913b69d58d350a29068f919116,003c7e7e7e7e3c00,48862733332b8f4c,939b6e646464919b,51.3,43.33,14.0,244.0,1877.28
data/raw/mri_images/FLAIR/MRI00093.png,MRI00093.png,mri,FLAIR,256,256,L,PNG,1583,8f691fa407c6849364d2b8dbb75fe96b,6d09f4e4d064fd4b77ac3790a61f14e255be6b92199a65244bd17374e8c0dadc,003c7e6e7e7e3c00,cc0e2733332b0e4d,d39b2e6464bb9199,45.31,43.34,8.0,238.0,1878.39
data/raw/mri_images/FLAIR/MRI00094.png,MRI00094.png,mri,FLAIR,256,256,L,PNG,1611,318c10c8971763fe5e6f7606d12e80df,6c16c5604490dc3f1ce31417429461d8912dca809619d48e3906bbef45b626b2,003c7e7e7e7e3c00,4c8f273733238e4c,93936e6c64939399,48.84,44.65,11.0,241.0,1993.7
data/raw/mri_images/FLAIR/MRI00095.png,MRI00095.png,mri,FLAIR,256,256,L,PNG,1622,f47a7cb745e22465df17b4713cd884f5,10c4ff67837d190e8aebdb0e633f3ed59a5cb82cb71ecc65ebbf015c030d3603,003c7e7e767e3c00,4c8e2737332b8f4c,93996e64649b919b,46.75,46.77,8.0,238.0,2187.29
data/raw/mri_images/FLAIR/MRI00096.png,MRI00096.png,mri,FLAIR,256,256,L,PNG,1634,e626bdaba78392329b25bd9ab2b9b8dd,aa07cd0dc4da37abdf4af3d193b09e2cdc5d91f76b8f0ca76d9adb75c0a90201,003c7c6e7e7e3c00,c9062733332b8e4c,939b6e646464919b,45.36,48.38,6.0,236.0,2340.82
data/raw/mri_images/FLAIR/MRI00097.png,MRI00097.png,mri,FLAIR,256,256,L,PNG,1603,d7e5b3c849c712c9dc3dec77106eb37a,209580051baf3efb8b078659e5b60808dfb600a0b57cbb6f1051f75c67e8e095,003c7e7e7e7e3c00,4c8f2727332b8e4c,91996e66649991b9,49.59,48.34,10.0,240.0,2336.56
data/raw/mri_images/FLAIR/MRI00098.png,MRI00098.png,mri,FLAIR,256,256,L,PNG,1569,31f064e63a3caff74ece916342786784,f9ddc26039d144fa7b051fc3bb9e8f974b7dd33eaa6ad856a6687cfda436c48e,003c7e7e7e7e3c00,4c8f2733332b8e4c,91997a6664699199,41.32,43.41,4.0,234.0,1884.73
data/raw/mri_images/FLAIR/MRI00099.png,MRI00099.png,mri,FLAIR,256,256,L,PNG,1594,cfb2796571fbd8450c160e5b0ca7b18a,ba611b8d1b847bb5bd035b18a840025f96b19c548ed5416b086df2dbf3143b90,003c7e7e7e7e3c00,4c9f2727332b8e4c,91996e6665999164,47.61,48.17,8.0,238.0,2320.82
data/raw/mri_images/FLAIR/MRI00100.png,MRI00100.png,mri,FLAIR,256,256,L,PNG,1663,54a78d45c63a1fb1638938674b7f874c,6ae4d4bbf0b6585642e6a781094080361192167b009f3487f7f1433fe471d86c,003c7e6e7e7e3c00,c806273333238e4d,939b6f6464649199,50.37,48.41,11.0,241.0,2343.55
data/raw/mri_images/FLAIR/MRI00101.png,MRI00101.png,mri,FLAIR,256,256,L,PNG,1639,d168b58a5dafbbc261e756f65f8c8374,47cb6a3619cb862352a542cdea3297ff832b5e9693c7b5e8e8f1025614a2b73e,003c7e7e7e7e3c00,4c8e2733332b0f4c,91996e66649b9199,47.35,45.98,9.0,239.0,2114.58
data/raw/mri_images/FLAIR/MRI00102.png,MRI00102.png,mri,FLAIR,256,256,L,PNG,1594,3d30ae8d756ab5e6e9f7bcc776b20f9e,f63e64205af00fbd73c203474d5586cfa055aca3ff416fb68b030928f0799e2b,003c7e7e767e3c00,4c8e273733238f4c,939b6c64649b91ce,46.1,47.44,7.0,237.0,2250.1
data/raw/mri_images/FLAIR/MRI00103.png,MRI00103.png,mri,FLAIR,256,256,L,PNG,1568,2b2cd95b52d73ae7726cafa9121bab9b,faa7020c892536c48fcfebb2b5d7203cad69ee324462cb912ed9506046d9a0e6,00387c7e7e7e3c00,4d8e2737332b0ecc,d33b2e643493919b,43.08,42.71,6.0,236.0,1824.1
data/raw/mri_images/FLAIR/MRI00104.png,MRI00104.png,mri,FLAIR,256,256,L,PNG,1626,815ab53ec8cfeb71d597557dcdbefbdf,7668d3cbaf2a7d6e9ee783da51ae123de3bf77bd436ed063873ef1c4d97158fd,003c7e7e7e7e3c00,4c9f2727332b8e4c,91996e6665999164,48.41,49.69,8.0,238.0,2469.59
data/raw/mri_images/FLAIR/MRI00105.png,MRI00105.png,mri,FLAIR,256,256,L,PNG,1640,7c384cd18e28bd9e21954ecddc8b8ba3,65da88df1de9c0a7dba13a96e72052308e7f98143b137774173e2274c1309cd9,003c7e6e7e7e3c00,d80e2f33332b0ecc,d1992e6664769199,45.34,48.31,6.0,236.0,2333.49
data/raw/mri_images/FLAIR/MRI00106.png,MRI00106.png,mri,FLAIR,256,256,L,PNG,1616,ec61f04fe4f7d63ab9224df8168aee8d,5c769d19553d25eeb34771d012de1e1bf8083e64c094307d6cb17a44a1c774dc,001c3e7e767e3c00,488e2733332b8f4c,91997a666493919b,44.35,45.98,6.0,236.0,2114.23
data/raw/mri_images/FLAIR/MRI00107.png,MRI00107.png,mri,FLAIR,256,256,L,PNG,1595,80ddb0ab8c1d13ccef5ecbf772a74770,e1d8f93d125473983bb6fd49d19311d3a36483335ea97040baf8a27f27204180,003c7e7e7e7e3c00,cc1e2727332b8e4c,d1996e6634999166,46.86,46.66,8.0,238.0,2177.55
data/raw/mri_images/FLAIR/MRI00108.png,MRI00108.png,mri,FLAIR,256,256,L,PNG,1622,21836a856a3444f30b0f6cee3a2c34bc,61197bd251e7d6b97c9013c698b730ab9421c0e148a0f383b14db3dc0dc83bd9,003c7c7e7e7e3c00,4c862733332b0e4c,939b6c646493939b,43.36,46.0,5.0,235.0,2115.77
data/raw/mri_images/FLAIR/MRI00109.png,MRI00109.png,mri,FLAIR,256,256,L,PNG,1589,4447667959d55bc38f29fa223b8fc2e7,9f67c240e6741ae6fc9517a55930ea31418acdb9c290cc7d223a4c0ec772e280,003c7e7e7e7e3c00,4c8f2f33332b8e4c,91996e6664199999,46.41,45.96,8.0,238.0,2112.6
data/raw/mri_images/FLAIR/MRI00110.png,MRI00110.png,mri,FLAIR,256,256,L,PNG,1564,c3716a1cc301d76158e8092e9b33766a,3f67430807fbee549e26c45aa9ace07decc094d8a3ac2654df3ca088b29f107a,003c7e7e7e7e3c00,4c8f273333238f4c,939b6e646493919b,46.08,42.72,9.0,239.0,1825.3
data/raw/mri_images/FLAIR/MRI00111.png,MRI00111.png,mri,FLAIR,256,256,L,PNG,1586,a8c5ee2e90d33e726a08964df8a5cfc6,9f25011356d94474eea1adb8c059b15a4b83a98cf705245e412d2e79891414c5,003c7e6e7e7e3c00,cc1e273733270e4d,d3932e6c349b916c,46.6,43.96,9.0,239.0,1932.31
data/raw/mri_images/FLAIR/MRI00112.png,MRI00112.png,mri,FLAIR,256,256,L,PNG,1626,9fa0def648d8764cb3c5ac0449908740,abb7be63b5423be9d205769d06c1056864542db6c86e5a0e8edda3eb742250f5,003c7c7e7e7e3c00,4c9e2727332b0ecc,d1996e66349991e6,48.15,47.41,9.0,239.0,2247.88
data/raw/mri_images/FLAIR/MRI00113.png,MRI00113.png,mri,FLAIR,256,256,L,PNG,1563,f97f9cdac2aaea00becfa6fb2028b149,1ccf8df9e46b057ab033e07aca44b884d626c032824f2d72915973ca90a2c3ea,003c7e6e7e7e3c00,cc0e273733238e4d,d3936e6c3493916c,45.11,42.83,8.0,238.0,1834.83
data/raw/mri_images/FLAIR/MRI00114.png,MRI00114.png,mri,FLAIR,256,256,L,PNG,1582,2c6d58764d4b36e41f48c445b3baa7dc,50295267d1c87a6735796bf43e55722b6c8148e160041d98112a565a637d3584,003c7e7e767e3c00,4c8f2727332b8f4c,91996e6661999166,46.94,48.96,7.0,237.0,2397.28
data/raw/mri_images/FLAIR/MRI00115.png,MRI00115.png,mri,FLAIR,256,256,L,PNG,1639,8e6d7c95df19d862be996b6403d6a02a,26f6c0c0b43246bada6ade9aad8ed5cf2a872e255589b4524674a584e30c95aa,003c7e7e7e7e3c00,4c862733332b8f4c,939b6a6464c6939b,54.65,46.7,16.0,246.0,2180.63
data/raw/mri_images/FLAIR/MRI00116.png,MRI00116.png,mri,FLAIR,256,256,L,PNG,1639,fa343b3fa3263fccf9bc7740e846812b,170bdb191dc8fcc425a60a973735955e55cdeab377b1cd14bfed5727efdc4ca9,003c7e7e7e7e3c00,5c8e2f33332b8e4c,91996e6664669199,51.67,49.05,12.0,242.0,2406.28
data/raw/mri_images/FLAIR/MRI00117.png,MRI00117.png,mri,FLAIR,256,256,L,PNG,1611,44e58f245055de0a40615f141ca60996,519d1d454803f0541c206458261d33d294a47a826cb85b4b13c70cf94dd18cac,003c7e7e7e7e3c00,4c9f272733238e4c,939b6e6661999164,48.04,49.01,8.0,238.0,2402.12
data/raw/mri_images/FLAIR/MRI00118.png,MRI00118.png,mri,FLAIR,256,256,L,PNG,1614,5a44b3ec43ae06be614df62791d0f4b2,daf8dd30683895f8e7a2a1c4d34004e4e1bd88beeff8d22cfcefc707f962a2b8,003c7c7e7e7e3c00,498e2733332b0ecc,d3192e6664d3919b,49.12,42.86,12.0,242.0,1837.11
data/raw/mri_images/FLAIR/MRI00119.png,MRI00119.png,mri,FLAIR,256,256,L,PNG,1592,1f879215216023a415ce99e7490c1e9a,e002171a1a59218092d96db49668a61326a84dd97f15b4a0110f90be339f4f9d,003c7e7e7e7e3c00,4c8e2727332b8e4c,939b6e64319b9164,45.52,48.26,6.0,236.0,2328.63
data/raw/mri_images/FLAIR/MRI00120.png,MRI00120.png,mri,FLAIR,256,256,L,PNG,1618,9846d05ba28dc2f3f4d2e6115e8af689,829f85893d1d6c5a8812c4a0168cf595add3e6cd70acf080c86e56568ab0a532,003c7e7e767e3c00,4c872737332b8f4c,939b6e64649b9199,53.74,49.05,14.0,244.0,2406.3
data/raw/mri_images/T1/MRI00001.png,MRI00001.png,mri,T1,256,256,L,PNG,1579,9f14a16ba6dc88167b3bec9110f703ed,54f9752fe9d55ef2030bed9e9782badca4dbf6ff438b1d41c9b78e410226f254,003c7e7e7e7e3c00,4c8e3b33332b8f4c,84647a916166659a,58.63,47.13,15.0,115.0,2221.17
data/raw/mri_images/T1/MRI00002.png,MRI00002.png,mri,T1,256,256,L,PNG,1650,cb06d13821bff40747089d01a899b18e,bf19ed10e5686dc305945ee75efa95bb90ad13e905ebe33d4f959ef8ae0f92f5,003c7e7e7e7e3c00,4c8f3b33332b8e4c,84647a9931332564,47.35,46.95,4.0,104.0,2204.08
data/raw/mri_images/T1/MRI00003.png,MRI00003.png,mri,T1,256,256,L,PNG,1612,051c01d129a28de481a471672c1cd914,d24438d3c42912e90092f09af1fdd37f95294f20c31e3fa89f2588b8d536b2c9,003c7e7e7e7e3c00,4d8e1b33332b0fcc,c66c2bb131c664ce,56.54,47.08,13.0,113.0,2216.44
data/raw/mri_images/T1/MRI00004.png,MRI00004.png,mri,T1,256,256,L,PNG,1585,e550d5eb9f0ddd4e0f6f9ef42aba7abd,01722037bf7ada442da3a8ff51e5e6fe971f9d1aaf379c6d18bb6e0cdf3bfd4e,003c7e7e7e7e3c00,cc0e3b33332b8e4d,c0c42f9b3464643c,49.84,47.34,6.0,106.0,2241.39
data/raw/mri_images/T1/MRI00005.png,MRI00005.png,mri,T1,256,256,L,PNG,1599,d2548a853f62b25b3e91c93a3d9a0f26,8eb7ccf3edb091051e40575397349985ccfd5e890e2e5d7c5188c8804c78b6db,003c7e7e7e7e3c00,4c8e3b33332b8e4c,c4643b9b6164649c,48.55,47.02,5.0,105.0,2210.74
data/raw/mri_images/T1/MRI00006.png,MRI00006.png,mri,T1,256,256,L,PNG,1598,8f9c7a60b01b5f0a481819dc6cd6cd59,71d23a75f9f43a2f956ec5c73eaa6eb14dc09f0f7d9ea55a5b9adc2f4534b72b,003c7e7e7e7e3c00,4c8f3b33332b8f4c,87647a9961646564,53.43,47.0,10.0,110.0,2209.29
data/raw/mri_images/T1/MRI00007.png,MRI00007.png,mri,T1,256,256,L,PNG,1618,fb6cdc5c4071dd755ea95c3696561e78,b9901e0f6e11462f516153a13e525e792747ca0ee0a70f91c4ed6ccceb61095e,003c7e7e7e7e3c00,4c8e0b33332b8f4c,856c7ab16186658e,55.83,47.31,12.0,112.0,2237.76
data/raw/mri_images/T1/MRI00008.png,MRI00008.png,mri,T1,256,256,L,PNG,1632,fc5809a2191f96c900a200756e8dbcdd,410a48fb3f79055121606527fd3ec3493f0b142e692e9ecd4cf49c2642d98502,003c7e7e7e7e3c00,4c9e3333332b0fcc,c6662f993193e4c6,57.53,47.07,14.0,114.0,2215.91
data/raw/mri_images/T1/MRI00009.png,MRI00009.png,mri,T1,256,256,L,PNG,1595,ff3689ea2c1cd7fc781c2c120d7d4f66,22aa1a22250323479a4d00e79ed7a8219ea8796c04f9ee5203fdf1508f5e116c,003c7e767e7e3c00,4c8f3b33330b8f4c,87847a9b61646569,50.84,47.26,7.0,107.0,2233.81
data/raw/mri_images/T1/MRI00010.png,MRI00010.png,mri,T1,256,256,L,PNG,1593,00c100e9a197667a7585b89af1845ce2,ef14e351dc55399a55dd4929b5a4da0553d83e2bdf7fc42ab76403cd153158b6,003c7e7e7e7e3c00,cc0e3b33332b0e4d,c2e42f9b31646464,57.41,47.0,14.0,114.0,2208.72
data/raw/mri_images/T1/MRI00011.png,MRI00011.png,mri,T1,256,256,L,PNG,1624,999cd446d772c2b63569d12a8ca7a0e7,5f9d7cd2e0347be3a5a8f9d4189766b1104a3a5be3cf145d1cdeb3136397e5b8,003c7e7e7e7e3c00,4d8e3333332b0ecc,c26e2fb131c2e4c6,59.9,47.36,16.0,116.0,2243.05
data/raw/mri_images/T1/MRI00012.png,MRI00012.png,mri,T1,256,256,L,PNG,1613,54b55ac05204642d171ed9227dfc7bac,bfb3197ed26b7ae499fdaef94ee07673627e5ace10bd8652f3eedfa2b540d043,003c7e767e7e3c00,4c8f3b33332b8f4c,85647a9b61646524,57.28,46.85,14.0,114.0,2195.09
data/raw/mri_images/T1/MRI00013.png,MRI00013.png,mri,T1,256,256,L,PNG,1584,d7ff99747f18454591c3922b7cd9fb8a,760b23cc0613e3d126283ae996b247d7cbcbe4071704268769b7d9f7b23439f7,003c7e7e7e7e3c00,4c8f3b33332b8e4c,87c47a9b61646564,51.74,47.25,8.0,108.0,2232.5
data/raw/mri_images/T1/MRI00014.png,MRI00014.png,mri,T1,256,256,L,PNG,1580,84ab89784cd683ef4478096bdfc98246,b84f74f670e8f2f8a73e6b40945fe4f3f3e09f04bda1f61a5752edab83ba2d2b,003c7e7e7e7e3c00,cc0f3b33332b8e4d,c6c63b9b3164642c,57.97,47.39,14.0,114.0,2246.24
data/raw/mri_images/T1/MRI00015.png,MRI00015.png,mri,T1,256,256,L,PNG,1620,ec2054e43e76bd413a86b2eacc2c25a3,eedc2f7f06b6471dbada87c9402c3c1e30395b471554e4107a33093178d0a7c0,003c7e7e7e7e3c00,4c8e3333332b8e4c,86667a996123a546,48.9,47.38,5.0,105.0,2244.6
data/raw/mri_images/T1/MRI00016.png,MRI00016.png,mri,T1,256,256,L,PNG,1607,7a2d7590519937e42622469a8cff72e2,f794dc161ac74d391cb6fb002b5b50e6a6dd685070c7d2e845f2cf2df15840fc,003c7e7e7e7e3c00,4c8e3b33332b0fcc,c46c3b933164649a,57.43,46.96,14.0,114.0,2205.5
data/raw/mri_images/T1/MRI00017.png,MRI00017.png,mri,T1,256,256,L,PNG,1615,2f8ffbbb150392dba112dc69534f3344,a97317a6af7e273986eb67443ca145c47c29eaa5adf94aac06fd801dddc8acfe,003c7e7e7e7e3c00,4c8f3b33332b8e4c,86c47a9b61386564,53.75,47.26,10.0,110.0,2233.86
data/raw/mri_images/T1/MRI00018.png,MRI00018.png,mri,T1,256,256,L,PNG,1571,b766c1bf767b731494500e36fc6078b5,e0798906a87668d5b3862bc580c3032eabf6ae4630c137a1b2d2db1b21b2931d,003c7e767e7e3c00,4c8f3b33332b8f4c,85e47a9b61646509,53.79,47.3,10.0,110.0,2237.44
data/raw/mri_images/T1/MRI00019.png,MRI00019.png,mri,T1,256,256,L,PNG,1585,aad862f2dc8d56eab35e21d118921f60,dc84adadf39367e22129b49beb2f80647b62cacf1c6bf49e941737cb28974661,003c7e7e7e7e3c00,cc0e3b33332b0e4d,c0642f9b31646464,51.32,46.93,8.0,108.0,2202.06
data/raw/mri_images/T1/MRI00020.png,MRI00020.png,mri,T1,256,256,L,PNG,1580,1b3a92d8ee125f9390b126aa7d79f640,8b3a9ab64afb4b23fdb7028af1778dde7ee7db80ab6c5864913d714da5a623bd,003c7e7e7e7e3c00,cc0e3b33332b8e4d,c6c42f9b3164646c,53.76,47.24,10.0,110.0,2231.76
data/raw/mri_images/T1/MRI00021.png,MRI00021.png,mri,T1,256,256,L,PNG,1609,0d59dd3d0ff647b84c77b13519be914a,931bf915127c2dc34c374004c47a94ffeea6be2ddbed11b5568ec78cc2943f98,003c7e7e7e7e3c00,4c8f1b33332b8f4c,87667a996186e5c6,52.83,47.31,9.0,109.0,2237.87
data/raw/mri_images/T1/MRI00022.png,MRI00022.png,mri,T1,256,256,L,PNG,1593,7732fa2c45a44995c5e16bbb709f8938,b9940d0b89f4d7effc5c32f3be5e5127c644fd6ed313267daba57dbb382dfbad,003c7e767e7e3c00,4c8f3b33330b8e4c,87867a9b61646564,58.8,47.27,15.0,115.0,2234.82
data/raw/mri_images/T1/MRI00023.png,MRI00023.png,mri,T1,256,256,L,PNG,1630,517e95ebe4db1f0e45d7b54ac82b5a24,69994b0134613cb6417d6d3b2791b458a539e42b46a22649b3e8c675f0a39ead,003c7e7e7e7e3c00,4c0e3b33332b0ecc,c2642f993126644e,47.36,46.96,4.0,104.0,2205.16
data/raw/mri_images/T1/MRI00024.png,MRI00024.png,mri,T1,256,256,L,PNG,1610,2158b215589b57593cd22c24bbe55d18,b2610b9427db79af0d2f829bcf39dcbad02328804a2ffbebdb9d75348491e4f6,003c7e7e7e7e3c00,4c8f3b33332b8f4c,85647a9b61322564,52.53,47.07,9.0,109.0,2215.22
data/raw/mri_images/T1/MRI00025.png,MRI00025.png,mri,T1,256,256,L,PNG,1581,429604d65ac8376afc49e1342f42a255,364fb9421caeda7e674c76fe245e1c308641de74d997487909f86a763c6a6349,003c7e7e7e7e3c00,4d8e3b33332b0ecc,c26c2f9134e6648b,47.69,47.18,4.0,104.0,2226.03
data/raw/mri_images/T1/MRI00026.png,MRI00026.png,mri,T1,256,256,L,PNG,1574,a989058018d4f1881c477e08c18d6b2a,d625a61659528ca625433a0f41cf1e7393e5b079b4a38bec3132ab28da63585d,003c7e767e7e3c00,4c8f3b33330b8e4c,85847a9b61646569,57.9,47.37,14.0,114.0,2244.34
data/raw/mri_images/T1/MRI00027.png,MRI00027.png,mri,T1,256,256,L,PNG,1594,573da16f45fcca317d404b894cea88e4,ad6a48cd80739b75b201fbc7033e7a4f7d598549d091b297f92ee350154e8309,003c7e7e7e7e3c00,4c8e3333332b8f4c,86667a9961666486,59.61,47.12,16.0,116.0,2220.37
data/raw/mri_images/T1/MRI00028.png,MRI00028.png,mri,T1,256,256,L,PNG,1573,acf5a4b48768ebe04dc2ee56225027d9,aa6717722a2eceb5e27f4e91e9e3f29254276dae7003eaa5291bfd6c852e977f,003c7e7e7e7e3c00,4c8e3b33332b8f4c,86647a916166659a,59.91,47.35,16.0,116.0,2242.49
data/raw/mri_images/T1/MRI00029.png,MRI00029.png,mri,T1,256,256,L,PNG,1590,10f5b353527807eef5ddc4add1bbdc3f,bf564dea0d6315ddf8181cc381a97e8ecafb2e2710dd8bbc31c58510b9a487c7,003c7e7e7e7e3c00,cc0e3333332b8e4d,c2e62f9931266464,48.71,47.24,5.0,105.0,2231.49
data/raw/mri_images/T1/MRI00030.png,MRI00030.png,mri,T1,256,256,L,PNG,1603,070f21f324ebcea672d855e2436219d6,d5d9a493decee3b02f5818a7d36a8a140c23df0027c4e0ae496de367ffadf381,003c7e7e7e7e3c00,cc0f3b33332b8e4c,c6c42b9b3133e46c,58.95,47.42,15.0,115.0,2248.87
data/raw/mri_images/T1/MRI00031.png,MRI00031.png,mri,T1,256,256,L,PNG,1581,37e979a050df473183760cf2ebca74a0,3b610193f64417231caefa7b88647034e61454c84cf73d09b7efa044bc26fab6,003c7e7e7e7e3c00,4c8f3b33332b8e4c,86c63b9b6164e499,56.02,47.45,12.0,112.0,2251.05
data/raw/mri_images/T1/MRI00032.png,MRI00032.png,mri,T1,256,256,L,PNG,1590,9d589f4c05cbdacabc3040b614220090,46d23b9b432901b44a4d8da91e4415f72e2445dca06e767f8a3b2ab168f54f39,003c7e7e7e7e3c00,cc0f3b33332b8e4c,86c63b9b31646464,58.87,47.3,15.0,115.0,2237.51
data/raw/mri_images/T1/MRI00033.png,MRI00033.png,mri,T1,256,256,L,PNG,1624,f8f2b3cc638b0c662a6897e0311c911d,3e7c7a3836060d94b7587c81727fa0c6a79aa2c33ed00124a39d026f8461aa8d,003c7e7e7e7e3c00,4d9e3b33332b0ecc,c2662f9931d264c6,48.36,46.94,5.0,105.0,2203.83
data/raw/mri_images/T1/MRI00034.png,MRI00034.png,mri,T1,256,256,L,PNG,1603,0e3c0cd760994035595d802179c755c2,6772530c8ed59eb0fafe0d65aca74167406e70f91f76d142ffbd511c55ca7477,003c7e7e7e7e3c00,4c8e1b33332b8f4c,866e7a916186658e,56.71,47.23,13.0,113.0,2230.52
data/raw/mri_images/T1/MRI00035.png,MRI00035.png,mri,T1,256,256,L,PNG,1628,f4cc0f246359aa843f4056366efe617b,ccd739af3892080230c466324ca9e88ec57fe56e768f65898d4b2a4d348c4e77,003c7e7e7e7e3c00,4c8e3b33332b8f4c,856c7a93218665ce,53.36,46.95,10.0,110.0,2204.39
data/raw/mri_images/T1/MRI00036.png,MRI00036.png,mri,T1,256,256,L,PNG,1615,f0b2800afc42ce61d6fd3aa024948cd3,382d8234b6e6342eec4e665b1bbba7667f0902d7233b99668fad02b70628b42d,003c7e7e7e7e3c00,4c8e1b33332b8f4c,876c7a916193a5ce,57.96,47.42,14.0,114.0,2248.92
data/raw/mri_images/T1/MRI00037.png,MRI00037.png,mri,T1,256,256,L,PNG,1603,ebfef33e88a9b9ad65afdb141a0048ab,56e4fecc8320e5d1ec7ea46de4b363a3eb99b74da4004d7e442e3756c7c25323,003c7e7e7e7e3c00,4c8e1b33332b8fcc,866e7a9161c6649a,58.72,47.19,15.0,115.0,2226.79
data/raw/mri_images/T1/MRI00038.png,MRI00038.png,mri,T1,256,256,L,PNG,1607,5170d63eb38e7f75be21b51d22c6f885,5a723ffa677a0d2135b4ff0a0a68930acf920de1aa719c28b8523409acc607a3,003c7e7e7e7e3c00,4c8e3b33332b8e4c,86667b993122e464,51.95,47.41,8.0,108.0,2247.91
data/raw/mri_images/T1/MRI00039.png,MRI00039.png,mri,T1,256,256,L,PNG,1594,09eafafb71a092ef5474a987635d5dd4,daacbc0633dc30f734785e9347c8dd253c84e7bc8ca115257f7e0b0f61f5ec9f,003c7e7e7e7e3c00,cc0e3333332b0ecc,c2662f993132e446,50.95,47.43,7.0,107.0,2249.49
data/raw/mri_images/T1/MRI00040.png,MRI00040.png,mri,T1,256,256,L,PNG,1644,d8a6c082e2d2b6a6c836626f419a71e1,6ac33d417ef4f49727481855377aa5cd303dfd24584ca1bd28035cb199007ebf,003c7e7e7e7e3c00,4c9f1333332b8f4c,87667a9961972506,52.36,46.93,9.0,109.0,2202.14
data/raw/mri_images/T2/MRI00041.png,MRI00041.png,mri,T2,256,256,L,PNG,1653,ff2ce1233c1d76003783ab18303f07ac,d580d1cf43999f62ee847095c0219eed19606bfc6122058dd542d0cbe86d60a2,003c7e7e7e7e3c00,cc0e270f0f338e4c,91992e66644c3399,51.79,55.3,4.0,224.0,3058.35
data/raw/mri_images/T2/MRI00042.png,MRI00042.png,mri,T2,256,256,L,PNG,1604,1287377298461f672e7b709730aae424,31c131ef90359c4828538e16e1721a960ee2b4ed4a0574036dc027c2dda46428,003c7e7e7e7c3800,cc0e274f0f330e4d,c0992f662c893331,62.97,53.98,16.0,236.0,2914.27
data/raw/mri_images/T2/MRI00043.png,MRI00043.png,mri,T2,256,256,L,PNG,1639,0927f758c79bcbee97bad659e0744d3e,cf484a11cac83f8686226ad98aa8152445515d6f289487235ccc47792bdeaaf6,001c3e7e7e7e3c00,4c8e270f0d338fcc,91196e646883339b,56.61,53.33,10.0,230.0,2844.58
data/raw/mri_images/T2/MRI00044.png,MRI00044.png,mri,T2,256,256,L,PNG,1641,284de8f758e7548ecc8bcbd2a5ab7750,c9b142b1f1433e3496a9d352f8e5d3dac3167022bf845da27704273c488d6bd5,003c7e7e7e7e3800,cc06270f0f338e4d,91992f66640c3331,62.01,55.68,14.0,234.0,3099.87
data/raw/mri_images/T2/MRI00045.png,MRI00045.png,mri,T2,256,256,L,PNG,1640,b72d4fd340bdcf2d0177701aca660896,a880c74bc93829564f0d80c21afee4002776834ca2a741c9a8e15aa7586c1de2,003c7e7e7e7e3c00,4c86270f0f338f4c,91996e646c983393,51.56,54.96,4.0,224.0,3020.52
data/raw/mri_images/T2/MRI00046.png,MRI00046.png,mri,T2,256,256,L,PNG,1635,85d75abe1f3e86a42afb28d6a69d3f9b,0d6d5f4b3bb7a0d389e7d0fb9629e4cd7f00dc37a01aec7ad9b8da1dde5e87a4,003c7c7e7e7e3c00,4886270f0f330ecc,d1192f646c04339b,58.6,53.3,12.0,232.0,2840.79
data/raw/mri_images/T2/MRI00047.png,MRI00047.png,mri,T2,256,256,L,PNG,1604,c86522560cc67bed3afacd0b4ce4b599,229a353ddc646f95efe5b35ac4c8b7faf317eb78ec43bb3da6578f9d893dd11c,003c3e7e7e3e3c00,4c8f270f0d338f4c,91936e6469933312,51.63,55.07,4.0,224.0,3032.29
data/raw/mri_images/T2/MRI00048.png,MRI00048.png,mri,T2,256,256,L,PNG,1604,066565c13dab7a9057455bff1abcddfe,02d9f4c2d0a53c45b62567f1a4c8e2afce718dbf12248261711eaf4e85806948,003c7e7e7e7e3c00,4c0e270f0f330ecc,d0992f662c993391,61.44,53.1,15.0,235.0,2819.82
data/raw/mri_images/T2/MRI00049.png,MRI00049.png,mri,T2,256,256,L,PNG,1584,482ae50667757c10ea71d40353490b19,a2659978656cc5df96b2f9f430edf5354f74723f1ab143bbdfbb09c96490d286,003c7e7e7e7e3c00,4c8f270d0d338f4c,91996e6469992326,58.16,52.63,12.0,232.0,2769.96
data/raw/mri_images/T2/MRI00050.png,MRI00050.png,mri,T2,256,256,L,PNG,1592,c7cb3754790defa790bbafee6f7d4895,74ca9477b06a04a2914d9022064206520d4d48c3aca293743a2c7495e4f3f428,001c3e7e7e7e3c00,4c8e270d0d338f4c,91196e646999338a,53.61,53.38,7.0,227.0,2849.06
data/raw/mri_images/T2/MRI00051.png,MRI00051.png,mri,T2,256,256,L,PNG,1607,5cb367a3aaa53a94cfbf48a46c236f7a,178152d5ed86aef46ac05b230977b0de15d1822352ceec0496dcfa26b09dc8e0,003c7e7e7e3e1c00,4c8f270d0d338e4c,91916e6669992331,53.54,53.24,7.0,227.0,2834.86
data/raw/mri_images/T2/MRI00052.png,MRI00052.png,mri,T2,256,256,L,PNG,1635,ecb9688ad61190ac499beabae7781b2d,1aa9cd7843c33c2dd4b57fded7990248cdd56ecd0ed978330c2ca1b9608390fa,003c7e7e7e7e3c00,4c8e270f0f330fcc,91196e646c913399,53.53,54.87,6.0,226.0,3011.07
data/raw/mri_images/T2/MRI00053.png,MRI00053.png,mri,T2,256,256,L,PNG,1610,4e68fa344ed529b86f7b0cff90790be1,a68eb57913a8b79ea4b8399d87ec165a6416501d0e919f129246783955f13588,00387c7e7e7e3c00,4d8e270f0f330fcc,911b6e642c93338a,56.75,55.25,9.0,229.0,3052.4
data/raw/mri_images/T2/MRI00054.png,MRI00054.png,mri,T2,256,256,L,PNG,1614,9bf2b4ea3010c4b546cda9eb74a6f5d2,1a2d68d00904d6e98ae8fa43ed82a3ce467be923beb1ad8ee645a9f746e0a35f,00183e7e7e7e3c00,4c8e270f0f330fcc,91196e66289b338a,52.81,55.36,5.0,225.0,3064.32
data/raw/mri_images/T2/MRI00055.png,MRI00055.png,mri,T2,256,256,L,PNG,1581,6c0683d112080f1b07f3780cc2242b27,c09b557adfbca6b6a2f007888fe9aec4ca739d966b97409cc598ac9aa4b2e24e,003c7e7e7e7e3c00,cc0e270f0f338e4c,d1992e662c993364,58.36,52.95,12.0,232.0,2803.29
data/raw/mri_images/T2/MRI00056.png,MRI00056.png,mri,T2,256,256,L,PNG,1646,3a14af425b99266f747263f1596c2bb3,302898d962766e76dda145fde27fb58f2b7b92554d9da3656cbca36876cbed3e,003c7e7e7e7e3c00,4c86270f0f338f4c,91996e646c84339b,62.61,53.32,16.0,236.0,2843.55
data/raw/mri_images/T2/MRI00057.png,MRI00057.png,mri,T2,256,256,L,PNG,1593,90270a845af8ebf1651c16e0173fba03,67123f784d5f238069848b0cf2e8daf52357335a186d1f67bdb96a1717319456,003c3e7e7e3e3c00,4c8f270f0d338f4c,91996e64699b3301,54.39,54.63,7.0,227.0,2984.09
data/raw/mri_images/T2/MRI00058.png,MRI00058.png,mri,T2,256,256,L,PNG,1613,58e88d7ac8828b82fad0e18a116bb821,5a2cf0b7bcfa7b0cce8141cb1b413083cff194f57c2b207d9e3c6995a1757970,00387c7e7e7e3c00,4d0e2f0f0f330ecc,d1992f662c993389,57.9,55.5,10.0,230.0,3080.6
data/raw/mri_images/T2/MRI00059.png,MRI00059.png,mri,T2,256,256,L,PNG,1647,9c4332e20a73c14cf038d9b58f8584bc,bd88993f08d1addc3f6ea2244085d755936b9b51ad3fc2b37ad0a70c48ec2ec4,00387c7e7e7e3c00,4d8e27074f330ecc,d01b2f642c93328e,59.93,55.54,12.0,232.0,3085.25
data/raw/mri_images/T2/MRI00060.png,MRI00060.png,mri,T2,256,256,L,PNG,1614,3254ba6f7ffae4a23ac887b47616f5fc,e2671135cadb3519782d825f7ee47e66f72e383f1e1185c87ba63d84b3524a09,003c7c7e7e7e3c00,4d0e274f4f330ecc,c0192f642c91339b,53.3,52.82,7.0,227.0,2789.73
data/raw/mri_images/T2/MRI00061.png,MRI00061.png,mri,T2,256,256,L,PNG,1620,6e3aabbe45a0c04ce2c7f7888b36b57c,df4df4e47edbf7604b4594d8efa909239758008247fa2723c1927503b58fd7d0,003c7e7e7e3e1c00,4c8f270f0d338e4c,91936e6468993331,51.49,54.83,4.0,224.0,3006.33
data/raw/mri_images/T2/MRI00062.png,MRI00062.png,mri,T2,256,256,L,PNG,1650,c0a777a74a307ec3bac946d15a11b8a7,920f90a719592b1b5eb1bfda37ef52999907899781d709c189f760ae7d0575c1,003c7e7e7e7e3c00,4c87270f0f338e4c,91936e646c983313,54.94,55.59,7.0,227.0,3089.91
data/raw/mri_images/T2/MRI00063.png,MRI00063.png,mri,T2,256,256,L,PNG,1646,51491bcf180d92f5367f5bb17d605e0d,23adf96d41d12fdc6a1d0194f4af57021f235b85defd06c185a0e1ddd00c7a00,003c7e7e7e7e3c00,cc0e270f0f330e4c,d1992e666c993391,54.43,54.74,7.0,227.0,2996.31
data/raw/mri_images/T2/MRI00064.png,MRI00064.png,mri,T2,256,256,L,PNG,1589,cdaea2911d2619f1360862ef2a024fe2,539457c6578354a9d39f9c6d6b95ae473f1dbe2d0f749eee740c77f30f1c1e38,003c7e7e7e7e3c00,4c8f270d0d338f4c,91996e6669992321,55.88,53.85,9.0,229.0,2899.85
data/raw/mri_images/T2/MRI00065.png,MRI00065.png,mri,T2,256,256,L,PNG,1632,d3156284ece14c3ae04d086a49516f05,dcdb096e0b9184ad82acc59c4727b1503f089e45368ce15a043ce6c8fce4f96f,001c3e7e7e7e3c00,4c86370f0d338f4c,911b6e646892339a,55.78,53.63,9.0,229.0,2876.35
data/raw/mri_images/T2/MRI00066.png,MRI00066.png,mri,T2,256,256,L,PNG,1636,86db198c2aa554c80b7f44f63173e311,5ac01cada13bb822f373829daa617f5d3a9bd4829c2293411c3b353d76547f8b,001c3e7e7e7e3c00,4c8e270f0d338f4c,91196e646893339a,60.12,54.23,13.0,233.0,2941.15
data/raw/mri_images/T2/MRI00067.png,MRI00067.png,mri,T2,256,256,L,PNG,1680,8f3e6e46e68c41184e32686b1e6a8772,e948d16408e3162a37107a3c1a432fff92ce3c072ff99ed6c766e76d02cf2640,001c3e7e7e7e3c00,4c8f270d0d338f4c,91996e6668862799,59.79,55.27,12.0,232.0,3054.24
data/raw/mri_images/T2/MRI00068.png,MRI00068.png,mri,T2,256,256,L,PNG,1616,287e5952bb5a7e5a3395adf0825b2252,5e0379cb22a0637d11412a1e026171b5b6c842022be4038f36c0571fbf794b3f,003c7e7e7e7e1c00,4c07270f0f338e4c,91916e646c983333,59.78,53.67,13.0,233.0,2880.79
data/raw/mri_images/T2/MRI00069.png,MRI00069.png,mri,T2,256,256,L,PNG,1565,8a2a3e3cc1007badc652013b6877935a,b8e383d8e8c65921b3466ac38fe392e1e720b7e3d565059cb89d4196f4f14e48,003c7e7e7e3e1c00,4c8f270d0d338f4c,91996e6669992321,52.47,53.14,6.0,226.0,2824.36
data/raw/mri_images/T2/MRI00070.png,MRI00070.png,mri,T2,256,256,L,PNG,1635,cfe9699b7f789dd2f2093533d824a8f6,6807a64c45d39e37533021a08b468eaf68ce92a0825aaddbafd8c54dd045b7ae,003c7e7e7e7e3c00,cc06274f0f338e4c,d09b2f646c883393,60.97,53.95,14.0,234.0,2911.07
data/raw/mri_images/T2/MRI00071.png,MRI00071.png,mri,T2,256,256,L,PNG,1644,9c82522b12d489c330677a7bc77c3014,016763c800405c0f4629d47dfc74330180d9017f8ddbd81a7d2477e5b2ac959d,003c7e7e7e3e1c00,4c87270d0f338e4c,91996e646c083333,55.17,54.28,8.0,228.0,2946.51
data/raw/mri_images/T2/MRI00072.png,MRI00072.png,mri,T2,256,256,L,PNG,1623,5202cf533bf0ba76e2bd4e58ebd6b317,7f0ef4801a33868d024ed4a17cc339a0066ff5372441870a83ebb72ba7587904,003c7e7e7e7e3c00,4c8e270f0f338e4c,91996e646c993321,59.45,54.75,12.0,232.0,2997.16
data/raw/mri_images/T2/MRI00073.png,MRI00073.png,mri,T2,256,256,L,PNG,1646,2b195c3124de38e126464858392279db,51df1989f9eaee82e39a03c813f4536ce3d08d737ba4d82bd6586eab8baa2bbf,001c3e7e7e7e3c00,4c8e2f0f0d338f4c,91196e666c862399,52.79,53.63,6.0,226.0,2876.34
data/raw/mri_images/T2/MRI00074.png,MRI00074.png,mri,T2,256,256,L,PNG,1643,f60681cf2aa18fa707e90b688edb4511,e625fc59e9d1d7e30f3ff696e8be3a519a59497879566f8ec4ddc5aba2f8fa8e,003c7e7e7e7e1c00,4c07270f0f338e4c,91936e646c083333,61.56,54.92,14.0,234.0,3016.39
data/raw/mri_images/T2/MRI00075.png,MRI00075.png,mri,T2,256,256,L,PNG,1605,d3a411f11a6d70e2dc8db80419b74f0c,00587c7045dbb316152b4b1b5a13372e7fd1eb04488c2a61cc2b60d37f225405,003c7e7e7e3e1c00,4c8f270f0f338e4c,91996e6668993321,56.28,54.49,9.0,229.0,2968.73
data/raw/mri_images/T2/MRI00076.png,MRI00076.png,mri,T2,256,256,L,PNG,1622,14a2e810b6291fa0e138d88591ac8962,bc3fe70cc18de48c9691ce92d006bb66b2d113ef4b0cbfdb1b9d63beb852ae4a,001c3e7e7e7e3c00,4c8e370f0d338f4c,911b6e646992239a,55.61,53.31,9.0,229.0,2842.12
data/raw/mri_images/T2/MRI00077.png,MRI00077.png,mri,T2,256,256,L,PNG,1646,d61f8c56969270b7a0c66e2624b3d798,e706d84ef8d687022aa2a6ae0c3bf7d4f1fd36d827bc3c904c6b9804b4cd5164,003c7c7e7e7e3c00,4c8e270f0f330ecc,d1992f666c80339b,52.54,54.88,5.0,225.0,3011.44
data/raw/mri_images/T2/MRI00078.png,MRI00078.png,mri,T2,256,256,L,PNG,1667,dff9de1db466504dbe6e23b22ec3cd97,9391ff711bc6a096d75cb4e072303b8869dca8f254696d4515c19b54886ea4ca,003c7c7e7e7e3c00,4886270f0f330ecc,91992e666c84339b,57.23,56.0,9.0,229.0,3136.09
data/raw/mri_images/T2/MRI00079.png,MRI00079.png,mri,T2,256,256,L,PNG,1614,2eb2576f11ff7b493c9f1d44af6759bd,2ad6f805601d90ce81d02dfae1c53ca598680e5b318c24a9be0aa2bfb6cd5048,00187e7e7e7e3c00,4c8e270f0f330fcc,91396e642c93338a,54.55,53.24,8.0,228.0,2834.99
data/raw/mri_images/T2/MRI00080.png,MRI00080.png,mri,T2,256,256,L,PNG,1626,cc17edc9cb91b1dfa4e4f8c1d78092b5,aa7ed6a4f0b5005e9e3e0c33539b3aef89e1ebf7d956c51332d136fb12a3b07f,00387c7e7e7e3c00,498e270f4f330ecc,d0192f646c82339b,56.43,53.02,10.0,230.0,2811.32
