Image_1,Image_2,Modality,Folder_1,Folder_2,pHash_Distance,dHash_Distance,Similarity_Classification,Recommended_Action
data/raw/ct_images/normal/CT00001.png,data/raw/ct_images/normal/CT00004.png,ct,normal,normal,4,5,Near Duplicate,Document & Evaluate Similarity Threshold
data/raw/ct_images/normal/CT00001.png,data/raw/ct_images/normal/CT00005.png,ct,normal,normal,2,5,Near Duplicate,Document & Evaluate Similarity Threshold
data/raw/ct_images/normal/CT00001.png,data/raw/ct_images/normal/CT00006.png,ct,normal,normal,2,2,Near Duplicate,Document & Evaluate Similarity Threshold
data/raw/ct_images/normal/CT00001.png,data/raw/ct_images/normal/CT00011.png,ct,normal,normal,0,2,Exact Duplicate,Keep Representative / Purge Duplicate
data/raw/ct_images/normal/CT00001.png,data/raw/ct_images/normal/CT00012.png,ct,normal,normal,0,5,Exact Duplicate,Keep Representative / Purge Duplicate
data/raw/ct_images/normal/CT00001.png,data/raw/ct_images/normal/CT00014.png,ct,normal,normal,0,2,Exact Duplicate,Keep Representative / Purge Duplicate
data/raw/ct_images/normal/CT00001.png,data/raw/ct_images/normal/CT00015.png,ct,normal,normal,2,5,Near Duplicate,Document & Evaluate Similarity Threshold
data/raw/ct_images/normal/CT00001.png,data/raw/ct_images/normal/CT00018.png,ct,normal,normal,4,5,Near Duplicate,Document & Evaluate Similarity Threshold
data/raw/ct_images/normal/CT00001.png,data/raw/ct_images/normal/CT00019.png,ct,normal,normal,4,4,Near Duplicate,Document & Evaluate Similarity Threshold
data/raw/ct_images/normal/CT00001.png,data/raw/ct_images/normal/CT00020.png,ct,normal,normal,4,4,Near Duplicate,Document & Evaluate Similarity Threshold
data/raw/ct_images/normal/CT00001.png,data/raw/ct_images/normal/CT00021.png,ct,normal,normal,2,6,Near Duplicate,Document & Evaluate Similarity Threshold
data/raw/ct_images/normal/CT00001.png,data/raw/ct_images/normal/CT00023.png,ct,normal,normal,0,3,Exact Duplicate,Keep Representative / Purge Duplicate
data/raw/ct_images/normal/CT00001.png,data/raw/ct_images/normal/CT00024.png,ct,normal,normal,2,4,Near Duplicate,Document & Evaluate Similarity Threshold
data/raw/ct_images/normal/CT00001.png,data/raw/ct_images/normal/CT00025.png,ct,normal,normal,2,3,Near Duplicate,Document & Evaluate Similarity Threshold
data/raw/ct_images/normal/CT00001.png,data/raw/ct_images/normal/CT00031.png,ct,normal,normal,2,5,Near Duplicate,Document & Evaluate Similarity Threshold
data/raw/ct_images/normal/CT00001.png,data/raw/ct_images/normal/CT00033.png,ct,normal,normal,5,5,Visually Similar,Retain - Shows Structural Variation
data/raw/ct_images/normal/CT00001.png,data/raw/ct_images/normal/CT00035.png,ct,normal,normal,2,3,Near Duplicate,Document & Evaluate Similarity Threshold
data/raw/ct_images/normal/CT00001.png,data/raw/ct_images/normal/CT00036.png,ct,normal,normal,5,7,Visually Similar,Retain - Shows Structural Variation
data/raw/ct_images/normal/CT00001.png,data/raw/ct_images/normal/CT00037.png,ct,normal,normal,2,1,Near Duplicate,Document & Evaluate Similarity Threshold
data/raw/ct_images/normal/CT00001.png,data/raw/ct_images/normal/CT00038.png,ct,normal,normal,2,2,Near Duplicate,Document & Evaluate Similarity Threshold
data/raw/ct_images/normal/CT00001.png,data/raw/ct_images/normal/CT00040.png,ct,normal,normal,5,6,Visually Similar,Retain - Shows Structural Variation
data/raw/ct_images/normal/CT00001.png,data/raw/ct_images/normal/CT00042.png,ct,normal,normal,2,4,Near Duplicate,Document & Evaluate Similarity Threshold
data/raw/ct_images/normal/CT00001.png,data/raw/ct_images/normal/CT00044.png,ct,normal,normal,2,3,Near Duplicate,Document & Evaluate Similarity Threshold
data/raw/ct_images/normal/CT00001.png,data/raw/ct_images/normal/CT00047.png,ct,normal,normal,2,5,Near Duplicate,Document & Evaluate Similarity Threshold
data/raw/ct_images/normal/CT00001.png,data/raw/ct_images/normal/CT00049.png,ct,normal,normal,5,6,Visually Similar,Retain - Shows Structural Variation
data/raw/ct_images/normal/CT00001.png,data/raw/ct_images/normal/CT00056.png,ct,normal,normal,2,4,Near Duplicate,Document & Evaluate Similarity Threshold
data/raw/ct_images/normal/CT00001.png,data/raw/ct_images/normal/CT00058.png,ct,normal,normal,2,6,Near Duplicate,Document & Evaluate Similarity Threshold
data/raw/ct_images/normal/CT00001.png,data/raw/ct_images/normal/CT00059.png,ct,normal,normal,2,3,Near Duplicate,Document & Evaluate Similarity Threshold
data/raw/ct_images/normal/CT00001.png,data/raw/ct_images/normal/CT00060.png,ct,normal,normal,1,4,Near Duplicate,Document & Evaluate Similarity Threshold
data/raw/ct_images/normal/CT00001.png,data/raw/ct_images/normal/CT00064.png,ct,normal,normal,5,6,Visually Similar,Retain - Shows Structural Variation
data/raw/ct_images/normal/CT00001.png,data/raw/ct_images/normal/CT00065.png,ct,normal,normal,4,5,Near Duplicate,Document & Evaluate Similarity Threshold
data/raw/ct_images/normal/CT00001.png,data/raw/ct_images/tumor/CT00074.png,ct,normal,tumor,7,5,Visually Similar,Retain - Shows Structural Variation
data/raw/ct_images/normal/CT00001.png,data/raw/ct_images/tumor/CT00095.png,ct,normal,tumor,9,5,Visually Similar,Retain - Shows Structural Variation
data/raw/ct_images/normal/CT00001.png,data/raw/ct_images/tumor/CT00132.png,ct,normal,tumor,9,6,Visually Similar,Retain - Shows Structural Variation
data/raw/ct_images/normal/CT00002.png,data/raw/ct_images/normal/CT00003.png,ct,normal,normal,3,7,Near Duplicate,Document & Evaluate Similarity Threshold
data/raw/ct_images/normal/CT00002.png,data/raw/ct_images/normal/CT00007.png,ct,normal,normal,3,4,Near Duplicate,Document & Evaluate Similarity Threshold
data/raw/ct_images/normal/CT00002.png,data/raw/ct_images/normal/CT00008.png,ct,normal,normal,4,5,Near Duplicate,Document & Evaluate Similarity Threshold
data/raw/ct_images/normal/CT00002.png,data/raw/ct_images/normal/CT00009.png,ct,normal,normal,2,4,Near Duplicate,Document & Evaluate Similarity Threshold
data/raw/ct_images/normal/CT00002.png,data/raw/ct_images/normal/CT00010.png,ct,normal,normal,2,3,Near Duplicate,Document & Evaluate Similarity Threshold
data/raw/ct_images/normal/CT00002.png,data/raw/ct_images/normal/CT00013.png,ct,normal,normal,5,5,Visually Similar,Retain - Shows Structural Variation
data/raw/ct_images/normal/CT00002.png,data/raw/ct_images/normal/CT00016.png,ct,normal,normal,3,1,Near Duplicate,Document & Evaluate Similarity Threshold
data/raw/ct_images/normal/CT00002.png,data/raw/ct_images/normal/CT00017.png,ct,normal,normal,5,6,Visually Similar,Retain - Shows Structural Variation
data/raw/ct_images/normal/CT00002.png,data/raw/ct_images/normal/CT00022.png,ct,normal,normal,4,5,Near Duplicate,Document & Evaluate Similarity Threshold
data/raw/ct_images/normal/CT00002.png,data/raw/ct_images/normal/CT00026.png,ct,normal,normal,4,6,Near Duplicate,Document & Evaluate Similarity Threshold
data/raw/ct_images/normal/CT00002.png,data/raw/ct_images/normal/CT00027.png,ct,normal,normal,2,4,Near Duplicate,Document & Evaluate Similarity Threshold
data/raw/ct_images/normal/CT00002.png,data/raw/ct_images/normal/CT00028.png,ct,normal,normal,4,3,Near Duplicate,Document & Evaluate Similarity Threshold
data/raw/ct_images/normal/CT00002.png,data/raw/ct_images/normal/CT00029.png,ct,normal,normal,5,5,Visually Similar,Retain - Shows Structural Variation
data/raw/ct_images/normal/CT00002.png,data/raw/ct_images/normal/CT00030.png,ct,normal,normal,2,3,Near Duplicate,Document & Evaluate Similarity Threshold
data/raw/ct_images/normal/CT00002.png,data/raw/ct_images/normal/CT00032.png,ct,normal,normal,2,4,Near Duplicate,Document & Evaluate Similarity Threshold
data/raw/ct_images/normal/CT00002.png,data/raw/ct_images/normal/CT00034.png,ct,normal,normal,5,3,Visually Similar,Retain - Shows Structural Variation
data/raw/ct_images/normal/CT00002.png,data/raw/ct_images/normal/CT00039.png,ct,normal,normal,3,4,Near Duplicate,Document & Evaluate Similarity Threshold
data/raw/ct_images/normal/CT00002.png,data/raw/ct_images/normal/CT00041.png,ct,normal,normal,2,5,Near Duplicate,Document & Evaluate Similarity Threshold
data/raw/ct_images/normal/CT00002.png,data/raw/ct_images/normal/CT00043.png,ct,normal,normal,2,4,Near Duplicate,Document & Evaluate Similarity Threshold
data/raw/ct_images/normal/CT00002.png,data/raw/ct_images/normal/CT00045.png,ct,normal,normal,2,2,Near Duplicate,Document & Evaluate Similarity Threshold
data/raw/ct_images/normal/CT00002.png,data/raw/ct_images/normal/CT00046.png,ct,normal,normal,4,4,Near Duplicate,Document & Evaluate Similarity Threshold
data/raw/ct_images/normal/CT00002.png,data/raw/ct_images/normal/CT00048.png,ct,normal,normal,2,2,Near Duplicate,Document & Evaluate Similarity Threshold
data/raw/ct_images/normal/CT00002.png,data/raw/ct_images/normal/CT00050.png,ct,normal,normal,2,3,Near Duplicate,Document & Evaluate Similarity Threshold
data/raw/ct_images/normal/CT00002.png,data/raw/ct_images/normal/CT00051.png,ct,normal,normal,2,4,Near Duplicate,Document & Evaluate Similarity Threshold
data/raw/ct_images/normal/CT00002.png,data/raw/ct_images/normal/CT00052.png,ct,normal,normal,5,2,Visually Similar,Retain - Shows Structural Variation
data/raw/ct_images/normal/CT00002.png,data/raw/ct_images/normal/CT00053.png,ct,normal,normal,5,5,Visually Similar,Retain - Shows Structural Variation
data/raw/ct_images/normal/CT00002.png,data/raw/ct_images/normal/CT00054.png,ct,normal,normal,3,2,Near Duplicate,Document & Evaluate Similarity Threshold
data/raw/ct_images/normal/CT00002.png,data/raw/ct_images/normal/CT00055.png,ct,normal,normal,4,5,Near Duplicate,Document & Evaluate Similarity Threshold
data/raw/ct_images/normal/CT00002.png,data/raw/ct_images/normal/CT00057.png,ct,normal,normal,4,6,Near Duplicate,Document & Evaluate Similarity Threshold
data/raw/ct_images/normal/CT00002.png,data/raw/ct_images/normal/CT00061.png,ct,normal,normal,2,3,Near Duplicate,Document & Evaluate Similarity Threshold
data/raw/ct_images/normal/CT00002.png,data/raw/ct_images/normal/CT00062.png,ct,normal,normal,2,4,Near Duplicate,Document & Evaluate Similarity Threshold
data/raw/ct_images/normal/CT00002.png,data/raw/ct_images/normal/CT00063.png,ct,normal,normal,2,2,Near Duplicate,Document & Evaluate Similarity Threshold
data/raw/ct_images/normal/CT00002.png,data/raw/ct_images/tumor/CT00068.png,ct,normal,tumor,7,5,Visually Similar,Retain - Shows Structural Variation
data/raw/ct_images/normal/CT00002.png,data/raw/ct_images/tumor/CT00085.png,ct,normal,tumor,10,6,Visually Similar,Retain - Shows Structural Variation
data/raw/ct_images/normal/CT00002.png,data/raw/ct_images/tumor/CT00093.png,ct,normal,tumor,10,7,Visually Similar,Retain - Shows Structural Variation
data/raw/ct_images/normal/CT00002.png,data/raw/ct_images/tumor/CT00116.png,ct,normal,tumor,9,6,Visually Similar,Retain - Shows Structural Variation
data/raw/ct_images/normal/CT00002.png,data/raw/ct_images/tumor/CT00121.png,ct,normal,tumor,8,8,Visually Similar,Retain - Shows Structural Variation
data/raw/ct_images/normal/CT00003.png,data/raw/ct_images/normal/CT00007.png,ct,normal,normal,4,3,Near Duplicate,Document & Evaluate Similarity Threshold
data/raw/ct_images/normal/CT00003.png,data/raw/ct_images/normal/CT00008.png,ct,normal,normal,3,4,Near Duplicate,Document & Evaluate Similarity Threshold
data/raw/ct_images/normal/CT00003.png,data/raw/ct_images/normal/CT00009.png,ct,normal,normal,3,3,Near Duplicate,Document & Evaluate Similarity Threshold
data/raw/ct_images/normal/CT00003.png,data/raw/ct_images/normal/CT00010.png,ct,normal,normal,3,4,Near Duplicate,Document & Evaluate Similarity Threshold
data/raw/ct_images/normal/CT00003.png,data/raw/ct_images/normal/CT00013.png,ct,normal,normal,4,4,Near Duplicate,Document & Evaluate Similarity Threshold
data/raw/ct_images/normal/CT00003.png,data/raw/ct_images/normal/CT00016.png,ct,normal,normal,4,6,Near Duplicate,Document & Evaluate Similarity Threshold
data/raw/ct_images/normal/CT00003.png,data/raw/ct_images/normal/CT00017.png,ct,normal,normal,2,5,Near Duplicate,Document & Evaluate Similarity Threshold
data/raw/ct_images/normal/CT00003.png,data/raw/ct_images/normal/CT00022.png,ct,normal,normal,3,4,Near Duplicate,Document & Evaluate Similarity Threshold
data/raw/ct_images/normal/CT00003.png,data/raw/ct_images/normal/CT00026.png,ct,normal,normal,3,5,Near Duplicate,Document & Evaluate Similarity Threshold
data/raw/ct_images/normal/CT00003.png,data/raw/ct_images/normal/CT00027.png,ct,normal,normal,3,3,Near Duplicate,Document & Evaluate Similarity Threshold
data/raw/ct_images/normal/CT00003.png,data/raw/ct_images/normal/CT00028.png,ct,normal,normal,5,4,Visually Similar,Retain - Shows Structural Variation
data/raw/ct_images/normal/CT00003.png,data/raw/ct_images/normal/CT00029.png,ct,normal,normal,4,4,Near Duplicate,Document & Evaluate Similarity Threshold
data/raw/ct_images/normal/CT00003.png,data/raw/ct_images/normal/CT00030.png,ct,normal,normal,3,6,Near Duplicate,Document & Evaluate Similarity Threshold
data/raw/ct_images/normal/CT00003.png,data/raw/ct_images/normal/CT00032.png,ct,normal,normal,3,3,Near Duplicate,Document & Evaluate Similarity Threshold
data/raw/ct_images/normal/CT00003.png,data/raw/ct_images/normal/CT00034.png,ct,normal,normal,6,6,Visually Similar,Retain - Shows Structural Variation
data/raw/ct_images/normal/CT00003.png,data/raw/ct_images/normal/CT00039.png,ct,normal,normal,2,3,Near Duplicate,Document & Evaluate Similarity Threshold
data/raw/ct_images/normal/CT00003.png,data/raw/ct_images/normal/CT00041.png,ct,normal,normal,3,6,Near Duplicate,Document & Evaluate Similarity Threshold
data/raw/ct_images/normal/CT00003.png,data/raw/ct_images/normal/CT00043.png,ct,normal,normal,3,3,Near Duplicate,Document & Evaluate Similarity Threshold
data/raw/ct_images/normal/CT00003.png,data/raw/ct_images/normal/CT00045.png,ct,normal,normal,3,5,Near Duplicate,Document & Evaluate Similarity Threshold
data/raw/ct_images/normal/CT00003.png,data/raw/ct_images/normal/CT00046.png,ct,normal,normal,3,3,Near Duplicate,Document & Evaluate Similarity Threshold
data/raw/ct_images/normal/CT00003.png,data/raw/ct_images/normal/CT00048.png,ct,normal,normal,3,5,Near Duplicate,Document & Evaluate Similarity Threshold
data/raw/ct_images/normal/CT00003.png,data/raw/ct_images/normal/CT00050.png,ct,normal,normal,3,6,Near Duplicate,Document & Evaluate Similarity Threshold
data/raw/ct_images/normal/CT00003.png,data/raw/ct_images/normal/CT00051.png,ct,normal,normal,3,3,Near Duplicate,Document & Evaluate Similarity Threshold
data/raw/ct_images/normal/CT00003.png,data/raw/ct_images/normal/CT00052.png,ct,normal,normal,6,5,Visually Similar,Retain - Shows Structural Variation
data/raw/ct_images/normal/CT00003.png,data/raw/ct_images/normal/CT00053.png,ct,normal,normal,4,4,Near Duplicate,Document & Evaluate Similarity Threshold
data/raw/ct_images/normal/CT00003.png,data/raw/ct_images/normal/CT00054.png,ct,normal,normal,6,5,Visually Similar,Retain - Shows Structural Variation
data/raw/ct_images/normal/CT00003.png,data/raw/ct_images/normal/CT00055.png,ct,normal,normal,3,4,Near Duplicate,Document & Evaluate Similarity Threshold
data/raw/ct_images/normal/CT00003.png,data/raw/ct_images/normal/CT00057.png,ct,normal,normal,5,1,Visually Similar,Retain - Shows Structural Variation
data/raw/ct_images/normal/CT00003.png,data/raw/ct_images/normal/CT00061.png,ct,normal,normal,3,4,Near Duplicate,Document & Evaluate Similarity Threshold
data/raw/ct_images/normal/CT00003.png,data/raw/ct_images/normal/CT00062.png,ct,normal,normal,5,7,Visually Similar,Retain - Shows Structural Variation
data/raw/ct_images/normal/CT00003.png,data/raw/ct_images/normal/CT00063.png,ct,normal,normal,3,5,Near Duplicate,Document & Evaluate Similarity Threshold
data/raw/ct_images/normal/CT00003.png,data/raw/ct_images/tumor/CT00068.png,ct,normal,tumor,8,10,Visually Similar,Retain - Shows Structural Variation
data/raw/ct_images/normal/CT00003.png,data/raw/ct_images/tumor/CT00093.png,ct,normal,tumor,9,8,Visually Similar,Retain - Shows Structural Variation
data/raw/ct_images/normal/CT00003.png,data/raw/ct_images/tumor/CT00116.png,ct,normal,tumor,8,7,Visually Similar,Retain - Shows Structural Variation
data/raw/ct_images/normal/CT00003.png,data/raw/ct_images/tumor/CT00121.png,ct,normal,tumor,7,9,Visually Similar,Retain - Shows Structural Variation
data/raw/ct_images/normal/CT00004.png,data/raw/ct_images/normal/CT00005.png,ct,normal,normal,4,4,Near Duplicate,Document & Evaluate Similarity Threshold
data/raw/ct_images/normal/CT00004.png,data/raw/ct_images/normal/CT00006.png,ct,normal,normal,2,5,Near Duplicate,Document & Evaluate Similarity Threshold
data/raw/ct_images/normal/CT00004.png,data/raw/ct_images/normal/CT00011.png,ct,normal,normal,4,5,Near Duplicate,Document & Evaluate Similarity Threshold
data/raw/ct_images/normal/CT00004.png,data/raw/ct_images/normal/CT00012.png,ct,normal,normal,4,2,Near Duplicate,Document & Evaluate Similarity Threshold
data/raw/ct_images/normal/CT00004.png,data/raw/ct_images/normal/CT00014.png,ct,normal,normal,4,7,Near Duplicate,Document & Evaluate Similarity Threshold
data/raw/ct_images/normal/CT00004.png,data/raw/ct_images/normal/CT00015.png,ct,normal,normal,2,2,Near Duplicate,Document & Evaluate Similarity Threshold
data/raw/ct_images/normal/CT00004.png,data/raw/ct_images/normal/CT00018.png,ct,normal,normal,2,4,Near Duplicate,Document & Evaluate Similarity Threshold
data/raw/ct_images/normal/CT00004.png,data/raw/ct_images/normal/CT00019.png,ct,normal,normal,2,3,Near Duplicate,Document & Evaluate Similarity Threshold
data/raw/ct_images/normal/CT00004.png,data/raw/ct_images/normal/CT00020.png,ct,normal,normal,2,3,Near Duplicate,Document & Evaluate Similarity Threshold
data/raw/ct_images/normal/CT00004.png,data/raw/ct_images/normal/CT00021.png,ct,normal,normal,4,3,Near Duplicate,Document & Evaluate Similarity Threshold
data/raw/ct_images/normal/CT00004.png,data/raw/ct_images/normal/CT00023.png,ct,normal,normal,4,8,Near Duplicate,Document & Evaluate Similarity Threshold
data/raw/ct_images/normal/CT00004.png,data/raw/ct_images/normal/CT00024.png,ct,normal,normal,4,9,Near Duplicate,Document & Evaluate Similarity Threshold
data/raw/ct_images/normal/CT00004.png,data/raw/ct_images/normal/CT00025.png,ct,normal,normal,2,2,Near Duplicate,Document & Evaluate Similarity Threshold
data/raw/ct_images/normal/CT00004.png,data/raw/ct_images/normal/CT00031.png,ct,normal,normal,2,2,Near Duplicate,Document & Evaluate Similarity Threshold
data/raw/ct_images/normal/CT00004.png,data/raw/ct_images/normal/CT00033.png,ct,normal,normal,5,4,Visually Similar,Retain - Shows Structural Variation
data/raw/ct_images/normal/CT00004.png,data/raw/ct_images/normal/CT00035.png,ct,normal,normal,4,4,Near Duplicate,Document & Evaluate Similarity Threshold
data/raw/ct_images/normal/CT00004.png,data/raw/ct_images/normal/CT00036.png,ct,normal,normal,3,4,Near Duplicate,Document & Evaluate Similarity Threshold
data/raw/ct_images/normal/CT00004.png,data/raw/ct_images/normal/CT00037.png,ct,normal,normal,4,6,Near Duplicate,Document & Evaluate Similarity Threshold
data/raw/ct_images/normal/CT00004.png,data/raw/ct_images/normal/CT00038.png,ct,normal,normal,2,5,Near Duplicate,Document & Evaluate Similarity Threshold
data/raw/ct_images/normal/CT00004.png,data/raw/ct_images/normal/CT00040.png,ct,normal,normal,3,3,Near Duplicate,Document & Evaluate Similarity Threshold
data/raw/ct_images/normal/CT00004.png,data/raw/ct_images/normal/CT00042.png,ct,normal,normal,4,1,Near Duplicate,Document & Evaluate Similarity Threshold
data/raw/ct_images/normal/CT00004.png,data/raw/ct_images/normal/CT00044.png,ct,normal,normal,2,4,Near Duplicate,Document & Evaluate Similarity Threshold
data/raw/ct_images/normal/CT00004.png,data/raw/ct_images/normal/CT00047.png,ct,normal,normal,2,2,Near Duplicate,Document & Evaluate Similarity Threshold
data/raw/ct_images/normal/CT00004.png,data/raw/ct_images/normal/CT00049.png,ct,normal,normal,3,3,Near Duplicate,Document & Evaluate Similarity Threshold
data/raw/ct_images/normal/CT00004.png,data/raw/ct_images/normal/CT00056.png,ct,normal,normal,2,5,Near Duplicate,Document & Evaluate Similarity Threshold
data/raw/ct_images/normal/CT00004.png,data/raw/ct_images/normal/CT00058.png,ct,normal,normal,6,3,Visually Similar,Retain - Shows Structural Variation
data/raw/ct_images/normal/CT00004.png,data/raw/ct_images/normal/CT00059.png,ct,normal,normal,2,4,Near Duplicate,Document & Evaluate Similarity Threshold
data/raw/ct_images/normal/CT00004.png,data/raw/ct_images/normal/CT00060.png,ct,normal,normal,5,9,Visually Similar,Retain - Shows Structural Variation
data/raw/ct_images/normal/CT00004.png,data/raw/ct_images/normal/CT00064.png,ct,normal,normal,3,3,Near Duplicate,Document & Evaluate Similarity Threshold
data/raw/ct_images/normal/CT00004.png,data/raw/ct_images/normal/CT00065.png,ct,normal,normal,2,4,Near Duplicate,Document & Evaluate Similarity Threshold
data/raw/ct_images/normal/CT00004.png,data/raw/ct_images/tumor/CT00074.png,ct,normal,tumor,7,8,Visually Similar,Retain - Shows Structural Variation
data/raw/ct_images/normal/CT00005.png,data/raw/ct_images/normal/CT00006.png,ct,normal,normal,2,3,Near Duplicate,Document & Evaluate Similarity Threshold
data/raw/ct_images/normal/CT00005.png,data/raw/ct_images/normal/CT00011.png,ct,normal,normal,2,3,Near Duplicate,Document & Evaluate Similarity Threshold
data/raw/ct_images/normal/CT00005.png,data/raw/ct_images/normal/CT00012.png,ct,normal,normal,2,2,Near Duplicate,Document & Evaluate Similarity Threshold
data/raw/ct_images/normal/CT00005.png,data/raw/ct_images/normal/CT00014.png,ct,normal,normal,2,5,Near Duplicate,Document & Evaluate Similarity Threshold
data/raw/ct_images/normal/CT00005.png,data/raw/ct_images/normal/CT00015.png,ct,normal,normal,4,2,Near Duplicate,Document & Evaluate Similarity Threshold
data/raw/ct_images/normal/CT00005.png,data/raw/ct_images/normal/CT00018.png,ct,normal,normal,2,0,Near Duplicate,Document & Evaluate Similarity Threshold
data/raw/ct_images/normal/CT00005.png,data/raw/ct_images/normal/CT00019.png,ct,normal,normal,4,5,Near Duplicate,Document & Evaluate Similarity Threshold
data/raw/ct_images/normal/CT00005.png,data/raw/ct_images/normal/CT00020.png,ct,normal,normal,2,1,Near Duplicate,Document & Evaluate Similarity Threshold
data/raw/ct_images/normal/CT00005.png,data/raw/ct_images/normal/CT00021.png,ct,normal,normal,0,1,Exact Duplicate,Keep Representative / Purge Duplicate
data/raw/ct_images/normal/CT00005.png,data/raw/ct_images/normal/CT00023.png,ct,normal,normal,2,6,Near Duplicate,Document & Evaluate Similarity Threshold
data/raw/ct_images/normal/CT00005.png,data/raw/ct_images/normal/CT00024.png,ct,normal,normal,0,7,Exact Duplicate,Keep Representative / Purge Duplicate
data/raw/ct_images/normal/CT00005.png,data/raw/ct_images/normal/CT00025.png,ct,normal,normal,2,4,Near Duplicate,Document & Evaluate Similarity Threshold
data/raw/ct_images/normal/CT00005.png,data/raw/ct_images/normal/CT00031.png,ct,normal,normal,2,4,Near Duplicate,Document & Evaluate Similarity Threshold
data/raw/ct_images/normal/CT00005.png,data/raw/ct_images/normal/CT00033.png,ct,normal,normal,3,0,Near Duplicate,Document & Evaluate Similarity Threshold
data/raw/ct_images/normal/CT00005.png,data/raw/ct_images/normal/CT00035.png,ct,normal,normal,0,2,Exact Duplicate,Keep Representative / Purge Duplicate
data/raw/ct_images/normal/CT00005.png,data/raw/ct_images/normal/CT00036.png,ct,normal,normal,7,4,Visually Similar,Retain - Shows Structural Variation
data/raw/ct_images/normal/CT00005.png,data/raw/ct_images/normal/CT00037.png,ct,normal,normal,0,4,Exact Duplicate,Keep Representative / Purge Duplicate
data/raw/ct_images/normal/CT00005.png,data/raw/ct_images/normal/CT00038.png,ct,normal,normal,2,3,Near Duplicate,Document & Evaluate Similarity Threshold
data/raw/ct_images/normal/CT00005.png,data/raw/ct_images/normal/CT00040.png,ct,normal,normal,3,1,Near Duplicate,Document & Evaluate Similarity Threshold
data/raw/ct_images/normal/CT00005.png,data/raw/ct_images/normal/CT00042.png,ct,normal,normal,4,3,Near Duplicate,Document & Evaluate Similarity Threshold
data/raw/ct_images/normal/CT00005.png,data/raw/ct_images/normal/CT00044.png,ct,normal,normal,4,2,Near Duplicate,Document & Evaluate Similarity Threshold
data/raw/ct_images/normal/CT00005.png,data/raw/ct_images/normal/CT00047.png,ct,normal,normal,2,2,Near Duplicate,Document & Evaluate Similarity Threshold
data/raw/ct_images/normal/CT00005.png,data/raw/ct_images/normal/CT00049.png,ct,normal,normal,3,1,Near Duplicate,Document & Evaluate Similarity Threshold
data/raw/ct_images/normal/CT00005.png,data/raw/ct_images/normal/CT00056.png,ct,normal,normal,2,1,Near Duplicate,Document & Evaluate Similarity Threshold
data/raw/ct_images/normal/CT00005.png,data/raw/ct_images/normal/CT00058.png,ct,normal,normal,4,3,Near Duplicate,Document & Evaluate Similarity Threshold
data/raw/ct_images/normal/CT00005.png,data/raw/ct_images/normal/CT00059.png,ct,normal,normal,2,2,Near Duplicate,Document & Evaluate Similarity Threshold
data/raw/ct_images/normal/CT00005.png,data/raw/ct_images/normal/CT00060.png,ct,normal,normal,3,7,Near Duplicate,Document & Evaluate Similarity Threshold
data/raw/ct_images/normal/CT00005.png,data/raw/ct_images/normal/CT00064.png,ct,normal,normal,3,1,Near Duplicate,Document & Evaluate Similarity Threshold
data/raw/ct_images/normal/CT00005.png,data/raw/ct_images/normal/CT00065.png,ct,normal,normal,2,2,Near Duplicate,Document & Evaluate Similarity Threshold
data/raw/ct_images/normal/CT00005.png,data/raw/ct_images/tumor/CT00074.png,ct,normal,tumor,7,6,Visually Similar,Retain - Shows Structural Variation
data/raw/ct_images/normal/CT00006.png,data/raw/ct_images/normal/CT00011.png,ct,normal,normal,2,0,Near Duplicate,Document & Evaluate Similarity Threshold
data/raw/ct_images/normal/CT00006.png,data/raw/ct_images/normal/CT00012.png,ct,normal,normal,2,3,Near Duplicate,Document & Evaluate Similarity Threshold
data/raw/ct_images/normal/CT00006.png,data/raw/ct_images/normal/CT00014.png,ct,normal,normal,2,2,Near Duplicate,Document & Evaluate Similarity Threshold
data/raw/ct_images/normal/CT00006.png,data/raw/ct_images/normal/CT00015.png,ct,normal,normal,2,3,Near Duplicate,Document & Evaluate Similarity Threshold
data/raw/ct_images/normal/CT00006.png,data/raw/ct_images/normal/CT00018.png,ct,normal,normal,2,3,Near Duplicate,Document & Evaluate Similarity Threshold
data/raw/ct_images/normal/CT00006.png,data/raw/ct_images/normal/CT00019.png,ct,normal,normal,4,4,Near Duplicate,Document & Evaluate Similarity Threshold
data/raw/ct_images/normal/CT00006.png,data/raw/ct_images/normal/CT00020.png,ct,normal,normal,2,2,Near Duplicate,Document & Evaluate Similarity Threshold
data/raw/ct_images/normal/CT00006.png,data/raw/ct_images/normal/CT00021.png,ct,normal,normal,2,4,Near Duplicate,Document & Evaluate Similarity Threshold
data/raw/ct_images/normal/CT00006.png,data/raw/ct_images/normal/CT00023.png,ct,normal,normal,2,3,Near Duplicate,Document & Evaluate Similarity Threshold
data/raw/ct_images/normal/CT00006.png,data/raw/ct_images/normal/CT00024.png,ct,normal,normal,2,4,Near Duplicate,Document & Evaluate Similarity Threshold
data/raw/ct_images/normal/CT00006.png,data/raw/ct_images/normal/CT00025.png,ct,normal,normal,0,3,Exact Duplicate,Keep Representative / Purge Duplicate
data/raw/ct_images/normal/CT00006.png,data/raw/ct_images/normal/CT00031.png,ct,normal,normal,2,5,Near Duplicate,Document & Evaluate Similarity Threshold
data/raw/ct_images/normal/CT00006.png,data/raw/ct_images/normal/CT00033.png,ct,normal,normal,5,3,Visually Similar,Retain - Shows Structural Variation
data/raw/ct_images/normal/CT00006.png,data/raw/ct_images/normal/CT00035.png,ct,normal,normal,2,1,Near Duplicate,Document & Evaluate Similarity Threshold
data/raw/ct_images/normal/CT00006.png,data/raw/ct_images/normal/CT00036.png,ct,normal,normal,5,7,Visually Similar,Retain - Shows Structural Variation
data/raw/ct_images/normal/CT00006.png,data/raw/ct_images/normal/CT00037.png,ct,normal,normal,2,1,Near Duplicate,Document & Evaluate Similarity Threshold
data/raw/ct_images/normal/CT00006.png,data/raw/ct_images/normal/CT00038.png,ct,normal,normal,0,0,Exact Duplicate,Keep Representative / Purge Duplicate
data/raw/ct_images/normal/CT00006.png,data/raw/ct_images/normal/CT00040.png,ct,normal,normal,3,4,Near Duplicate,Document & Evaluate Similarity Threshold
data/raw/ct_images/normal/CT00006.png,data/raw/ct_images/normal/CT00042.png,ct,normal,normal,4,4,Near Duplicate,Document & Evaluate Similarity Threshold
data/raw/ct_images/normal/CT00006.png,data/raw/ct_images/normal/CT00044.png,ct,normal,normal,2,1,Near Duplicate,Document & Evaluate Similarity Threshold
data/raw/ct_images/normal/CT00006.png,data/raw/ct_images/normal/CT00047.png,ct,normal,normal,0,3,Exact Duplicate,Keep Representative / Purge Duplicate
data/raw/ct_images/normal/CT00006.png,data/raw/ct_images/normal/CT00049.png,ct,normal,normal,3,4,Near Duplicate,Document & Evaluate Similarity Threshold
data/raw/ct_images/normal/CT00006.png,data/raw/ct_images/normal/CT00056.png,ct,normal,normal,2,2,Near Duplicate,Document & Evaluate Similarity Threshold
data/raw/ct_images/normal/CT00006.png,data/raw/ct_images/normal/CT00058.png,ct,normal,normal,4,6,Near Duplicate,Document & Evaluate Similarity Threshold
data/raw/ct_images/normal/CT00006.png,data/raw/ct_images/normal/CT00059.png,ct,normal,normal,0,1,Exact Duplicate,Keep Representative / Purge Duplicate
data/raw/ct_images/normal/CT00006.png,data/raw/ct_images/normal/CT00060.png,ct,normal,normal,3,4,Near Duplicate,Document & Evaluate Similarity Threshold
data/raw/ct_images/normal/CT00006.png,data/raw/ct_images/normal/CT00064.png,ct,normal,normal,3,4,Near Duplicate,Document & Evaluate Similarity Threshold
data/raw/ct_images/normal/CT00006.png,data/raw/ct_images/normal/CT00065.png,ct,normal,normal,2,3,Near Duplicate,Document & Evaluate Similarity Threshold
data/raw/ct_images/normal/CT00006.png,data/raw/ct_images/tumor/CT00074.png,ct,normal,tumor,7,5,Visually Similar,Retain - Shows Structural Variation
data/raw/ct_images/normal/CT00007.png,data/raw/ct_images/normal/CT00008.png,ct,normal,normal,5,5,Visually Similar,Retain - Shows Structural Variation
data/raw/ct_images/normal/CT00007.png,data/raw/ct_images/normal/CT00009.png,ct,normal,normal,3,4,Near Duplicate,Document & Evaluate Similarity Threshold
data/raw/ct_images/normal/CT00007.png,data/raw/ct_images/normal/CT00010.png,ct,normal,normal,1,3,Near Duplicate,Document & Evaluate Similarity Threshold
data/raw/ct_images/normal/CT00007.png,data/raw/ct_images/normal/CT00013.png,ct,normal,normal,6,5,Visually Similar,Retain - Shows Structural Variation
data/raw/ct_images/normal/CT00007.png,data/raw/ct_images/normal/CT00016.png,ct,normal,normal,0,3,Exact Duplicate,Keep Representative / Purge Duplicate
data/raw/ct_images/normal/CT00007.png,data/raw/ct_images/normal/CT00017.png,ct,normal,normal,6,6,Visually Similar,Retain - Shows Structural Variation
data/raw/ct_images/normal/CT00007.png,data/raw/ct_images/normal/CT00022.png,ct,normal,normal,5,5,Visually Similar,Retain - Shows Structural Variation
data/raw/ct_images/normal/CT00007.png,data/raw/ct_images/normal/CT00026.png,ct,normal,normal,5,6,Visually Similar,Retain - Shows Structural Variation
data/raw/ct_images/normal/CT00007.png,data/raw/ct_images/normal/CT00027.png,ct,normal,normal,3,4,Near Duplicate,Document & Evaluate Similarity Threshold
data/raw/ct_images/normal/CT00007.png,data/raw/ct_images/normal/CT00028.png,ct,normal,normal,3,3,Near Duplicate,Document & Evaluate Similarity Threshold
data/raw/ct_images/normal/CT00007.png,data/raw/ct_images/normal/CT00029.png,ct,normal,normal,6,5,Visually Similar,Retain - Shows Structural Variation
data/raw/ct_images/normal/CT00007.png,data/raw/ct_images/normal/CT00030.png,ct,normal,normal,3,3,Near Duplicate,Document & Evaluate Similarity Threshold
data/raw/ct_images/normal/CT00007.png,data/raw/ct_images/normal/CT00032.png,ct,normal,normal,3,4,Near Duplicate,Document & Evaluate Similarity Threshold
data/raw/ct_images/normal/CT00007.png,data/raw/ct_images/normal/CT00034.png,ct,normal,normal,4,5,Near Duplicate,Document & Evaluate Similarity Threshold
data/raw/ct_images/normal/CT00007.png,data/raw/ct_images/normal/CT00039.png,ct,normal,normal,4,4,Near Duplicate,Document & Evaluate Similarity Threshold
data/raw/ct_images/normal/CT00007.png,data/raw/ct_images/normal/CT00041.png,ct,normal,normal,3,5,Near Duplicate,Document & Evaluate Similarity Threshold
data/raw/ct_images/normal/CT00007.png,data/raw/ct_images/normal/CT00043.png,ct,normal,normal,3,4,Near Duplicate,Document & Evaluate Similarity Threshold
data/raw/ct_images/normal/CT00007.png,data/raw/ct_images/normal/CT00045.png,ct,normal,normal,3,2,Near Duplicate,Document & Evaluate Similarity Threshold
data/raw/ct_images/normal/CT00007.png,data/raw/ct_images/normal/CT00046.png,ct,normal,normal,5,4,Visually Similar,Retain - Shows Structural Variation
data/raw/ct_images/normal/CT00007.png,data/raw/ct_images/normal/CT00048.png,ct,normal,normal,3,2,Near Duplicate,Document & Evaluate Similarity Threshold
data/raw/ct_images/normal/CT00007.png,data/raw/ct_images/normal/CT00050.png,ct,normal,normal,3,5,Near Duplicate,Document & Evaluate Similarity Threshold
data/raw/ct_images/normal/CT00007.png,data/raw/ct_images/normal/CT00051.png,ct,normal,normal,1,2,Near Duplicate,Document & Evaluate Similarity Threshold
data/raw/ct_images/normal/CT00007.png,data/raw/ct_images/normal/CT00052.png,ct,normal,normal,2,2,Near Duplicate,Document & Evaluate Similarity Threshold
data/raw/ct_images/normal/CT00007.png,data/raw/ct_images/normal/CT00053.png,ct,normal,normal,6,5,Visually Similar,Retain - Shows Structural Variation
data/raw/ct_images/normal/CT00007.png,data/raw/ct_images/normal/CT00054.png,ct,normal,normal,4,2,Near Duplicate,Document & Evaluate Similarity Threshold
data/raw/ct_images/normal/CT00007.png,data/raw/ct_images/normal/CT00055.png,ct,normal,normal,5,5,Visually Similar,Retain - Shows Structural Variation
data/raw/ct_images/normal/CT00007.png,data/raw/ct_images/normal/CT00057.png,ct,normal,normal,3,4,Near Duplicate,Document & Evaluate Similarity Threshold
data/raw/ct_images/normal/CT00007.png,data/raw/ct_images/normal/CT00061.png,ct,normal,normal,3,3,Near Duplicate,Document & Evaluate Similarity Threshold
data/raw/ct_images/normal/CT00007.png,data/raw/ct_images/normal/CT00062.png,ct,normal,normal,5,6,Visually Similar,Retain - Shows Structural Variation
data/raw/ct_images/normal/CT00007.png,data/raw/ct_images/normal/CT00063.png,ct,normal,normal,3,4,Near Duplicate,Document & Evaluate Similarity Threshold
data/raw/ct_images/normal/CT00007.png,data/raw/ct_images/tumor/CT00068.png,ct,normal,tumor,6,7,Visually Similar,Retain - Shows Structural Variation
data/raw/ct_images/normal/CT00007.png,data/raw/ct_images/tumor/CT00085.png,ct,normal,tumor,9,8,Visually Similar,Retain - Shows Structural Variation
data/raw/ct_images/normal/CT00007.png,data/raw/ct_images/tumor/CT00116.png,ct,normal,tumor,10,8,Visually Similar,Retain - Shows Structural Variation
data/raw/ct_images/normal/CT00007.png,data/raw/ct_images/tumor/CT00121.png,ct,normal,tumor,9,10,Visually Similar,Retain - Shows Structural Variation
data/raw/ct_images/normal/CT00008.png,data/raw/ct_images/normal/CT00009.png,ct,normal,normal,2,1,Near Duplicate,Document & Evaluate Similarity Threshold
data/raw/ct_images/normal/CT00008.png,data/raw/ct_images/normal/CT00010.png,ct,normal,normal,4,6,Near Duplicate,Document & Evaluate Similarity Threshold
data/raw/ct_images/normal/CT00008.png,data/raw/ct_images/normal/CT00013.png,ct,normal,normal,1,0,Near Duplicate,Document & Evaluate Similarity Threshold
data/raw/ct_images/normal/CT00008.png,data/raw/ct_images/normal/CT00016.png,ct,normal,normal,5,4,Visually Similar,Retain - Shows Structural Variation
data/raw/ct_images/normal/CT00008.png,data/raw/ct_images/normal/CT00017.png,ct,normal,normal,1,1,Near Duplicate,Document & Evaluate Similarity Threshold
data/raw/ct_images/normal/CT00008.png,data/raw/ct_images/normal/CT00022.png,ct,normal,normal,0,0,Exact Duplicate,Keep Representative / Purge Duplicate
data/raw/ct_images/normal/CT00008.png,data/raw/ct_images/normal/CT00026.png,ct,normal,normal,2,3,Near Duplicate,Document & Evaluate Similarity Threshold
data/raw/ct_images/normal/CT00008.png,data/raw/ct_images/normal/CT00027.png,ct,normal,normal,2,1,Near Duplicate,Document & Evaluate Similarity Threshold
data/raw/ct_images/normal/CT00008.png,data/raw/ct_images/normal/CT00028.png,ct,normal,normal,2,6,Near Duplicate,Document & Evaluate Similarity Threshold
data/raw/ct_images/normal/CT00008.png,data/raw/ct_images/normal/CT00029.png,ct,normal,normal,1,2,Near Duplicate,Document & Evaluate Similarity Threshold
data/raw/ct_images/normal/CT00008.png,data/raw/ct_images/normal/CT00030.png,ct,normal,normal,2,4,Near Duplicate,Document & Evaluate Similarity Threshold
data/raw/ct_images/normal/CT00008.png,data/raw/ct_images/normal/CT00032.png,ct,normal,normal,2,1,Near Duplicate,Document & Evaluate Similarity Threshold
data/raw/ct_images/normal/CT00008.png,data/raw/ct_images/normal/CT00034.png,ct,normal,normal,9,8,Visually Similar,Retain - Shows Structural Variation
data/raw/ct_images/normal/CT00008.png,data/raw/ct_images/normal/CT00039.png,ct,normal,normal,3,1,Near Duplicate,Document & Evaluate Similarity Threshold
data/raw/ct_images/normal/CT00008.png,data/raw/ct_images/normal/CT00041.png,ct,normal,normal,2,4,Near Duplicate,Document & Evaluate Similarity Threshold
data/raw/ct_images/normal/CT00008.png,data/raw/ct_images/normal/CT00043.png,ct,normal,normal,2,1,Near Duplicate,Document & Evaluate Similarity Threshold
data/raw/ct_images/normal/CT00008.png,data/raw/ct_images/normal/CT00045.png,ct,normal,normal,2,3,Near Duplicate,Document & Evaluate Similarity Threshold
data/raw/ct_images/normal/CT00008.png,data/raw/ct_images/normal/CT00046.png,ct,normal,normal,0,1,Exact Duplicate,Keep Representative / Purge Duplicate
data/raw/ct_images/normal/CT00008.png,data/raw/ct_images/normal/CT00048.png,ct,normal,normal,2,3,Near Duplicate,Document & Evaluate Similarity Threshold
data/raw/ct_images/normal/CT00008.png,data/raw/ct_images/normal/CT00050.png,ct,normal,normal,2,4,Near Duplicate,Document & Evaluate Similarity Threshold
data/raw/ct_images/normal/CT00008.png,data/raw/ct_images/normal/CT00051.png,ct,normal,normal,4,3,Near Duplicate,Document & Evaluate Similarity Threshold
data/raw/ct_images/normal/CT00008.png,data/raw/ct_images/normal/CT00052.png,ct,normal,normal,5,3,Visually Similar,Retain - Shows Structural Variation
data/raw/ct_images/normal/CT00008.png,data/raw/ct_images/normal/CT00053.png,ct,normal,normal,1,0,Near Duplicate,Document & Evaluate Similarity Threshold
data/raw/ct_images/normal/CT00008.png,data/raw/ct_images/normal/CT00054.png,ct,normal,normal,5,3,Visually Similar,Retain - Shows Structural Variation
data/raw/ct_images/normal/CT00008.png,data/raw/ct_images/normal/CT00055.png,ct,normal,normal,0,2,Exact Duplicate,Keep Representative / Purge Duplicate
data/raw/ct_images/normal/CT00008.png,data/raw/ct_images/normal/CT00057.png,ct,normal,normal,2,3,Near Duplicate,Document & Evaluate Similarity Threshold
data/raw/ct_images/normal/CT00008.png,data/raw/ct_images/normal/CT00061.png,ct,normal,normal,2,2,Near Duplicate,Document & Evaluate Similarity Threshold
data/raw/ct_images/normal/CT00008.png,data/raw/ct_images/normal/CT00062.png,ct,normal,normal,2,5,Near Duplicate,Document & Evaluate Similarity Threshold
data/raw/ct_images/normal/CT00008.png,data/raw/ct_images/normal/CT00063.png,ct,normal,normal,2,3,Near Duplicate,Document & Evaluate Similarity Threshold
data/raw/ct_images/normal/CT00008.png,data/raw/ct_images/tumor/CT00068.png,ct,normal,tumor,7,8,Visually Similar,Retain - Shows Structural Variation
data/raw/ct_images/normal/CT00008.png,data/raw/ct_images/tumor/CT00085.png,ct,normal,tumor,10,9,Visually Similar,Retain - Shows Structural Variation
data/raw/ct_images/normal/CT00008.png,data/raw/ct_images/tumor/CT00116.png,ct,normal,tumor,7,5,Visually Similar,Retain - Shows Structural Variation
data/raw/ct_images/normal/CT00008.png,data/raw/ct_images/tumor/CT00121.png,ct,normal,tumor,10,7,Visually Similar,Retain - Shows Structural Variation
data/raw/ct_images/normal/CT00009.png,data/raw/ct_images/normal/CT00010.png,ct,normal,normal,2,5,Near Duplicate,Document & Evaluate Similarity Threshold
data/raw/ct_images/normal/CT00009.png,data/raw/ct_images/normal/CT00013.png,ct,normal,normal,3,1,Near Duplicate,Document & Evaluate Similarity Threshold
data/raw/ct_images/normal/CT00009.png,data/raw/ct_images/normal/CT00016.png,ct,normal,normal,3,3,Near Duplicate,Document & Evaluate Similarity Threshold
data/raw/ct_images/normal/CT00009.png,data/raw/ct_images/normal/CT00017.png,ct,normal,normal,3,2,Near Duplicate,Document & Evaluate Similarity Threshold
data/raw/ct_images/normal/CT00009.png,data/raw/ct_images/normal/CT00022.png,ct,normal,normal,2,1,Near Duplicate,Document & Evaluate Similarity Threshold
data/raw/ct_images/normal/CT00009.png,data/raw/ct_images/normal/CT00026.png,ct,normal,normal,2,2,Near Duplicate,Document & Evaluate Similarity Threshold
data/raw/ct_images/normal/CT00009.png,data/raw/ct_images/normal/CT00027.png,ct,normal,normal,0,0,Exact Duplicate,Keep Representative / Purge Duplicate
data/raw/ct_images/normal/CT00009.png,data/raw/ct_images/normal/CT00028.png,ct,normal,normal,2,5,Near Duplicate,Document & Evaluate Similarity Threshold
data/raw/ct_images/normal/CT00009.png,data/raw/ct_images/normal/CT00029.png,ct,normal,normal,3,1,Near Duplicate,Document & Evaluate Similarity Threshold
data/raw/ct_images/normal/CT00009.png,data/raw/ct_images/normal/CT00030.png,ct,normal,normal,0,3,Exact Duplicate,Keep Representative / Purge Duplicate
data/raw/ct_images/normal/CT00009.png,data/raw/ct_images/normal/CT00032.png,ct,normal,normal,0,0,Exact Duplicate,Keep Representative / Purge Duplicate
data/raw/ct_images/normal/CT00009.png,data/raw/ct_images/normal/CT00034.png,ct,normal,normal,7,7,Visually Similar,Retain - Shows Structural Variation
data/raw/ct_images/normal/CT00009.png,data/raw/ct_images/normal/CT00039.png,ct,normal,normal,1,0,Near Duplicate,Document & Evaluate Similarity Threshold
data/raw/ct_images/normal/CT00009.png,data/raw/ct_images/normal/CT00041.png,ct,normal,normal,0,3,Exact Duplicate,Keep Representative / Purge Duplicate
data/raw/ct_images/normal/CT00009.png,data/raw/ct_images/normal/CT00043.png,ct,normal,normal,0,0,Exact Duplicate,Keep Representative / Purge Duplicate
data/raw/ct_images/normal/CT00009.png,data/raw/ct_images/normal/CT00045.png,ct,normal,normal,0,2,Exact Duplicate,Keep Representative / Purge Duplicate
data/raw/ct_images/normal/CT00009.png,data/raw/ct_images/normal/CT00046.png,ct,normal,normal,2,0,Near Duplicate,Document & Evaluate Similarity Threshold
data/raw/ct_images/normal/CT00009.png,data/raw/ct_images/normal/CT00048.png,ct,normal,normal,0,2,Exact Duplicate,Keep Representative / Purge Duplicate
data/raw/ct_images/normal/CT00009.png,data/raw/ct_images/normal/CT00050.png,ct,normal,normal,0,3,Exact Duplicate,Keep Representative / Purge Duplicate
data/raw/ct_images/normal/CT00009.png,data/raw/ct_images/normal/CT00051.png,ct,normal,normal,2,2,Near Duplicate,Document & Evaluate Similarity Threshold
data/raw/ct_images/normal/CT00009.png,data/raw/ct_images/normal/CT00052.png,ct,normal,normal,3,2,Near Duplicate,Document & Evaluate Similarity Threshold
data/raw/ct_images/normal/CT00009.png,data/raw/ct_images/normal/CT00053.png,ct,normal,normal,3,1,Near Duplicate,Document & Evaluate Similarity Threshold
data/raw/ct_images/normal/CT00009.png,data/raw/ct_images/normal/CT00054.png,ct,normal,normal,3,2,Near Duplicate,Document & Evaluate Similarity Threshold
data/raw/ct_images/normal/CT00009.png,data/raw/ct_images/normal/CT00055.png,ct,normal,normal,2,1,Near Duplicate,Document & Evaluate Similarity Threshold
data/raw/ct_images/normal/CT00009.png,data/raw/ct_images/normal/CT00057.png,ct,normal,normal,2,2,Near Duplicate,Document & Evaluate Similarity Threshold
data/raw/ct_images/normal/CT00009.png,data/raw/ct_images/normal/CT00061.png,ct,normal,normal,0,1,Exact Duplicate,Keep Representative / Purge Duplicate
data/raw/ct_images/normal/CT00009.png,data/raw/ct_images/normal/CT00062.png,ct,normal,normal,2,4,Near Duplicate,Document & Evaluate Similarity Threshold
data/raw/ct_images/normal/CT00009.png,data/raw/ct_images/normal/CT00063.png,ct,normal,normal,0,2,Exact Duplicate,Keep Representative / Purge Duplicate
data/raw/ct_images/normal/CT00009.png,data/raw/ct_images/progression/CT00148.png,ct,normal,progression,10,8,Visually Similar,Retain - Shows Structural Variation
data/raw/ct_images/normal/CT00009.png,data/raw/ct_images/tumor/CT00068.png,ct,normal,tumor,5,7,Visually Similar,Retain - Shows Structural Variation
data/raw/ct_images/normal/CT00009.png,data/raw/ct_images/tumor/CT00085.png,ct,normal,tumor,8,8,Visually Similar,Retain - Shows Structural Variation
data/raw/ct_images/normal/CT00009.png,data/raw/ct_images/tumor/CT00087.png,ct,normal,tumor,10,6,Visually Similar,Retain - Shows Structural Variation
data/raw/ct_images/normal/CT00009.png,data/raw/ct_images/tumor/CT00112.png,ct,normal,tumor,10,6,Visually Similar,Retain - Shows Structural Variation
data/raw/ct_images/normal/CT00009.png,data/raw/ct_images/tumor/CT00116.png,ct,normal,tumor,7,4,Visually Similar,Retain - Shows Structural Variation
data/raw/ct_images/normal/CT00009.png,data/raw/ct_images/tumor/CT00121.png,ct,normal,tumor,10,6,Visually Similar,Retain - Shows Structural Variation
data/raw/ct_images/normal/CT00010.png,data/raw/ct_images/normal/CT00013.png,ct,normal,normal,5,6,Visually Similar,Retain - Shows Structural Variation
data/raw/ct_images/normal/CT00010.png,data/raw/ct_images/normal/CT00016.png,ct,normal,normal,1,2,Near Duplicate,Document & Evaluate Similarity Threshold
data/raw/ct_images/normal/CT00010.png,data/raw/ct_images/normal/CT00017.png,ct,normal,normal,5,7,Visually Similar,Retain - Shows Structural Variation
data/raw/ct_images/normal/CT00010.png,data/raw/ct_images/normal/CT00022.png,ct,normal,normal,4,6,Near Duplicate,Document & Evaluate Similarity Threshold
data/raw/ct_images/normal/CT00010.png,data/raw/ct_images/normal/CT00026.png,ct,normal,normal,4,7,Near Duplicate,Document & Evaluate Similarity Threshold
data/raw/ct_images/normal/CT00010.png,data/raw/ct_images/normal/CT00027.png,ct,normal,normal,2,5,Near Duplicate,Document & Evaluate Similarity Threshold
data/raw/ct_images/normal/CT00010.png,data/raw/ct_images/normal/CT00028.png,ct,normal,normal,2,0,Near Duplicate,Document & Evaluate Similarity Threshold
data/raw/ct_images/normal/CT00010.png,data/raw/ct_images/normal/CT00029.png,ct,normal,normal,5,6,Visually Similar,Retain - Shows Structural Variation
data/raw/ct_images/normal/CT00010.png,data/raw/ct_images/normal/CT00030.png,ct,normal,normal,2,4,Near Duplicate,Document & Evaluate Similarity Threshold
data/raw/ct_images/normal/CT00010.png,data/raw/ct_images/normal/CT00032.png,ct,normal,normal,2,5,Near Duplicate,Document & Evaluate Similarity Threshold
data/raw/ct_images/normal/CT00010.png,data/raw/ct_images/normal/CT00034.png,ct,normal,normal,5,2,Visually Similar,Retain - Shows Structural Variation
data/raw/ct_images/normal/CT00010.png,data/raw/ct_images/normal/CT00039.png,ct,normal,normal,3,5,Near Duplicate,Document & Evaluate Similarity Threshold
data/raw/ct_images/normal/CT00010.png,data/raw/ct_images/normal/CT00041.png,ct,normal,normal,2,6,Near Duplicate,Document & Evaluate Similarity Threshold
data/raw/ct_images/normal/CT00010.png,data/raw/ct_images/normal/CT00043.png,ct,normal,normal,2,5,Near Duplicate,Document & Evaluate Similarity Threshold
data/raw/ct_images/normal/CT00010.png,data/raw/ct_images/normal/CT00045.png,ct,normal,normal,2,3,Near Duplicate,Document & Evaluate Similarity Threshold
data/raw/ct_images/normal/CT00010.png,data/raw/ct_images/normal/CT00046.png,ct,normal,normal,4,5,Near Duplicate,Document & Evaluate Similarity Threshold
data/raw/ct_images/normal/CT00010.png,data/raw/ct_images/normal/CT00048.png,ct,normal,normal,2,3,Near Duplicate,Document & Evaluate Similarity Threshold
data/raw/ct_images/normal/CT00010.png,data/raw/ct_images/normal/CT00050.png,ct,normal,normal,2,6,Near Duplicate,Document & Evaluate Similarity Threshold
data/raw/ct_images/normal/CT00010.png,data/raw/ct_images/normal/CT00051.png,ct,normal,normal,0,5,Exact Duplicate,Keep Representative / Purge Duplicate
data/raw/ct_images/normal/CT00010.png,data/raw/ct_images/normal/CT00052.png,ct,normal,normal,3,3,Near Duplicate,Document & Evaluate Similarity Threshold
data/raw/ct_images/normal/CT00010.png,data/raw/ct_images/normal/CT00053.png,ct,normal,normal,5,6,Visually Similar,Retain - Shows Structural Variation
data/raw/ct_images/normal/CT00010.png,data/raw/ct_images/normal/CT00054.png,ct,normal,normal,5,3,Visually Similar,Retain - Shows Structural Variation
data/raw/ct_images/normal/CT00010.png,data/raw/ct_images/normal/CT00055.png,ct,normal,normal,4,6,Near Duplicate,Document & Evaluate Similarity Threshold
data/raw/ct_images/normal/CT00010.png,data/raw/ct_images/normal/CT00057.png,ct,normal,normal,2,3,Near Duplicate,Document & Evaluate Similarity Threshold
data/raw/ct_images/normal/CT00010.png,data/raw/ct_images/normal/CT00061.png,ct,normal,normal,2,4,Near Duplicate,Document & Evaluate Similarity Threshold
data/raw/ct_images/normal/CT00010.png,data/raw/ct_images/normal/CT00062.png,ct,normal,normal,4,7,Near Duplicate,Document & Evaluate Similarity Threshold
data/raw/ct_images/normal/CT00010.png,data/raw/ct_images/normal/CT00063.png,ct,normal,normal,2,3,Near Duplicate,Document & Evaluate Similarity Threshold
data/raw/ct_images/normal/CT00010.png,data/raw/ct_images/tumor/CT00068.png,ct,normal,tumor,5,6,Visually Similar,Retain - Shows Structural Variation
data/raw/ct_images/normal/CT00010.png,data/raw/ct_images/tumor/CT00085.png,ct,normal,tumor,8,7,Visually Similar,Retain - Shows Structural Variation
data/raw/ct_images/normal/CT00010.png,data/raw/ct_images/tumor/CT00116.png,ct,normal,tumor,9,7,Visually Similar,Retain - Shows Structural Variation
data/raw/ct_images/normal/CT00010.png,data/raw/ct_images/tumor/CT00121.png,ct,normal,tumor,8,9,Visually Similar,Retain - Shows Structural Variation
data/raw/ct_images/normal/CT00011.png,data/raw/ct_images/normal/CT00012.png,ct,normal,normal,0,3,Exact Duplicate,Keep Representative / Purge Duplicate
data/raw/ct_images/normal/CT00011.png,data/raw/ct_images/normal/CT00014.png,ct,normal,normal,0,2,Exact Duplicate,Keep Representative / Purge Duplicate
data/raw/ct_images/normal/CT00011.png,data/raw/ct_images/normal/CT00015.png,ct,normal,normal,2,3,Near Duplicate,Document & Evaluate Similarity Threshold
data/raw/ct_images/normal/CT00011.png,data/raw/ct_images/normal/CT00018.png,ct,normal,normal,4,3,Near Duplicate,Document & Evaluate Similarity Threshold
data/raw/ct_images/normal/CT00011.png,data/raw/ct_images/normal/CT00019.png,ct,normal,normal,4,4,Near Duplicate,Document & Evaluate Similarity Threshold
data/raw/ct_images/normal/CT00011.png,data/raw/ct_images/normal/CT00020.png,ct,normal,normal,4,2,Near Duplicate,Document & Evaluate Similarity Threshold
data/raw/ct_images/normal/CT00011.png,data/raw/ct_images/normal/CT00021.png,ct,normal,normal,2,4,Near Duplicate,Document & Evaluate Similarity Threshold
data/raw/ct_images/normal/CT00011.png,data/raw/ct_images/normal/CT00023.png,ct,normal,normal,0,3,Exact Duplicate,Keep Representative / Purge Duplicate
data/raw/ct_images/normal/CT00011.png,data/raw/ct_images/normal/CT00024.png,ct,normal,normal,2,4,Near Duplicate,Document & Evaluate Similarity Threshold
data/raw/ct_images/normal/CT00011.png,data/raw/ct_images/normal/CT00025.png,ct,normal,normal,2,3,Near Duplicate,Document & Evaluate Similarity Threshold
data/raw/ct_images/normal/CT00011.png,data/raw/ct_images/normal/CT00031.png,ct,normal,normal,2,5,Near Duplicate,Document & Evaluate Similarity Threshold
data/raw/ct_images/normal/CT00011.png,data/raw/ct_images/normal/CT00033.png,ct,normal,normal,5,3,Visually Similar,Retain - Shows Structural Variation
data/raw/ct_images/normal/CT00011.png,data/raw/ct_images/normal/CT00035.png,ct,normal,normal,2,1,Near Duplicate,Document & Evaluate Similarity Threshold
data/raw/ct_images/normal/CT00011.png,data/raw/ct_images/normal/CT00036.png,ct,normal,normal,5,7,Visually Similar,Retain - Shows Structural Variation
data/raw/ct_images/normal/CT00011.png,data/raw/ct_images/normal/CT00037.png,ct,normal,normal,2,1,Near Duplicate,Document & Evaluate Similarity Threshold
data/raw/ct_images/normal/CT00011.png,data/raw/ct_images/normal/CT00038.png,ct,normal,normal,2,0,Near Duplicate,Document & Evaluate Similarity Threshold
data/raw/ct_images/normal/CT00011.png,data/raw/ct_images/normal/CT00040.png,ct,normal,normal,5,4,Visually Similar,Retain - Shows Structural Variation
data/raw/ct_images/normal/CT00011.png,data/raw/ct_images/normal/CT00042.png,ct,normal,normal,2,4,Near Duplicate,Document & Evaluate Similarity Threshold
data/raw/ct_images/normal/CT00011.png,data/raw/ct_images/normal/CT00044.png,ct,normal,normal,2,1,Near Duplicate,Document & Evaluate Similarity Threshold
data/raw/ct_images/normal/CT00011.png,data/raw/ct_images/normal/CT00047.png,ct,normal,normal,2,3,Near Duplicate,Document & Evaluate Similarity Threshold
data/raw/ct_images/normal/CT00011.png,data/raw/ct_images/normal/CT00049.png,ct,normal,normal,5,4,Visually Similar,Retain - Shows Structural Variation
data/raw/ct_images/normal/CT00011.png,data/raw/ct_images/normal/CT00056.png,ct,normal,normal,2,2,Near Duplicate,Document & Evaluate Similarity Threshold
data/raw/ct_images/normal/CT00011.png,data/raw/ct_images/normal/CT00058.png,ct,normal,normal,2,6,Near Duplicate,Document & Evaluate Similarity Threshold
data/raw/ct_images/normal/CT00011.png,data/raw/ct_images/normal/CT00059.png,ct,normal,normal,2,1,Near Duplicate,Document & Evaluate Similarity Threshold
data/raw/ct_images/normal/CT00011.png,data/raw/ct_images/normal/CT00060.png,ct,normal,normal,1,4,Near Duplicate,Document & Evaluate Similarity Threshold
data/raw/ct_images/normal/CT00011.png,data/raw/ct_images/normal/CT00064.png,ct,normal,normal,5,4,Visually Similar,Retain - Shows Structural Variation
data/raw/ct_images/normal/CT00011.png,data/raw/ct_images/normal/CT00065.png,ct,normal,normal,4,3,Near Duplicate,Document & Evaluate Similarity Threshold
data/raw/ct_images/normal/CT00011.png,data/raw/ct_images/tumor/CT00074.png,ct,normal,tumor,7,5,Visually Similar,Retain - Shows Structural Variation
data/raw/ct_images/normal/CT00011.png,data/raw/ct_images/tumor/CT00095.png,ct,normal,tumor,9,3,Visually Similar,Retain - Shows Structural Variation
data/raw/ct_images/normal/CT00011.png,data/raw/ct_images/tumor/CT00132.png,ct,normal,tumor,9,6,Visually Similar,Retain - Shows Structural Variation
data/raw/ct_images/normal/CT00012.png,data/raw/ct_images/normal/CT00014.png,ct,normal,normal,0,5,Exact Duplicate,Keep Representative / Purge Duplicate
data/raw/ct_images/normal/CT00012.png,data/raw/ct_images/normal/CT00015.png,ct,normal,normal,2,0,Near Duplicate,Document & Evaluate Similarity Threshold
data/raw/ct_images/normal/CT00012.png,data/raw/ct_images/normal/CT00018.png,ct,normal,normal,4,2,Near Duplicate,Document & Evaluate Similarity Threshold
data/raw/ct_images/normal/CT00012.png,data/raw/ct_images/normal/CT00019.png,ct,normal,normal,4,3,Near Duplicate,Document & Evaluate Similarity Threshold
data/raw/ct_images/normal/CT00012.png,data/raw/ct_images/normal/CT00020.png,ct,normal,normal,4,1,Near Duplicate,Document & Evaluate Similarity Threshold
data/raw/ct_images/normal/CT00012.png,data/raw/ct_images/normal/CT00021.png,ct,normal,normal,2,1,Near Duplicate,Document & Evaluate Similarity Threshold
data/raw/ct_images/normal/CT00012.png,data/raw/ct_images/normal/CT00023.png,ct,normal,normal,0,6,Exact Duplicate,Keep Representative / Purge Duplicate
data/raw/ct_images/normal/CT00012.png,data/raw/ct_images/normal/CT00024.png,ct,normal,normal,2,7,Near Duplicate,Document & Evaluate Similarity Threshold
data/raw/ct_images/normal/CT00012.png,data/raw/ct_images/normal/CT00025.png,ct,normal,normal,2,2,Near Duplicate,Document & Evaluate Similarity Threshold
data/raw/ct_images/normal/CT00012.png,data/raw/ct_images/normal/CT00031.png,ct,normal,normal,2,2,Near Duplicate,Document & Evaluate Similarity Threshold
data/raw/ct_images/normal/CT00012.png,data/raw/ct_images/normal/CT00033.png,ct,normal,normal,5,2,Visually Similar,Retain - Shows Structural Variation
data/raw/ct_images/normal/CT00012.png,data/raw/ct_images/normal/CT00035.png,ct,normal,normal,2,2,Near Duplicate,Document & Evaluate Similarity Threshold
data/raw/ct_images/normal/CT00012.png,data/raw/ct_images/normal/CT00036.png,ct,normal,normal,5,4,Visually Similar,Retain - Shows Structural Variation
data/raw/ct_images/normal/CT00012.png,data/raw/ct_images/normal/CT00037.png,ct,normal,normal,2,4,Near Duplicate,Document & Evaluate Similarity Threshold
data/raw/ct_images/normal/CT00012.png,data/raw/ct_images/normal/CT00038.png,ct,normal,normal,2,3,Near Duplicate,Document & Evaluate Similarity Threshold
data/raw/ct_images/normal/CT00012.png,data/raw/ct_images/normal/CT00040.png,ct,normal,normal,5,1,Visually Similar,Retain - Shows Structural Variation
data/raw/ct_images/normal/CT00012.png,data/raw/ct_images/normal/CT00042.png,ct,normal,normal,2,1,Near Duplicate,Document & Evaluate Similarity Threshold
data/raw/ct_images/normal/CT00012.png,data/raw/ct_images/normal/CT00044.png,ct,normal,normal,2,2,Near Duplicate,Document & Evaluate Similarity Threshold
data/raw/ct_images/normal/CT00012.png,data/raw/ct_images/normal/CT00047.png,ct,normal,normal,2,0,Near Duplicate,Document & Evaluate Similarity Threshold
data/raw/ct_images/normal/CT00012.png,data/raw/ct_images/normal/CT00049.png,ct,normal,normal,5,1,Visually Similar,Retain - Shows Structural Variation
data/raw/ct_images/normal/CT00012.png,data/raw/ct_images/normal/CT00056.png,ct,normal,normal,2,3,Near Duplicate,Document & Evaluate Similarity Threshold
data/raw/ct_images/normal/CT00012.png,data/raw/ct_images/normal/CT00058.png,ct,normal,normal,2,3,Near Duplicate,Document & Evaluate Similarity Threshold
data/raw/ct_images/normal/CT00012.png,data/raw/ct_images/normal/CT00059.png,ct,normal,normal,2,2,Near Duplicate,Document & Evaluate Similarity Threshold
data/raw/ct_images/normal/CT00012.png,data/raw/ct_images/normal/CT00060.png,ct,normal,normal,1,7,Near Duplicate,Document & Evaluate Similarity Threshold
data/raw/ct_images/normal/CT00012.png,data/raw/ct_images/normal/CT00064.png,ct,normal,normal,5,1,Visually Similar,Retain - Shows Structural Variation
data/raw/ct_images/normal/CT00012.png,data/raw/ct_images/normal/CT00065.png,ct,normal,normal,4,2,Near Duplicate,Document & Evaluate Similarity Threshold
data/raw/ct_images/normal/CT00012.png,data/raw/ct_images/tumor/CT00074.png,ct,normal,tumor,7,6,Visually Similar,Retain - Shows Structural Variation
data/raw/ct_images/normal/CT00012.png,data/raw/ct_images/tumor/CT00095.png,ct,normal,tumor,9,2,Visually Similar,Retain - Shows Structural Variation
data/raw/ct_images/normal/CT00012.png,data/raw/ct_images/tumor/CT00132.png,ct,normal,tumor,9,7,Visually Similar,Retain - Shows Structural Variation
data/raw/ct_images/normal/CT00013.png,data/raw/ct_images/normal/CT00016.png,ct,normal,normal,6,4,Visually Similar,Retain - Shows Structural Variation
data/raw/ct_images/normal/CT00013.png,data/raw/ct_images/normal/CT00017.png,ct,normal,normal,2,1,Near Duplicate,Document & Evaluate Similarity Threshold
data/raw/ct_images/normal/CT00013.png,data/raw/ct_images/normal/CT00022.png,ct,normal,normal,1,0,Near Duplicate,Document & Evaluate Similarity Threshold
data/raw/ct_images/normal/CT00013.png,data/raw/ct_images/normal/CT00026.png,ct,normal,normal,3,3,Near Duplicate,Document & Evaluate Similarity Threshold
data/raw/ct_images/normal/CT00013.png,data/raw/ct_images/normal/CT00027.png,ct,normal,normal,3,1,Near Duplicate,Document & Evaluate Similarity Threshold
data/raw/ct_images/normal/CT00013.png,data/raw/ct_images/normal/CT00028.png,ct,normal,normal,3,6,Near Duplicate,Document & Evaluate Similarity Threshold
data/raw/ct_images/normal/CT00013.png,data/raw/ct_images/normal/CT00029.png,ct,normal,normal,0,2,Exact Duplicate,Keep Representative / Purge Duplicate
data/raw/ct_images/normal/CT00013.png,data/raw/ct_images/normal/CT00030.png,ct,normal,normal,3,4,Near Duplicate,Document & Evaluate Similarity Threshold
data/raw/ct_images/normal/CT00013.png,data/raw/ct_images/normal/CT00032.png,ct,normal,normal,3,1,Near Duplicate,Document & Evaluate Similarity Threshold
data/raw/ct_images/normal/CT00013.png,data/raw/ct_images/normal/CT00034.png,ct,normal,normal,10,8,Visually Similar,Retain - Shows Structural Variation
data/raw/ct_images/normal/CT00013.png,data/raw/ct_images/normal/CT00039.png,ct,normal,normal,4,1,Near Duplicate,Document & Evaluate Similarity Threshold
data/raw/ct_images/normal/CT00013.png,data/raw/ct_images/normal/CT00041.png,ct,normal,normal,3,4,Near Duplicate,Document & Evaluate Similarity Threshold
data/raw/ct_images/normal/CT00013.png,data/raw/ct_images/normal/CT00043.png,ct,normal,normal,3,1,Near Duplicate,Document & Evaluate Similarity Threshold
data/raw/ct_images/normal/CT00013.png,data/raw/ct_images/normal/CT00045.png,ct,normal,normal,3,3,Near Duplicate,Document & Evaluate Similarity Threshold
data/raw/ct_images/normal/CT00013.png,data/raw/ct_images/normal/CT00046.png,ct,normal,normal,1,1,Near Duplicate,Document & Evaluate Similarity Threshold
data/raw/ct_images/normal/CT00013.png,data/raw/ct_images/normal/CT00048.png,ct,normal,normal,3,3,Near Duplicate,Document & Evaluate Similarity Threshold
data/raw/ct_images/normal/CT00013.png,data/raw/ct_images/normal/CT00050.png,ct,normal,normal,3,4,Near Duplicate,Document & Evaluate Similarity Threshold
data/raw/ct_images/normal/CT00013.png,data/raw/ct_images/normal/CT00051.png,ct,normal,normal,5,3,Visually Similar,Retain - Shows Structural Variation
data/raw/ct_images/normal/CT00013.png,data/raw/ct_images/normal/CT00052.png,ct,normal,normal,6,3,Visually Similar,Retain - Shows Structural Variation
data/raw/ct_images/normal/CT00013.png,data/raw/ct_images/normal/CT00053.png,ct,normal,normal,0,0,Exact Duplicate,Keep Representative / Purge Duplicate
data/raw/ct_images/normal/CT00013.png,data/raw/ct_images/normal/CT00054.png,ct,normal,normal,6,3,Visually Similar,Retain - Shows Structural Variation
data/raw/ct_images/normal/CT00013.png,data/raw/ct_images/normal/CT00055.png,ct,normal,normal,1,2,Near Duplicate,Document & Evaluate Similarity Threshold
data/raw/ct_images/normal/CT00013.png,data/raw/ct_images/normal/CT00057.png,ct,normal,normal,3,3,Near Duplicate,Document & Evaluate Similarity Threshold
data/raw/ct_images/normal/CT00013.png,data/raw/ct_images/normal/CT00061.png,ct,normal,normal,3,2,Near Duplicate,Document & Evaluate Similarity Threshold
data/raw/ct_images/normal/CT00013.png,data/raw/ct_images/normal/CT00062.png,ct,normal,normal,3,5,Near Duplicate,Document & Evaluate Similarity Threshold
data/raw/ct_images/normal/CT00013.png,data/raw/ct_images/normal/CT00063.png,ct,normal,normal,3,3,Near Duplicate,Document & Evaluate Similarity Threshold
data/raw/ct_images/normal/CT00013.png,data/raw/ct_images/tumor/CT00068.png,ct,normal,tumor,8,8,Visually Similar,Retain - Shows Structural Variation
data/raw/ct_images/normal/CT00013.png,data/raw/ct_images/tumor/CT00116.png,ct,normal,tumor,8,5,Visually Similar,Retain - Shows Structural Variation
data/raw/ct_images/normal/CT00014.png,data/raw/ct_images/normal/CT00015.png,ct,normal,normal,2,5,Near Duplicate,Document & Evaluate Similarity Threshold
data/raw/ct_images/normal/CT00014.png,data/raw/ct_images/normal/CT00018.png,ct,normal,normal,4,5,Near Duplicate,Document & Evaluate Similarity Threshold
data/raw/ct_images/normal/CT00014.png,data/raw/ct_images/normal/CT00019.png,ct,normal,normal,4,6,Near Duplicate,Document & Evaluate Similarity Threshold
data/raw/ct_images/normal/CT00014.png,data/raw/ct_images/normal/CT00020.png,ct,normal,normal,4,4,Near Duplicate,Document & Evaluate Similarity Threshold
data/raw/ct_images/normal/CT00014.png,data/raw/ct_images/normal/CT00021.png,ct,normal,normal,2,6,Near Duplicate,Document & Evaluate Similarity Threshold
data/raw/ct_images/normal/CT00014.png,data/raw/ct_images/normal/CT00023.png,ct,normal,normal,0,1,Exact Duplicate,Keep Representative / Purge Duplicate
data/raw/ct_images/normal/CT00014.png,data/raw/ct_images/normal/CT00024.png,ct,normal,normal,2,2,Near Duplicate,Document & Evaluate Similarity Threshold
data/raw/ct_images/normal/CT00014.png,data/raw/ct_images/normal/CT00025.png,ct,normal,normal,2,5,Near Duplicate,Document & Evaluate Similarity Threshold
data/raw/ct_images/normal/CT00014.png,data/raw/ct_images/normal/CT00031.png,ct,normal,normal,2,7,Near Duplicate,Document & Evaluate Similarity Threshold
data/raw/ct_images/normal/CT00014.png,data/raw/ct_images/normal/CT00033.png,ct,normal,normal,5,5,Visually Similar,Retain - Shows Structural Variation
data/raw/ct_images/normal/CT00014.png,data/raw/ct_images/normal/CT00035.png,ct,normal,normal,2,3,Near Duplicate,Document & Evaluate Similarity Threshold
data/raw/ct_images/normal/CT00014.png,data/raw/ct_images/normal/CT00036.png,ct,normal,normal,5,9,Visually Similar,Retain - Shows Structural Variation
data/raw/ct_images/normal/CT00014.png,data/raw/ct_images/normal/CT00037.png,ct,normal,normal,2,1,Near Duplicate,Document & Evaluate Similarity Threshold
data/raw/ct_images/normal/CT00014.png,data/raw/ct_images/normal/CT00038.png,ct,normal,normal,2,2,Near Duplicate,Document & Evaluate Similarity Threshold
data/raw/ct_images/normal/CT00014.png,data/raw/ct_images/normal/CT00040.png,ct,normal,normal,5,6,Visually Similar,Retain - Shows Structural Variation
data/raw/ct_images/normal/CT00014.png,data/raw/ct_images/normal/CT00042.png,ct,normal,normal,2,6,Near Duplicate,Document & Evaluate Similarity Threshold
data/raw/ct_images/normal/CT00014.png,data/raw/ct_images/normal/CT00044.png,ct,normal,normal,2,3,Near Duplicate,Document & Evaluate Similarity Threshold
data/raw/ct_images/normal/CT00014.png,data/raw/ct_images/normal/CT00047.png,ct,normal,normal,2,5,Near Duplicate,Document & Evaluate Similarity Threshold
data/raw/ct_images/normal/CT00014.png,data/raw/ct_images/normal/CT00049.png,ct,normal,normal,5,6,Visually Similar,Retain - Shows Structural Variation
data/raw/ct_images/normal/CT00014.png,data/raw/ct_images/normal/CT00056.png,ct,normal,normal,2,4,Near Duplicate,Document & Evaluate Similarity Threshold
data/raw/ct_images/normal/CT00014.png,data/raw/ct_images/normal/CT00058.png,ct,normal,normal,2,8,Near Duplicate,Document & Evaluate Similarity Threshold
data/raw/ct_images/normal/CT00014.png,data/raw/ct_images/normal/CT00059.png,ct,normal,normal,2,3,Near Duplicate,Document & Evaluate Similarity Threshold
data/raw/ct_images/normal/CT00014.png,data/raw/ct_images/normal/CT00060.png,ct,normal,normal,1,2,Near Duplicate,Document & Evaluate Similarity Threshold
data/raw/ct_images/normal/CT00014.png,data/raw/ct_images/normal/CT00064.png,ct,normal,normal,5,6,Visually Similar,Retain - Shows Structural Variation
data/raw/ct_images/normal/CT00014.png,data/raw/ct_images/normal/CT00065.png,ct,normal,normal,4,5,Near Duplicate,Document & Evaluate Similarity Threshold
data/raw/ct_images/normal/CT00014.png,data/raw/ct_images/tumor/CT00074.png,ct,normal,tumor,7,5,Visually Similar,Retain - Shows Structural Variation
data/raw/ct_images/normal/CT00014.png,data/raw/ct_images/tumor/CT00095.png,ct,normal,tumor,9,5,Visually Similar,Retain - Shows Structural Variation
data/raw/ct_images/normal/CT00014.png,data/raw/ct_images/tumor/CT00132.png,ct,normal,tumor,9,4,Visually Similar,Retain - Shows Structural Variation
data/raw/ct_images/normal/CT00015.png,data/raw/ct_images/normal/CT00018.png,ct,normal,normal,2,2,Near Duplicate,Document & Evaluate Similarity Threshold
data/raw/ct_images/normal/CT00015.png,data/raw/ct_images/normal/CT00019.png,ct,normal,normal,4,3,Near Duplicate,Document & Evaluate Similarity Threshold
data/raw/ct_images/normal/CT00015.png,data/raw/ct_images/normal/CT00020.png,ct,normal,normal,2,1,Near Duplicate,Document & Evaluate Similarity Threshold
data/raw/ct_images/normal/CT00015.png,data/raw/ct_images/normal/CT00021.png,ct,normal,normal,4,1,Near Duplicate,Document & Evaluate Similarity Threshold
data/raw/ct_images/normal/CT00015.png,data/raw/ct_images/normal/CT00023.png,ct,normal,normal,2,6,Near Duplicate,Document & Evaluate Similarity Threshold
data/raw/ct_images/normal/CT00015.png,data/raw/ct_images/normal/CT00024.png,ct,normal,normal,4,7,Near Duplicate,Document & Evaluate Similarity Threshold
data/raw/ct_images/normal/CT00015.png,data/raw/ct_images/normal/CT00025.png,ct,normal,normal,2,2,Near Duplicate,Document & Evaluate Similarity Threshold
data/raw/ct_images/normal/CT00015.png,data/raw/ct_images/normal/CT00031.png,ct,normal,normal,4,2,Near Duplicate,Document & Evaluate Similarity Threshold
data/raw/ct_images/normal/CT00015.png,data/raw/ct_images/normal/CT00033.png,ct,normal,normal,7,2,Visually Similar,Retain - Shows Structural Variation
data/raw/ct_images/normal/CT00015.png,data/raw/ct_images/normal/CT00035.png,ct,normal,normal,4,2,Near Duplicate,Document & Evaluate Similarity Threshold
data/raw/ct_images/normal/CT00015.png,data/raw/ct_images/normal/CT00036.png,ct,normal,normal,3,4,Near Duplicate,Document & Evaluate Similarity Threshold
data/raw/ct_images/normal/CT00015.png,data/raw/ct_images/normal/CT00037.png,ct,normal,normal,4,4,Near Duplicate,Document & Evaluate Similarity Threshold
data/raw/ct_images/normal/CT00015.png,data/raw/ct_images/normal/CT00038.png,ct,normal,normal,2,3,Near Duplicate,Document & Evaluate Similarity Threshold
data/raw/ct_images/normal/CT00015.png,data/raw/ct_images/normal/CT00040.png,ct,normal,normal,3,1,Near Duplicate,Document & Evaluate Similarity Threshold
data/raw/ct_images/normal/CT00015.png,data/raw/ct_images/normal/CT00042.png,ct,normal,normal,4,1,Near Duplicate,Document & Evaluate Similarity Threshold
data/raw/ct_images/normal/CT00015.png,data/raw/ct_images/normal/CT00044.png,ct,normal,normal,0,2,Exact Duplicate,Keep Representative / Purge Duplicate
data/raw/ct_images/normal/CT00015.png,data/raw/ct_images/normal/CT00047.png,ct,normal,normal,2,0,Near Duplicate,Document & Evaluate Similarity Threshold
data/raw/ct_images/normal/CT00015.png,data/raw/ct_images/normal/CT00049.png,ct,normal,normal,3,1,Near Duplicate,Document & Evaluate Similarity Threshold
data/raw/ct_images/normal/CT00015.png,data/raw/ct_images/normal/CT00056.png,ct,normal,normal,4,3,Near Duplicate,Document & Evaluate Similarity Threshold
data/raw/ct_images/normal/CT00015.png,data/raw/ct_images/normal/CT00058.png,ct,normal,normal,4,3,Near Duplicate,Document & Evaluate Similarity Threshold
data/raw/ct_images/normal/CT00015.png,data/raw/ct_images/normal/CT00059.png,ct,normal,normal,2,2,Near Duplicate,Document & Evaluate Similarity Threshold
data/raw/ct_images/normal/CT00015.png,data/raw/ct_images/normal/CT00060.png,ct,normal,normal,3,7,Near Duplicate,Document & Evaluate Similarity Threshold
data/raw/ct_images/normal/CT00015.png,data/raw/ct_images/normal/CT00064.png,ct,normal,normal,3,1,Near Duplicate,Document & Evaluate Similarity Threshold
data/raw/ct_images/normal/CT00015.png,data/raw/ct_images/normal/CT00065.png,ct,normal,normal,2,2,Near Duplicate,Document & Evaluate Similarity Threshold
data/raw/ct_images/normal/CT00015.png,data/raw/ct_images/tumor/CT00074.png,ct,normal,tumor,7,6,Visually Similar,Retain - Shows Structural Variation
data/raw/ct_images/normal/CT00016.png,data/raw/ct_images/normal/CT00017.png,ct,normal,normal,6,5,Visually Similar,Retain - Shows Structural Variation
data/raw/ct_images/normal/CT00016.png,data/raw/ct_images/normal/CT00022.png,ct,normal,normal,5,4,Visually Similar,Retain - Shows Structural Variation
data/raw/ct_images/normal/CT00016.png,data/raw/ct_images/normal/CT00026.png,ct,normal,normal,5,5,Visually Similar,Retain - Shows Structural Variation
data/raw/ct_images/normal/CT00016.png,data/raw/ct_images/normal/CT00027.png,ct,normal,normal,3,3,Near Duplicate,Document & Evaluate Similarity Threshold
data/raw/ct_images/normal/CT00016.png,data/raw/ct_images/normal/CT00028.png,ct,normal,normal,3,2,Near Duplicate,Document & Evaluate Similarity Threshold
data/raw/ct_images/normal/CT00016.png,data/raw/ct_images/normal/CT00029.png,ct,normal,normal,6,4,Visually Similar,Retain - Shows Structural Variation
data/raw/ct_images/normal/CT00016.png,data/raw/ct_images/normal/CT00030.png,ct,normal,normal,3,2,Near Duplicate,Document & Evaluate Similarity Threshold
data/raw/ct_images/normal/CT00016.png,data/raw/ct_images/normal/CT00032.png,ct,normal,normal,3,3,Near Duplicate,Document & Evaluate Similarity Threshold
data/raw/ct_images/normal/CT00016.png,data/raw/ct_images/normal/CT00034.png,ct,normal,normal,4,4,Near Duplicate,Document & Evaluate Similarity Threshold
data/raw/ct_images/normal/CT00016.png,data/raw/ct_images/normal/CT00039.png,ct,normal,normal,4,3,Near Duplicate,Document & Evaluate Similarity Threshold
data/raw/ct_images/normal/CT00016.png,data/raw/ct_images/normal/CT00041.png,ct,normal,normal,3,4,Near Duplicate,Document & Evaluate Similarity Threshold
data/raw/ct_images/normal/CT00016.png,data/raw/ct_images/normal/CT00043.png,ct,normal,normal,3,3,Near Duplicate,Document & Evaluate Similarity Threshold
data/raw/ct_images/normal/CT00016.png,data/raw/ct_images/normal/CT00045.png,ct,normal,normal,3,1,Near Duplicate,Document & Evaluate Similarity Threshold
data/raw/ct_images/normal/CT00016.png,data/raw/ct_images/normal/CT00046.png,ct,normal,normal,5,3,Visually Similar,Retain - Shows Structural Variation
data/raw/ct_images/normal/CT00016.png,data/raw/ct_images/normal/CT00048.png,ct,normal,normal,3,1,Near Duplicate,Document & Evaluate Similarity Threshold
data/raw/ct_images/normal/CT00016.png,data/raw/ct_images/normal/CT00050.png,ct,normal,normal,3,4,Near Duplicate,Document & Evaluate Similarity Threshold
data/raw/ct_images/normal/CT00016.png,data/raw/ct_images/normal/CT00051.png,ct,normal,normal,1,3,Near Duplicate,Document & Evaluate Similarity Threshold
data/raw/ct_images/normal/CT00016.png,data/raw/ct_images/normal/CT00052.png,ct,normal,normal,2,1,Near Duplicate,Document & Evaluate Similarity Threshold
data/raw/ct_images/normal/CT00016.png,data/raw/ct_images/normal/CT00053.png,ct,normal,normal,6,4,Visually Similar,Retain - Shows Structural Variation
data/raw/ct_images/normal/CT00016.png,data/raw/ct_images/normal/CT00054.png,ct,normal,normal,4,1,Near Duplicate,Document & Evaluate Similarity Threshold
data/raw/ct_images/normal/CT00016.png,data/raw/ct_images/normal/CT00055.png,ct,normal,normal,5,4,Visually Similar,Retain - Shows Structural Variation
data/raw/ct_images/normal/CT00016.png,data/raw/ct_images/normal/CT00057.png,ct,normal,normal,3,5,Near Duplicate,Document & Evaluate Similarity Threshold
data/raw/ct_images/normal/CT00016.png,data/raw/ct_images/normal/CT00061.png,ct,normal,normal,3,2,Near Duplicate,Document & Evaluate Similarity Threshold
data/raw/ct_images/normal/CT00016.png,data/raw/ct_images/normal/CT00062.png,ct,normal,normal,5,5,Visually Similar,Retain - Shows Structural Variation
data/raw/ct_images/normal/CT00016.png,data/raw/ct_images/normal/CT00063.png,ct,normal,normal,3,1,Near Duplicate,Document & Evaluate Similarity Threshold
data/raw/ct_images/normal/CT00016.png,data/raw/ct_images/tumor/CT00068.png,ct,normal,tumor,6,4,Visually Similar,Retain - Shows Structural Variation
data/raw/ct_images/normal/CT00016.png,data/raw/ct_images/tumor/CT00085.png,ct,normal,tumor,9,5,Visually Similar,Retain - Shows Structural Variation
data/raw/ct_images/normal/CT00016.png,data/raw/ct_images/tumor/CT00116.png,ct,normal,tumor,10,5,Visually Similar,Retain - Shows Structural Variation
data/raw/ct_images/normal/CT00016.png,data/raw/ct_images/tumor/CT00121.png,ct,normal,tumor,9,7,Visually Similar,Retain - Shows Structural Variation
data/raw/ct_images/normal/CT00017.png,data/raw/ct_images/normal/CT00022.png,ct,normal,normal,1,1,Near Duplicate,Document & Evaluate Similarity Threshold
data/raw/ct_images/normal/CT00017.png,data/raw/ct_images/normal/CT00026.png,ct,normal,normal,3,4,Near Duplicate,Document & Evaluate Similarity Threshold
data/raw/ct_images/normal/CT00017.png,data/raw/ct_images/normal/CT00027.png,ct,normal,normal,3,2,Near Duplicate,Document & Evaluate Similarity Threshold
data/raw/ct_images/normal/CT00017.png,data/raw/ct_images/normal/CT00028.png,ct,normal,normal,3,7,Near Duplicate,Document & Evaluate Similarity Threshold
data/raw/ct_images/normal/CT00017.png,data/raw/ct_images/normal/CT00029.png,ct,normal,normal,2,3,Near Duplicate,Document & Evaluate Similarity Threshold
data/raw/ct_images/normal/CT00017.png,data/raw/ct_images/normal/CT00030.png,ct,normal,normal,3,5,Near Duplicate,Document & Evaluate Similarity Threshold
data/raw/ct_images/normal/CT00017.png,data/raw/ct_images/normal/CT00032.png,ct,normal,normal,3,2,Near Duplicate,Document & Evaluate Similarity Threshold
data/raw/ct_images/normal/CT00017.png,data/raw/ct_images/normal/CT00034.png,ct,normal,normal,8,9,Visually Similar,Retain - Shows Structural Variation
data/raw/ct_images/normal/CT00017.png,data/raw/ct_images/normal/CT00039.png,ct,normal,normal,2,2,Near Duplicate,Document & Evaluate Similarity Threshold
data/raw/ct_images/normal/CT00017.png,data/raw/ct_images/normal/CT00041.png,ct,normal,normal,3,5,Near Duplicate,Document & Evaluate Similarity Threshold
data/raw/ct_images/normal/CT00017.png,data/raw/ct_images/normal/CT00043.png,ct,normal,normal,3,2,Near Duplicate,Document & Evaluate Similarity Threshold
data/raw/ct_images/normal/CT00017.png,data/raw/ct_images/normal/CT00045.png,ct,normal,normal,3,4,Near Duplicate,Document & Evaluate Similarity Threshold
data/raw/ct_images/normal/CT00017.png,data/raw/ct_images/normal/CT00046.png,ct,normal,normal,1,2,Near Duplicate,Document & Evaluate Similarity Threshold
data/raw/ct_images/normal/CT00017.png,data/raw/ct_images/normal/CT00048.png,ct,normal,normal,3,4,Near Duplicate,Document & Evaluate Similarity Threshold
data/raw/ct_images/normal/CT00017.png,data/raw/ct_images/normal/CT00050.png,ct,normal,normal,3,5,Near Duplicate,Document & Evaluate Similarity Threshold
data/raw/ct_images/normal/CT00017.png,data/raw/ct_images/normal/CT00051.png,ct,normal,normal,5,4,Visually Similar,Retain - Shows Structural Variation
data/raw/ct_images/normal/CT00017.png,data/raw/ct_images/normal/CT00052.png,ct,normal,normal,6,4,Visually Similar,Retain - Shows Structural Variation
data/raw/ct_images/normal/CT00017.png,data/raw/ct_images/normal/CT00053.png,ct,normal,normal,2,1,Near Duplicate,Document & Evaluate Similarity Threshold
data/raw/ct_images/normal/CT00017.png,data/raw/ct_images/normal/CT00054.png,ct,normal,normal,6,4,Visually Similar,Retain - Shows Structural Variation
data/raw/ct_images/normal/CT00017.png,data/raw/ct_images/normal/CT00055.png,ct,normal,normal,1,3,Near Duplicate,Document & Evaluate Similarity Threshold
data/raw/ct_images/normal/CT00017.png,data/raw/ct_images/normal/CT00057.png,ct,normal,normal,3,4,Near Duplicate,Document & Evaluate Similarity Threshold
data/raw/ct_images/normal/CT00017.png,data/raw/ct_images/normal/CT00061.png,ct,normal,normal,3,3,Near Duplicate,Document & Evaluate Similarity Threshold
data/raw/ct_images/normal/CT00017.png,data/raw/ct_images/normal/CT00062.png,ct,normal,normal,3,6,Near Duplicate,Document & Evaluate Similarity Threshold
data/raw/ct_images/normal/CT00017.png,data/raw/ct_images/normal/CT00063.png,ct,normal,normal,3,4,Near Duplicate,Document & Evaluate Similarity Threshold
data/raw/ct_images/normal/CT00017.png,data/raw/ct_images/tumor/CT00068.png,ct,normal,tumor,8,9,Visually Similar,Retain - Shows Structural Variation
data/raw/ct_images/normal/CT00017.png,data/raw/ct_images/tumor/CT00116.png,ct,normal,tumor,8,6,Visually Similar,Retain - Shows Structural Variation
data/raw/ct_images/normal/CT00017.png,data/raw/ct_images/tumor/CT00121.png,ct,normal,tumor,9,8,Visually Similar,Retain - Shows Structural Variation
data/raw/ct_images/normal/CT00018.png,data/raw/ct_images/normal/CT00019.png,ct,normal,normal,4,5,Near Duplicate,Document & Evaluate Similarity Threshold
data/raw/ct_images/normal/CT00018.png,data/raw/ct_images/normal/CT00020.png,ct,normal,normal,0,1,Exact Duplicate,Keep Representative / Purge Duplicate
data/raw/ct_images/normal/CT00018.png,data/raw/ct_images/normal/CT00021.png,ct,normal,normal,2,1,Near Duplicate,Document & Evaluate Similarity Threshold
data/raw/ct_images/normal/CT00018.png,data/raw/ct_images/normal/CT00023.png,ct,normal,normal,4,6,Near Duplicate,Document & Evaluate Similarity Threshold
data/raw/ct_images/normal/CT00018.png,data/raw/ct_images/normal/CT00024.png,ct,normal,normal,2,7,Near Duplicate,Document & Evaluate Similarity Threshold
data/raw/ct_images/normal/CT00018.png,data/raw/ct_images/normal/CT00025.png,ct,normal,normal,2,4,Near Duplicate,Document & Evaluate Similarity Threshold
data/raw/ct_images/normal/CT00018.png,data/raw/ct_images/normal/CT00031.png,ct,normal,normal,4,4,Near Duplicate,Document & Evaluate Similarity Threshold
data/raw/ct_images/normal/CT00018.png,data/raw/ct_images/normal/CT00033.png,ct,normal,normal,5,0,Visually Similar,Retain - Shows Structural Variation
data/raw/ct_images/normal/CT00018.png,data/raw/ct_images/normal/CT00035.png,ct,normal,normal,2,2,Near Duplicate,Document & Evaluate Similarity Threshold
data/raw/ct_images/normal/CT00018.png,data/raw/ct_images/normal/CT00036.png,ct,normal,normal,5,4,Visually Similar,Retain - Shows Structural Variation
data/raw/ct_images/normal/CT00018.png,data/raw/ct_images/normal/CT00037.png,ct,normal,normal,2,4,Near Duplicate,Document & Evaluate Similarity Threshold
data/raw/ct_images/normal/CT00018.png,data/raw/ct_images/normal/CT00038.png,ct,normal,normal,2,3,Near Duplicate,Document & Evaluate Similarity Threshold
data/raw/ct_images/normal/CT00018.png,data/raw/ct_images/normal/CT00040.png,ct,normal,normal,1,1,Near Duplicate,Document & Evaluate Similarity Threshold
data/raw/ct_images/normal/CT00018.png,data/raw/ct_images/normal/CT00042.png,ct,normal,normal,6,3,Visually Similar,Retain - Shows Structural Variation
data/raw/ct_images/normal/CT00018.png,data/raw/ct_images/normal/CT00044.png,ct,normal,normal,2,2,Near Duplicate,Document & Evaluate Similarity Threshold
data/raw/ct_images/normal/CT00018.png,data/raw/ct_images/normal/CT00047.png,ct,normal,normal,2,2,Near Duplicate,Document & Evaluate Similarity Threshold
data/raw/ct_images/normal/CT00018.png,data/raw/ct_images/normal/CT00049.png,ct,normal,normal,1,1,Near Duplicate,Document & Evaluate Similarity Threshold
data/raw/ct_images/normal/CT00018.png,data/raw/ct_images/normal/CT00056.png,ct,normal,normal,4,1,Near Duplicate,Document & Evaluate Similarity Threshold
data/raw/ct_images/normal/CT00018.png,data/raw/ct_images/normal/CT00058.png,ct,normal,normal,6,3,Visually Similar,Retain - Shows Structural Variation
data/raw/ct_images/normal/CT00018.png,data/raw/ct_images/normal/CT00059.png,ct,normal,normal,2,2,Near Duplicate,Document & Evaluate Similarity Threshold
data/raw/ct_images/normal/CT00018.png,data/raw/ct_images/normal/CT00060.png,ct,normal,normal,5,7,Visually Similar,Retain - Shows Structural Variation
data/raw/ct_images/normal/CT00018.png,data/raw/ct_images/normal/CT00064.png,ct,normal,normal,1,1,Near Duplicate,Document & Evaluate Similarity Threshold
data/raw/ct_images/normal/CT00018.png,data/raw/ct_images/normal/CT00065.png,ct,normal,normal,0,2,Exact Duplicate,Keep Representative / Purge Duplicate
data/raw/ct_images/normal/CT00018.png,data/raw/ct_images/tumor/CT00074.png,ct,normal,tumor,7,6,Visually Similar,Retain - Shows Structural Variation
data/raw/ct_images/normal/CT00019.png,data/raw/ct_images/normal/CT00020.png,ct,normal,normal,4,4,Near Duplicate,Document & Evaluate Similarity Threshold
data/raw/ct_images/normal/CT00019.png,data/raw/ct_images/normal/CT00021.png,ct,normal,normal,4,4,Near Duplicate,Document & Evaluate Similarity Threshold
data/raw/ct_images/normal/CT00019.png,data/raw/ct_images/normal/CT00023.png,ct,normal,normal,4,7,Near Duplicate,Document & Evaluate Similarity Threshold
data/raw/ct_images/normal/CT00019.png,data/raw/ct_images/normal/CT00024.png,ct,normal,normal,4,8,Near Duplicate,Document & Evaluate Similarity Threshold
data/raw/ct_images/normal/CT00019.png,data/raw/ct_images/normal/CT00025.png,ct,normal,normal,4,1,Near Duplicate,Document & Evaluate Similarity Threshold
data/raw/ct_images/normal/CT00019.png,data/raw/ct_images/normal/CT00031.png,ct,normal,normal,2,3,Near Duplicate,Document & Evaluate Similarity Threshold
data/raw/ct_images/normal/CT00019.png,data/raw/ct_images/normal/CT00033.png,ct,normal,normal,5,5,Visually Similar,Retain - Shows Structural Variation
data/raw/ct_images/normal/CT00019.png,data/raw/ct_images/normal/CT00035.png,ct,normal,normal,4,3,Near Duplicate,Document & Evaluate Similarity Threshold
data/raw/ct_images/normal/CT00019.png,data/raw/ct_images/normal/CT00036.png,ct,normal,normal,5,3,Visually Similar,Retain - Shows Structural Variation
data/raw/ct_images/normal/CT00019.png,data/raw/ct_images/normal/CT00037.png,ct,normal,normal,4,5,Near Duplicate,Document & Evaluate Similarity Threshold
data/raw/ct_images/normal/CT00019.png,data/raw/ct_images/normal/CT00038.png,ct,normal,normal,4,4,Near Duplicate,Document & Evaluate Similarity Threshold
data/raw/ct_images/normal/CT00019.png,data/raw/ct_images/normal/CT00040.png,ct,normal,normal,5,4,Visually Similar,Retain - Shows Structural Variation
data/raw/ct_images/normal/CT00019.png,data/raw/ct_images/normal/CT00042.png,ct,normal,normal,4,2,Near Duplicate,Document & Evaluate Similarity Threshold
data/raw/ct_images/normal/CT00019.png,data/raw/ct_images/normal/CT00044.png,ct,normal,normal,4,3,Near Duplicate,Document & Evaluate Similarity Threshold
data/raw/ct_images/normal/CT00019.png,data/raw/ct_images/normal/CT00047.png,ct,normal,normal,4,3,Near Duplicate,Document & Evaluate Similarity Threshold
data/raw/ct_images/normal/CT00019.png,data/raw/ct_images/normal/CT00049.png,ct,normal,normal,5,4,Visually Similar,Retain - Shows Structural Variation
data/raw/ct_images/normal/CT00019.png,data/raw/ct_images/normal/CT00056.png,ct,normal,normal,2,4,Near Duplicate,Document & Evaluate Similarity Threshold
data/raw/ct_images/normal/CT00019.png,data/raw/ct_images/normal/CT00058.png,ct,normal,normal,4,2,Near Duplicate,Document & Evaluate Similarity Threshold
data/raw/ct_images/normal/CT00019.png,data/raw/ct_images/normal/CT00059.png,ct,normal,normal,4,3,Near Duplicate,Document & Evaluate Similarity Threshold
data/raw/ct_images/normal/CT00019.png,data/raw/ct_images/normal/CT00060.png,ct,normal,normal,5,8,Visually Similar,Retain - Shows Structural Variation
data/raw/ct_images/normal/CT00019.png,data/raw/ct_images/normal/CT00064.png,ct,normal,normal,5,4,Visually Similar,Retain - Shows Structural Variation
data/raw/ct_images/normal/CT00019.png,data/raw/ct_images/normal/CT00065.png,ct,normal,normal,4,5,Near Duplicate,Document & Evaluate Similarity Threshold
data/raw/ct_images/normal/CT00019.png,data/raw/ct_images/tumor/CT00074.png,ct,normal,tumor,5,7,Visually Similar,Retain - Shows Structural Variation
data/raw/ct_images/normal/CT00020.png,data/raw/ct_images/normal/CT00021.png,ct,normal,normal,2,2,Near Duplicate,Document & Evaluate Similarity Threshold
data/raw/ct_images/normal/CT00020.png,data/raw/ct_images/normal/CT00023.png,ct,normal,normal,4,5,Near Duplicate,Document & Evaluate Similarity Threshold
data/raw/ct_images/normal/CT00020.png,data/raw/ct_images/normal/CT00024.png,ct,normal,normal,2,6,Near Duplicate,Document & Evaluate Similarity Threshold
data/raw/ct_images/normal/CT00020.png,data/raw/ct_images/normal/CT00025.png,ct,normal,normal,2,3,Near Duplicate,Document & Evaluate Similarity Threshold
data/raw/ct_images/normal/CT00020.png,data/raw/ct_images/normal/CT00031.png,ct,normal,normal,4,3,Near Duplicate,Document & Evaluate Similarity Threshold
data/raw/ct_images/normal/CT00020.png,data/raw/ct_images/normal/CT00033.png,ct,normal,normal,5,1,Visually Similar,Retain - Shows Structural Variation
data/raw/ct_images/normal/CT00020.png,data/raw/ct_images/normal/CT00035.png,ct,normal,normal,2,1,Near Duplicate,Document & Evaluate Similarity Threshold
data/raw/ct_images/normal/CT00020.png,data/raw/ct_images/normal/CT00036.png,ct,normal,normal,5,5,Visually Similar,Retain - Shows Structural Variation
data/raw/ct_images/normal/CT00020.png,data/raw/ct_images/normal/CT00037.png,ct,normal,normal,2,3,Near Duplicate,Document & Evaluate Similarity Threshold
data/raw/ct_images/normal/CT00020.png,data/raw/ct_images/normal/CT00038.png,ct,normal,normal,2,2,Near Duplicate,Document & Evaluate Similarity Threshold
data/raw/ct_images/normal/CT00020.png,data/raw/ct_images/normal/CT00040.png,ct,normal,normal,1,2,Near Duplicate,Document & Evaluate Similarity Threshold
data/raw/ct_images/normal/CT00020.png,data/raw/ct_images/normal/CT00042.png,ct,normal,normal,6,2,Visually Similar,Retain - Shows Structural Variation
data/raw/ct_images/normal/CT00020.png,data/raw/ct_images/normal/CT00044.png,ct,normal,normal,2,1,Near Duplicate,Document & Evaluate Similarity Threshold
data/raw/ct_images/normal/CT00020.png,data/raw/ct_images/normal/CT00047.png,ct,normal,normal,2,1,Near Duplicate,Document & Evaluate Similarity Threshold
data/raw/ct_images/normal/CT00020.png,data/raw/ct_images/normal/CT00049.png,ct,normal,normal,1,2,Near Duplicate,Document & Evaluate Similarity Threshold
data/raw/ct_images/normal/CT00020.png,data/raw/ct_images/normal/CT00056.png,ct,normal,normal,4,2,Near Duplicate,Document & Evaluate Similarity Threshold
data/raw/ct_images/normal/CT00020.png,data/raw/ct_images/normal/CT00058.png,ct,normal,normal,6,4,Visually Similar,Retain - Shows Structural Variation
data/raw/ct_images/normal/CT00020.png,data/raw/ct_images/normal/CT00059.png,ct,normal,normal,2,1,Near Duplicate,Document & Evaluate Similarity Threshold
data/raw/ct_images/normal/CT00020.png,data/raw/ct_images/normal/CT00060.png,ct,normal,normal,5,6,Visually Similar,Retain - Shows Structural Variation
data/raw/ct_images/normal/CT00020.png,data/raw/ct_images/normal/CT00064.png,ct,normal,normal,1,2,Near Duplicate,Document & Evaluate Similarity Threshold
data/raw/ct_images/normal/CT00020.png,data/raw/ct_images/normal/CT00065.png,ct,normal,normal,0,1,Exact Duplicate,Keep Representative / Purge Duplicate
data/raw/ct_images/normal/CT00020.png,data/raw/ct_images/tumor/CT00074.png,ct,normal,tumor,7,7,Visually Similar,Retain - Shows Structural Variation
data/raw/ct_images/normal/CT00021.png,data/raw/ct_images/normal/CT00023.png,ct,normal,normal,2,7,Near Duplicate,Document & Evaluate Similarity Threshold
data/raw/ct_images/normal/CT00021.png,data/raw/ct_images/normal/CT00024.png,ct,normal,normal,0,8,Exact Duplicate,Keep Representative / Purge Duplicate
data/raw/ct_images/normal/CT00021.png,data/raw/ct_images/normal/CT00025.png,ct,normal,normal,2,3,Near Duplicate,Document & Evaluate Similarity Threshold
data/raw/ct_images/normal/CT00021.png,data/raw/ct_images/normal/CT00031.png,ct,normal,normal,2,3,Near Duplicate,Document & Evaluate Similarity Threshold
data/raw/ct_images/normal/CT00021.png,data/raw/ct_images/normal/CT00033.png,ct,normal,normal,3,1,Near Duplicate,Document & Evaluate Similarity Threshold
data/raw/ct_images/normal/CT00021.png,data/raw/ct_images/normal/CT00035.png,ct,normal,normal,0,3,Exact Duplicate,Keep Representative / Purge Duplicate
data/raw/ct_images/normal/CT00021.png,data/raw/ct_images/normal/CT00036.png,ct,normal,normal,7,3,Visually Similar,Retain - Shows Structural Variation
data/raw/ct_images/normal/CT00021.png,data/raw/ct_images/normal/CT00037.png,ct,normal,normal,0,5,Exact Duplicate,Keep Representative / Purge Duplicate
data/raw/ct_images/normal/CT00021.png,data/raw/ct_images/normal/CT00038.png,ct,normal,normal,2,4,Near Duplicate,Document & Evaluate Similarity Threshold
data/raw/ct_images/normal/CT00021.png,data/raw/ct_images/normal/CT00040.png,ct,normal,normal,3,0,Near Duplicate,Document & Evaluate Similarity Threshold
data/raw/ct_images/normal/CT00021.png,data/raw/ct_images/normal/CT00042.png,ct,normal,normal,4,2,Near Duplicate,Document & Evaluate Similarity Threshold
data/raw/ct_images/normal/CT00021.png,data/raw/ct_images/normal/CT00044.png,ct,normal,normal,4,3,Near Duplicate,Document & Evaluate Similarity Threshold
data/raw/ct_images/normal/CT00021.png,data/raw/ct_images/normal/CT00047.png,ct,normal,normal,2,1,Near Duplicate,Document & Evaluate Similarity Threshold
data/raw/ct_images/normal/CT00021.png,data/raw/ct_images/normal/CT00049.png,ct,normal,normal,3,0,Near Duplicate,Document & Evaluate Similarity Threshold
data/raw/ct_images/normal/CT00021.png,data/raw/ct_images/normal/CT00056.png,ct,normal,normal,2,2,Near Duplicate,Document & Evaluate Similarity Threshold
data/raw/ct_images/normal/CT00021.png,data/raw/ct_images/normal/CT00058.png,ct,normal,normal,4,2,Near Duplicate,Document & Evaluate Similarity Threshold
data/raw/ct_images/normal/CT00021.png,data/raw/ct_images/normal/CT00059.png,ct,normal,normal,2,3,Near Duplicate,Document & Evaluate Similarity Threshold
data/raw/ct_images/normal/CT00021.png,data/raw/ct_images/normal/CT00060.png,ct,normal,normal,3,8,Near Duplicate,Document & Evaluate Similarity Threshold
data/raw/ct_images/normal/CT00021.png,data/raw/ct_images/normal/CT00064.png,ct,normal,normal,3,0,Near Duplicate,Document & Evaluate Similarity Threshold
data/raw/ct_images/normal/CT00021.png,data/raw/ct_images/normal/CT00065.png,ct,normal,normal,2,3,Near Duplicate,Document & Evaluate Similarity Threshold
data/raw/ct_images/normal/CT00021.png,data/raw/ct_images/tumor/CT00074.png,ct,normal,tumor,7,5,Visually Similar,Retain - Shows Structural Variation
data/raw/ct_images/normal/CT00022.png,data/raw/ct_images/normal/CT00026.png,ct,normal,normal,2,3,Near Duplicate,Document & Evaluate Similarity Threshold
data/raw/ct_images/normal/CT00022.png,data/raw/ct_images/normal/CT00027.png,ct,normal,normal,2,1,Near Duplicate,Document & Evaluate Similarity Threshold
data/raw/ct_images/normal/CT00022.png,data/raw/ct_images/normal/CT00028.png,ct,normal,normal,2,6,Near Duplicate,Document & Evaluate Similarity Threshold
data/raw/ct_images/normal/CT00022.png,data/raw/ct_images/normal/CT00029.png,ct,normal,normal,1,2,Near Duplicate,Document & Evaluate Similarity Threshold
data/raw/ct_images/normal/CT00022.png,data/raw/ct_images/normal/CT00030.png,ct,normal,normal,2,4,Near Duplicate,Document & Evaluate Similarity Threshold
data/raw/ct_images/normal/CT00022.png,data/raw/ct_images/normal/CT00032.png,ct,normal,normal,2,1,Near Duplicate,Document & Evaluate Similarity Threshold
data/raw/ct_images/normal/CT00022.png,data/raw/ct_images/normal/CT00034.png,ct,normal,normal,9,8,Visually Similar,Retain - Shows Structural Variation
data/raw/ct_images/normal/CT00022.png,data/raw/ct_images/normal/CT00039.png,ct,normal,normal,3,1,Near Duplicate,Document & Evaluate Similarity Threshold
data/raw/ct_images/normal/CT00022.png,data/raw/ct_images/normal/CT00041.png,ct,normal,normal,2,4,Near Duplicate,Document & Evaluate Similarity Threshold
data/raw/ct_images/normal/CT00022.png,data/raw/ct_images/normal/CT00043.png,ct,normal,normal,2,1,Near Duplicate,Document & Evaluate Similarity Threshold
data/raw/ct_images/normal/CT00022.png,data/raw/ct_images/normal/CT00045.png,ct,normal,normal,2,3,Near Duplicate,Document & Evaluate Similarity Threshold
data/raw/ct_images/normal/CT00022.png,data/raw/ct_images/normal/CT00046.png,ct,normal,normal,0,1,Exact Duplicate,Keep Representative / Purge Duplicate
data/raw/ct_images/normal/CT00022.png,data/raw/ct_images/normal/CT00048.png,ct,normal,normal,2,3,Near Duplicate,Document & Evaluate Similarity Threshold
data/raw/ct_images/normal/CT00022.png,data/raw/ct_images/normal/CT00050.png,ct,normal,normal,2,4,Near Duplicate,Document & Evaluate Similarity Threshold
data/raw/ct_images/normal/CT00022.png,data/raw/ct_images/normal/CT00051.png,ct,normal,normal,4,3,Near Duplicate,Document & Evaluate Similarity Threshold
data/raw/ct_images/normal/CT00022.png,data/raw/ct_images/normal/CT00052.png,ct,normal,normal,5,3,Visually Similar,Retain - Shows Structural Variation
data/raw/ct_images/normal/CT00022.png,data/raw/ct_images/normal/CT00053.png,ct,normal,normal,1,0,Near Duplicate,Document & Evaluate Similarity Threshold
data/raw/ct_images/normal/CT00022.png,data/raw/ct_images/normal/CT00054.png,ct,normal,normal,5,3,Visually Similar,Retain - Shows Structural Variation
data/raw/ct_images/normal/CT00022.png,data/raw/ct_images/normal/CT00055.png,ct,normal,normal,0,2,Exact Duplicate,Keep Representative / Purge Duplicate
data/raw/ct_images/normal/CT00022.png,data/raw/ct_images/normal/CT00057.png,ct,normal,normal,2,3,Near Duplicate,Document & Evaluate Similarity Threshold
data/raw/ct_images/normal/CT00022.png,data/raw/ct_images/normal/CT00061.png,ct,normal,normal,2,2,Near Duplicate,Document & Evaluate Similarity Threshold
data/raw/ct_images/normal/CT00022.png,data/raw/ct_images/normal/CT00062.png,ct,normal,normal,2,5,Near Duplicate,Document & Evaluate Similarity Threshold
data/raw/ct_images/normal/CT00022.png,data/raw/ct_images/normal/CT00063.png,ct,normal,normal,2,3,Near Duplicate,Document & Evaluate Similarity Threshold
data/raw/ct_images/normal/CT00022.png,data/raw/ct_images/tumor/CT00068.png,ct,normal,tumor,7,8,Visually Similar,Retain - Shows Structural Variation
data/raw/ct_images/normal/CT00022.png,data/raw/ct_images/tumor/CT00085.png,ct,normal,tumor,10,9,Visually Similar,Retain - Shows Structural Variation
data/raw/ct_images/normal/CT00022.png,data/raw/ct_images/tumor/CT00116.png,ct,normal,tumor,7,5,Visually Similar,Retain - Shows Structural Variation
data/raw/ct_images/normal/CT00022.png,data/raw/ct_images/tumor/CT00121.png,ct,normal,tumor,10,7,Visually Similar,Retain - Shows Structural Variation
data/raw/ct_images/normal/CT00023.png,data/raw/ct_images/normal/CT00024.png,ct,normal,normal,2,1,Near Duplicate,Document & Evaluate Similarity Threshold
data/raw/ct_images/normal/CT00023.png,data/raw/ct_images/normal/CT00025.png,ct,normal,normal,2,6,Near Duplicate,Document & Evaluate Similarity Threshold
data/raw/ct_images/normal/CT00023.png,data/raw/ct_images/normal/CT00031.png,ct,normal,normal,2,8,Near Duplicate,Document & Evaluate Similarity Threshold
data/raw/ct_images/normal/CT00023.png,data/raw/ct_images/normal/CT00033.png,ct,normal,normal,5,6,Visually Similar,Retain - Shows Structural Variation
data/raw/ct_images/normal/CT00023.png,data/raw/ct_images/normal/CT00035.png,ct,normal,normal,2,4,Near Duplicate,Document & Evaluate Similarity Threshold
data/raw/ct_images/normal/CT00023.png,data/raw/ct_images/normal/CT00036.png,ct,normal,normal,5,10,Visually Similar,Retain - Shows Structural Variation
data/raw/ct_images/normal/CT00023.png,data/raw/ct_images/normal/CT00037.png,ct,normal,normal,2,2,Near Duplicate,Document & Evaluate Similarity Threshold
data/raw/ct_images/normal/CT00023.png,data/raw/ct_images/normal/CT00038.png,ct,normal,normal,2,3,Near Duplicate,Document & Evaluate Similarity Threshold
data/raw/ct_images/normal/CT00023.png,data/raw/ct_images/normal/CT00040.png,ct,normal,normal,5,7,Visually Similar,Retain - Shows Structural Variation
data/raw/ct_images/normal/CT00023.png,data/raw/ct_images/normal/CT00042.png,ct,normal,normal,2,7,Near Duplicate,Document & Evaluate Similarity Threshold
data/raw/ct_images/normal/CT00023.png,data/raw/ct_images/normal/CT00044.png,ct,normal,normal,2,4,Near Duplicate,Document & Evaluate Similarity Threshold
data/raw/ct_images/normal/CT00023.png,data/raw/ct_images/normal/CT00047.png,ct,normal,normal,2,6,Near Duplicate,Document & Evaluate Similarity Threshold
data/raw/ct_images/normal/CT00023.png,data/raw/ct_images/normal/CT00049.png,ct,normal,normal,5,7,Visually Similar,Retain - Shows Structural Variation
data/raw/ct_images/normal/CT00023.png,data/raw/ct_images/normal/CT00056.png,ct,normal,normal,2,5,Near Duplicate,Document & Evaluate Similarity Threshold
data/raw/ct_images/normal/CT00023.png,data/raw/ct_images/normal/CT00058.png,ct,normal,normal,2,9,Near Duplicate,Document & Evaluate Similarity Threshold
data/raw/ct_images/normal/CT00023.png,data/raw/ct_images/normal/CT00059.png,ct,normal,normal,2,4,Near Duplicate,Document & Evaluate Similarity Threshold
data/raw/ct_images/normal/CT00023.png,data/raw/ct_images/normal/CT00060.png,ct,normal,normal,1,1,Near Duplicate,Document & Evaluate Similarity Threshold
data/raw/ct_images/normal/CT00023.png,data/raw/ct_images/normal/CT00064.png,ct,normal,normal,5,7,Visually Similar,Retain - Shows Structural Variation
data/raw/ct_images/normal/CT00023.png,data/raw/ct_images/normal/CT00065.png,ct,normal,normal,4,6,Near Duplicate,Document & Evaluate Similarity Threshold
data/raw/ct_images/normal/CT00023.png,data/raw/ct_images/tumor/CT00074.png,ct,normal,tumor,7,6,Visually Similar,Retain - Shows Structural Variation
data/raw/ct_images/normal/CT00023.png,data/raw/ct_images/tumor/CT00095.png,ct,normal,tumor,9,6,Visually Similar,Retain - Shows Structural Variation
data/raw/ct_images/normal/CT00023.png,data/raw/ct_images/tumor/CT00132.png,ct,normal,tumor,9,5,Visually Similar,Retain - Shows Structural Variation
data/raw/ct_images/normal/CT00024.png,data/raw/ct_images/normal/CT00025.png,ct,normal,normal,2,7,Near Duplicate,Document & Evaluate Similarity Threshold
data/raw/ct_images/normal/CT00024.png,data/raw/ct_images/normal/CT00031.png,ct,normal,normal,2,9,Near Duplicate,Document & Evaluate Similarity Threshold
data/raw/ct_images/normal/CT00024.png,data/raw/ct_images/normal/CT00033.png,ct,normal,normal,3,7,Near Duplicate,Document & Evaluate Similarity Threshold
data/raw/ct_images/normal/CT00024.png,data/raw/ct_images/normal/CT00035.png,ct,normal,normal,0,5,Exact Duplicate,Keep Representative / Purge Duplicate
data/raw/ct_images/normal/CT00024.png,data/raw/ct_images/normal/CT00036.png,ct,normal,normal,7,11,Visually Similar,Retain - Shows Structural Variation
data/raw/ct_images/normal/CT00024.png,data/raw/ct_images/normal/CT00037.png,ct,normal,normal,0,3,Exact Duplicate,Keep Representative / Purge Duplicate
data/raw/ct_images/normal/CT00024.png,data/raw/ct_images/normal/CT00038.png,ct,normal,normal,2,4,Near Duplicate,Document & Evaluate Similarity Threshold
data/raw/ct_images/normal/CT00024.png,data/raw/ct_images/normal/CT00040.png,ct,normal,normal,3,8,Near Duplicate,Document & Evaluate Similarity Threshold
data/raw/ct_images/normal/CT00024.png,data/raw/ct_images/normal/CT00042.png,ct,normal,normal,4,8,Near Duplicate,Document & Evaluate Similarity Threshold
data/raw/ct_images/normal/CT00024.png,data/raw/ct_images/normal/CT00044.png,ct,normal,normal,4,5,Near Duplicate,Document & Evaluate Similarity Threshold
data/raw/ct_images/normal/CT00024.png,data/raw/ct_images/normal/CT00047.png,ct,normal,normal,2,7,Near Duplicate,Document & Evaluate Similarity Threshold
data/raw/ct_images/normal/CT00024.png,data/raw/ct_images/normal/CT00049.png,ct,normal,normal,3,8,Near Duplicate,Document & Evaluate Similarity Threshold
data/raw/ct_images/normal/CT00024.png,data/raw/ct_images/normal/CT00056.png,ct,normal,normal,2,6,Near Duplicate,Document & Evaluate Similarity Threshold
data/raw/ct_images/normal/CT00024.png,data/raw/ct_images/normal/CT00058.png,ct,normal,normal,4,10,Near Duplicate,Document & Evaluate Similarity Threshold
data/raw/ct_images/normal/CT00024.png,data/raw/ct_images/normal/CT00059.png,ct,normal,normal,2,5,Near Duplicate,Document & Evaluate Similarity Threshold
data/raw/ct_images/normal/CT00024.png,data/raw/ct_images/normal/CT00060.png,ct,normal,normal,3,2,Near Duplicate,Document & Evaluate Similarity Threshold
data/raw/ct_images/normal/CT00024.png,data/raw/ct_images/normal/CT00064.png,ct,normal,normal,3,8,Near Duplicate,Document & Evaluate Similarity Threshold
data/raw/ct_images/normal/CT00024.png,data/raw/ct_images/normal/CT00065.png,ct,normal,normal,2,5,Near Duplicate,Document & Evaluate Similarity Threshold
data/raw/ct_images/normal/CT00024.png,data/raw/ct_images/tumor/CT00074.png,ct,normal,tumor,7,7,Visually Similar,Retain - Shows Structural Variation
data/raw/ct_images/normal/CT00025.png,data/raw/ct_images/normal/CT00031.png,ct,normal,normal,2,2,Near Duplicate,Document & Evaluate Similarity Threshold
data/raw/ct_images/normal/CT00025.png,data/raw/ct_images/normal/CT00033.png,ct,normal,normal,5,4,Visually Similar,Retain - Shows Structural Variation
data/raw/ct_images/normal/CT00025.png,data/raw/ct_images/normal/CT00035.png,ct,normal,normal,2,2,Near Duplicate,Document & Evaluate Similarity Threshold
data/raw/ct_images/normal/CT00025.png,data/raw/ct_images/normal/CT00036.png,ct,normal,normal,5,4,Visually Similar,Retain - Shows Structural Variation
data/raw/ct_images/normal/CT00025.png,data/raw/ct_images/normal/CT00037.png,ct,normal,normal,2,4,Near Duplicate,Document & Evaluate Similarity Threshold
data/raw/ct_images/normal/CT00025.png,data/raw/ct_images/normal/CT00038.png,ct,normal,normal,0,3,Exact Duplicate,Keep Representative / Purge Duplicate
data/raw/ct_images/normal/CT00025.png,data/raw/ct_images/normal/CT00040.png,ct,normal,normal,3,3,Near Duplicate,Document & Evaluate Similarity Threshold
data/raw/ct_images/normal/CT00025.png,data/raw/ct_images/normal/CT00042.png,ct,normal,normal,4,1,Near Duplicate,Document & Evaluate Similarity Threshold
data/raw/ct_images/normal/CT00025.png,data/raw/ct_images/normal/CT00044.png,ct,normal,normal,2,2,Near Duplicate,Document & Evaluate Similarity Threshold
data/raw/ct_images/normal/CT00025.png,data/raw/ct_images/normal/CT00047.png,ct,normal,normal,0,2,Exact Duplicate,Keep Representative / Purge Duplicate
data/raw/ct_images/normal/CT00025.png,data/raw/ct_images/normal/CT00049.png,ct,normal,normal,3,3,Near Duplicate,Document & Evaluate Similarity Threshold
data/raw/ct_images/normal/CT00025.png,data/raw/ct_images/normal/CT00056.png,ct,normal,normal,2,3,Near Duplicate,Document & Evaluate Similarity Threshold
data/raw/ct_images/normal/CT00025.png,data/raw/ct_images/normal/CT00058.png,ct,normal,normal,4,3,Near Duplicate,Document & Evaluate Similarity Threshold
data/raw/ct_images/normal/CT00025.png,data/raw/ct_images/normal/CT00059.png,ct,normal,normal,0,2,Exact Duplicate,Keep Representative / Purge Duplicate
data/raw/ct_images/normal/CT00025.png,data/raw/ct_images/normal/CT00060.png,ct,normal,normal,3,7,Near Duplicate,Document & Evaluate Similarity Threshold
data/raw/ct_images/normal/CT00025.png,data/raw/ct_images/normal/CT00064.png,ct,normal,normal,3,3,Near Duplicate,Document & Evaluate Similarity Threshold
data/raw/ct_images/normal/CT00025.png,data/raw/ct_images/normal/CT00065.png,ct,normal,normal,2,4,Near Duplicate,Document & Evaluate Similarity Threshold
data/raw/ct_images/normal/CT00025.png,data/raw/ct_images/tumor/CT00074.png,ct,normal,tumor,7,6,Visually Similar,Retain - Shows Structural Variation
data/raw/ct_images/normal/CT00026.png,data/raw/ct_images/normal/CT00027.png,ct,normal,normal,2,2,Near Duplicate,Document & Evaluate Similarity Threshold
data/raw/ct_images/normal/CT00026.png,data/raw/ct_images/normal/CT00028.png,ct,normal,normal,4,7,Near Duplicate,Document & Evaluate Similarity Threshold
data/raw/ct_images/normal/CT00026.png,data/raw/ct_images/normal/CT00029.png,ct,normal,normal,3,3,Near Duplicate,Document & Evaluate Similarity Threshold
data/raw/ct_images/normal/CT00026.png,data/raw/ct_images/normal/CT00030.png,ct,normal,normal,2,5,Near Duplicate,Document & Evaluate Similarity Threshold
data/raw/ct_images/normal/CT00026.png,data/raw/ct_images/normal/CT00032.png,ct,normal,normal,2,2,Near Duplicate,Document & Evaluate Similarity Threshold
data/raw/ct_images/normal/CT00026.png,data/raw/ct_images/normal/CT00034.png,ct,normal,normal,9,9,Visually Similar,Retain - Shows Structural Variation
data/raw/ct_images/normal/CT00026.png,data/raw/ct_images/normal/CT00039.png,ct,normal,normal,3,2,Near Duplicate,Document & Evaluate Similarity Threshold
data/raw/ct_images/normal/CT00026.png,data/raw/ct_images/normal/CT00041.png,ct,normal,normal,2,3,Near Duplicate,Document & Evaluate Similarity Threshold
data/raw/ct_images/normal/CT00026.png,data/raw/ct_images/normal/CT00043.png,ct,normal,normal,2,2,Near Duplicate,Document & Evaluate Similarity Threshold
data/raw/ct_images/normal/CT00026.png,data/raw/ct_images/normal/CT00045.png,ct,normal,normal,2,4,Near Duplicate,Document & Evaluate Similarity Threshold
data/raw/ct_images/normal/CT00026.png,data/raw/ct_images/normal/CT00046.png,ct,normal,normal,2,2,Near Duplicate,Document & Evaluate Similarity Threshold
data/raw/ct_images/normal/CT00026.png,data/raw/ct_images/normal/CT00048.png,ct,normal,normal,2,4,Near Duplicate,Document & Evaluate Similarity Threshold
data/raw/ct_images/normal/CT00026.png,data/raw/ct_images/normal/CT00050.png,ct,normal,normal,2,3,Near Duplicate,Document & Evaluate Similarity Threshold
data/raw/ct_images/normal/CT00026.png,data/raw/ct_images/normal/CT00051.png,ct,normal,normal,4,4,Near Duplicate,Document & Evaluate Similarity Threshold
data/raw/ct_images/normal/CT00026.png,data/raw/ct_images/normal/CT00052.png,ct,normal,normal,5,4,Visually Similar,Retain - Shows Structural Variation
data/raw/ct_images/normal/CT00026.png,data/raw/ct_images/normal/CT00053.png,ct,normal,normal,3,3,Near Duplicate,Document & Evaluate Similarity Threshold
data/raw/ct_images/normal/CT00026.png,data/raw/ct_images/normal/CT00054.png,ct,normal,normal,5,4,Visually Similar,Retain - Shows Structural Variation
data/raw/ct_images/normal/CT00026.png,data/raw/ct_images/normal/CT00055.png,ct,normal,normal,2,3,Near Duplicate,Document & Evaluate Similarity Threshold
data/raw/ct_images/normal/CT00026.png,data/raw/ct_images/normal/CT00057.png,ct,normal,normal,4,4,Near Duplicate,Document & Evaluate Similarity Threshold
data/raw/ct_images/normal/CT00026.png,data/raw/ct_images/normal/CT00061.png,ct,normal,normal,2,3,Near Duplicate,Document & Evaluate Similarity Threshold
data/raw/ct_images/normal/CT00026.png,data/raw/ct_images/normal/CT00062.png,ct,normal,normal,4,4,Near Duplicate,Document & Evaluate Similarity Threshold
data/raw/ct_images/normal/CT00026.png,data/raw/ct_images/normal/CT00063.png,ct,normal,normal,2,4,Near Duplicate,Document & Evaluate Similarity Threshold
data/raw/ct_images/normal/CT00026.png,data/raw/ct_images/tumor/CT00068.png,ct,normal,tumor,7,7,Visually Similar,Retain - Shows Structural Variation
data/raw/ct_images/normal/CT00026.png,data/raw/ct_images/tumor/CT00085.png,ct,normal,tumor,10,8,Visually Similar,Retain - Shows Structural Variation
data/raw/ct_images/normal/CT00026.png,data/raw/ct_images/tumor/CT00093.png,ct,normal,tumor,10,5,Visually Similar,Retain - Shows Structural Variation
data/raw/ct_images/normal/CT00026.png,data/raw/ct_images/tumor/CT00116.png,ct,normal,tumor,7,4,Visually Similar,Retain - Shows Structural Variation
data/raw/ct_images/normal/CT00026.png,data/raw/ct_images/tumor/CT00121.png,ct,normal,tumor,10,6,Visually Similar,Retain - Shows Structural Variation
data/raw/ct_images/normal/CT00027.png,data/raw/ct_images/normal/CT00028.png,ct,normal,normal,2,5,Near Duplicate,Document & Evaluate Similarity Threshold
data/raw/ct_images/normal/CT00027.png,data/raw/ct_images/normal/CT00029.png,ct,normal,normal,3,1,Near Duplicate,Document & Evaluate Similarity Threshold
data/raw/ct_images/normal/CT00027.png,data/raw/ct_images/normal/CT00030.png,ct,normal,normal,0,3,Exact Duplicate,Keep Representative / Purge Duplicate
data/raw/ct_images/normal/CT00027.png,data/raw/ct_images/normal/CT00032.png,ct,normal,normal,0,0,Exact Duplicate,Keep Representative / Purge Duplicate
data/raw/ct_images/normal/CT00027.png,data/raw/ct_images/normal/CT00034.png,ct,normal,normal,7,7,Visually Similar,Retain - Shows Structural Variation
data/raw/ct_images/normal/CT00027.png,data/raw/ct_images/normal/CT00039.png,ct,normal,normal,1,0,Near Duplicate,Document & Evaluate Similarity Threshold
data/raw/ct_images/normal/CT00027.png,data/raw/ct_images/normal/CT00041.png,ct,normal,normal,0,3,Exact Duplicate,Keep Representative / Purge Duplicate
data/raw/ct_images/normal/CT00027.png,data/raw/ct_images/normal/CT00043.png,ct,normal,normal,0,0,Exact Duplicate,Keep Representative / Purge Duplicate
data/raw/ct_images/normal/CT00027.png,data/raw/ct_images/normal/CT00045.png,ct,normal,normal,0,2,Exact Duplicate,Keep Representative / Purge Duplicate
data/raw/ct_images/normal/CT00027.png,data/raw/ct_images/normal/CT00046.png,ct,normal,normal,2,0,Near Duplicate,Document & Evaluate Similarity Threshold
data/raw/ct_images/normal/CT00027.png,data/raw/ct_images/normal/CT00048.png,ct,normal,normal,0,2,Exact Duplicate,Keep Representative / Purge Duplicate
data/raw/ct_images/normal/CT00027.png,data/raw/ct_images/normal/CT00050.png,ct,normal,normal,0,3,Exact Duplicate,Keep Representative / Purge Duplicate
data/raw/ct_images/normal/CT00027.png,data/raw/ct_images/normal/CT00051.png,ct,normal,normal,2,2,Near Duplicate,Document & Evaluate Similarity Threshold
data/raw/ct_images/normal/CT00027.png,data/raw/ct_images/normal/CT00052.png,ct,normal,normal,3,2,Near Duplicate,Document & Evaluate Similarity Threshold
data/raw/ct_images/normal/CT00027.png,data/raw/ct_images/normal/CT00053.png,ct,normal,normal,3,1,Near Duplicate,Document & Evaluate Similarity Threshold
data/raw/ct_images/normal/CT00027.png,data/raw/ct_images/normal/CT00054.png,ct,normal,normal,3,2,Near Duplicate,Document & Evaluate Similarity Threshold
data/raw/ct_images/normal/CT00027.png,data/raw/ct_images/normal/CT00055.png,ct,normal,normal,2,1,Near Duplicate,Document & Evaluate Similarity Threshold
data/raw/ct_images/normal/CT00027.png,data/raw/ct_images/normal/CT00057.png,ct,normal,normal,2,2,Near Duplicate,Document & Evaluate Similarity Threshold
data/raw/ct_images/normal/CT00027.png,data/raw/ct_images/normal/CT00061.png,ct,normal,normal,0,1,Exact Duplicate,Keep Representative / Purge Duplicate
data/raw/ct_images/normal/CT00027.png,data/raw/ct_images/normal/CT00062.png,ct,normal,normal,2,4,Near Duplicate,Document & Evaluate Similarity Threshold
data/raw/ct_images/normal/CT00027.png,data/raw/ct_images/normal/CT00063.png,ct,normal,normal,0,2,Exact Duplicate,Keep Representative / Purge Duplicate
data/raw/ct_images/normal/CT00027.png,data/raw/ct_images/progression/CT00148.png,ct,normal,progression,10,8,Visually Similar,Retain - Shows Structural Variation
data/raw/ct_images/normal/CT00027.png,data/raw/ct_images/tumor/CT00068.png,ct,normal,tumor,5,7,Visually Similar,Retain - Shows Structural Variation
data/raw/ct_images/normal/CT00027.png,data/raw/ct_images/tumor/CT00085.png,ct,normal,tumor,8,8,Visually Similar,Retain - Shows Structural Variation
data/raw/ct_images/normal/CT00027.png,data/raw/ct_images/tumor/CT00087.png,ct,normal,tumor,10,6,Visually Similar,Retain - Shows Structural Variation
data/raw/ct_images/normal/CT00027.png,data/raw/ct_images/tumor/CT00112.png,ct,normal,tumor,10,6,Visually Similar,Retain - Shows Structural Variation
data/raw/ct_images/normal/CT00027.png,data/raw/ct_images/tumor/CT00116.png,ct,normal,tumor,7,4,Visually Similar,Retain - Shows Structural Variation
data/raw/ct_images/normal/CT00027.png,data/raw/ct_images/tumor/CT00121.png,ct,normal,tumor,10,6,Visually Similar,Retain - Shows Structural Variation
data/raw/ct_images/normal/CT00028.png,data/raw/ct_images/normal/CT00029.png,ct,normal,normal,3,6,Near Duplicate,Document & Evaluate Similarity Threshold
data/raw/ct_images/normal/CT00028.png,data/raw/ct_images/normal/CT00030.png,ct,normal,normal,2,4,Near Duplicate,Document & Evaluate Similarity Threshold
data/raw/ct_images/normal/CT00028.png,data/raw/ct_images/normal/CT00032.png,ct,normal,normal,2,5,Near Duplicate,Document & Evaluate Similarity Threshold
data/raw/ct_images/normal/CT00028.png,data/raw/ct_images/normal/CT00034.png,ct,normal,normal,7,2,Visually Similar,Retain - Shows Structural Variation
data/raw/ct_images/normal/CT00028.png,data/raw/ct_images/normal/CT00039.png,ct,normal,normal,3,5,Near Duplicate,Document & Evaluate Similarity Threshold
data/raw/ct_images/normal/CT00028.png,data/raw/ct_images/normal/CT00041.png,ct,normal,normal,2,6,Near Duplicate,Document & Evaluate Similarity Threshold
data/raw/ct_images/normal/CT00028.png,data/raw/ct_images/normal/CT00043.png,ct,normal,normal,2,5,Near Duplicate,Document & Evaluate Similarity Threshold
data/raw/ct_images/normal/CT00028.png,data/raw/ct_images/normal/CT00045.png,ct,normal,normal,2,3,Near Duplicate,Document & Evaluate Similarity Threshold
data/raw/ct_images/normal/CT00028.png,data/raw/ct_images/normal/CT00046.png,ct,normal,normal,2,5,Near Duplicate,Document & Evaluate Similarity Threshold
data/raw/ct_images/normal/CT00028.png,data/raw/ct_images/normal/CT00048.png,ct,normal,normal,2,3,Near Duplicate,Document & Evaluate Similarity Threshold
data/raw/ct_images/normal/CT00028.png,data/raw/ct_images/normal/CT00050.png,ct,normal,normal,2,6,Near Duplicate,Document & Evaluate Similarity Threshold
data/raw/ct_images/normal/CT00028.png,data/raw/ct_images/normal/CT00051.png,ct,normal,normal,2,5,Near Duplicate,Document & Evaluate Similarity Threshold
data/raw/ct_images/normal/CT00028.png,data/raw/ct_images/normal/CT00052.png,ct,normal,normal,3,3,Near Duplicate,Document & Evaluate Similarity Threshold
data/raw/ct_images/normal/CT00028.png,data/raw/ct_images/normal/CT00053.png,ct,normal,normal,3,6,Near Duplicate,Document & Evaluate Similarity Threshold
data/raw/ct_images/normal/CT00028.png,data/raw/ct_images/normal/CT00054.png,ct,normal,normal,5,3,Visually Similar,Retain - Shows Structural Variation
data/raw/ct_images/normal/CT00028.png,data/raw/ct_images/normal/CT00055.png,ct,normal,normal,2,6,Near Duplicate,Document & Evaluate Similarity Threshold
data/raw/ct_images/normal/CT00028.png,data/raw/ct_images/normal/CT00057.png,ct,normal,normal,0,3,Exact Duplicate,Keep Representative / Purge Duplicate
data/raw/ct_images/normal/CT00028.png,data/raw/ct_images/normal/CT00061.png,ct,normal,normal,2,4,Near Duplicate,Document & Evaluate Similarity Threshold
data/raw/ct_images/normal/CT00028.png,data/raw/ct_images/normal/CT00062.png,ct,normal,normal,2,7,Near Duplicate,Document & Evaluate Similarity Threshold
data/raw/ct_images/normal/CT00028.png,data/raw/ct_images/normal/CT00063.png,ct,normal,normal,2,3,Near Duplicate,Document & Evaluate Similarity Threshold
data/raw/ct_images/normal/CT00028.png,data/raw/ct_images/tumor/CT00068.png,ct,normal,tumor,5,6,Visually Similar,Retain - Shows Structural Variation
data/raw/ct_images/normal/CT00028.png,data/raw/ct_images/tumor/CT00085.png,ct,normal,tumor,8,7,Visually Similar,Retain - Shows Structural Variation
data/raw/ct_images/normal/CT00028.png,data/raw/ct_images/tumor/CT00116.png,ct,normal,tumor,9,7,Visually Similar,Retain - Shows Structural Variation
data/raw/ct_images/normal/CT00028.png,data/raw/ct_images/tumor/CT00121.png,ct,normal,tumor,10,9,Visually Similar,Retain - Shows Structural Variation
data/raw/ct_images/normal/CT00029.png,data/raw/ct_images/normal/CT00030.png,ct,normal,normal,3,4,Near Duplicate,Document & Evaluate Similarity Threshold
data/raw/ct_images/normal/CT00029.png,data/raw/ct_images/normal/CT00032.png,ct,normal,normal,3,1,Near Duplicate,Document & Evaluate Similarity Threshold
data/raw/ct_images/normal/CT00029.png,data/raw/ct_images/normal/CT00034.png,ct,normal,normal,10,8,Visually Similar,Retain - Shows Structural Variation
data/raw/ct_images/normal/CT00029.png,data/raw/ct_images/normal/CT00039.png,ct,normal,normal,4,1,Near Duplicate,Document & Evaluate Similarity Threshold
data/raw/ct_images/normal/CT00029.png,data/raw/ct_images/normal/CT00041.png,ct,normal,normal,3,4,Near Duplicate,Document & Evaluate Similarity Threshold
data/raw/ct_images/normal/CT00029.png,data/raw/ct_images/normal/CT00043.png,ct,normal,normal,3,1,Near Duplicate,Document & Evaluate Similarity Threshold
data/raw/ct_images/normal/CT00029.png,data/raw/ct_images/normal/CT00045.png,ct,normal,normal,3,3,Near Duplicate,Document & Evaluate Similarity Threshold
data/raw/ct_images/normal/CT00029.png,data/raw/ct_images/normal/CT00046.png,ct,normal,normal,1,1,Near Duplicate,Document & Evaluate Similarity Threshold
data/raw/ct_images/normal/CT00029.png,data/raw/ct_images/normal/CT00048.png,ct,normal,normal,3,3,Near Duplicate,Document & Evaluate Similarity Threshold
data/raw/ct_images/normal/CT00029.png,data/raw/ct_images/normal/CT00050.png,ct,normal,normal,3,4,Near Duplicate,Document & Evaluate Similarity Threshold
data/raw/ct_images/normal/CT00029.png,data/raw/ct_images/normal/CT00051.png,ct,normal,normal,5,3,Visually Similar,Retain - Shows Structural Variation
data/raw/ct_images/normal/CT00029.png,data/raw/ct_images/normal/CT00052.png,ct,normal,normal,6,3,Visually Similar,Retain - Shows Structural Variation
data/raw/ct_images/normal/CT00029.png,data/raw/ct_images/normal/CT00053.png,ct,normal,normal,0,2,Exact Duplicate,Keep Representative / Purge Duplicate
data/raw/ct_images/normal/CT00029.png,data/raw/ct_images/normal/CT00054.png,ct,normal,normal,6,3,Visually Similar,Retain - Shows Structural Variation
data/raw/ct_images/normal/CT00029.png,data/raw/ct_images/normal/CT00055.png,ct,normal,normal,1,0,Near Duplicate,Document & Evaluate Similarity Threshold
data/raw/ct_images/normal/CT00029.png,data/raw/ct_images/normal/CT00057.png,ct,normal,normal,3,3,Near Duplicate,Document & Evaluate Similarity Threshold
data/raw/ct_images/normal/CT00029.png,data/raw/ct_images/normal/CT00061.png,ct,normal,normal,3,2,Near Duplicate,Document & Evaluate Similarity Threshold
data/raw/ct_images/normal/CT00029.png,data/raw/ct_images/normal/CT00062.png,ct,normal,normal,3,5,Near Duplicate,Document & Evaluate Similarity Threshold
data/raw/ct_images/normal/CT00029.png,data/raw/ct_images/normal/CT00063.png,ct,normal,normal,3,3,Near Duplicate,Document & Evaluate Similarity Threshold
data/raw/ct_images/normal/CT00029.png,data/raw/ct_images/tumor/CT00068.png,ct,normal,tumor,8,8,Visually Similar,Retain - Shows Structural Variation
data/raw/ct_images/normal/CT00029.png,data/raw/ct_images/tumor/CT00116.png,ct,normal,tumor,8,5,Visually Similar,Retain - Shows Structural Variation
data/raw/ct_images/normal/CT00030.png,data/raw/ct_images/normal/CT00032.png,ct,normal,normal,0,3,Exact Duplicate,Keep Representative / Purge Duplicate
data/raw/ct_images/normal/CT00030.png,data/raw/ct_images/normal/CT00034.png,ct,normal,normal,7,4,Visually Similar,Retain - Shows Structural Variation
data/raw/ct_images/normal/CT00030.png,data/raw/ct_images/normal/CT00039.png,ct,normal,normal,1,3,Near Duplicate,Document & Evaluate Similarity Threshold
data/raw/ct_images/normal/CT00030.png,data/raw/ct_images/normal/CT00041.png,ct,normal,normal,0,2,Exact Duplicate,Keep Representative / Purge Duplicate
data/raw/ct_images/normal/CT00030.png,data/raw/ct_images/normal/CT00043.png,ct,normal,normal,0,3,Exact Duplicate,Keep Representative / Purge Duplicate
data/raw/ct_images/normal/CT00030.png,data/raw/ct_images/normal/CT00045.png,ct,normal,normal,0,1,Exact Duplicate,Keep Representative / Purge Duplicate
data/raw/ct_images/normal/CT00030.png,data/raw/ct_images/normal/CT00046.png,ct,normal,normal,2,3,Near Duplicate,Document & Evaluate Similarity Threshold
data/raw/ct_images/normal/CT00030.png,data/raw/ct_images/normal/CT00048.png,ct,normal,normal,0,1,Exact Duplicate,Keep Representative / Purge Duplicate
data/raw/ct_images/normal/CT00030.png,data/raw/ct_images/normal/CT00050.png,ct,normal,normal,0,4,Exact Duplicate,Keep Representative / Purge Duplicate
data/raw/ct_images/normal/CT00030.png,data/raw/ct_images/normal/CT00051.png,ct,normal,normal,2,3,Near Duplicate,Document & Evaluate Similarity Threshold
data/raw/ct_images/normal/CT00030.png,data/raw/ct_images/normal/CT00052.png,ct,normal,normal,3,1,Near Duplicate,Document & Evaluate Similarity Threshold
data/raw/ct_images/normal/CT00030.png,data/raw/ct_images/normal/CT00053.png,ct,normal,normal,3,4,Near Duplicate,Document & Evaluate Similarity Threshold
data/raw/ct_images/normal/CT00030.png,data/raw/ct_images/normal/CT00054.png,ct,normal,normal,3,1,Near Duplicate,Document & Evaluate Similarity Threshold
data/raw/ct_images/normal/CT00030.png,data/raw/ct_images/normal/CT00055.png,ct,normal,normal,2,4,Near Duplicate,Document & Evaluate Similarity Threshold
data/raw/ct_images/normal/CT00030.png,data/raw/ct_images/normal/CT00057.png,ct,normal,normal,2,5,Near Duplicate,Document & Evaluate Similarity Threshold
data/raw/ct_images/normal/CT00030.png,data/raw/ct_images/normal/CT00061.png,ct,normal,normal,0,2,Exact Duplicate,Keep Representative / Purge Duplicate
data/raw/ct_images/normal/CT00030.png,data/raw/ct_images/normal/CT00062.png,ct,normal,normal,2,3,Near Duplicate,Document & Evaluate Similarity Threshold
data/raw/ct_images/normal/CT00030.png,data/raw/ct_images/normal/CT00063.png,ct,normal,normal,0,3,Exact Duplicate,Keep Representative / Purge Duplicate
data/raw/ct_images/normal/CT00030.png,data/raw/ct_images/progression/CT00148.png,ct,normal,progression,10,7,Visually Similar,Retain - Shows Structural Variation
data/raw/ct_images/normal/CT00030.png,data/raw/ct_images/tumor/CT00068.png,ct,normal,tumor,5,4,Visually Similar,Retain - Shows Structural Variation
data/raw/ct_images/normal/CT00030.png,data/raw/ct_images/tumor/CT00085.png,ct,normal,tumor,8,5,Visually Similar,Retain - Shows Structural Variation
data/raw/ct_images/normal/CT00030.png,data/raw/ct_images/tumor/CT00087.png,ct,normal,tumor,10,5,Visually Similar,Retain - Shows Structural Variation
data/raw/ct_images/normal/CT00030.png,data/raw/ct_images/tumor/CT00112.png,ct,normal,tumor,10,3,Visually Similar,Retain - Shows Structural Variation
data/raw/ct_images/normal/CT00030.png,data/raw/ct_images/tumor/CT00116.png,ct,normal,tumor,7,5,Visually Similar,Retain - Shows Structural Variation
data/raw/ct_images/normal/CT00030.png,data/raw/ct_images/tumor/CT00121.png,ct,normal,tumor,10,7,Visually Similar,Retain - Shows Structural Variation
data/raw/ct_images/normal/CT00031.png,data/raw/ct_images/normal/CT00033.png,ct,normal,normal,3,4,Near Duplicate,Document & Evaluate Similarity Threshold
data/raw/ct_images/normal/CT00031.png,data/raw/ct_images/normal/CT00035.png,ct,normal,normal,2,4,Near Duplicate,Document & Evaluate Similarity Threshold
data/raw/ct_images/normal/CT00031.png,data/raw/ct_images/normal/CT00036.png,ct,normal,normal,5,4,Visually Similar,Retain - Shows Structural Variation
data/raw/ct_images/normal/CT00031.png,data/raw/ct_images/normal/CT00037.png,ct,normal,normal,2,6,Near Duplicate,Document & Evaluate Similarity Threshold
data/raw/ct_images/normal/CT00031.png,data/raw/ct_images/normal/CT00038.png,ct,normal,normal,2,5,Near Duplicate,Document & Evaluate Similarity Threshold
data/raw/ct_images/normal/CT00031.png,data/raw/ct_images/normal/CT00040.png,ct,normal,normal,5,3,Visually Similar,Retain - Shows Structural Variation
data/raw/ct_images/normal/CT00031.png,data/raw/ct_images/normal/CT00042.png,ct,normal,normal,2,1,Near Duplicate,Document & Evaluate Similarity Threshold
data/raw/ct_images/normal/CT00031.png,data/raw/ct_images/normal/CT00044.png,ct,normal,normal,4,4,Near Duplicate,Document & Evaluate Similarity Threshold
data/raw/ct_images/normal/CT00031.png,data/raw/ct_images/normal/CT00047.png,ct,normal,normal,2,2,Near Duplicate,Document & Evaluate Similarity Threshold
data/raw/ct_images/normal/CT00031.png,data/raw/ct_images/normal/CT00049.png,ct,normal,normal,5,3,Visually Similar,Retain - Shows Structural Variation
data/raw/ct_images/normal/CT00031.png,data/raw/ct_images/normal/CT00056.png,ct,normal,normal,0,5,Exact Duplicate,Keep Representative / Purge Duplicate
data/raw/ct_images/normal/CT00031.png,data/raw/ct_images/normal/CT00058.png,ct,normal,normal,4,3,Near Duplicate,Document & Evaluate Similarity Threshold
data/raw/ct_images/normal/CT00031.png,data/raw/ct_images/normal/CT00059.png,ct,normal,normal,2,4,Near Duplicate,Document & Evaluate Similarity Threshold
data/raw/ct_images/normal/CT00031.png,data/raw/ct_images/normal/CT00060.png,ct,normal,normal,3,7,Near Duplicate,Document & Evaluate Similarity Threshold
data/raw/ct_images/normal/CT00031.png,data/raw/ct_images/normal/CT00064.png,ct,normal,normal,5,3,Visually Similar,Retain - Shows Structural Variation
data/raw/ct_images/normal/CT00031.png,data/raw/ct_images/normal/CT00065.png,ct,normal,normal,4,4,Near Duplicate,Document & Evaluate Similarity Threshold
data/raw/ct_images/normal/CT00031.png,data/raw/ct_images/tumor/CT00074.png,ct,normal,tumor,7,8,Visually Similar,Retain - Shows Structural Variation
data/raw/ct_images/normal/CT00031.png,data/raw/ct_images/tumor/CT00095.png,ct,normal,tumor,9,4,Visually Similar,Retain - Shows Structural Variation
data/raw/ct_images/normal/CT00031.png,data/raw/ct_images/tumor/CT00132.png,ct,normal,tumor,9,9,Visually Similar,Retain - Shows Structural Variation
data/raw/ct_images/normal/CT00032.png,data/raw/ct_images/normal/CT00034.png,ct,normal,normal,7,7,Visually Similar,Retain - Shows Structural Variation
data/raw/ct_images/normal/CT00032.png,data/raw/ct_images/normal/CT00039.png,ct,normal,normal,1,0,Near Duplicate,Document & Evaluate Similarity Threshold
data/raw/ct_images/normal/CT00032.png,data/raw/ct_images/normal/CT00041.png,ct,normal,normal,0,3,Exact Duplicate,Keep Representative / Purge Duplicate
data/raw/ct_images/normal/CT00032.png,data/raw/ct_images/normal/CT00043.png,ct,normal,normal,0,0,Exact Duplicate,Keep Representative / Purge Duplicate
data/raw/ct_images/normal/CT00032.png,data/raw/ct_images/normal/CT00045.png,ct,normal,normal,0,2,Exact Duplicate,Keep Representative / Purge Duplicate
data/raw/ct_images/normal/CT00032.png,data/raw/ct_images/normal/CT00046.png,ct,normal,normal,2,0,Near Duplicate,Document & Evaluate Similarity Threshold
data/raw/ct_images/normal/CT00032.png,data/raw/ct_images/normal/CT00048.png,ct,normal,normal,0,2,Exact Duplicate,Keep Representative / Purge Duplicate
data/raw/ct_images/normal/CT00032.png,data/raw/ct_images/normal/CT00050.png,ct,normal,normal,0,3,Exact Duplicate,Keep Representative / Purge Duplicate
data/raw/ct_images/normal/CT00032.png,data/raw/ct_images/normal/CT00051.png,ct,normal,normal,2,2,Near Duplicate,Document & Evaluate Similarity Threshold
data/raw/ct_images/normal/CT00032.png,data/raw/ct_images/normal/CT00052.png,ct,normal,normal,3,2,Near Duplicate,Document & Evaluate Similarity Threshold
data/raw/ct_images/normal/CT00032.png,data/raw/ct_images/normal/CT00053.png,ct,normal,normal,3,1,Near Duplicate,Document & Evaluate Similarity Threshold
data/raw/ct_images/normal/CT00032.png,data/raw/ct_images/normal/CT00054.png,ct,normal,normal,3,2,Near Duplicate,Document & Evaluate Similarity Threshold
data/raw/ct_images/normal/CT00032.png,data/raw/ct_images/normal/CT00055.png,ct,normal,normal,2,1,Near Duplicate,Document & Evaluate Similarity Threshold
data/raw/ct_images/normal/CT00032.png,data/raw/ct_images/normal/CT00057.png,ct,normal,normal,2,2,Near Duplicate,Document & Evaluate Similarity Threshold
data/raw/ct_images/normal/CT00032.png,data/raw/ct_images/normal/CT00061.png,ct,normal,normal,0,1,Exact Duplicate,Keep Representative / Purge Duplicate
data/raw/ct_images/normal/CT00032.png,data/raw/ct_images/normal/CT00062.png,ct,normal,normal,2,4,Near Duplicate,Document & Evaluate Similarity Threshold
data/raw/ct_images/normal/CT00032.png,data/raw/ct_images/normal/CT00063.png,ct,normal,normal,0,2,Exact Duplicate,Keep Representative / Purge Duplicate
data/raw/ct_images/normal/CT00032.png,data/raw/ct_images/progression/CT00148.png,ct,normal,progression,10,8,Visually Similar,Retain - Shows Structural Variation
data/raw/ct_images/normal/CT00032.png,data/raw/ct_images/tumor/CT00068.png,ct,normal,tumor,5,7,Visually Similar,Retain - Shows Structural Variation
data/raw/ct_images/normal/CT00032.png,data/raw/ct_images/tumor/CT00085.png,ct,normal,tumor,8,8,Visually Similar,Retain - Shows Structural Variation
data/raw/ct_images/normal/CT00032.png,data/raw/ct_images/tumor/CT00087.png,ct,normal,tumor,10,6,Visually Similar,Retain - Shows Structural Variation
data/raw/ct_images/normal/CT00032.png,data/raw/ct_images/tumor/CT00112.png,ct,normal,tumor,10,6,Visually Similar,Retain - Shows Structural Variation
data/raw/ct_images/normal/CT00032.png,data/raw/ct_images/tumor/CT00116.png,ct,normal,tumor,7,4,Visually Similar,Retain - Shows Structural Variation
data/raw/ct_images/normal/CT00032.png,data/raw/ct_images/tumor/CT00121.png,ct,normal,tumor,10,6,Visually Similar,Retain - Shows Structural Variation
data/raw/ct_images/normal/CT00033.png,data/raw/ct_images/normal/CT00035.png,ct,normal,normal,3,2,Near Duplicate,Document & Evaluate Similarity Threshold
data/raw/ct_images/normal/CT00033.png,data/raw/ct_images/normal/CT00036.png,ct,normal,normal,4,4,Near Duplicate,Document & Evaluate Similarity Threshold
data/raw/ct_images/normal/CT00033.png,data/raw/ct_images/normal/CT00037.png,ct,normal,normal,3,4,Near Duplicate,Document & Evaluate Similarity Threshold
data/raw/ct_images/normal/CT00033.png,data/raw/ct_images/normal/CT00038.png,ct,normal,normal,5,3,Visually Similar,Retain - Shows Structural Variation
data/raw/ct_images/normal/CT00033.png,data/raw/ct_images/normal/CT00040.png,ct,normal,normal,4,1,Near Duplicate,Document & Evaluate Similarity Threshold
data/raw/ct_images/normal/CT00033.png,data/raw/ct_images/normal/CT00042.png,ct,normal,normal,3,3,Near Duplicate,Document & Evaluate Similarity Threshold
data/raw/ct_images/normal/CT00033.png,data/raw/ct_images/normal/CT00044.png,ct,normal,normal,7,2,Visually Similar,Retain - Shows Structural Variation
data/raw/ct_images/normal/CT00033.png,data/raw/ct_images/normal/CT00047.png,ct,normal,normal,5,2,Visually Similar,Retain - Shows Structural Variation
data/raw/ct_images/normal/CT00033.png,data/raw/ct_images/normal/CT00049.png,ct,normal,normal,4,1,Near Duplicate,Document & Evaluate Similarity Threshold
data/raw/ct_images/normal/CT00033.png,data/raw/ct_images/normal/CT00056.png,ct,normal,normal,3,1,Near Duplicate,Document & Evaluate Similarity Threshold
data/raw/ct_images/normal/CT00033.png,data/raw/ct_images/normal/CT00058.png,ct,normal,normal,5,3,Visually Similar,Retain - Shows Structural Variation
data/raw/ct_images/normal/CT00033.png,data/raw/ct_images/normal/CT00059.png,ct,normal,normal,5,2,Visually Similar,Retain - Shows Structural Variation
data/raw/ct_images/normal/CT00033.png,data/raw/ct_images/normal/CT00060.png,ct,normal,normal,6,7,Visually Similar,Retain - Shows Structural Variation
data/raw/ct_images/normal/CT00033.png,data/raw/ct_images/normal/CT00064.png,ct,normal,normal,4,1,Near Duplicate,Document & Evaluate Similarity Threshold
data/raw/ct_images/normal/CT00033.png,data/raw/ct_images/normal/CT00065.png,ct,normal,normal,5,2,Visually Similar,Retain - Shows Structural Variation
data/raw/ct_images/normal/CT00033.png,data/raw/ct_images/tumor/CT00074.png,ct,normal,tumor,10,6,Visually Similar,Retain - Shows Structural Variation
data/raw/ct_images/normal/CT00034.png,data/raw/ct_images/normal/CT00039.png,ct,normal,normal,6,7,Visually Similar,Retain - Shows Structural Variation
data/raw/ct_images/normal/CT00034.png,data/raw/ct_images/normal/CT00041.png,ct,normal,normal,7,6,Visually Similar,Retain - Shows Structural Variation
data/raw/ct_images/normal/CT00034.png,data/raw/ct_images/normal/CT00043.png,ct,normal,normal,7,7,Visually Similar,Retain - Shows Structural Variation
data/raw/ct_images/normal/CT00034.png,data/raw/ct_images/normal/CT00045.png,ct,normal,normal,7,5,Visually Similar,Retain - Shows Structural Variation
data/raw/ct_images/normal/CT00034.png,data/raw/ct_images/normal/CT00046.png,ct,normal,normal,9,7,Visually Similar,Retain - Shows Structural Variation
data/raw/ct_images/normal/CT00034.png,data/raw/ct_images/normal/CT00048.png,ct,normal,normal,7,5,Visually Similar,Retain - Shows Structural Variation
data/raw/ct_images/normal/CT00034.png,data/raw/ct_images/normal/CT00050.png,ct,normal,normal,7,6,Visually Similar,Retain - Shows Structural Variation
data/raw/ct_images/normal/CT00034.png,data/raw/ct_images/normal/CT00051.png,ct,normal,normal,5,7,Visually Similar,Retain - Shows Structural Variation
data/raw/ct_images/normal/CT00034.png,data/raw/ct_images/normal/CT00052.png,ct,normal,normal,6,5,Visually Similar,Retain - Shows Structural Variation
data/raw/ct_images/normal/CT00034.png,data/raw/ct_images/normal/CT00053.png,ct,normal,normal,10,8,Visually Similar,Retain - Shows Structural Variation
data/raw/ct_images/normal/CT00034.png,data/raw/ct_images/normal/CT00054.png,ct,normal,normal,6,5,Visually Similar,Retain - Shows Structural Variation
data/raw/ct_images/normal/CT00034.png,data/raw/ct_images/normal/CT00055.png,ct,normal,normal,9,8,Visually Similar,Retain - Shows Structural Variation
data/raw/ct_images/normal/CT00034.png,data/raw/ct_images/normal/CT00057.png,ct,normal,normal,7,5,Visually Similar,Retain - Shows Structural Variation
data/raw/ct_images/normal/CT00034.png,data/raw/ct_images/normal/CT00061.png,ct,normal,normal,7,6,Visually Similar,Retain - Shows Structural Variation
data/raw/ct_images/normal/CT00034.png,data/raw/ct_images/normal/CT00062.png,ct,normal,normal,7,5,Visually Similar,Retain - Shows Structural Variation
data/raw/ct_images/normal/CT00034.png,data/raw/ct_images/normal/CT00063.png,ct,normal,normal,7,5,Visually Similar,Retain - Shows Structural Variation
data/raw/ct_images/normal/CT00034.png,data/raw/ct_images/tumor/CT00068.png,ct,normal,tumor,10,6,Visually Similar,Retain - Shows Structural Variation
data/raw/ct_images/normal/CT00034.png,data/raw/ct_images/tumor/CT00085.png,ct,normal,tumor,9,7,Visually Similar,Retain - Shows Structural Variation
data/raw/ct_images/normal/CT00034.png,data/raw/ct_images/tumor/CT00121.png,ct,normal,tumor,7,9,Visually Similar,Retain - Shows Structural Variation
data/raw/ct_images/normal/CT00035.png,data/raw/ct_images/normal/CT00036.png,ct,normal,normal,7,6,Visually Similar,Retain - Shows Structural Variation
data/raw/ct_images/normal/CT00035.png,data/raw/ct_images/normal/CT00037.png,ct,normal,normal,0,2,Exact Duplicate,Keep Representative / Purge Duplicate
data/raw/ct_images/normal/CT00035.png,data/raw/ct_images/normal/CT00038.png,ct,normal,normal,2,1,Near Duplicate,Document & Evaluate Similarity Threshold
data/raw/ct_images/normal/CT00035.png,data/raw/ct_images/normal/CT00040.png,ct,normal,normal,3,3,Near Duplicate,Document & Evaluate Similarity Threshold
data/raw/ct_images/normal/CT00035.png,data/raw/ct_images/normal/CT00042.png,ct,normal,normal,4,3,Near Duplicate,Document & Evaluate Similarity Threshold
data/raw/ct_images/normal/CT00035.png,data/raw/ct_images/normal/CT00044.png,ct,normal,normal,4,0,Near Duplicate,Document & Evaluate Similarity Threshold
data/raw/ct_images/normal/CT00035.png,data/raw/ct_images/normal/CT00047.png,ct,normal,normal,2,2,Near Duplicate,Document & Evaluate Similarity Threshold
data/raw/ct_images/normal/CT00035.png,data/raw/ct_images/normal/CT00049.png,ct,normal,normal,3,3,Near Duplicate,Document & Evaluate Similarity Threshold
data/raw/ct_images/normal/CT00035.png,data/raw/ct_images/normal/CT00056.png,ct,normal,normal,2,1,Near Duplicate,Document & Evaluate Similarity Threshold
data/raw/ct_images/normal/CT00035.png,data/raw/ct_images/normal/CT00058.png,ct,normal,normal,4,5,Near Duplicate,Document & Evaluate Similarity Threshold
data/raw/ct_images/normal/CT00035.png,data/raw/ct_images/normal/CT00059.png,ct,normal,normal,2,0,Near Duplicate,Document & Evaluate Similarity Threshold
data/raw/ct_images/normal/CT00035.png,data/raw/ct_images/normal/CT00060.png,ct,normal,normal,3,5,Near Duplicate,Document & Evaluate Similarity Threshold
data/raw/ct_images/normal/CT00035.png,data/raw/ct_images/normal/CT00064.png,ct,normal,normal,3,3,Near Duplicate,Document & Evaluate Similarity Threshold
data/raw/ct_images/normal/CT00035.png,data/raw/ct_images/normal/CT00065.png,ct,normal,normal,2,2,Near Duplicate,Document & Evaluate Similarity Threshold
data/raw/ct_images/normal/CT00035.png,data/raw/ct_images/tumor/CT00074.png,ct,normal,tumor,7,6,Visually Similar,Retain - Shows Structural Variation
data/raw/ct_images/normal/CT00036.png,data/raw/ct_images/normal/CT00037.png,ct,normal,normal,7,8,Visually Similar,Retain - Shows Structural Variation
data/raw/ct_images/normal/CT00036.png,data/raw/ct_images/normal/CT00038.png,ct,normal,normal,5,7,Visually Similar,Retain - Shows Structural Variation
data/raw/ct_images/normal/CT00036.png,data/raw/ct_images/normal/CT00040.png,ct,normal,normal,4,3,Near Duplicate,Document & Evaluate Similarity Threshold
data/raw/ct_images/normal/CT00036.png,data/raw/ct_images/normal/CT00042.png,ct,normal,normal,3,3,Near Duplicate,Document & Evaluate Similarity Threshold
data/raw/ct_images/normal/CT00036.png,data/raw/ct_images/normal/CT00044.png,ct,normal,normal,3,6,Near Duplicate,Document & Evaluate Similarity Threshold
data/raw/ct_images/normal/CT00036.png,data/raw/ct_images/normal/CT00047.png,ct,normal,normal,5,4,Visually Similar,Retain - Shows Structural Variation
data/raw/ct_images/normal/CT00036.png,data/raw/ct_images/normal/CT00049.png,ct,normal,normal,4,3,Near Duplicate,Document & Evaluate Similarity Threshold
data/raw/ct_images/normal/CT00036.png,data/raw/ct_images/normal/CT00056.png,ct,normal,normal,5,5,Visually Similar,Retain - Shows Structural Variation
data/raw/ct_images/normal/CT00036.png,data/raw/ct_images/normal/CT00058.png,ct,normal,normal,5,1,Visually Similar,Retain - Shows Structural Variation
data/raw/ct_images/normal/CT00036.png,data/raw/ct_images/normal/CT00059.png,ct,normal,normal,5,6,Visually Similar,Retain - Shows Structural Variation
data/raw/ct_images/normal/CT00036.png,data/raw/ct_images/normal/CT00060.png,ct,normal,normal,6,11,Visually Similar,Retain - Shows Structural Variation
data/raw/ct_images/normal/CT00036.png,data/raw/ct_images/normal/CT00064.png,ct,normal,normal,4,3,Near Duplicate,Document & Evaluate Similarity Threshold
data/raw/ct_images/normal/CT00036.png,data/raw/ct_images/normal/CT00065.png,ct,normal,normal,5,6,Visually Similar,Retain - Shows Structural Variation
data/raw/ct_images/normal/CT00036.png,data/raw/ct_images/tumor/CT00074.png,ct,normal,tumor,10,8,Visually Similar,Retain - Shows Structural Variation
data/raw/ct_images/normal/CT00037.png,data/raw/ct_images/normal/CT00038.png,ct,normal,normal,2,1,Near Duplicate,Document & Evaluate Similarity Threshold
data/raw/ct_images/normal/CT00037.png,data/raw/ct_images/normal/CT00040.png,ct,normal,normal,3,5,Near Duplicate,Document & Evaluate Similarity Threshold
data/raw/ct_images/normal/CT00037.png,data/raw/ct_images/normal/CT00042.png,ct,normal,normal,4,5,Near Duplicate,Document & Evaluate Similarity Threshold
data/raw/ct_images/normal/CT00037.png,data/raw/ct_images/normal/CT00044.png,ct,normal,normal,4,2,Near Duplicate,Document & Evaluate Similarity Threshold
data/raw/ct_images/normal/CT00037.png,data/raw/ct_images/normal/CT00047.png,ct,normal,normal,2,4,Near Duplicate,Document & Evaluate Similarity Threshold
data/raw/ct_images/normal/CT00037.png,data/raw/ct_images/normal/CT00049.png,ct,normal,normal,3,5,Near Duplicate,Document & Evaluate Similarity Threshold
data/raw/ct_images/normal/CT00037.png,data/raw/ct_images/normal/CT00056.png,ct,normal,normal,2,3,Near Duplicate,Document & Evaluate Similarity Threshold
data/raw/ct_images/normal/CT00037.png,data/raw/ct_images/normal/CT00058.png,ct,normal,normal,4,7,Near Duplicate,Document & Evaluate Similarity Threshold
data/raw/ct_images/normal/CT00037.png,data/raw/ct_images/normal/CT00059.png,ct,normal,normal,2,2,Near Duplicate,Document & Evaluate Similarity Threshold
data/raw/ct_images/normal/CT00037.png,data/raw/ct_images/normal/CT00060.png,ct,normal,normal,3,3,Near Duplicate,Document & Evaluate Similarity Threshold
data/raw/ct_images/normal/CT00037.png,data/raw/ct_images/normal/CT00064.png,ct,normal,normal,3,5,Near Duplicate,Document & Evaluate Similarity Threshold
data/raw/ct_images/normal/CT00037.png,data/raw/ct_images/normal/CT00065.png,ct,normal,normal,2,4,Near Duplicate,Document & Evaluate Similarity Threshold
data/raw/ct_images/normal/CT00037.png,data/raw/ct_images/tumor/CT00074.png,ct,normal,tumor,7,4,Visually Similar,Retain - Shows Structural Variation
data/raw/ct_images/normal/CT00038.png,data/raw/ct_images/normal/CT00040.png,ct,normal,normal,3,4,Near Duplicate,Document & Evaluate Similarity Threshold
data/raw/ct_images/normal/CT00038.png,data/raw/ct_images/normal/CT00042.png,ct,normal,normal,4,4,Near Duplicate,Document & Evaluate Similarity Threshold
data/raw/ct_images/normal/CT00038.png,data/raw/ct_images/normal/CT00044.png,ct,normal,normal,2,1,Near Duplicate,Document & Evaluate Similarity Threshold
data/raw/ct_images/normal/CT00038.png,data/raw/ct_images/normal/CT00047.png,ct,normal,normal,0,3,Exact Duplicate,Keep Representative / Purge Duplicate
data/raw/ct_images/normal/CT00038.png,data/raw/ct_images/normal/CT00049.png,ct,normal,normal,3,4,Near Duplicate,Document & Evaluate Similarity Threshold
data/raw/ct_images/normal/CT00038.png,data/raw/ct_images/normal/CT00056.png,ct,normal,normal,2,2,Near Duplicate,Document & Evaluate Similarity Threshold
data/raw/ct_images/normal/CT00038.png,data/raw/ct_images/normal/CT00058.png,ct,normal,normal,4,6,Near Duplicate,Document & Evaluate Similarity Threshold
data/raw/ct_images/normal/CT00038.png,data/raw/ct_images/normal/CT00059.png,ct,normal,normal,0,1,Exact Duplicate,Keep Representative / Purge Duplicate
data/raw/ct_images/normal/CT00038.png,data/raw/ct_images/normal/CT00060.png,ct,normal,normal,3,4,Near Duplicate,Document & Evaluate Similarity Threshold
data/raw/ct_images/normal/CT00038.png,data/raw/ct_images/normal/CT00064.png,ct,normal,normal,3,4,Near Duplicate,Document & Evaluate Similarity Threshold
data/raw/ct_images/normal/CT00038.png,data/raw/ct_images/normal/CT00065.png,ct,normal,normal,2,3,Near Duplicate,Document & Evaluate Similarity Threshold
data/raw/ct_images/normal/CT00038.png,data/raw/ct_images/tumor/CT00074.png,ct,normal,tumor,7,5,Visually Similar,Retain - Shows Structural Variation
data/raw/ct_images/normal/CT00039.png,data/raw/ct_images/normal/CT00041.png,ct,normal,normal,1,3,Near Duplicate,Document & Evaluate Similarity Threshold
data/raw/ct_images/normal/CT00039.png,data/raw/ct_images/normal/CT00043.png,ct,normal,normal,1,0,Near Duplicate,Document & Evaluate Similarity Threshold
data/raw/ct_images/normal/CT00039.png,data/raw/ct_images/normal/CT00045.png,ct,normal,normal,1,2,Near Duplicate,Document & Evaluate Similarity Threshold
data/raw/ct_images/normal/CT00039.png,data/raw/ct_images/normal/CT00046.png,ct,normal,normal,3,0,Near Duplicate,Document & Evaluate Similarity Threshold
data/raw/ct_images/normal/CT00039.png,data/raw/ct_images/normal/CT00048.png,ct,normal,normal,1,2,Near Duplicate,Document & Evaluate Similarity Threshold
data/raw/ct_images/normal/CT00039.png,data/raw/ct_images/normal/CT00050.png,ct,normal,normal,1,3,Near Duplicate,Document & Evaluate Similarity Threshold
data/raw/ct_images/normal/CT00039.png,data/raw/ct_images/normal/CT00051.png,ct,normal,normal,3,2,Near Duplicate,Document & Evaluate Similarity Threshold
data/raw/ct_images/normal/CT00039.png,data/raw/ct_images/normal/CT00052.png,ct,normal,normal,4,2,Near Duplicate,Document & Evaluate Similarity Threshold
data/raw/ct_images/normal/CT00039.png,data/raw/ct_images/normal/CT00053.png,ct,normal,normal,4,1,Near Duplicate,Document & Evaluate Similarity Threshold
data/raw/ct_images/normal/CT00039.png,data/raw/ct_images/normal/CT00054.png,ct,normal,normal,4,2,Near Duplicate,Document & Evaluate Similarity Threshold
data/raw/ct_images/normal/CT00039.png,data/raw/ct_images/normal/CT00055.png,ct,normal,normal,3,1,Near Duplicate,Document & Evaluate Similarity Threshold
data/raw/ct_images/normal/CT00039.png,data/raw/ct_images/normal/CT00057.png,ct,normal,normal,3,2,Near Duplicate,Document & Evaluate Similarity Threshold
data/raw/ct_images/normal/CT00039.png,data/raw/ct_images/normal/CT00061.png,ct,normal,normal,1,1,Near Duplicate,Document & Evaluate Similarity Threshold
data/raw/ct_images/normal/CT00039.png,data/raw/ct_images/normal/CT00062.png,ct,normal,normal,3,4,Near Duplicate,Document & Evaluate Similarity Threshold
data/raw/ct_images/normal/CT00039.png,data/raw/ct_images/normal/CT00063.png,ct,normal,normal,1,2,Near Duplicate,Document & Evaluate Similarity Threshold
data/raw/ct_images/normal/CT00039.png,data/raw/ct_images/tumor/CT00068.png,ct,normal,tumor,6,7,Visually Similar,Retain - Shows Structural Variation
data/raw/ct_images/normal/CT00039.png,data/raw/ct_images/tumor/CT00085.png,ct,normal,tumor,9,8,Visually Similar,Retain - Shows Structural Variation
data/raw/ct_images/normal/CT00039.png,data/raw/ct_images/tumor/CT00116.png,ct,normal,tumor,8,4,Visually Similar,Retain - Shows Structural Variation
data/raw/ct_images/normal/CT00039.png,data/raw/ct_images/tumor/CT00121.png,ct,normal,tumor,9,6,Visually Similar,Retain - Shows Structural Variation
data/raw/ct_images/normal/CT00040.png,data/raw/ct_images/normal/CT00042.png,ct,normal,normal,7,2,Visually Similar,Retain - Shows Structural Variation
data/raw/ct_images/normal/CT00040.png,data/raw/ct_images/normal/CT00044.png,ct,normal,normal,3,3,Near Duplicate,Document & Evaluate Similarity Threshold
data/raw/ct_images/normal/CT00040.png,data/raw/ct_images/normal/CT00047.png,ct,normal,normal,3,1,Near Duplicate,Document & Evaluate Similarity Threshold
data/raw/ct_images/normal/CT00040.png,data/raw/ct_images/normal/CT00049.png,ct,normal,normal,0,0,Exact Duplicate,Keep Representative / Purge Duplicate
data/raw/ct_images/normal/CT00040.png,data/raw/ct_images/normal/CT00056.png,ct,normal,normal,5,2,Visually Similar,Retain - Shows Structural Variation
data/raw/ct_images/normal/CT00040.png,data/raw/ct_images/normal/CT00058.png,ct,normal,normal,7,2,Visually Similar,Retain - Shows Structural Variation
data/raw/ct_images/normal/CT00040.png,data/raw/ct_images/normal/CT00059.png,ct,normal,normal,3,3,Near Duplicate,Document & Evaluate Similarity Threshold
data/raw/ct_images/normal/CT00040.png,data/raw/ct_images/normal/CT00060.png,ct,normal,normal,6,8,Visually Similar,Retain - Shows Structural Variation
data/raw/ct_images/normal/CT00040.png,data/raw/ct_images/normal/CT00064.png,ct,normal,normal,0,0,Exact Duplicate,Keep Representative / Purge Duplicate
data/raw/ct_images/normal/CT00040.png,data/raw/ct_images/normal/CT00065.png,ct,normal,normal,1,3,Near Duplicate,Document & Evaluate Similarity Threshold
data/raw/ct_images/normal/CT00040.png,data/raw/ct_images/tumor/CT00074.png,ct,normal,tumor,8,5,Visually Similar,Retain - Shows Structural Variation
data/raw/ct_images/normal/CT00041.png,data/raw/ct_images/normal/CT00043.png,ct,normal,normal,0,3,Exact Duplicate,Keep Representative / Purge Duplicate
data/raw/ct_images/normal/CT00041.png,data/raw/ct_images/normal/CT00045.png,ct,normal,normal,0,3,Exact Duplicate,Keep Representative / Purge Duplicate
data/raw/ct_images/normal/CT00041.png,data/raw/ct_images/normal/CT00046.png,ct,normal,normal,2,3,Near Duplicate,Document & Evaluate Similarity Threshold
data/raw/ct_images/normal/CT00041.png,data/raw/ct_images/normal/CT00048.png,ct,normal,normal,0,3,Exact Duplicate,Keep Representative / Purge Duplicate
data/raw/ct_images/normal/CT00041.png,data/raw/ct_images/normal/CT00050.png,ct,normal,normal,0,2,Exact Duplicate,Keep Representative / Purge Duplicate
data/raw/ct_images/normal/CT00041.png,data/raw/ct_images/normal/CT00051.png,ct,normal,normal,2,3,Near Duplicate,Document & Evaluate Similarity Threshold
data/raw/ct_images/normal/CT00041.png,data/raw/ct_images/normal/CT00052.png,ct,normal,normal,3,3,Near Duplicate,Document & Evaluate Similarity Threshold
data/raw/ct_images/normal/CT00041.png,data/raw/ct_images/normal/CT00053.png,ct,normal,normal,3,4,Near Duplicate,Document & Evaluate Similarity Threshold
data/raw/ct_images/normal/CT00041.png,data/raw/ct_images/normal/CT00054.png,ct,normal,normal,3,3,Near Duplicate,Document & Evaluate Similarity Threshold
data/raw/ct_images/normal/CT00041.png,data/raw/ct_images/normal/CT00055.png,ct,normal,normal,2,4,Near Duplicate,Document & Evaluate Similarity Threshold
data/raw/ct_images/normal/CT00041.png,data/raw/ct_images/normal/CT00057.png,ct,normal,normal,2,5,Near Duplicate,Document & Evaluate Similarity Threshold
data/raw/ct_images/normal/CT00041.png,data/raw/ct_images/normal/CT00061.png,ct,normal,normal,0,2,Exact Duplicate,Keep Representative / Purge Duplicate
data/raw/ct_images/normal/CT00041.png,data/raw/ct_images/normal/CT00062.png,ct,normal,normal,2,1,Near Duplicate,Document & Evaluate Similarity Threshold
data/raw/ct_images/normal/CT00041.png,data/raw/ct_images/normal/CT00063.png,ct,normal,normal,0,3,Exact Duplicate,Keep Representative / Purge Duplicate
data/raw/ct_images/normal/CT00041.png,data/raw/ct_images/progression/CT00148.png,ct,normal,progression,10,9,Visually Similar,Retain - Shows Structural Variation
data/raw/ct_images/normal/CT00041.png,data/raw/ct_images/tumor/CT00068.png,ct,normal,tumor,5,4,Visually Similar,Retain - Shows Structural Variation
data/raw/ct_images/normal/CT00041.png,data/raw/ct_images/tumor/CT00085.png,ct,normal,tumor,8,5,Visually Similar,Retain - Shows Structural Variation
data/raw/ct_images/normal/CT00041.png,data/raw/ct_images/tumor/CT00087.png,ct,normal,tumor,10,3,Visually Similar,Retain - Shows Structural Variation
data/raw/ct_images/normal/CT00041.png,data/raw/ct_images/tumor/CT00112.png,ct,normal,tumor,10,3,Visually Similar,Retain - Shows Structural Variation
data/raw/ct_images/normal/CT00041.png,data/raw/ct_images/tumor/CT00116.png,ct,normal,tumor,7,3,Visually Similar,Retain - Shows Structural Variation
data/raw/ct_images/normal/CT00041.png,data/raw/ct_images/tumor/CT00121.png,ct,normal,tumor,10,5,Visually Similar,Retain - Shows Structural Variation
data/raw/ct_images/normal/CT00042.png,data/raw/ct_images/normal/CT00044.png,ct,normal,normal,4,3,Near Duplicate,Document & Evaluate Similarity Threshold
data/raw/ct_images/normal/CT00042.png,data/raw/ct_images/normal/CT00047.png,ct,normal,normal,4,1,Near Duplicate,Document & Evaluate Similarity Threshold
data/raw/ct_images/normal/CT00042.png,data/raw/ct_images/normal/CT00049.png,ct,normal,normal,7,2,Visually Similar,Retain - Shows Structural Variation
data/raw/ct_images/normal/CT00042.png,data/raw/ct_images/normal/CT00056.png,ct,normal,normal,2,4,Near Duplicate,Document & Evaluate Similarity Threshold
data/raw/ct_images/normal/CT00042.png,data/raw/ct_images/normal/CT00058.png,ct,normal,normal,2,2,Near Duplicate,Document & Evaluate Similarity Threshold
data/raw/ct_images/normal/CT00042.png,data/raw/ct_images/normal/CT00059.png,ct,normal,normal,4,3,Near Duplicate,Document & Evaluate Similarity Threshold
data/raw/ct_images/normal/CT00042.png,data/raw/ct_images/normal/CT00060.png,ct,normal,normal,3,8,Near Duplicate,Document & Evaluate Similarity Threshold
data/raw/ct_images/normal/CT00042.png,data/raw/ct_images/normal/CT00064.png,ct,normal,normal,7,2,Visually Similar,Retain - Shows Structural Variation
data/raw/ct_images/normal/CT00042.png,data/raw/ct_images/normal/CT00065.png,ct,normal,normal,6,3,Visually Similar,Retain - Shows Structural Variation
data/raw/ct_images/normal/CT00042.png,data/raw/ct_images/tumor/CT00074.png,ct,normal,tumor,9,7,Visually Similar,Retain - Shows Structural Variation
data/raw/ct_images/normal/CT00042.png,data/raw/ct_images/tumor/CT00095.png,ct,normal,tumor,9,3,Visually Similar,Retain - Shows Structural Variation
data/raw/ct_images/normal/CT00042.png,data/raw/ct_images/tumor/CT00132.png,ct,normal,tumor,9,8,Visually Similar,Retain - Shows Structural Variation
data/raw/ct_images/normal/CT00043.png,data/raw/ct_images/normal/CT00045.png,ct,normal,normal,0,2,Exact Duplicate,Keep Representative / Purge Duplicate
data/raw/ct_images/normal/CT00043.png,data/raw/ct_images/normal/CT00046.png,ct,normal,normal,2,0,Near Duplicate,Document & Evaluate Similarity Threshold
data/raw/ct_images/normal/CT00043.png,data/raw/ct_images/normal/CT00048.png,ct,normal,normal,0,2,Exact Duplicate,Keep Representative / Purge Duplicate
data/raw/ct_images/normal/CT00043.png,data/raw/ct_images/normal/CT00050.png,ct,normal,normal,0,3,Exact Duplicate,Keep Representative / Purge Duplicate
data/raw/ct_images/normal/CT00043.png,data/raw/ct_images/normal/CT00051.png,ct,normal,normal,2,2,Near Duplicate,Document & Evaluate Similarity Threshold
data/raw/ct_images/normal/CT00043.png,data/raw/ct_images/normal/CT00052.png,ct,normal,normal,3,2,Near Duplicate,Document & Evaluate Similarity Threshold
data/raw/ct_images/normal/CT00043.png,data/raw/ct_images/normal/CT00053.png,ct,normal,normal,3,1,Near Duplicate,Document & Evaluate Similarity Threshold
data/raw/ct_images/normal/CT00043.png,data/raw/ct_images/normal/CT00054.png,ct,normal,normal,3,2,Near Duplicate,Document & Evaluate Similarity Threshold
data/raw/ct_images/normal/CT00043.png,data/raw/ct_images/normal/CT00055.png,ct,normal,normal,2,1,Near Duplicate,Document & Evaluate Similarity Threshold
data/raw/ct_images/normal/CT00043.png,data/raw/ct_images/normal/CT00057.png,ct,normal,normal,2,2,Near Duplicate,Document & Evaluate Similarity Threshold
data/raw/ct_images/normal/CT00043.png,data/raw/ct_images/normal/CT00061.png,ct,normal,normal,0,1,Exact Duplicate,Keep Representative / Purge Duplicate
data/raw/ct_images/normal/CT00043.png,data/raw/ct_images/normal/CT00062.png,ct,normal,normal,2,4,Near Duplicate,Document & Evaluate Similarity Threshold
data/raw/ct_images/normal/CT00043.png,data/raw/ct_images/normal/CT00063.png,ct,normal,normal,0,2,Exact Duplicate,Keep Representative / Purge Duplicate
data/raw/ct_images/normal/CT00043.png,data/raw/ct_images/progression/CT00148.png,ct,normal,progression,10,8,Visually Similar,Retain - Shows Structural Variation
data/raw/ct_images/normal/CT00043.png,data/raw/ct_images/tumor/CT00068.png,ct,normal,tumor,5,7,Visually Similar,Retain - Shows Structural Variation
data/raw/ct_images/normal/CT00043.png,data/raw/ct_images/tumor/CT00085.png,ct,normal,tumor,8,8,Visually Similar,Retain - Shows Structural Variation
data/raw/ct_images/normal/CT00043.png,data/raw/ct_images/tumor/CT00087.png,ct,normal,tumor,10,6,Visually Similar,Retain - Shows Structural Variation
data/raw/ct_images/normal/CT00043.png,data/raw/ct_images/tumor/CT00112.png,ct,normal,tumor,10,6,Visually Similar,Retain - Shows Structural Variation
data/raw/ct_images/normal/CT00043.png,data/raw/ct_images/tumor/CT00116.png,ct,normal,tumor,7,4,Visually Similar,Retain - Shows Structural Variation
data/raw/ct_images/normal/CT00043.png,data/raw/ct_images/tumor/CT00121.png,ct,normal,tumor,10,6,Visually Similar,Retain - Shows Structural Variation
data/raw/ct_images/normal/CT00044.png,data/raw/ct_images/normal/CT00047.png,ct,normal,normal,2,2,Near Duplicate,Document & Evaluate Similarity Threshold
data/raw/ct_images/normal/CT00044.png,data/raw/ct_images/normal/CT00049.png,ct,normal,normal,3,3,Near Duplicate,Document & Evaluate Similarity Threshold
data/raw/ct_images/normal/CT00044.png,data/raw/ct_images/normal/CT00056.png,ct,normal,normal,4,1,Near Duplicate,Document & Evaluate Similarity Threshold
data/raw/ct_images/normal/CT00044.png,data/raw/ct_images/normal/CT00058.png,ct,normal,normal,4,5,Near Duplicate,Document & Evaluate Similarity Threshold
data/raw/ct_images/normal/CT00044.png,data/raw/ct_images/normal/CT00059.png,ct,normal,normal,2,0,Near Duplicate,Document & Evaluate Similarity Threshold
data/raw/ct_images/normal/CT00044.png,data/raw/ct_images/normal/CT00060.png,ct,normal,normal,3,5,Near Duplicate,Document & Evaluate Similarity Threshold
data/raw/ct_images/normal/CT00044.png,data/raw/ct_images/normal/CT00064.png,ct,normal,normal,3,3,Near Duplicate,Document & Evaluate Similarity Threshold
data/raw/ct_images/normal/CT00044.png,data/raw/ct_images/normal/CT00065.png,ct,normal,normal,2,2,Near Duplicate,Document & Evaluate Similarity Threshold
data/raw/ct_images/normal/CT00044.png,data/raw/ct_images/tumor/CT00074.png,ct,normal,tumor,7,6,Visually Similar,Retain - Shows Structural Variation
data/raw/ct_images/normal/CT00045.png,data/raw/ct_images/normal/CT00046.png,ct,normal,normal,2,2,Near Duplicate,Document & Evaluate Similarity Threshold
data/raw/ct_images/normal/CT00045.png,data/raw/ct_images/normal/CT00048.png,ct,normal,normal,0,0,Exact Duplicate,Keep Representative / Purge Duplicate
data/raw/ct_images/normal/CT00045.png,data/raw/ct_images/normal/CT00050.png,ct,normal,normal,0,3,Exact Duplicate,Keep Representative / Purge Duplicate
data/raw/ct_images/normal/CT00045.png,data/raw/ct_images/normal/CT00051.png,ct,normal,normal,2,2,Near Duplicate,Document & Evaluate Similarity Threshold
data/raw/ct_images/normal/CT00045.png,data/raw/ct_images/normal/CT00052.png,ct,normal,normal,3,0,Near Duplicate,Document & Evaluate Similarity Threshold
data/raw/ct_images/normal/CT00045.png,data/raw/ct_images/normal/CT00053.png,ct,normal,normal,3,3,Near Duplicate,Document & Evaluate Similarity Threshold
data/raw/ct_images/normal/CT00045.png,data/raw/ct_images/normal/CT00054.png,ct,normal,normal,3,0,Near Duplicate,Document & Evaluate Similarity Threshold
data/raw/ct_images/normal/CT00045.png,data/raw/ct_images/normal/CT00055.png,ct,normal,normal,2,3,Near Duplicate,Document & Evaluate Similarity Threshold
data/raw/ct_images/normal/CT00045.png,data/raw/ct_images/normal/CT00057.png,ct,normal,normal,2,4,Near Duplicate,Document & Evaluate Similarity Threshold
data/raw/ct_images/normal/CT00045.png,data/raw/ct_images/normal/CT00061.png,ct,normal,normal,0,1,Exact Duplicate,Keep Representative / Purge Duplicate
data/raw/ct_images/normal/CT00045.png,data/raw/ct_images/normal/CT00062.png,ct,normal,normal,2,4,Near Duplicate,Document & Evaluate Similarity Threshold
data/raw/ct_images/normal/CT00045.png,data/raw/ct_images/normal/CT00063.png,ct,normal,normal,0,2,Exact Duplicate,Keep Representative / Purge Duplicate
data/raw/ct_images/normal/CT00045.png,data/raw/ct_images/progression/CT00148.png,ct,normal,progression,10,8,Visually Similar,Retain - Shows Structural Variation
data/raw/ct_images/normal/CT00045.png,data/raw/ct_images/tumor/CT00068.png,ct,normal,tumor,5,5,Visually Similar,Retain - Shows Structural Variation
data/raw/ct_images/normal/CT00045.png,data/raw/ct_images/tumor/CT00085.png,ct,normal,tumor,8,6,Visually Similar,Retain - Shows Structural Variation
data/raw/ct_images/normal/CT00045.png,data/raw/ct_images/tumor/CT00087.png,ct,normal,tumor,10,6,Visually Similar,Retain - Shows Structural Variation
data/raw/ct_images/normal/CT00045.png,data/raw/ct_images/tumor/CT00112.png,ct,normal,tumor,10,4,Visually Similar,Retain - Shows Structural Variation
data/raw/ct_images/normal/CT00045.png,data/raw/ct_images/tumor/CT00116.png,ct,normal,tumor,7,6,Visually Similar,Retain - Shows Structural Variation
data/raw/ct_images/normal/CT00045.png,data/raw/ct_images/tumor/CT00121.png,ct,normal,tumor,10,8,Visually Similar,Retain - Shows Structural Variation
data/raw/ct_images/normal/CT00046.png,data/raw/ct_images/normal/CT00048.png,ct,normal,normal,2,2,Near Duplicate,Document & Evaluate Similarity Threshold
data/raw/ct_images/normal/CT00046.png,data/raw/ct_images/normal/CT00050.png,ct,normal,normal,2,3,Near Duplicate,Document & Evaluate Similarity Threshold
data/raw/ct_images/normal/CT00046.png,data/raw/ct_images/normal/CT00051.png,ct,normal,normal,4,2,Near Duplicate,Document & Evaluate Similarity Threshold
data/raw/ct_images/normal/CT00046.png,data/raw/ct_images/normal/CT00052.png,ct,normal,normal,5,2,Visually Similar,Retain - Shows Structural Variation
data/raw/ct_images/normal/CT00046.png,data/raw/ct_images/normal/CT00053.png,ct,normal,normal,1,1,Near Duplicate,Document & Evaluate Similarity Threshold
data/raw/ct_images/normal/CT00046.png,data/raw/ct_images/normal/CT00054.png,ct,normal,normal,5,2,Visually Similar,Retain - Shows Structural Variation
data/raw/ct_images/normal/CT00046.png,data/raw/ct_images/normal/CT00055.png,ct,normal,normal,0,1,Exact Duplicate,Keep Representative / Purge Duplicate
data/raw/ct_images/normal/CT00046.png,data/raw/ct_images/normal/CT00057.png,ct,normal,normal,2,2,Near Duplicate,Document & Evaluate Similarity Threshold
data/raw/ct_images/normal/CT00046.png,data/raw/ct_images/normal/CT00061.png,ct,normal,normal,2,1,Near Duplicate,Document & Evaluate Similarity Threshold
data/raw/ct_images/normal/CT00046.png,data/raw/ct_images/normal/CT00062.png,ct,normal,normal,2,4,Near Duplicate,Document & Evaluate Similarity Threshold
data/raw/ct_images/normal/CT00046.png,data/raw/ct_images/normal/CT00063.png,ct,normal,normal,2,2,Near Duplicate,Document & Evaluate Similarity Threshold
data/raw/ct_images/normal/CT00046.png,data/raw/ct_images/tumor/CT00068.png,ct,normal,tumor,7,7,Visually Similar,Retain - Shows Structural Variation
data/raw/ct_images/normal/CT00046.png,data/raw/ct_images/tumor/CT00085.png,ct,normal,tumor,10,8,Visually Similar,Retain - Shows Structural Variation
data/raw/ct_images/normal/CT00046.png,data/raw/ct_images/tumor/CT00116.png,ct,normal,tumor,7,4,Visually Similar,Retain - Shows Structural Variation
data/raw/ct_images/normal/CT00046.png,data/raw/ct_images/tumor/CT00121.png,ct,normal,tumor,10,6,Visually Similar,Retain - Shows Structural Variation
data/raw/ct_images/normal/CT00047.png,data/raw/ct_images/normal/CT00049.png,ct,normal,normal,3,1,Near Duplicate,Document & Evaluate Similarity Threshold
data/raw/ct_images/normal/CT00047.png,data/raw/ct_images/normal/CT00056.png,ct,normal,normal,2,3,Near Duplicate,Document & Evaluate Similarity Threshold
data/raw/ct_images/normal/CT00047.png,data/raw/ct_images/normal/CT00058.png,ct,normal,normal,4,3,Near Duplicate,Document & Evaluate Similarity Threshold
data/raw/ct_images/normal/CT00047.png,data/raw/ct_images/normal/CT00059.png,ct,normal,normal,0,2,Exact Duplicate,Keep Representative / Purge Duplicate
data/raw/ct_images/normal/CT00047.png,data/raw/ct_images/normal/CT00060.png,ct,normal,normal,3,7,Near Duplicate,Document & Evaluate Similarity Threshold
data/raw/ct_images/normal/CT00047.png,data/raw/ct_images/normal/CT00064.png,ct,normal,normal,3,1,Near Duplicate,Document & Evaluate Similarity Threshold
data/raw/ct_images/normal/CT00047.png,data/raw/ct_images/normal/CT00065.png,ct,normal,normal,2,2,Near Duplicate,Document & Evaluate Similarity Threshold
data/raw/ct_images/normal/CT00047.png,data/raw/ct_images/tumor/CT00074.png,ct,normal,tumor,7,6,Visually Similar,Retain - Shows Structural Variation
data/raw/ct_images/normal/CT00048.png,data/raw/ct_images/normal/CT00050.png,ct,normal,normal,0,3,Exact Duplicate,Keep Representative / Purge Duplicate
data/raw/ct_images/normal/CT00048.png,data/raw/ct_images/normal/CT00051.png,ct,normal,normal,2,2,Near Duplicate,Document & Evaluate Similarity Threshold
data/raw/ct_images/normal/CT00048.png,data/raw/ct_images/normal/CT00052.png,ct,normal,normal,3,0,Near Duplicate,Document & Evaluate Similarity Threshold
data/raw/ct_images/normal/CT00048.png,data/raw/ct_images/normal/CT00053.png,ct,normal,normal,3,3,Near Duplicate,Document & Evaluate Similarity Threshold
data/raw/ct_images/normal/CT00048.png,data/raw/ct_images/normal/CT00054.png,ct,normal,normal,3,0,Near Duplicate,Document & Evaluate Similarity Threshold
data/raw/ct_images/normal/CT00048.png,data/raw/ct_images/normal/CT00055.png,ct,normal,normal,2,3,Near Duplicate,Document & Evaluate Similarity Threshold
data/raw/ct_images/normal/CT00048.png,data/raw/ct_images/normal/CT00057.png,ct,normal,normal,2,4,Near Duplicate,Document & Evaluate Similarity Threshold
data/raw/ct_images/normal/CT00048.png,data/raw/ct_images/normal/CT00061.png,ct,normal,normal,0,1,Exact Duplicate,Keep Representative / Purge Duplicate
data/raw/ct_images/normal/CT00048.png,data/raw/ct_images/normal/CT00062.png,ct,normal,normal,2,4,Near Duplicate,Document & Evaluate Similarity Threshold
data/raw/ct_images/normal/CT00048.png,data/raw/ct_images/normal/CT00063.png,ct,normal,normal,0,2,Exact Duplicate,Keep Representative / Purge Duplicate
data/raw/ct_images/normal/CT00048.png,data/raw/ct_images/progression/CT00148.png,ct,normal,progression,10,8,Visually Similar,Retain - Shows Structural Variation
data/raw/ct_images/normal/CT00048.png,data/raw/ct_images/tumor/CT00068.png,ct,normal,tumor,5,5,Visually Similar,Retain - Shows Structural Variation
data/raw/ct_images/normal/CT00048.png,data/raw/ct_images/tumor/CT00085.png,ct,normal,tumor,8,6,Visually Similar,Retain - Shows Structural Variation
data/raw/ct_images/normal/CT00048.png,data/raw/ct_images/tumor/CT00087.png,ct,normal,tumor,10,6,Visually Similar,Retain - Shows Structural Variation
data/raw/ct_images/normal/CT00048.png,data/raw/ct_images/tumor/CT00112.png,ct,normal,tumor,10,4,Visually Similar,Retain - Shows Structural Variation
data/raw/ct_images/normal/CT00048.png,data/raw/ct_images/tumor/CT00116.png,ct,normal,tumor,7,6,Visually Similar,Retain - Shows Structural Variation
data/raw/ct_images/normal/CT00048.png,data/raw/ct_images/tumor/CT00121.png,ct,normal,tumor,10,8,Visually Similar,Retain - Shows Structural Variation
data/raw/ct_images/normal/CT00049.png,data/raw/ct_images/normal/CT00056.png,ct,normal,normal,5,2,Visually Similar,Retain - Shows Structural Variation
data/raw/ct_images/normal/CT00049.png,data/raw/ct_images/normal/CT00058.png,ct,normal,normal,7,2,Visually Similar,Retain - Shows Structural Variation
data/raw/ct_images/normal/CT00049.png,data/raw/ct_images/normal/CT00059.png,ct,normal,normal,3,3,Near Duplicate,Document & Evaluate Similarity Threshold
data/raw/ct_images/normal/CT00049.png,data/raw/ct_images/normal/CT00060.png,ct,normal,normal,6,8,Visually Similar,Retain - Shows Structural Variation
data/raw/ct_images/normal/CT00049.png,data/raw/ct_images/normal/CT00064.png,ct,normal,normal,0,0,Exact Duplicate,Keep Representative / Purge Duplicate
data/raw/ct_images/normal/CT00049.png,data/raw/ct_images/normal/CT00065.png,ct,normal,normal,1,3,Near Duplicate,Document & Evaluate Similarity Threshold
data/raw/ct_images/normal/CT00049.png,data/raw/ct_images/tumor/CT00074.png,ct,normal,tumor,8,5,Visually Similar,Retain - Shows Structural Variation
data/raw/ct_images/normal/CT00050.png,data/raw/ct_images/normal/CT00051.png,ct,normal,normal,2,3,Near Duplicate,Document & Evaluate Similarity Threshold
data/raw/ct_images/normal/CT00050.png,data/raw/ct_images/normal/CT00052.png,ct,normal,normal,3,3,Near Duplicate,Document & Evaluate Similarity Threshold
data/raw/ct_images/normal/CT00050.png,data/raw/ct_images/normal/CT00053.png,ct,normal,normal,3,4,Near Duplicate,Document & Evaluate Similarity Threshold
data/raw/ct_images/normal/CT00050.png,data/raw/ct_images/normal/CT00054.png,ct,normal,normal,3,3,Near Duplicate,Document & Evaluate Similarity Threshold
data/raw/ct_images/normal/CT00050.png,data/raw/ct_images/normal/CT00055.png,ct,normal,normal,2,4,Near Duplicate,Document & Evaluate Similarity Threshold
data/raw/ct_images/normal/CT00050.png,data/raw/ct_images/normal/CT00057.png,ct,normal,normal,2,5,Near Duplicate,Document & Evaluate Similarity Threshold
data/raw/ct_images/normal/CT00050.png,data/raw/ct_images/normal/CT00061.png,ct,normal,normal,0,2,Exact Duplicate,Keep Representative / Purge Duplicate
data/raw/ct_images/normal/CT00050.png,data/raw/ct_images/normal/CT00062.png,ct,normal,normal,2,1,Near Duplicate,Document & Evaluate Similarity Threshold
data/raw/ct_images/normal/CT00050.png,data/raw/ct_images/normal/CT00063.png,ct,normal,normal,0,3,Exact Duplicate,Keep Representative / Purge Duplicate
data/raw/ct_images/normal/CT00050.png,data/raw/ct_images/progression/CT00148.png,ct,normal,progression,10,11,Visually Similar,Retain - Shows Structural Variation
data/raw/ct_images/normal/CT00050.png,data/raw/ct_images/tumor/CT00068.png,ct,normal,tumor,5,6,Visually Similar,Retain - Shows Structural Variation
data/raw/ct_images/normal/CT00050.png,data/raw/ct_images/tumor/CT00085.png,ct,normal,tumor,8,7,Visually Similar,Retain - Shows Structural Variation
data/raw/ct_images/normal/CT00050.png,data/raw/ct_images/tumor/CT00087.png,ct,normal,tumor,10,5,Visually Similar,Retain - Shows Structural Variation
data/raw/ct_images/normal/CT00050.png,data/raw/ct_images/tumor/CT00112.png,ct,normal,tumor,10,5,Visually Similar,Retain - Shows Structural Variation
data/raw/ct_images/normal/CT00050.png,data/raw/ct_images/tumor/CT00116.png,ct,normal,tumor,7,5,Visually Similar,Retain - Shows Structural Variation
data/raw/ct_images/normal/CT00050.png,data/raw/ct_images/tumor/CT00121.png,ct,normal,tumor,10,7,Visually Similar,Retain - Shows Structural Variation
data/raw/ct_images/normal/CT00051.png,data/raw/ct_images/normal/CT00052.png,ct,normal,normal,3,2,Near Duplicate,Document & Evaluate Similarity Threshold
data/raw/ct_images/normal/CT00051.png,data/raw/ct_images/normal/CT00053.png,ct,normal,normal,5,3,Visually Similar,Retain - Shows Structural Variation
data/raw/ct_images/normal/CT00051.png,data/raw/ct_images/normal/CT00054.png,ct,normal,normal,5,2,Visually Similar,Retain - Shows Structural Variation
data/raw/ct_images/normal/CT00051.png,data/raw/ct_images/normal/CT00055.png,ct,normal,normal,4,3,Near Duplicate,Document & Evaluate Similarity Threshold
data/raw/ct_images/normal/CT00051.png,data/raw/ct_images/normal/CT00057.png,ct,normal,normal,2,4,Near Duplicate,Document & Evaluate Similarity Threshold
data/raw/ct_images/normal/CT00051.png,data/raw/ct_images/normal/CT00061.png,ct,normal,normal,2,1,Near Duplicate,Document & Evaluate Similarity Threshold
data/raw/ct_images/normal/CT00051.png,data/raw/ct_images/normal/CT00062.png,ct,normal,normal,4,4,Near Duplicate,Document & Evaluate Similarity Threshold
data/raw/ct_images/normal/CT00051.png,data/raw/ct_images/normal/CT00063.png,ct,normal,normal,2,2,Near Duplicate,Document & Evaluate Similarity Threshold
data/raw/ct_images/normal/CT00051.png,data/raw/ct_images/tumor/CT00068.png,ct,normal,tumor,5,7,Visually Similar,Retain - Shows Structural Variation
data/raw/ct_images/normal/CT00051.png,data/raw/ct_images/tumor/CT00085.png,ct,normal,tumor,8,8,Visually Similar,Retain - Shows Structural Variation
data/raw/ct_images/normal/CT00051.png,data/raw/ct_images/tumor/CT00116.png,ct,normal,tumor,9,6,Visually Similar,Retain - Shows Structural Variation
data/raw/ct_images/normal/CT00051.png,data/raw/ct_images/tumor/CT00121.png,ct,normal,tumor,8,8,Visually Similar,Retain - Shows Structural Variation
data/raw/ct_images/normal/CT00052.png,data/raw/ct_images/normal/CT00053.png,ct,normal,normal,6,3,Visually Similar,Retain - Shows Structural Variation
data/raw/ct_images/normal/CT00052.png,data/raw/ct_images/normal/CT00054.png,ct,normal,normal,2,0,Near Duplicate,Document & Evaluate Similarity Threshold
data/raw/ct_images/normal/CT00052.png,data/raw/ct_images/normal/CT00055.png,ct,normal,normal,5,3,Visually Similar,Retain - Shows Structural Variation
data/raw/ct_images/normal/CT00052.png,data/raw/ct_images/normal/CT00057.png,ct,normal,normal,3,4,Near Duplicate,Document & Evaluate Similarity Threshold
data/raw/ct_images/normal/CT00052.png,data/raw/ct_images/normal/CT00061.png,ct,normal,normal,3,1,Near Duplicate,Document & Evaluate Similarity Threshold
data/raw/ct_images/normal/CT00052.png,data/raw/ct_images/normal/CT00062.png,ct,normal,normal,5,4,Visually Similar,Retain - Shows Structural Variation
data/raw/ct_images/normal/CT00052.png,data/raw/ct_images/normal/CT00063.png,ct,normal,normal,3,2,Near Duplicate,Document & Evaluate Similarity Threshold
data/raw/ct_images/normal/CT00052.png,data/raw/ct_images/tumor/CT00068.png,ct,normal,tumor,6,5,Visually Similar,Retain - Shows Structural Variation
data/raw/ct_images/normal/CT00052.png,data/raw/ct_images/tumor/CT00085.png,ct,normal,tumor,9,6,Visually Similar,Retain - Shows Structural Variation
data/raw/ct_images/normal/CT00052.png,data/raw/ct_images/tumor/CT00116.png,ct,normal,tumor,8,6,Visually Similar,Retain - Shows Structural Variation
data/raw/ct_images/normal/CT00053.png,data/raw/ct_images/normal/CT00054.png,ct,normal,normal,6,3,Visually Similar,Retain - Shows Structural Variation
data/raw/ct_images/normal/CT00053.png,data/raw/ct_images/normal/CT00055.png,ct,normal,normal,1,2,Near Duplicate,Document & Evaluate Similarity Threshold
data/raw/ct_images/normal/CT00053.png,data/raw/ct_images/normal/CT00057.png,ct,normal,normal,3,3,Near Duplicate,Document & Evaluate Similarity Threshold
data/raw/ct_images/normal/CT00053.png,data/raw/ct_images/normal/CT00061.png,ct,normal,normal,3,2,Near Duplicate,Document & Evaluate Similarity Threshold
data/raw/ct_images/normal/CT00053.png,data/raw/ct_images/normal/CT00062.png,ct,normal,normal,3,5,Near Duplicate,Document & Evaluate Similarity Threshold
data/raw/ct_images/normal/CT00053.png,data/raw/ct_images/normal/CT00063.png,ct,normal,normal,3,3,Near Duplicate,Document & Evaluate Similarity Threshold
data/raw/ct_images/normal/CT00053.png,data/raw/ct_images/tumor/CT00068.png,ct,normal,tumor,8,8,Visually Similar,Retain - Shows Structural Variation
data/raw/ct_images/normal/CT00053.png,data/raw/ct_images/tumor/CT00116.png,ct,normal,tumor,8,5,Visually Similar,Retain - Shows Structural Variation
data/raw/ct_images/normal/CT00054.png,data/raw/ct_images/normal/CT00055.png,ct,normal,normal,5,3,Visually Similar,Retain - Shows Structural Variation
data/raw/ct_images/normal/CT00054.png,data/raw/ct_images/normal/CT00057.png,ct,normal,normal,5,4,Visually Similar,Retain - Shows Structural Variation
data/raw/ct_images/normal/CT00054.png,data/raw/ct_images/normal/CT00061.png,ct,normal,normal,3,1,Near Duplicate,Document & Evaluate Similarity Threshold
data/raw/ct_images/normal/CT00054.png,data/raw/ct_images/normal/CT00062.png,ct,normal,normal,3,4,Near Duplicate,Document & Evaluate Similarity Threshold
data/raw/ct_images/normal/CT00054.png,data/raw/ct_images/normal/CT00063.png,ct,normal,normal,3,2,Near Duplicate,Document & Evaluate Similarity Threshold
data/raw/ct_images/normal/CT00054.png,data/raw/ct_images/tumor/CT00068.png,ct,normal,tumor,8,5,Visually Similar,Retain - Shows Structural Variation
data/raw/ct_images/normal/CT00054.png,data/raw/ct_images/tumor/CT00116.png,ct,normal,tumor,8,6,Visually Similar,Retain - Shows Structural Variation
data/raw/ct_images/normal/CT00055.png,data/raw/ct_images/normal/CT00057.png,ct,normal,normal,2,3,Near Duplicate,Document & Evaluate Similarity Threshold
data/raw/ct_images/normal/CT00055.png,data/raw/ct_images/normal/CT00061.png,ct,normal,normal,2,2,Near Duplicate,Document & Evaluate Similarity Threshold
data/raw/ct_images/normal/CT00055.png,data/raw/ct_images/normal/CT00062.png,ct,normal,normal,2,5,Near Duplicate,Document & Evaluate Similarity Threshold
data/raw/ct_images/normal/CT00055.png,data/raw/ct_images/normal/CT00063.png,ct,normal,normal,2,3,Near Duplicate,Document & Evaluate Similarity Threshold
data/raw/ct_images/normal/CT00055.png,data/raw/ct_images/tumor/CT00068.png,ct,normal,tumor,7,8,Visually Similar,Retain - Shows Structural Variation
data/raw/ct_images/normal/CT00055.png,data/raw/ct_images/tumor/CT00085.png,ct,normal,tumor,10,9,Visually Similar,Retain - Shows Structural Variation
data/raw/ct_images/normal/CT00055.png,data/raw/ct_images/tumor/CT00116.png,ct,normal,tumor,7,5,Visually Similar,Retain - Shows Structural Variation
data/raw/ct_images/normal/CT00055.png,data/raw/ct_images/tumor/CT00121.png,ct,normal,tumor,10,7,Visually Similar,Retain - Shows Structural Variation
data/raw/ct_images/normal/CT00056.png,data/raw/ct_images/normal/CT00058.png,ct,normal,normal,4,4,Near Duplicate,Document & Evaluate Similarity Threshold
data/raw/ct_images/normal/CT00056.png,data/raw/ct_images/normal/CT00059.png,ct,normal,normal,2,1,Near Duplicate,Document & Evaluate Similarity Threshold
data/raw/ct_images/normal/CT00056.png,data/raw/ct_images/normal/CT00060.png,ct,normal,normal,3,6,Near Duplicate,Document & Evaluate Similarity Threshold
data/raw/ct_images/normal/CT00056.png,data/raw/ct_images/normal/CT00064.png,ct,normal,normal,5,2,Visually Similar,Retain - Shows Structural Variation
data/raw/ct_images/normal/CT00056.png,data/raw/ct_images/normal/CT00065.png,ct,normal,normal,4,3,Near Duplicate,Document & Evaluate Similarity Threshold
data/raw/ct_images/normal/CT00056.png,data/raw/ct_images/tumor/CT00074.png,ct,normal,tumor,7,5,Visually Similar,Retain - Shows Structural Variation
data/raw/ct_images/normal/CT00056.png,data/raw/ct_images/tumor/CT00095.png,ct,normal,tumor,9,1,Visually Similar,Retain - Shows Structural Variation
data/raw/ct_images/normal/CT00056.png,data/raw/ct_images/tumor/CT00132.png,ct,normal,tumor,9,6,Visually Similar,Retain - Shows Structural Variation
data/raw/ct_images/normal/CT00057.png,data/raw/ct_images/normal/CT00061.png,ct,normal,normal,2,3,Near Duplicate,Document & Evaluate Similarity Threshold
data/raw/ct_images/normal/CT00057.png,data/raw/ct_images/normal/CT00062.png,ct,normal,normal,2,6,Near Duplicate,Document & Evaluate Similarity Threshold
data/raw/ct_images/normal/CT00057.png,data/raw/ct_images/normal/CT00063.png,ct,normal,normal,2,4,Near Duplicate,Document & Evaluate Similarity Threshold
data/raw/ct_images/normal/CT00057.png,data/raw/ct_images/tumor/CT00068.png,ct,normal,tumor,5,9,Visually Similar,Retain - Shows Structural Variation
data/raw/ct_images/normal/CT00057.png,data/raw/ct_images/tumor/CT00085.png,ct,normal,tumor,8,10,Visually Similar,Retain - Shows Structural Variation
data/raw/ct_images/normal/CT00057.png,data/raw/ct_images/tumor/CT00116.png,ct,normal,tumor,9,6,Visually Similar,Retain - Shows Structural Variation
data/raw/ct_images/normal/CT00057.png,data/raw/ct_images/tumor/CT00121.png,ct,normal,tumor,10,8,Visually Similar,Retain - Shows Structural Variation
data/raw/ct_images/normal/CT00058.png,data/raw/ct_images/normal/CT00059.png,ct,normal,normal,4,5,Near Duplicate,Document & Evaluate Similarity Threshold
data/raw/ct_images/normal/CT00058.png,data/raw/ct_images/normal/CT00060.png,ct,normal,normal,3,10,Near Duplicate,Document & Evaluate Similarity Threshold
data/raw/ct_images/normal/CT00058.png,data/raw/ct_images/normal/CT00064.png,ct,normal,normal,7,2,Visually Similar,Retain - Shows Structural Variation
data/raw/ct_images/normal/CT00058.png,data/raw/ct_images/normal/CT00065.png,ct,normal,normal,6,5,Visually Similar,Retain - Shows Structural Variation
data/raw/ct_images/normal/CT00058.png,data/raw/ct_images/tumor/CT00074.png,ct,normal,tumor,7,7,Visually Similar,Retain - Shows Structural Variation
data/raw/ct_images/normal/CT00059.png,data/raw/ct_images/normal/CT00060.png,ct,normal,normal,3,5,Near Duplicate,Document & Evaluate Similarity Threshold
data/raw/ct_images/normal/CT00059.png,data/raw/ct_images/normal/CT00064.png,ct,normal,normal,3,3,Near Duplicate,Document & Evaluate Similarity Threshold
data/raw/ct_images/normal/CT00059.png,data/raw/ct_images/normal/CT00065.png,ct,normal,normal,2,2,Near Duplicate,Document & Evaluate Similarity Threshold
data/raw/ct_images/normal/CT00059.png,data/raw/ct_images/tumor/CT00074.png,ct,normal,tumor,7,6,Visually Similar,Retain - Shows Structural Variation
data/raw/ct_images/normal/CT00060.png,data/raw/ct_images/normal/CT00064.png,ct,normal,normal,6,8,Visually Similar,Retain - Shows Structural Variation
data/raw/ct_images/normal/CT00060.png,data/raw/ct_images/normal/CT00065.png,ct,normal,normal,5,7,Visually Similar,Retain - Shows Structural Variation
data/raw/ct_images/normal/CT00060.png,data/raw/ct_images/tumor/CT00074.png,ct,normal,tumor,8,7,Visually Similar,Retain - Shows Structural Variation
data/raw/ct_images/normal/CT00060.png,data/raw/ct_images/tumor/CT00095.png,ct,normal,tumor,10,7,Visually Similar,Retain - Shows Structural Variation
data/raw/ct_images/normal/CT00060.png,data/raw/ct_images/tumor/CT00128.png,ct,normal,tumor,10,7,Visually Similar,Retain - Shows Structural Variation
data/raw/ct_images/normal/CT00060.png,data/raw/ct_images/tumor/CT00132.png,ct,normal,tumor,8,6,Visually Similar,Retain - Shows Structural Variation
data/raw/ct_images/normal/CT00061.png,data/raw/ct_images/normal/CT00062.png,ct,normal,normal,2,3,Near Duplicate,Document & Evaluate Similarity Threshold
data/raw/ct_images/normal/CT00061.png,data/raw/ct_images/normal/CT00063.png,ct,normal,normal,0,1,Exact Duplicate,Keep Representative / Purge Duplicate
data/raw/ct_images/normal/CT00061.png,data/raw/ct_images/progression/CT00148.png,ct,normal,progression,10,9,Visually Similar,Retain - Shows Structural Variation
data/raw/ct_images/normal/CT00061.png,data/raw/ct_images/tumor/CT00068.png,ct,normal,tumor,5,6,Visually Similar,Retain - Shows Structural Variation
data/raw/ct_images/normal/CT00061.png,data/raw/ct_images/tumor/CT00085.png,ct,normal,tumor,8,7,Visually Similar,Retain - Shows Structural Variation
data/raw/ct_images/normal/CT00061.png,data/raw/ct_images/tumor/CT00087.png,ct,normal,tumor,10,5,Visually Similar,Retain - Shows Structural Variation
data/raw/ct_images/normal/CT00061.png,data/raw/ct_images/tumor/CT00112.png,ct,normal,tumor,10,5,Visually Similar,Retain - Shows Structural Variation
data/raw/ct_images/normal/CT00061.png,data/raw/ct_images/tumor/CT00116.png,ct,normal,tumor,7,5,Visually Similar,Retain - Shows Structural Variation
data/raw/ct_images/normal/CT00061.png,data/raw/ct_images/tumor/CT00121.png,ct,normal,tumor,10,7,Visually Similar,Retain - Shows Structural Variation
data/raw/ct_images/normal/CT00062.png,data/raw/ct_images/normal/CT00063.png,ct,normal,normal,2,4,Near Duplicate,Document & Evaluate Similarity Threshold
data/raw/ct_images/normal/CT00062.png,data/raw/ct_images/tumor/CT00068.png,ct,normal,tumor,7,5,Visually Similar,Retain - Shows Structural Variation
data/raw/ct_images/normal/CT00062.png,data/raw/ct_images/tumor/CT00085.png,ct,normal,tumor,10,6,Visually Similar,Retain - Shows Structural Variation
data/raw/ct_images/normal/CT00062.png,data/raw/ct_images/tumor/CT00116.png,ct,normal,tumor,9,4,Visually Similar,Retain - Shows Structural Variation
data/raw/ct_images/normal/CT00062.png,data/raw/ct_images/tumor/CT00121.png,ct,normal,tumor,10,6,Visually Similar,Retain - Shows Structural Variation
data/raw/ct_images/normal/CT00063.png,data/raw/ct_images/progression/CT00148.png,ct,normal,progression,10,8,Visually Similar,Retain - Shows Structural Variation
data/raw/ct_images/normal/CT00063.png,data/raw/ct_images/tumor/CT00068.png,ct,normal,tumor,5,5,Visually Similar,Retain - Shows Structural Variation
data/raw/ct_images/normal/CT00063.png,data/raw/ct_images/tumor/CT00085.png,ct,normal,tumor,8,6,Visually Similar,Retain - Shows Structural Variation
data/raw/ct_images/normal/CT00063.png,data/raw/ct_images/tumor/CT00087.png,ct,normal,tumor,10,4,Visually Similar,Retain - Shows Structural Variation
data/raw/ct_images/normal/CT00063.png,data/raw/ct_images/tumor/CT00112.png,ct,normal,tumor,10,4,Visually Similar,Retain - Shows Structural Variation
data/raw/ct_images/normal/CT00063.png,data/raw/ct_images/tumor/CT00116.png,ct,normal,tumor,7,4,Visually Similar,Retain - Shows Structural Variation
data/raw/ct_images/normal/CT00063.png,data/raw/ct_images/tumor/CT00121.png,ct,normal,tumor,10,6,Visually Similar,Retain - Shows Structural Variation
data/raw/ct_images/normal/CT00064.png,data/raw/ct_images/normal/CT00065.png,ct,normal,normal,1,3,Near Duplicate,Document & Evaluate Similarity Threshold
data/raw/ct_images/normal/CT00064.png,data/raw/ct_images/tumor/CT00074.png,ct,normal,tumor,8,5,Visually Similar,Retain - Shows Structural Variation
data/raw/ct_images/normal/CT00065.png,data/raw/ct_images/tumor/CT00074.png,ct,normal,tumor,7,8,Visually Similar,Retain - Shows Structural Variation
data/raw/ct_images/progression/CT00136.png,data/raw/ct_images/progression/CT00137.png,ct,progression,progression,7,4,Visually Similar,Retain - Shows Structural Variation
data/raw/ct_images/progression/CT00136.png,data/raw/ct_images/progression/CT00138.png,ct,progression,progression,5,5,Visually Similar,Retain - Shows Structural Variation
data/raw/ct_images/progression/CT00136.png,data/raw/ct_images/progression/CT00140.png,ct,progression,progression,7,7,Visually Similar,Retain - Shows Structural Variation
data/raw/ct_images/progression/CT00136.png,data/raw/ct_images/progression/CT00145.png,ct,progression,progression,9,5,Visually Similar,Retain - Shows Structural Variation
data/raw/ct_images/progression/CT00136.png,data/raw/ct_images/progression/CT00146.png,ct,progression,progression,7,4,Visually Similar,Retain - Shows Structural Variation
data/raw/ct_images/progression/CT00136.png,data/raw/ct_images/progression/CT00147.png,ct,progression,progression,5,5,Visually Similar,Retain - Shows Structural Variation
data/raw/ct_images/progression/CT00136.png,data/raw/ct_images/progression/CT00148.png,ct,progression,progression,10,5,Visually Similar,Retain - Shows Structural Variation
data/raw/ct_images/progression/CT00136.png,data/raw/ct_images/progression/CT00150.png,ct,progression,progression,9,5,Visually Similar,Retain - Shows Structural Variation
data/raw/ct_images/progression/CT00136.png,data/raw/ct_images/progression/CT00151.png,ct,progression,progression,8,4,Visually Similar,Retain - Shows Structural Variation
data/raw/ct_images/progression/CT00136.png,data/raw/ct_images/progression/CT00154.png,ct,progression,progression,9,6,Visually Similar,Retain - Shows Structural Variation
data/raw/ct_images/progression/CT00136.png,data/raw/ct_images/progression/CT00157.png,ct,progression,progression,8,3,Visually Similar,Retain - Shows Structural Variation
data/raw/ct_images/progression/CT00136.png,data/raw/ct_images/progression/CT00158.png,ct,progression,progression,8,5,Visually Similar,Retain - Shows Structural Variation
data/raw/ct_images/progression/CT00136.png,data/raw/ct_images/progression/CT00161.png,ct,progression,progression,6,4,Visually Similar,Retain - Shows Structural Variation
data/raw/ct_images/progression/CT00136.png,data/raw/ct_images/progression/CT00162.png,ct,progression,progression,7,4,Visually Similar,Retain - Shows Structural Variation
data/raw/ct_images/progression/CT00136.png,data/raw/ct_images/progression/CT00166.png,ct,progression,progression,10,4,Visually Similar,Retain - Shows Structural Variation
data/raw/ct_images/progression/CT00136.png,data/raw/ct_images/progression/CT00168.png,ct,progression,progression,9,5,Visually Similar,Retain - Shows Structural Variation
data/raw/ct_images/progression/CT00136.png,data/raw/ct_images/progression/CT00169.png,ct,progression,progression,3,4,Near Duplicate,Document & Evaluate Similarity Threshold
data/raw/ct_images/progression/CT00136.png,data/raw/ct_images/progression/CT00173.png,ct,progression,progression,9,7,Visually Similar,Retain - Shows Structural Variation
data/raw/ct_images/progression/CT00136.png,data/raw/ct_images/progression/CT00175.png,ct,progression,progression,9,5,Visually Similar,Retain - Shows Structural Variation
data/raw/ct_images/progression/CT00136.png,data/raw/ct_images/progression/CT00177.png,ct,progression,progression,10,6,Visually Similar,Retain - Shows Structural Variation
data/raw/ct_images/progression/CT00136.png,data/raw/ct_images/progression/CT00182.png,ct,progression,progression,3,3,Near Duplicate,Document & Evaluate Similarity Threshold
data/raw/ct_images/progression/CT00136.png,data/raw/ct_images/progression/CT00183.png,ct,progression,progression,5,5,Visually Similar,Retain - Shows Structural Variation
data/raw/ct_images/progression/CT00136.png,data/raw/ct_images/progression/CT00185.png,ct,progression,progression,6,3,Visually Similar,Retain - Shows Structural Variation
data/raw/ct_images/progression/CT00136.png,data/raw/ct_images/progression/CT00187.png,ct,progression,progression,10,3,Visually Similar,Retain - Shows Structural Variation
data/raw/ct_images/progression/CT00136.png,data/raw/ct_images/progression/CT00195.png,ct,progression,progression,10,5,Visually Similar,Retain - Shows Structural Variation
data/raw/ct_images/progression/CT00137.png,data/raw/ct_images/progression/CT00138.png,ct,progression,progression,4,5,Near Duplicate,Document & Evaluate Similarity Threshold
data/raw/ct_images/progression/CT00137.png,data/raw/ct_images/progression/CT00140.png,ct,progression,progression,8,7,Visually Similar,Retain - Shows Structural Variation
data/raw/ct_images/progression/CT00137.png,data/raw/ct_images/progression/CT00145.png,ct,progression,progression,4,3,Near Duplicate,Document & Evaluate Similarity Threshold
data/raw/ct_images/progression/CT00137.png,data/raw/ct_images/progression/CT00146.png,ct,progression,progression,8,4,Visually Similar,Retain - Shows Structural Variation
data/raw/ct_images/progression/CT00137.png,data/raw/ct_images/progression/CT00147.png,ct,progression,progression,6,3,Visually Similar,Retain - Shows Structural Variation
data/raw/ct_images/progression/CT00137.png,data/raw/ct_images/progression/CT00150.png,ct,progression,progression,6,3,Visually Similar,Retain - Shows Structural Variation
data/raw/ct_images/progression/CT00137.png,data/raw/ct_images/progression/CT00151.png,ct,progression,progression,7,4,Visually Similar,Retain - Shows Structural Variation
data/raw/ct_images/progression/CT00137.png,data/raw/ct_images/progression/CT00153.png,ct,progression,progression,7,3,Visually Similar,Retain - Shows Structural Variation
data/raw/ct_images/progression/CT00137.png,data/raw/ct_images/progression/CT00154.png,ct,progression,progression,2,4,Near Duplicate,Document & Evaluate Similarity Threshold
data/raw/ct_images/progression/CT00137.png,data/raw/ct_images/progression/CT00157.png,ct,progression,progression,7,3,Visually Similar,Retain - Shows Structural Variation
data/raw/ct_images/progression/CT00137.png,data/raw/ct_images/progression/CT00158.png,ct,progression,progression,5,7,Visually Similar,Retain - Shows Structural Variation
data/raw/ct_images/progression/CT00137.png,data/raw/ct_images/progression/CT00159.png,ct,progression,progression,7,6,Visually Similar,Retain - Shows Structural Variation
data/raw/ct_images/progression/CT00137.png,data/raw/ct_images/progression/CT00161.png,ct,progression,progression,9,0,Visually Similar,Retain - Shows Structural Variation
data/raw/ct_images/progression/CT00137.png,data/raw/ct_images/progression/CT00162.png,ct,progression,progression,8,4,Visually Similar,Retain - Shows Structural Variation
data/raw/ct_images/progression/CT00137.png,data/raw/ct_images/progression/CT00166.png,ct,progression,progression,9,4,Visually Similar,Retain - Shows Structural Variation
data/raw/ct_images/progression/CT00137.png,data/raw/ct_images/progression/CT00167.png,ct,progression,progression,10,1,Visually Similar,Retain - Shows Structural Variation
data/raw/ct_images/progression/CT00137.png,data/raw/ct_images/progression/CT00168.png,ct,progression,progression,6,3,Visually Similar,Retain - Shows Structural Variation
data/raw/ct_images/progression/CT00137.png,data/raw/ct_images/progression/CT00169.png,ct,progression,progression,8,0,Visually Similar,Retain - Shows Structural Variation
data/raw/ct_images/progression/CT00137.png,data/raw/ct_images/progression/CT00173.png,ct,progression,progression,6,5,Visually Similar,Retain - Shows Structural Variation
data/raw/ct_images/progression/CT00137.png,data/raw/ct_images/progression/CT00175.png,ct,progression,progression,10,5,Visually Similar,Retain - Shows Structural Variation
data/raw/ct_images/progression/CT00137.png,data/raw/ct_images/progression/CT00176.png,ct,progression,progression,8,4,Visually Similar,Retain - Shows Structural Variation
data/raw/ct_images/progression/CT00137.png,data/raw/ct_images/progression/CT00177.png,ct,progression,progression,5,6,Visually Similar,Retain - Shows Structural Variation
data/raw/ct_images/progression/CT00137.png,data/raw/ct_images/progression/CT00182.png,ct,progression,progression,4,1,Near Duplicate,Document & Evaluate Similarity Threshold
data/raw/ct_images/progression/CT00137.png,data/raw/ct_images/progression/CT00183.png,ct,progression,progression,4,3,Near Duplicate,Document & Evaluate Similarity Threshold
data/raw/ct_images/progression/CT00137.png,data/raw/ct_images/progression/CT00185.png,ct,progression,progression,7,5,Visually Similar,Retain - Shows Structural Variation
data/raw/ct_images/progression/CT00137.png,data/raw/ct_images/progression/CT00187.png,ct,progression,progression,9,5,Visually Similar,Retain - Shows Structural Variation
data/raw/ct_images/progression/CT00137.png,data/raw/ct_images/progression/CT00191.png,ct,progression,progression,4,5,Near Duplicate,Document & Evaluate Similarity Threshold
data/raw/ct_images/progression/CT00137.png,data/raw/ct_images/progression/CT00192.png,ct,progression,progression,9,5,Visually Similar,Retain - Shows Structural Variation
data/raw/ct_images/progression/CT00137.png,data/raw/ct_images/progression/CT00195.png,ct,progression,progression,5,3,Visually Similar,Retain - Shows Structural Variation
data/raw/ct_images/progression/CT00137.png,data/raw/ct_images/progression/CT00199.png,ct,progression,progression,6,2,Visually Similar,Retain - Shows Structural Variation
data/raw/ct_images/progression/CT00138.png,data/raw/ct_images/progression/CT00140.png,ct,progression,progression,4,2,Near Duplicate,Document & Evaluate Similarity Threshold
data/raw/ct_images/progression/CT00138.png,data/raw/ct_images/progression/CT00145.png,ct,progression,progression,6,2,Visually Similar,Retain - Shows Structural Variation
data/raw/ct_images/progression/CT00138.png,data/raw/ct_images/progression/CT00146.png,ct,progression,progression,6,1,Visually Similar,Retain - Shows Structural Variation
data/raw/ct_images/progression/CT00138.png,data/raw/ct_images/progression/CT00147.png,ct,progression,progression,2,2,Near Duplicate,Document & Evaluate Similarity Threshold
data/raw/ct_images/progression/CT00138.png,data/raw/ct_images/progression/CT00150.png,ct,progression,progression,8,4,Visually Similar,Retain - Shows Structural Variation
data/raw/ct_images/progression/CT00138.png,data/raw/ct_images/progression/CT00151.png,ct,progression,progression,5,1,Visually Similar,Retain - Shows Structural Variation
data/raw/ct_images/progression/CT00138.png,data/raw/ct_images/progression/CT00153.png,ct,progression,progression,9,2,Visually Similar,Retain - Shows Structural Variation
data/raw/ct_images/progression/CT00138.png,data/raw/ct_images/progression/CT00154.png,ct,progression,progression,6,3,Visually Similar,Retain - Shows Structural Variation
data/raw/ct_images/progression/CT00138.png,data/raw/ct_images/progression/CT00156.png,ct,progression,progression,10,3,Visually Similar,Retain - Shows Structural Variation
data/raw/ct_images/progression/CT00138.png,data/raw/ct_images/progression/CT00157.png,ct,progression,progression,7,2,Visually Similar,Retain - Shows Structural Variation
data/raw/ct_images/progression/CT00138.png,data/raw/ct_images/progression/CT00158.png,ct,progression,progression,9,2,Visually Similar,Retain - Shows Structural Variation
data/raw/ct_images/progression/CT00138.png,data/raw/ct_images/progression/CT00159.png,ct,progression,progression,9,1,Visually Similar,Retain - Shows Structural Variation
data/raw/ct_images/progression/CT00138.png,data/raw/ct_images/progression/CT00161.png,ct,progression,progression,7,5,Visually Similar,Retain - Shows Structural Variation
data/raw/ct_images/progression/CT00138.png,data/raw/ct_images/progression/CT00162.png,ct,progression,progression,6,1,Visually Similar,Retain - Shows Structural Variation
data/raw/ct_images/progression/CT00138.png,data/raw/ct_images/progression/CT00163.png,ct,progression,progression,10,2,Visually Similar,Retain - Shows Structural Variation
data/raw/ct_images/progression/CT00138.png,data/raw/ct_images/progression/CT00166.png,ct,progression,progression,7,1,Visually Similar,Retain - Shows Structural Variation
data/raw/ct_images/progression/CT00138.png,data/raw/ct_images/progression/CT00167.png,ct,progression,progression,8,4,Visually Similar,Retain - Shows Structural Variation
data/raw/ct_images/progression/CT00138.png,data/raw/ct_images/progression/CT00168.png,ct,progression,progression,6,2,Visually Similar,Retain - Shows Structural Variation
data/raw/ct_images/progression/CT00138.png,data/raw/ct_images/progression/CT00169.png,ct,progression,progression,6,5,Visually Similar,Retain - Shows Structural Variation
data/raw/ct_images/progression/CT00138.png,data/raw/ct_images/progression/CT00173.png,ct,progression,progression,8,4,Visually Similar,Retain - Shows Structural Variation
data/raw/ct_images/progression/CT00138.png,data/raw/ct_images/progression/CT00175.png,ct,progression,progression,8,2,Visually Similar,Retain - Shows Structural Variation
data/raw/ct_images/progression/CT00138.png,data/raw/ct_images/progression/CT00176.png,ct,progression,progression,10,1,Visually Similar,Retain - Shows Structural Variation
data/raw/ct_images/progression/CT00138.png,data/raw/ct_images/progression/CT00177.png,ct,progression,progression,7,1,Visually Similar,Retain - Shows Structural Variation
data/raw/ct_images/progression/CT00138.png,data/raw/ct_images/progression/CT00182.png,ct,progression,progression,2,4,Near Duplicate,Document & Evaluate Similarity Threshold
data/raw/ct_images/progression/CT00138.png,data/raw/ct_images/progression/CT00183.png,ct,progression,progression,4,4,Near Duplicate,Document & Evaluate Similarity Threshold
data/raw/ct_images/progression/CT00138.png,data/raw/ct_images/progression/CT00185.png,ct,progression,progression,5,4,Visually Similar,Retain - Shows Structural Variation
data/raw/ct_images/progression/CT00138.png,data/raw/ct_images/progression/CT00187.png,ct,progression,progression,9,2,Visually Similar,Retain - Shows Structural Variation
data/raw/ct_images/progression/CT00138.png,data/raw/ct_images/progression/CT00189.png,ct,progression,progression,10,5,Visually Similar,Retain - Shows Structural Variation
data/raw/ct_images/progression/CT00138.png,data/raw/ct_images/progression/CT00191.png,ct,progression,progression,8,0,Visually Similar,Retain - Shows Structural Variation
data/raw/ct_images/progression/CT00138.png,data/raw/ct_images/progression/CT00195.png,ct,progression,progression,7,2,Visually Similar,Retain - Shows Structural Variation
data/raw/ct_images/progression/CT00138.png,data/raw/ct_images/progression/CT00199.png,ct,progression,progression,10,5,Visually Similar,Retain - Shows Structural Variation
data/raw/ct_images/progression/CT00139.png,data/raw/ct_images/progression/CT00143.png,ct,progression,progression,9,2,Visually Similar,Retain - Shows Structural Variation
data/raw/ct_images/progression/CT00139.png,data/raw/ct_images/progression/CT00144.png,ct,progression,progression,7,0,Visually Similar,Retain - Shows Structural Variation
data/raw/ct_images/progression/CT00139.png,data/raw/ct_images/progression/CT00149.png,ct,progression,progression,6,2,Visually Similar,Retain - Shows Structural Variation
data/raw/ct_images/progression/CT00139.png,data/raw/ct_images/progression/CT00152.png,ct,progression,progression,6,1,Visually Similar,Retain - Shows Structural Variation
data/raw/ct_images/progression/CT00139.png,data/raw/ct_images/progression/CT00160.png,ct,progression,progression,10,3,Visually Similar,Retain - Shows Structural Variation
data/raw/ct_images/progression/CT00139.png,data/raw/ct_images/progression/CT00164.png,ct,progression,progression,7,3,Visually Similar,Retain - Shows Structural Variation
data/raw/ct_images/progression/CT00139.png,data/raw/ct_images/progression/CT00165.png,ct,progression,progression,9,0,Visually Similar,Retain - Shows Structural Variation
data/raw/ct_images/progression/CT00139.png,data/raw/ct_images/progression/CT00170.png,ct,progression,progression,4,1,Near Duplicate,Document & Evaluate Similarity Threshold
data/raw/ct_images/progression/CT00139.png,data/raw/ct_images/progression/CT00171.png,ct,progression,progression,9,1,Visually Similar,Retain - Shows Structural Variation
data/raw/ct_images/progression/CT00139.png,data/raw/ct_images/progression/CT00174.png,ct,progression,progression,6,3,Visually Similar,Retain - Shows Structural Variation
data/raw/ct_images/progression/CT00139.png,data/raw/ct_images/progression/CT00178.png,ct,progression,progression,7,4,Visually Similar,Retain - Shows Structural Variation
data/raw/ct_images/progression/CT00139.png,data/raw/ct_images/progression/CT00179.png,ct,progression,progression,8,2,Visually Similar,Retain - Shows Structural Variation
data/raw/ct_images/progression/CT00139.png,data/raw/ct_images/progression/CT00180.png,ct,progression,progression,4,1,Near Duplicate,Document & Evaluate Similarity Threshold
data/raw/ct_images/progression/CT00139.png,data/raw/ct_images/progression/CT00188.png,ct,progression,progression,4,2,Near Duplicate,Document & Evaluate Similarity Threshold
data/raw/ct_images/progression/CT00139.png,data/raw/ct_images/progression/CT00190.png,ct,progression,progression,8,3,Visually Similar,Retain - Shows Structural Variation
data/raw/ct_images/progression/CT00139.png,data/raw/ct_images/progression/CT00193.png,ct,progression,progression,2,0,Near Duplicate,Document & Evaluate Similarity Threshold
data/raw/ct_images/progression/CT00139.png,data/raw/ct_images/progression/CT00194.png,ct,progression,progression,9,0,Visually Similar,Retain - Shows Structural Variation
data/raw/ct_images/progression/CT00139.png,data/raw/ct_images/progression/CT00200.png,ct,progression,progression,8,2,Visually Similar,Retain - Shows Structural Variation
data/raw/ct_images/progression/CT00139.png,data/raw/ct_images/tumor/CT00071.png,ct,progression,tumor,7,3,Visually Similar,Retain - Shows Structural Variation
data/raw/ct_images/progression/CT00139.png,data/raw/ct_images/tumor/CT00073.png,ct,progression,tumor,9,0,Visually Similar,Retain - Shows Structural Variation
data/raw/ct_images/progression/CT00139.png,data/raw/ct_images/tumor/CT00077.png,ct,progression,tumor,9,3,Visually Similar,Retain - Shows Structural Variation
data/raw/ct_images/progression/CT00139.png,data/raw/ct_images/tumor/CT00083.png,ct,progression,tumor,7,1,Visually Similar,Retain - Shows Structural Variation
data/raw/ct_images/progression/CT00139.png,data/raw/ct_images/tumor/CT00084.png,ct,progression,tumor,10,1,Visually Similar,Retain - Shows Structural Variation
data/raw/ct_images/progression/CT00139.png,data/raw/ct_images/tumor/CT00096.png,ct,progression,tumor,8,4,Visually Similar,Retain - Shows Structural Variation
data/raw/ct_images/progression/CT00139.png,data/raw/ct_images/tumor/CT00097.png,ct,progression,tumor,5,2,Visually Similar,Retain - Shows Structural Variation
data/raw/ct_images/progression/CT00139.png,data/raw/ct_images/tumor/CT00099.png,ct,progression,tumor,8,1,Visually Similar,Retain - Shows Structural Variation
data/raw/ct_images/progression/CT00139.png,data/raw/ct_images/tumor/CT00103.png,ct,progression,tumor,9,1,Visually Similar,Retain - Shows Structural Variation
data/raw/ct_images/progression/CT00139.png,data/raw/ct_images/tumor/CT00107.png,ct,progression,tumor,10,0,Visually Similar,Retain - Shows Structural Variation
data/raw/ct_images/progression/CT00139.png,data/raw/ct_images/tumor/CT00122.png,ct,progression,tumor,9,5,Visually Similar,Retain - Shows Structural Variation
data/raw/ct_images/progression/CT00139.png,data/raw/ct_images/tumor/CT00131.png,ct,progression,tumor,8,2,Visually Similar,Retain - Shows Structural Variation
data/raw/ct_images/progression/CT00140.png,data/raw/ct_images/progression/CT00145.png,ct,progression,progression,8,4,Visually Similar,Retain - Shows Structural Variation
data/raw/ct_images/progression/CT00140.png,data/raw/ct_images/progression/CT00146.png,ct,progression,progression,8,3,Visually Similar,Retain - Shows Structural Variation
data/raw/ct_images/progression/CT00140.png,data/raw/ct_images/progression/CT00147.png,ct,progression,progression,4,4,Near Duplicate,Document & Evaluate Similarity Threshold
data/raw/ct_images/progression/CT00140.png,data/raw/ct_images/progression/CT00151.png,ct,progression,progression,3,3,Near Duplicate,Document & Evaluate Similarity Threshold
data/raw/ct_images/progression/CT00140.png,data/raw/ct_images/progression/CT00154.png,ct,progression,progression,10,5,Visually Similar,Retain - Shows Structural Variation
data/raw/ct_images/progression/CT00140.png,data/raw/ct_images/progression/CT00159.png,ct,progression,progression,7,1,Visually Similar,Retain - Shows Structural Variation
data/raw/ct_images/progression/CT00140.png,data/raw/ct_images/progression/CT00162.png,ct,progression,progression,6,3,Visually Similar,Retain - Shows Structural Variation
data/raw/ct_images/progression/CT00140.png,data/raw/ct_images/progression/CT00163.png,ct,progression,progression,8,2,Visually Similar,Retain - Shows Structural Variation
data/raw/ct_images/progression/CT00140.png,data/raw/ct_images/progression/CT00166.png,ct,progression,progression,9,3,Visually Similar,Retain - Shows Structural Variation
data/raw/ct_images/progression/CT00140.png,data/raw/ct_images/progression/CT00168.png,ct,progression,progression,6,4,Visually Similar,Retain - Shows Structural Variation
data/raw/ct_images/progression/CT00140.png,data/raw/ct_images/progression/CT00169.png,ct,progression,progression,10,7,Visually Similar,Retain - Shows Structural Variation
data/raw/ct_images/progression/CT00140.png,data/raw/ct_images/progression/CT00175.png,ct,progression,progression,8,2,Visually Similar,Retain - Shows Structural Variation
data/raw/ct_images/progression/CT00140.png,data/raw/ct_images/progression/CT00176.png,ct,progression,progression,6,3,Visually Similar,Retain - Shows Structural Variation
data/raw/ct_images/progression/CT00140.png,data/raw/ct_images/progression/CT00177.png,ct,progression,progression,9,1,Visually Similar,Retain - Shows Structural Variation
data/raw/ct_images/progression/CT00140.png,data/raw/ct_images/progression/CT00182.png,ct,progression,progression,6,6,Visually Similar,Retain - Shows Structural Variation
data/raw/ct_images/progression/CT00140.png,data/raw/ct_images/progression/CT00183.png,ct,progression,progression,8,4,Visually Similar,Retain - Shows Structural Variation
data/raw/ct_images/progression/CT00140.png,data/raw/ct_images/progression/CT00185.png,ct,progression,progression,9,4,Visually Similar,Retain - Shows Structural Variation
data/raw/ct_images/progression/CT00140.png,data/raw/ct_images/progression/CT00195.png,ct,progression,progression,7,4,Visually Similar,Retain - Shows Structural Variation
data/raw/ct_images/progression/CT00141.png,data/raw/ct_images/progression/CT00153.png,ct,progression,progression,10,3,Visually Similar,Retain - Shows Structural Variation
data/raw/ct_images/progression/CT00141.png,data/raw/ct_images/progression/CT00159.png,ct,progression,progression,10,0,Visually Similar,Retain - Shows Structural Variation
data/raw/ct_images/progression/CT00141.png,data/raw/ct_images/progression/CT00177.png,ct,progression,progression,10,0,Visually Similar,Retain - Shows Structural Variation
data/raw/ct_images/progression/CT00141.png,data/raw/ct_images/progression/CT00192.png,ct,progression,progression,6,1,Visually Similar,Retain - Shows Structural Variation
data/raw/ct_images/progression/CT00141.png,data/raw/ct_images/progression/CT00197.png,ct,progression,progression,6,4,Visually Similar,Retain - Shows Structural Variation
data/raw/ct_images/progression/CT00141.png,data/raw/ct_images/tumor/CT00078.png,ct,progression,tumor,4,1,Near Duplicate,Document & Evaluate Similarity Threshold
data/raw/ct_images/progression/CT00141.png,data/raw/ct_images/tumor/CT00128.png,ct,progression,tumor,9,7,Visually Similar,Retain - Shows Structural Variation
data/raw/ct_images/progression/CT00142.png,data/raw/ct_images/progression/CT00200.png,ct,progression,progression,10,0,Visually Similar,Retain - Shows Structural Variation
data/raw/ct_images/progression/CT00143.png,data/raw/ct_images/progression/CT00144.png,ct,progression,progression,2,2,Near Duplicate,Document & Evaluate Similarity Threshold
data/raw/ct_images/progression/CT00143.png,data/raw/ct_images/progression/CT00155.png,ct,progression,progression,9,4,Visually Similar,Retain - Shows Structural Variation
data/raw/ct_images/progression/CT00143.png,data/raw/ct_images/progression/CT00160.png,ct,progression,progression,9,5,Visually Similar,Retain - Shows Structural Variation
data/raw/ct_images/progression/CT00143.png,data/raw/ct_images/progression/CT00164.png,ct,progression,progression,2,5,Near Duplicate,Document & Evaluate Similarity Threshold
data/raw/ct_images/progression/CT00143.png,data/raw/ct_images/progression/CT00165.png,ct,progression,progression,4,2,Near Duplicate,Document & Evaluate Similarity Threshold
data/raw/ct_images/progression/CT00143.png,data/raw/ct_images/progression/CT00170.png,ct,progression,progression,5,3,Visually Similar,Retain - Shows Structural Variation
data/raw/ct_images/progression/CT00143.png,data/raw/ct_images/progression/CT00171.png,ct,progression,progression,6,3,Visually Similar,Retain - Shows Structural Variation
data/raw/ct_images/progression/CT00143.png,data/raw/ct_images/progression/CT00180.png,ct,progression,progression,9,1,Visually Similar,Retain - Shows Structural Variation
data/raw/ct_images/progression/CT00143.png,data/raw/ct_images/progression/CT00193.png,ct,progression,progression,7,2,Visually Similar,Retain - Shows Structural Variation
data/raw/ct_images/progression/CT00143.png,data/raw/ct_images/progression/CT00194.png,ct,progression,progression,8,2,Visually Similar,Retain - Shows Structural Variation
data/raw/ct_images/progression/CT00143.png,data/raw/ct_images/progression/CT00200.png,ct,progression,progression,9,4,Visually Similar,Retain - Shows Structural Variation
data/raw/ct_images/progression/CT00143.png,data/raw/ct_images/tumor/CT00071.png,ct,progression,tumor,6,3,Visually Similar,Retain - Shows Structural Variation
data/raw/ct_images/progression/CT00143.png,data/raw/ct_images/tumor/CT00080.png,ct,progression,tumor,8,3,Visually Similar,Retain - Shows Structural Variation
data/raw/ct_images/progression/CT00143.png,data/raw/ct_images/tumor/CT00083.png,ct,progression,tumor,8,1,Visually Similar,Retain - Shows Structural Variation
data/raw/ct_images/progression/CT00143.png,data/raw/ct_images/tumor/CT00097.png,ct,progression,tumor,8,0,Visually Similar,Retain - Shows Structural Variation
data/raw/ct_images/progression/CT00143.png,data/raw/ct_images/tumor/CT00099.png,ct,progression,tumor,9,3,Visually Similar,Retain - Shows Structural Variation
data/raw/ct_images/progression/CT00143.png,data/raw/ct_images/tumor/CT00102.png,ct,progression,tumor,9,3,Visually Similar,Retain - Shows Structural Variation
data/raw/ct_images/progression/CT00143.png,data/raw/ct_images/tumor/CT00103.png,ct,progression,tumor,10,3,Visually Similar,Retain - Shows Structural Variation
data/raw/ct_images/progression/CT00143.png,data/raw/ct_images/tumor/CT00104.png,ct,progression,tumor,10,4,Visually Similar,Retain - Shows Structural Variation
data/raw/ct_images/progression/CT00143.png,data/raw/ct_images/tumor/CT00107.png,ct,progression,tumor,9,2,Visually Similar,Retain - Shows Structural Variation
data/raw/ct_images/progression/CT00143.png,data/raw/ct_images/tumor/CT00122.png,ct,progression,tumor,10,7,Visually Similar,Retain - Shows Structural Variation
data/raw/ct_images/progression/CT00144.png,data/raw/ct_images/progression/CT00155.png,ct,progression,progression,7,2,Visually Similar,Retain - Shows Structural Variation
data/raw/ct_images/progression/CT00144.png,data/raw/ct_images/progression/CT00160.png,ct,progression,progression,7,3,Visually Similar,Retain - Shows Structural Variation
data/raw/ct_images/progression/CT00144.png,data/raw/ct_images/progression/CT00164.png,ct,progression,progression,2,3,Near Duplicate,Document & Evaluate Similarity Threshold
data/raw/ct_images/progression/CT00144.png,data/raw/ct_images/progression/CT00165.png,ct,progression,progression,4,0,Near Duplicate,Document & Evaluate Similarity Threshold
data/raw/ct_images/progression/CT00144.png,data/raw/ct_images/progression/CT00170.png,ct,progression,progression,3,1,Near Duplicate,Document & Evaluate Similarity Threshold
data/raw/ct_images/progression/CT00144.png,data/raw/ct_images/progression/CT00171.png,ct,progression,progression,6,1,Visually Similar,Retain - Shows Structural Variation
data/raw/ct_images/progression/CT00144.png,data/raw/ct_images/progression/CT00180.png,ct,progression,progression,9,1,Visually Similar,Retain - Shows Structural Variation
data/raw/ct_images/progression/CT00144.png,data/raw/ct_images/progression/CT00188.png,ct,progression,progression,9,2,Visually Similar,Retain - Shows Structural Variation
data/raw/ct_images/progression/CT00144.png,data/raw/ct_images/progression/CT00193.png,ct,progression,progression,5,0,Visually Similar,Retain - Shows Structural Variation
data/raw/ct_images/progression/CT00144.png,data/raw/ct_images/progression/CT00194.png,ct,progression,progression,6,0,Visually Similar,Retain - Shows Structural Variation
data/raw/ct_images/progression/CT00144.png,data/raw/ct_images/progression/CT00200.png,ct,progression,progression,7,2,Visually Similar,Retain - Shows Structural Variation
data/raw/ct_images/progression/CT00144.png,data/raw/ct_images/tumor/CT00071.png,ct,progression,tumor,4,3,Near Duplicate,Document & Evaluate Similarity Threshold
data/raw/ct_images/progression/CT00144.png,data/raw/ct_images/tumor/CT00080.png,ct,progression,tumor,6,1,Visually Similar,Retain - Shows Structural Variation
data/raw/ct_images/progression/CT00144.png,data/raw/ct_images/tumor/CT00083.png,ct,progression,tumor,6,1,Visually Similar,Retain - Shows Structural Variation
data/raw/ct_images/progression/CT00144.png,data/raw/ct_images/tumor/CT00084.png,ct,progression,tumor,9,1,Visually Similar,Retain - Shows Structural Variation
data/raw/ct_images/progression/CT00144.png,data/raw/ct_images/tumor/CT00094.png,ct,progression,tumor,9,5,Visually Similar,Retain - Shows Structural Variation
data/raw/ct_images/progression/CT00144.png,data/raw/ct_images/tumor/CT00097.png,ct,progression,tumor,6,2,Visually Similar,Retain - Shows Structural Variation
data/raw/ct_images/progression/CT00144.png,data/raw/ct_images/tumor/CT00099.png,ct,progression,tumor,7,1,Visually Similar,Retain - Shows Structural Variation
data/raw/ct_images/progression/CT00144.png,data/raw/ct_images/tumor/CT00102.png,ct,progression,tumor,7,1,Visually Similar,Retain - Shows Structural Variation
data/raw/ct_images/progression/CT00144.png,data/raw/ct_images/tumor/CT00103.png,ct,progression,tumor,8,1,Visually Similar,Retain - Shows Structural Variation
data/raw/ct_images/progression/CT00144.png,data/raw/ct_images/tumor/CT00104.png,ct,progression,tumor,8,2,Visually Similar,Retain - Shows Structural Variation
data/raw/ct_images/progression/CT00144.png,data/raw/ct_images/tumor/CT00107.png,ct,progression,tumor,7,0,Visually Similar,Retain - Shows Structural Variation
data/raw/ct_images/progression/CT00144.png,data/raw/ct_images/tumor/CT00118.png,ct,progression,tumor,10,1,Visually Similar,Retain - Shows Structural Variation
data/raw/ct_images/progression/CT00144.png,data/raw/ct_images/tumor/CT00122.png,ct,progression,tumor,8,5,Visually Similar,Retain - Shows Structural Variation
data/raw/ct_images/progression/CT00144.png,data/raw/ct_images/tumor/CT00123.png,ct,progression,tumor,9,4,Visually Similar,Retain - Shows Structural Variation
data/raw/ct_images/progression/CT00145.png,data/raw/ct_images/progression/CT00146.png,ct,progression,progression,10,1,Visually Similar,Retain - Shows Structural Variation
data/raw/ct_images/progression/CT00145.png,data/raw/ct_images/progression/CT00147.png,ct,progression,progression,8,4,Visually Similar,Retain - Shows Structural Variation
data/raw/ct_images/progression/CT00145.png,data/raw/ct_images/progression/CT00150.png,ct,progression,progression,4,2,Near Duplicate,Document & Evaluate Similarity Threshold
data/raw/ct_images/progression/CT00145.png,data/raw/ct_images/progression/CT00151.png,ct,progression,progression,7,1,Visually Similar,Retain - Shows Structural Variation
data/raw/ct_images/progression/CT00145.png,data/raw/ct_images/progression/CT00153.png,ct,progression,progression,5,0,Visually Similar,Retain - Shows Structural Variation
data/raw/ct_images/progression/CT00145.png,data/raw/ct_images/progression/CT00154.png,ct,progression,progression,4,1,Near Duplicate,Document & Evaluate Similarity Threshold
data/raw/ct_images/progression/CT00145.png,data/raw/ct_images/progression/CT00157.png,ct,progression,progression,7,4,Visually Similar,Retain - Shows Structural Variation
data/raw/ct_images/progression/CT00145.png,data/raw/ct_images/progression/CT00158.png,ct,progression,progression,7,4,Visually Similar,Retain - Shows Structural Variation
data/raw/ct_images/progression/CT00145.png,data/raw/ct_images/progression/CT00159.png,ct,progression,progression,5,3,Visually Similar,Retain - Shows Structural Variation
data/raw/ct_images/progression/CT00145.png,data/raw/ct_images/progression/CT00161.png,ct,progression,progression,9,3,Visually Similar,Retain - Shows Structural Variation
data/raw/ct_images/progression/CT00145.png,data/raw/ct_images/progression/CT00162.png,ct,progression,progression,8,1,Visually Similar,Retain - Shows Structural Variation
data/raw/ct_images/progression/CT00145.png,data/raw/ct_images/progression/CT00163.png,ct,progression,progression,10,4,Visually Similar,Retain - Shows Structural Variation
data/raw/ct_images/progression/CT00145.png,data/raw/ct_images/progression/CT00166.png,ct,progression,progression,5,1,Visually Similar,Retain - Shows Structural Variation
data/raw/ct_images/progression/CT00145.png,data/raw/ct_images/progression/CT00168.png,ct,progression,progression,2,0,Near Duplicate,Document & Evaluate Similarity Threshold
data/raw/ct_images/progression/CT00145.png,data/raw/ct_images/progression/CT00169.png,ct,progression,progression,10,3,Visually Similar,Retain - Shows Structural Variation
data/raw/ct_images/progression/CT00145.png,data/raw/ct_images/progression/CT00172.png,ct,progression,progression,10,2,Visually Similar,Retain - Shows Structural Variation
data/raw/ct_images/progression/CT00145.png,data/raw/ct_images/progression/CT00173.png,ct,progression,progression,4,2,Near Duplicate,Document & Evaluate Similarity Threshold
data/raw/ct_images/progression/CT00145.png,data/raw/ct_images/progression/CT00176.png,ct,progression,progression,6,1,Visually Similar,Retain - Shows Structural Variation
data/raw/ct_images/progression/CT00145.png,data/raw/ct_images/progression/CT00177.png,ct,progression,progression,5,3,Visually Similar,Retain - Shows Structural Variation
data/raw/ct_images/progression/CT00145.png,data/raw/ct_images/progression/CT00182.png,ct,progression,progression,6,4,Visually Similar,Retain - Shows Structural Variation
data/raw/ct_images/progression/CT00145.png,data/raw/ct_images/progression/CT00183.png,ct,progression,progression,4,6,Near Duplicate,Document & Evaluate Similarity Threshold
data/raw/ct_images/progression/CT00145.png,data/raw/ct_images/progression/CT00185.png,ct,progression,progression,9,4,Visually Similar,Retain - Shows Structural Variation
data/raw/ct_images/progression/CT00145.png,data/raw/ct_images/progression/CT00187.png,ct,progression,progression,9,2,Visually Similar,Retain - Shows Structural Variation
data/raw/ct_images/progression/CT00145.png,data/raw/ct_images/progression/CT00191.png,ct,progression,progression,4,2,Near Duplicate,Document & Evaluate Similarity Threshold
data/raw/ct_images/progression/CT00145.png,data/raw/ct_images/progression/CT00195.png,ct,progression,progression,3,0,Near Duplicate,Document & Evaluate Similarity Threshold
data/raw/ct_images/progression/CT00145.png,data/raw/ct_images/progression/CT00196.png,ct,progression,progression,7,0,Visually Similar,Retain - Shows Structural Variation
data/raw/ct_images/progression/CT00145.png,data/raw/ct_images/progression/CT00199.png,ct,progression,progression,6,3,Visually Similar,Retain - Shows Structural Variation
data/raw/ct_images/progression/CT00146.png,data/raw/ct_images/progression/CT00147.png,ct,progression,progression,6,3,Visually Similar,Retain - Shows Structural Variation
data/raw/ct_images/progression/CT00146.png,data/raw/ct_images/progression/CT00151.png,ct,progression,progression,5,0,Visually Similar,Retain - Shows Structural Variation
data/raw/ct_images/progression/CT00146.png,data/raw/ct_images/progression/CT00154.png,ct,progression,progression,10,2,Visually Similar,Retain - Shows Structural Variation
data/raw/ct_images/progression/CT00146.png,data/raw/ct_images/progression/CT00156.png,ct,progression,progression,10,2,Visually Similar,Retain - Shows Structural Variation
data/raw/ct_images/progression/CT00146.png,data/raw/ct_images/progression/CT00162.png,ct,progression,progression,2,0,Near Duplicate,Document & Evaluate Similarity Threshold
data/raw/ct_images/progression/CT00146.png,data/raw/ct_images/progression/CT00163.png,ct,progression,progression,8,3,Visually Similar,Retain - Shows Structural Variation
data/raw/ct_images/progression/CT00146.png,data/raw/ct_images/progression/CT00166.png,ct,progression,progression,9,0,Visually Similar,Retain - Shows Structural Variation
data/raw/ct_images/progression/CT00146.png,data/raw/ct_images/progression/CT00167.png,ct,progression,progression,8,3,Visually Similar,Retain - Shows Structural Variation
data/raw/ct_images/progression/CT00146.png,data/raw/ct_images/progression/CT00168.png,ct,progression,progression,8,1,Visually Similar,Retain - Shows Structural Variation
data/raw/ct_images/progression/CT00146.png,data/raw/ct_images/progression/CT00169.png,ct,progression,progression,8,4,Visually Similar,Retain - Shows Structural Variation
data/raw/ct_images/progression/CT00146.png,data/raw/ct_images/progression/CT00175.png,ct,progression,progression,2,1,Near Duplicate,Document & Evaluate Similarity Threshold
data/raw/ct_images/progression/CT00146.png,data/raw/ct_images/progression/CT00176.png,ct,progression,progression,10,0,Visually Similar,Retain - Shows Structural Variation
data/raw/ct_images/progression/CT00146.png,data/raw/ct_images/progression/CT00182.png,ct,progression,progression,6,3,Visually Similar,Retain - Shows Structural Variation
data/raw/ct_images/progression/CT00146.png,data/raw/ct_images/progression/CT00183.png,ct,progression,progression,8,5,Visually Similar,Retain - Shows Structural Variation
data/raw/ct_images/progression/CT00146.png,data/raw/ct_images/progression/CT00185.png,ct,progression,progression,3,3,Near Duplicate,Document & Evaluate Similarity Threshold
data/raw/ct_images/progression/CT00146.png,data/raw/ct_images/progression/CT00189.png,ct,progression,progression,10,4,Visually Similar,Retain - Shows Structural Variation
data/raw/ct_images/progression/CT00147.png,data/raw/ct_images/progression/CT00150.png,ct,progression,progression,10,6,Visually Similar,Retain - Shows Structural Variation
data/raw/ct_images/progression/CT00147.png,data/raw/ct_images/progression/CT00151.png,ct,progression,progression,5,3,Visually Similar,Retain - Shows Structural Variation
data/raw/ct_images/progression/CT00147.png,data/raw/ct_images/progression/CT00154.png,ct,progression,progression,8,5,Visually Similar,Retain - Shows Structural Variation
data/raw/ct_images/progression/CT00147.png,data/raw/ct_images/progression/CT00157.png,ct,progression,progression,9,2,Visually Similar,Retain - Shows Structural Variation
data/raw/ct_images/progression/CT00147.png,data/raw/ct_images/progression/CT00159.png,ct,progression,progression,9,3,Visually Similar,Retain - Shows Structural Variation
data/raw/ct_images/progression/CT00147.png,data/raw/ct_images/progression/CT00161.png,ct,progression,progression,7,3,Visually Similar,Retain - Shows Structural Variation
data/raw/ct_images/progression/CT00147.png,data/raw/ct_images/progression/CT00162.png,ct,progression,progression,6,3,Visually Similar,Retain - Shows Structural Variation
data/raw/ct_images/progression/CT00147.png,data/raw/ct_images/progression/CT00163.png,ct,progression,progression,10,4,Visually Similar,Retain - Shows Structural Variation
data/raw/ct_images/progression/CT00147.png,data/raw/ct_images/progression/CT00166.png,ct,progression,progression,9,3,Visually Similar,Retain - Shows Structural Variation
data/raw/ct_images/progression/CT00147.png,data/raw/ct_images/progression/CT00167.png,ct,progression,progression,10,2,Visually Similar,Retain - Shows Structural Variation
data/raw/ct_images/progression/CT00147.png,data/raw/ct_images/progression/CT00168.png,ct,progression,progression,6,4,Visually Similar,Retain - Shows Structural Variation
data/raw/ct_images/progression/CT00147.png,data/raw/ct_images/progression/CT00169.png,ct,progression,progression,6,3,Visually Similar,Retain - Shows Structural Variation
data/raw/ct_images/progression/CT00147.png,data/raw/ct_images/progression/CT00173.png,ct,progression,progression,10,6,Visually Similar,Retain - Shows Structural Variation
data/raw/ct_images/progression/CT00147.png,data/raw/ct_images/progression/CT00175.png,ct,progression,progression,8,4,Visually Similar,Retain - Shows Structural Variation
data/raw/ct_images/progression/CT00147.png,data/raw/ct_images/progression/CT00176.png,ct,progression,progression,10,3,Visually Similar,Retain - Shows Structural Variation
data/raw/ct_images/progression/CT00147.png,data/raw/ct_images/progression/CT00177.png,ct,progression,progression,9,3,Visually Similar,Retain - Shows Structural Variation
data/raw/ct_images/progression/CT00147.png,data/raw/ct_images/progression/CT00182.png,ct,progression,progression,4,2,Near Duplicate,Document & Evaluate Similarity Threshold
data/raw/ct_images/progression/CT00147.png,data/raw/ct_images/progression/CT00183.png,ct,progression,progression,6,2,Visually Similar,Retain - Shows Structural Variation
data/raw/ct_images/progression/CT00147.png,data/raw/ct_images/progression/CT00185.png,ct,progression,progression,7,6,Visually Similar,Retain - Shows Structural Variation
data/raw/ct_images/progression/CT00147.png,data/raw/ct_images/progression/CT00191.png,ct,progression,progression,10,2,Visually Similar,Retain - Shows Structural Variation
data/raw/ct_images/progression/CT00147.png,data/raw/ct_images/progression/CT00195.png,ct,progression,progression,9,4,Visually Similar,Retain - Shows Structural Variation
data/raw/ct_images/progression/CT00148.png,data/raw/ct_images/progression/CT00156.png,ct,progression,progression,3,5,Near Duplicate,Document & Evaluate Similarity Threshold
data/raw/ct_images/progression/CT00148.png,data/raw/ct_images/progression/CT00157.png,ct,progression,progression,10,6,Visually Similar,Retain - Shows Structural Variation
data/raw/ct_images/progression/CT00148.png,data/raw/ct_images/progression/CT00161.png,ct,progression,progression,10,5,Visually Similar,Retain - Shows Structural Variation
data/raw/ct_images/progression/CT00148.png,data/raw/ct_images/progression/CT00167.png,ct,progression,progression,5,6,Visually Similar,Retain - Shows Structural Variation
data/raw/ct_images/progression/CT00148.png,data/raw/ct_images/progression/CT00169.png,ct,progression,progression,9,5,Visually Similar,Retain - Shows Structural Variation
data/raw/ct_images/progression/CT00148.png,data/raw/ct_images/progression/CT00184.png,ct,progression,progression,6,8,Visually Similar,Retain - Shows Structural Variation
data/raw/ct_images/progression/CT00148.png,data/raw/ct_images/progression/CT00185.png,ct,progression,progression,8,6,Visually Similar,Retain - Shows Structural Variation
data/raw/ct_images/progression/CT00148.png,data/raw/ct_images/progression/CT00189.png,ct,progression,progression,3,3,Near Duplicate,Document & Evaluate Similarity Threshold
data/raw/ct_images/progression/CT00148.png,data/raw/ct_images/progression/CT00196.png,ct,progression,progression,10,8,Visually Similar,Retain - Shows Structural Variation
data/raw/ct_images/progression/CT00148.png,data/raw/ct_images/tumor/CT00066.png,ct,progression,tumor,6,8,Visually Similar,Retain - Shows Structural Variation
data/raw/ct_images/progression/CT00148.png,data/raw/ct_images/tumor/CT00068.png,ct,progression,tumor,7,9,Visually Similar,Retain - Shows Structural Variation
data/raw/ct_images/progression/CT00148.png,data/raw/ct_images/tumor/CT00069.png,ct,progression,tumor,9,6,Visually Similar,Retain - Shows Structural Variation
data/raw/ct_images/progression/CT00148.png,data/raw/ct_images/tumor/CT00085.png,ct,progression,tumor,6,10,Visually Similar,Retain - Shows Structural Variation
data/raw/ct_images/progression/CT00148.png,data/raw/ct_images/tumor/CT00087.png,ct,progression,tumor,8,10,Visually Similar,Retain - Shows Structural Variation
data/raw/ct_images/progression/CT00148.png,data/raw/ct_images/tumor/CT00092.png,ct,progression,tumor,9,10,Visually Similar,Retain - Shows Structural Variation
data/raw/ct_images/progression/CT00148.png,data/raw/ct_images/tumor/CT00112.png,ct,progression,tumor,8,6,Visually Similar,Retain - Shows Structural Variation
data/raw/ct_images/progression/CT00148.png,data/raw/ct_images/tumor/CT00116.png,ct,progression,tumor,7,8,Visually Similar,Retain - Shows Structural Variation
data/raw/ct_images/progression/CT00148.png,data/raw/ct_images/tumor/CT00120.png,ct,progression,tumor,7,8,Visually Similar,Retain - Shows Structural Variation
data/raw/ct_images/progression/CT00149.png,data/raw/ct_images/progression/CT00152.png,ct,progression,progression,4,3,Near Duplicate,Document & Evaluate Similarity Threshold
data/raw/ct_images/progression/CT00149.png,data/raw/ct_images/progression/CT00170.png,ct,progression,progression,8,3,Visually Similar,Retain - Shows Structural Variation
data/raw/ct_images/progression/CT00149.png,data/raw/ct_images/progression/CT00174.png,ct,progression,progression,8,1,Visually Similar,Retain - Shows Structural Variation
data/raw/ct_images/progression/CT00149.png,data/raw/ct_images/progression/CT00178.png,ct,progression,progression,3,4,Near Duplicate,Document & Evaluate Similarity Threshold
data/raw/ct_images/progression/CT00149.png,data/raw/ct_images/progression/CT00179.png,ct,progression,progression,8,4,Visually Similar,Retain - Shows Structural Variation
data/raw/ct_images/progression/CT00149.png,data/raw/ct_images/progression/CT00180.png,ct,progression,progression,6,3,Visually Similar,Retain - Shows Structural Variation
data/raw/ct_images/progression/CT00149.png,data/raw/ct_images/progression/CT00188.png,ct,progression,progression,2,0,Near Duplicate,Document & Evaluate Similarity Threshold
data/raw/ct_images/progression/CT00149.png,data/raw/ct_images/progression/CT00190.png,ct,progression,progression,8,1,Visually Similar,Retain - Shows Structural Variation
data/raw/ct_images/progression/CT00149.png,data/raw/ct_images/progression/CT00193.png,ct,progression,progression,6,2,Visually Similar,Retain - Shows Structural Variation
data/raw/ct_images/progression/CT00149.png,data/raw/ct_images/progression/CT00200.png,ct,progression,progression,8,4,Visually Similar,Retain - Shows Structural Variation
data/raw/ct_images/progression/CT00149.png,data/raw/ct_images/tumor/CT00097.png,ct,progression,tumor,9,4,Visually Similar,Retain - Shows Structural Variation
data/raw/ct_images/progression/CT00149.png,data/raw/ct_images/tumor/CT00099.png,ct,progression,tumor,10,3,Visually Similar,Retain - Shows Structural Variation
data/raw/ct_images/progression/CT00150.png,data/raw/ct_images/progression/CT00153.png,ct,progression,progression,3,2,Near Duplicate,Document & Evaluate Similarity Threshold
data/raw/ct_images/progression/CT00150.png,data/raw/ct_images/progression/CT00154.png,ct,progression,progression,4,1,Near Duplicate,Document & Evaluate Similarity Threshold
data/raw/ct_images/progression/CT00150.png,data/raw/ct_images/progression/CT00157.png,ct,progression,progression,7,4,Visually Similar,Retain - Shows Structural Variation
data/raw/ct_images/progression/CT00150.png,data/raw/ct_images/progression/CT00158.png,ct,progression,progression,5,6,Visually Similar,Retain - Shows Structural Variation
data/raw/ct_images/progression/CT00150.png,data/raw/ct_images/progression/CT00159.png,ct,progression,progression,7,5,Visually Similar,Retain - Shows Structural Variation
data/raw/ct_images/progression/CT00150.png,data/raw/ct_images/progression/CT00161.png,ct,progression,progression,9,3,Visually Similar,Retain - Shows Structural Variation
data/raw/ct_images/progression/CT00150.png,data/raw/ct_images/progression/CT00166.png,ct,progression,progression,7,3,Visually Similar,Retain - Shows Structural Variation
data/raw/ct_images/progression/CT00150.png,data/raw/ct_images/progression/CT00168.png,ct,progression,progression,6,2,Visually Similar,Retain - Shows Structural Variation
data/raw/ct_images/progression/CT00150.png,data/raw/ct_images/progression/CT00169.png,ct,progression,progression,10,3,Visually Similar,Retain - Shows Structural Variation
data/raw/ct_images/progression/CT00150.png,data/raw/ct_images/progression/CT00172.png,ct,progression,progression,6,4,Visually Similar,Retain - Shows Structural Variation
data/raw/ct_images/progression/CT00150.png,data/raw/ct_images/progression/CT00173.png,ct,progression,progression,0,2,Exact Duplicate,Keep Representative / Purge Duplicate
data/raw/ct_images/progression/CT00150.png,data/raw/ct_images/progression/CT00176.png,ct,progression,progression,10,3,Visually Similar,Retain - Shows Structural Variation
data/raw/ct_images/progression/CT00150.png,data/raw/ct_images/progression/CT00177.png,ct,progression,progression,5,5,Visually Similar,Retain - Shows Structural Variation
data/raw/ct_images/progression/CT00150.png,data/raw/ct_images/progression/CT00182.png,ct,progression,progression,6,4,Visually Similar,Retain - Shows Structural Variation
data/raw/ct_images/progression/CT00150.png,data/raw/ct_images/progression/CT00183.png,ct,progression,progression,4,6,Near Duplicate,Document & Evaluate Similarity Threshold
data/raw/ct_images/progression/CT00150.png,data/raw/ct_images/progression/CT00187.png,ct,progression,progression,5,4,Visually Similar,Retain - Shows Structural Variation
data/raw/ct_images/progression/CT00150.png,data/raw/ct_images/progression/CT00191.png,ct,progression,progression,2,4,Near Duplicate,Document & Evaluate Similarity Threshold
data/raw/ct_images/progression/CT00150.png,data/raw/ct_images/progression/CT00195.png,ct,progression,progression,7,2,Visually Similar,Retain - Shows Structural Variation
data/raw/ct_images/progression/CT00150.png,data/raw/ct_images/progression/CT00196.png,ct,progression,progression,7,2,Visually Similar,Retain - Shows Structural Variation
data/raw/ct_images/progression/CT00150.png,data/raw/ct_images/progression/CT00199.png,ct,progression,progression,6,3,Visually Similar,Retain - Shows Structural Variation
data/raw/ct_images/progression/CT00151.png,data/raw/ct_images/progression/CT00153.png,ct,progression,progression,10,1,Visually Similar,Retain - Shows Structural Variation
data/raw/ct_images/progression/CT00151.png,data/raw/ct_images/progression/CT00154.png,ct,progression,progression,9,2,Visually Similar,Retain - Shows Structural Variation
data/raw/ct_images/progression/CT00151.png,data/raw/ct_images/progression/CT00157.png,ct,progression,progression,10,3,Visually Similar,Retain - Shows Structural Variation
data/raw/ct_images/progression/CT00151.png,data/raw/ct_images/progression/CT00159.png,ct,progression,progression,6,2,Visually Similar,Retain - Shows Structural Variation
data/raw/ct_images/progression/CT00151.png,data/raw/ct_images/progression/CT00161.png,ct,progression,progression,10,4,Visually Similar,Retain - Shows Structural Variation
data/raw/ct_images/progression/CT00151.png,data/raw/ct_images/progression/CT00162.png,ct,progression,progression,3,0,Near Duplicate,Document & Evaluate Similarity Threshold
data/raw/ct_images/progression/CT00151.png,data/raw/ct_images/progression/CT00163.png,ct,progression,progression,5,3,Visually Similar,Retain - Shows Structural Variation
data/raw/ct_images/progression/CT00151.png,data/raw/ct_images/progression/CT00166.png,ct,progression,progression,6,0,Visually Similar,Retain - Shows Structural Variation
data/raw/ct_images/progression/CT00151.png,data/raw/ct_images/progression/CT00167.png,ct,progression,progression,9,3,Visually Similar,Retain - Shows Structural Variation
data/raw/ct_images/progression/CT00151.png,data/raw/ct_images/progression/CT00168.png,ct,progression,progression,5,1,Visually Similar,Retain - Shows Structural Variation
data/raw/ct_images/progression/CT00151.png,data/raw/ct_images/progression/CT00169.png,ct,progression,progression,9,4,Visually Similar,Retain - Shows Structural Variation
data/raw/ct_images/progression/CT00151.png,data/raw/ct_images/progression/CT00175.png,ct,progression,progression,5,1,Visually Similar,Retain - Shows Structural Variation
data/raw/ct_images/progression/CT00151.png,data/raw/ct_images/progression/CT00176.png,ct,progression,progression,5,0,Visually Similar,Retain - Shows Structural Variation
data/raw/ct_images/progression/CT00151.png,data/raw/ct_images/progression/CT00177.png,ct,progression,progression,8,2,Visually Similar,Retain - Shows Structural Variation
data/raw/ct_images/progression/CT00151.png,data/raw/ct_images/progression/CT00182.png,ct,progression,progression,5,3,Visually Similar,Retain - Shows Structural Variation
data/raw/ct_images/progression/CT00151.png,data/raw/ct_images/progression/CT00183.png,ct,progression,progression,7,5,Visually Similar,Retain - Shows Structural Variation
data/raw/ct_images/progression/CT00151.png,data/raw/ct_images/progression/CT00185.png,ct,progression,progression,6,3,Visually Similar,Retain - Shows Structural Variation
data/raw/ct_images/progression/CT00151.png,data/raw/ct_images/progression/CT00195.png,ct,progression,progression,6,1,Visually Similar,Retain - Shows Structural Variation
data/raw/ct_images/progression/CT00152.png,data/raw/ct_images/progression/CT00165.png,ct,progression,progression,9,1,Visually Similar,Retain - Shows Structural Variation
data/raw/ct_images/progression/CT00152.png,data/raw/ct_images/progression/CT00170.png,ct,progression,progression,8,2,Visually Similar,Retain - Shows Structural Variation
data/raw/ct_images/progression/CT00152.png,data/raw/ct_images/progression/CT00174.png,ct,progression,progression,4,2,Near Duplicate,Document & Evaluate Similarity Threshold
data/raw/ct_images/progression/CT00152.png,data/raw/ct_images/progression/CT00178.png,ct,progression,progression,7,5,Visually Similar,Retain - Shows Structural Variation
data/raw/ct_images/progression/CT00152.png,data/raw/ct_images/progression/CT00179.png,ct,progression,progression,4,3,Near Duplicate,Document & Evaluate Similarity Threshold
data/raw/ct_images/progression/CT00152.png,data/raw/ct_images/progression/CT00180.png,ct,progression,progression,4,2,Near Duplicate,Document & Evaluate Similarity Threshold
data/raw/ct_images/progression/CT00152.png,data/raw/ct_images/progression/CT00186.png,ct,progression,progression,10,2,Visually Similar,Retain - Shows Structural Variation
data/raw/ct_images/progression/CT00152.png,data/raw/ct_images/progression/CT00188.png,ct,progression,progression,4,3,Near Duplicate,Document & Evaluate Similarity Threshold
data/raw/ct_images/progression/CT00152.png,data/raw/ct_images/progression/CT00190.png,ct,progression,progression,4,4,Near Duplicate,Document & Evaluate Similarity Threshold
data/raw/ct_images/progression/CT00152.png,data/raw/ct_images/progression/CT00193.png,ct,progression,progression,6,1,Visually Similar,Retain - Shows Structural Variation
data/raw/ct_images/progression/CT00152.png,data/raw/ct_images/progression/CT00194.png,ct,progression,progression,7,1,Visually Similar,Retain - Shows Structural Variation
data/raw/ct_images/progression/CT00152.png,data/raw/ct_images/progression/CT00198.png,ct,progression,progression,10,2,Visually Similar,Retain - Shows Structural Variation
data/raw/ct_images/progression/CT00152.png,data/raw/ct_images/progression/CT00200.png,ct,progression,progression,10,3,Visually Similar,Retain - Shows Structural Variation
data/raw/ct_images/progression/CT00152.png,data/raw/ct_images/tumor/CT00073.png,ct,progression,tumor,9,1,Visually Similar,Retain - Shows Structural Variation
data/raw/ct_images/progression/CT00152.png,data/raw/ct_images/tumor/CT00083.png,ct,progression,tumor,9,0,Visually Similar,Retain - Shows Structural Variation
data/raw/ct_images/progression/CT00152.png,data/raw/ct_images/tumor/CT00097.png,ct,progression,tumor,9,1,Visually Similar,Retain - Shows Structural Variation
data/raw/ct_images/progression/CT00152.png,data/raw/ct_images/tumor/CT00099.png,ct,progression,tumor,10,2,Visually Similar,Retain - Shows Structural Variation
data/raw/ct_images/progression/CT00153.png,data/raw/ct_images/progression/CT00154.png,ct,progression,progression,5,1,Visually Similar,Retain - Shows Structural Variation
data/raw/ct_images/progression/CT00153.png,data/raw/ct_images/progression/CT00157.png,ct,progression,progression,10,4,Visually Similar,Retain - Shows Structural Variation
data/raw/ct_images/progression/CT00153.png,data/raw/ct_images/progression/CT00158.png,ct,progression,progression,8,4,Visually Similar,Retain - Shows Structural Variation
data/raw/ct_images/progression/CT00153.png,data/raw/ct_images/progression/CT00159.png,ct,progression,progression,4,3,Near Duplicate,Document & Evaluate Similarity Threshold
data/raw/ct_images/progression/CT00153.png,data/raw/ct_images/progression/CT00166.png,ct,progression,progression,8,1,Visually Similar,Retain - Shows Structural Variation
data/raw/ct_images/progression/CT00153.png,data/raw/ct_images/progression/CT00168.png,ct,progression,progression,7,0,Visually Similar,Retain - Shows Structural Variation
data/raw/ct_images/progression/CT00153.png,data/raw/ct_images/progression/CT00172.png,ct,progression,progression,5,2,Visually Similar,Retain - Shows Structural Variation
data/raw/ct_images/progression/CT00153.png,data/raw/ct_images/progression/CT00173.png,ct,progression,progression,3,2,Near Duplicate,Document & Evaluate Similarity Threshold
data/raw/ct_images/progression/CT00153.png,data/raw/ct_images/progression/CT00176.png,ct,progression,progression,7,1,Visually Similar,Retain - Shows Structural Variation
data/raw/ct_images/progression/CT00153.png,data/raw/ct_images/progression/CT00177.png,ct,progression,progression,2,3,Near Duplicate,Document & Evaluate Similarity Threshold
data/raw/ct_images/progression/CT00153.png,data/raw/ct_images/progression/CT00182.png,ct,progression,progression,9,4,Visually Similar,Retain - Shows Structural Variation
data/raw/ct_images/progression/CT00153.png,data/raw/ct_images/progression/CT00183.png,ct,progression,progression,7,6,Visually Similar,Retain - Shows Structural Variation
data/raw/ct_images/progression/CT00153.png,data/raw/ct_images/progression/CT00187.png,ct,progression,progression,8,2,Visually Similar,Retain - Shows Structural Variation
data/raw/ct_images/progression/CT00153.png,data/raw/ct_images/progression/CT00191.png,ct,progression,progression,3,2,Near Duplicate,Document & Evaluate Similarity Threshold
data/raw/ct_images/progression/CT00153.png,data/raw/ct_images/progression/CT00192.png,ct,progression,progression,8,2,Visually Similar,Retain - Shows Structural Variation
data/raw/ct_images/progression/CT00153.png,data/raw/ct_images/progression/CT00195.png,ct,progression,progression,4,0,Near Duplicate,Document & Evaluate Similarity Threshold
data/raw/ct_images/progression/CT00153.png,data/raw/ct_images/progression/CT00196.png,ct,progression,progression,10,0,Visually Similar,Retain - Shows Structural Variation
data/raw/ct_images/progression/CT00153.png,data/raw/ct_images/progression/CT00199.png,ct,progression,progression,7,3,Visually Similar,Retain - Shows Structural Variation
data/raw/ct_images/progression/CT00153.png,data/raw/ct_images/tumor/CT00078.png,ct,progression,tumor,10,4,Visually Similar,Retain - Shows Structural Variation
data/raw/ct_images/progression/CT00154.png,data/raw/ct_images/progression/CT00157.png,ct,progression,progression,9,5,Visually Similar,Retain - Shows Structural Variation
data/raw/ct_images/progression/CT00154.png,data/raw/ct_images/progression/CT00158.png,ct,progression,progression,7,5,Visually Similar,Retain - Shows Structural Variation
data/raw/ct_images/progression/CT00154.png,data/raw/ct_images/progression/CT00159.png,ct,progression,progression,9,4,Visually Similar,Retain - Shows Structural Variation
data/raw/ct_images/progression/CT00154.png,data/raw/ct_images/progression/CT00162.png,ct,progression,progression,10,2,Visually Similar,Retain - Shows Structural Variation
data/raw/ct_images/progression/CT00154.png,data/raw/ct_images/progression/CT00166.png,ct,progression,progression,7,2,Visually Similar,Retain - Shows Structural Variation
data/raw/ct_images/progression/CT00154.png,data/raw/ct_images/progression/CT00168.png,ct,progression,progression,6,1,Visually Similar,Retain - Shows Structural Variation
data/raw/ct_images/progression/CT00154.png,data/raw/ct_images/progression/CT00169.png,ct,progression,progression,10,4,Visually Similar,Retain - Shows Structural Variation
data/raw/ct_images/progression/CT00154.png,data/raw/ct_images/progression/CT00172.png,ct,progression,progression,10,3,Visually Similar,Retain - Shows Structural Variation
data/raw/ct_images/progression/CT00154.png,data/raw/ct_images/progression/CT00173.png,ct,progression,progression,4,1,Near Duplicate,Document & Evaluate Similarity Threshold
data/raw/ct_images/progression/CT00154.png,data/raw/ct_images/progression/CT00176.png,ct,progression,progression,10,2,Visually Similar,Retain - Shows Structural Variation
data/raw/ct_images/progression/CT00154.png,data/raw/ct_images/progression/CT00177.png,ct,progression,progression,7,4,Visually Similar,Retain - Shows Structural Variation
data/raw/ct_images/progression/CT00154.png,data/raw/ct_images/progression/CT00182.png,ct,progression,progression,6,5,Visually Similar,Retain - Shows Structural Variation
data/raw/ct_images/progression/CT00154.png,data/raw/ct_images/progression/CT00183.png,ct,progression,progression,6,7,Visually Similar,Retain - Shows Structural Variation
data/raw/ct_images/progression/CT00154.png,data/raw/ct_images/progression/CT00185.png,ct,progression,progression,9,5,Visually Similar,Retain - Shows Structural Variation
data/raw/ct_images/progression/CT00154.png,data/raw/ct_images/progression/CT00187.png,ct,progression,progression,9,3,Visually Similar,Retain - Shows Structural Variation
data/raw/ct_images/progression/CT00154.png,data/raw/ct_images/progression/CT00191.png,ct,progression,progression,2,3,Near Duplicate,Document & Evaluate Similarity Threshold
data/raw/ct_images/progression/CT00154.png,data/raw/ct_images/progression/CT00195.png,ct,progression,progression,7,1,Visually Similar,Retain - Shows Structural Variation
data/raw/ct_images/progression/CT00154.png,data/raw/ct_images/progression/CT00196.png,ct,progression,progression,9,1,Visually Similar,Retain - Shows Structural Variation
data/raw/ct_images/progression/CT00154.png,data/raw/ct_images/progression/CT00199.png,ct,progression,progression,6,2,Visually Similar,Retain - Shows Structural Variation
data/raw/ct_images/progression/CT00155.png,data/raw/ct_images/progression/CT00160.png,ct,progression,progression,4,1,Near Duplicate,Document & Evaluate Similarity Threshold
data/raw/ct_images/progression/CT00155.png,data/raw/ct_images/progression/CT00164.png,ct,progression,progression,9,1,Visually Similar,Retain - Shows Structural Variation
data/raw/ct_images/progression/CT00155.png,data/raw/ct_images/progression/CT00170.png,ct,progression,progression,8,3,Visually Similar,Retain - Shows Structural Variation
data/raw/ct_images/progression/CT00155.png,data/raw/ct_images/progression/CT00171.png,ct,progression,progression,7,1,Visually Similar,Retain - Shows Structural Variation
data/raw/ct_images/progression/CT00155.png,data/raw/ct_images/progression/CT00193.png,ct,progression,progression,10,2,Visually Similar,Retain - Shows Structural Variation
data/raw/ct_images/progression/CT00155.png,data/raw/ct_images/progression/CT00200.png,ct,progression,progression,6,0,Visually Similar,Retain - Shows Structural Variation
data/raw/ct_images/progression/CT00155.png,data/raw/ct_images/tumor/CT00107.png,ct,progression,tumor,10,2,Visually Similar,Retain - Shows Structural Variation
data/raw/ct_images/progression/CT00156.png,data/raw/ct_images/progression/CT00157.png,ct,progression,progression,7,3,Visually Similar,Retain - Shows Structural Variation
data/raw/ct_images/progression/CT00156.png,data/raw/ct_images/progression/CT00161.png,ct,progression,progression,7,2,Visually Similar,Retain - Shows Structural Variation
data/raw/ct_images/progression/CT00156.png,data/raw/ct_images/progression/CT00163.png,ct,progression,progression,10,5,Visually Similar,Retain - Shows Structural Variation
data/raw/ct_images/progression/CT00156.png,data/raw/ct_images/progression/CT00167.png,ct,progression,progression,2,1,Near Duplicate,Document & Evaluate Similarity Threshold
data/raw/ct_images/progression/CT00156.png,data/raw/ct_images/progression/CT00169.png,ct,progression,progression,8,2,Visually Similar,Retain - Shows Structural Variation
data/raw/ct_images/progression/CT00156.png,data/raw/ct_images/progression/CT00175.png,ct,progression,progression,10,3,Visually Similar,Retain - Shows Structural Variation
data/raw/ct_images/progression/CT00156.png,data/raw/ct_images/progression/CT00182.png,ct,progression,progression,8,1,Visually Similar,Retain - Shows Structural Variation
data/raw/ct_images/progression/CT00156.png,data/raw/ct_images/progression/CT00183.png,ct,progression,progression,10,3,Visually Similar,Retain - Shows Structural Variation
data/raw/ct_images/progression/CT00156.png,data/raw/ct_images/progression/CT00184.png,ct,progression,progression,3,3,Near Duplicate,Document & Evaluate Similarity Threshold
data/raw/ct_images/progression/CT00156.png,data/raw/ct_images/progression/CT00185.png,ct,progression,progression,7,5,Visually Similar,Retain - Shows Structural Variation
data/raw/ct_images/progression/CT00156.png,data/raw/ct_images/progression/CT00186.png,ct,progression,progression,10,3,Visually Similar,Retain - Shows Structural Variation
data/raw/ct_images/progression/CT00156.png,data/raw/ct_images/progression/CT00187.png,ct,progression,progression,9,3,Visually Similar,Retain - Shows Structural Variation
data/raw/ct_images/progression/CT00156.png,data/raw/ct_images/progression/CT00189.png,ct,progression,progression,0,2,Exact Duplicate,Keep Representative / Purge Duplicate
data/raw/ct_images/progression/CT00156.png,data/raw/ct_images/progression/CT00196.png,ct,progression,progression,9,3,Visually Similar,Retain - Shows Structural Variation
data/raw/ct_images/progression/CT00156.png,data/raw/ct_images/progression/CT00198.png,ct,progression,progression,10,3,Visually Similar,Retain - Shows Structural Variation
data/raw/ct_images/progression/CT00156.png,data/raw/ct_images/tumor/CT00066.png,ct,progression,tumor,5,3,Visually Similar,Retain - Shows Structural Variation
data/raw/ct_images/progression/CT00156.png,data/raw/ct_images/tumor/CT00068.png,ct,progression,tumor,10,6,Visually Similar,Retain - Shows Structural Variation
data/raw/ct_images/progression/CT00156.png,data/raw/ct_images/tumor/CT00069.png,ct,progression,tumor,8,3,Visually Similar,Retain - Shows Structural Variation
data/raw/ct_images/progression/CT00156.png,data/raw/ct_images/tumor/CT00085.png,ct,progression,tumor,9,7,Visually Similar,Retain - Shows Structural Variation
data/raw/ct_images/progression/CT00156.png,data/raw/ct_images/tumor/CT00112.png,ct,progression,tumor,9,5,Visually Similar,Retain - Shows Structural Variation
data/raw/ct_images/progression/CT00156.png,data/raw/ct_images/tumor/CT00116.png,ct,progression,tumor,10,3,Visually Similar,Retain - Shows Structural Variation
data/raw/ct_images/progression/CT00156.png,data/raw/ct_images/tumor/CT00120.png,ct,progression,tumor,10,3,Visually Similar,Retain - Shows Structural Variation
data/raw/ct_images/progression/CT00157.png,data/raw/ct_images/progression/CT00158.png,ct,progression,progression,8,4,Visually Similar,Retain - Shows Structural Variation
data/raw/ct_images/progression/CT00157.png,data/raw/ct_images/progression/CT00159.png,ct,progression,progression,10,3,Visually Similar,Retain - Shows Structural Variation
data/raw/ct_images/progression/CT00157.png,data/raw/ct_images/progression/CT00161.png,ct,progression,progression,4,3,Near Duplicate,Document & Evaluate Similarity Threshold
data/raw/ct_images/progression/CT00157.png,data/raw/ct_images/progression/CT00166.png,ct,progression,progression,8,3,Visually Similar,Retain - Shows Structural Variation
data/raw/ct_images/progression/CT00157.png,data/raw/ct_images/progression/CT00167.png,ct,progression,progression,7,4,Visually Similar,Retain - Shows Structural Variation
data/raw/ct_images/progression/CT00157.png,data/raw/ct_images/progression/CT00168.png,ct,progression,progression,7,4,Visually Similar,Retain - Shows Structural Variation
data/raw/ct_images/progression/CT00157.png,data/raw/ct_images/progression/CT00169.png,ct,progression,progression,5,3,Visually Similar,Retain - Shows Structural Variation
data/raw/ct_images/progression/CT00157.png,data/raw/ct_images/progression/CT00172.png,ct,progression,progression,7,4,Visually Similar,Retain - Shows Structural Variation
data/raw/ct_images/progression/CT00157.png,data/raw/ct_images/progression/CT00173.png,ct,progression,progression,7,6,Visually Similar,Retain - Shows Structural Variation
data/raw/ct_images/progression/CT00157.png,data/raw/ct_images/progression/CT00177.png,ct,progression,progression,8,3,Visually Similar,Retain - Shows Structural Variation
data/raw/ct_images/progression/CT00157.png,data/raw/ct_images/progression/CT00182.png,ct,progression,progression,5,2,Visually Similar,Retain - Shows Structural Variation
data/raw/ct_images/progression/CT00157.png,data/raw/ct_images/progression/CT00183.png,ct,progression,progression,3,2,Near Duplicate,Document & Evaluate Similarity Threshold
data/raw/ct_images/progression/CT00157.png,data/raw/ct_images/progression/CT00184.png,ct,progression,progression,8,2,Visually Similar,Retain - Shows Structural Variation
data/raw/ct_images/progression/CT00157.png,data/raw/ct_images/progression/CT00185.png,ct,progression,progression,8,4,Visually Similar,Retain - Shows Structural Variation
data/raw/ct_images/progression/CT00157.png,data/raw/ct_images/progression/CT00187.png,ct,progression,progression,4,4,Near Duplicate,Document & Evaluate Similarity Threshold
data/raw/ct_images/progression/CT00157.png,data/raw/ct_images/progression/CT00189.png,ct,progression,progression,7,3,Visually Similar,Retain - Shows Structural Variation
data/raw/ct_images/progression/CT00157.png,data/raw/ct_images/progression/CT00191.png,ct,progression,progression,9,2,Visually Similar,Retain - Shows Structural Variation
data/raw/ct_images/progression/CT00157.png,data/raw/ct_images/progression/CT00195.png,ct,progression,progression,8,4,Visually Similar,Retain - Shows Structural Variation
data/raw/ct_images/progression/CT00157.png,data/raw/ct_images/progression/CT00196.png,ct,progression,progression,4,4,Near Duplicate,Document & Evaluate Similarity Threshold
data/raw/ct_images/progression/CT00158.png,data/raw/ct_images/progression/CT00159.png,ct,progression,progression,8,3,Visually Similar,Retain - Shows Structural Variation
data/raw/ct_images/progression/CT00158.png,data/raw/ct_images/progression/CT00161.png,ct,progression,progression,10,7,Visually Similar,Retain - Shows Structural Variation
data/raw/ct_images/progression/CT00158.png,data/raw/ct_images/progression/CT00168.png,ct,progression,progression,9,4,Visually Similar,Retain - Shows Structural Variation
data/raw/ct_images/progression/CT00158.png,data/raw/ct_images/progression/CT00173.png,ct,progression,progression,5,6,Visually Similar,Retain - Shows Structural Variation
data/raw/ct_images/progression/CT00158.png,data/raw/ct_images/progression/CT00176.png,ct,progression,progression,9,3,Visually Similar,Retain - Shows Structural Variation
data/raw/ct_images/progression/CT00158.png,data/raw/ct_images/progression/CT00177.png,ct,progression,progression,6,3,Visually Similar,Retain - Shows Structural Variation
data/raw/ct_images/progression/CT00158.png,data/raw/ct_images/progression/CT00182.png,ct,progression,progression,7,6,Visually Similar,Retain - Shows Structural Variation
data/raw/ct_images/progression/CT00158.png,data/raw/ct_images/progression/CT00183.png,ct,progression,progression,5,6,Visually Similar,Retain - Shows Structural Variation
data/raw/ct_images/progression/CT00158.png,data/raw/ct_images/progression/CT00187.png,ct,progression,progression,8,2,Visually Similar,Retain - Shows Structural Variation
data/raw/ct_images/progression/CT00158.png,data/raw/ct_images/progression/CT00191.png,ct,progression,progression,5,2,Visually Similar,Retain - Shows Structural Variation
data/raw/ct_images/progression/CT00158.png,data/raw/ct_images/progression/CT00192.png,ct,progression,progression,8,2,Visually Similar,Retain - Shows Structural Variation
data/raw/ct_images/progression/CT00158.png,data/raw/ct_images/progression/CT00195.png,ct,progression,progression,8,4,Visually Similar,Retain - Shows Structural Variation
data/raw/ct_images/progression/CT00158.png,data/raw/ct_images/progression/CT00199.png,ct,progression,progression,5,7,Visually Similar,Retain - Shows Structural Variation
data/raw/ct_images/progression/CT00158.png,data/raw/ct_images/tumor/CT00076.png,ct,progression,tumor,8,4,Visually Similar,Retain - Shows Structural Variation
data/raw/ct_images/progression/CT00159.png,data/raw/ct_images/progression/CT00162.png,ct,progression,progression,9,2,Visually Similar,Retain - Shows Structural Variation
data/raw/ct_images/progression/CT00159.png,data/raw/ct_images/progression/CT00163.png,ct,progression,progression,7,3,Visually Similar,Retain - Shows Structural Variation
data/raw/ct_images/progression/CT00159.png,data/raw/ct_images/progression/CT00166.png,ct,progression,progression,10,2,Visually Similar,Retain - Shows Structural Variation
data/raw/ct_images/progression/CT00159.png,data/raw/ct_images/progression/CT00168.png,ct,progression,progression,5,3,Visually Similar,Retain - Shows Structural Variation
data/raw/ct_images/progression/CT00159.png,data/raw/ct_images/progression/CT00172.png,ct,progression,progression,9,3,Visually Similar,Retain - Shows Structural Variation
data/raw/ct_images/progression/CT00159.png,data/raw/ct_images/progression/CT00173.png,ct,progression,progression,7,5,Visually Similar,Retain - Shows Structural Variation
data/raw/ct_images/progression/CT00159.png,data/raw/ct_images/progression/CT00176.png,ct,progression,progression,3,2,Near Duplicate,Document & Evaluate Similarity Threshold
data/raw/ct_images/progression/CT00159.png,data/raw/ct_images/progression/CT00177.png,ct,progression,progression,2,0,Near Duplicate,Document & Evaluate Similarity Threshold
data/raw/ct_images/progression/CT00159.png,data/raw/ct_images/progression/CT00182.png,ct,progression,progression,9,5,Visually Similar,Retain - Shows Structural Variation
data/raw/ct_images/progression/CT00159.png,data/raw/ct_images/progression/CT00183.png,ct,progression,progression,7,3,Visually Similar,Retain - Shows Structural Variation
data/raw/ct_images/progression/CT00159.png,data/raw/ct_images/progression/CT00187.png,ct,progression,progression,10,3,Visually Similar,Retain - Shows Structural Variation
data/raw/ct_images/progression/CT00159.png,data/raw/ct_images/progression/CT00191.png,ct,progression,progression,7,1,Visually Similar,Retain - Shows Structural Variation
data/raw/ct_images/progression/CT00159.png,data/raw/ct_images/progression/CT00192.png,ct,progression,progression,8,1,Visually Similar,Retain - Shows Structural Variation
data/raw/ct_images/progression/CT00159.png,data/raw/ct_images/progression/CT00195.png,ct,progression,progression,2,3,Near Duplicate,Document & Evaluate Similarity Threshold
data/raw/ct_images/progression/CT00159.png,data/raw/ct_images/progression/CT00199.png,ct,progression,progression,9,6,Visually Similar,Retain - Shows Structural Variation
data/raw/ct_images/progression/CT00160.png,data/raw/ct_images/progression/CT00164.png,ct,progression,progression,9,2,Visually Similar,Retain - Shows Structural Variation
data/raw/ct_images/progression/CT00160.png,data/raw/ct_images/progression/CT00170.png,ct,progression,progression,8,4,Visually Similar,Retain - Shows Structural Variation
data/raw/ct_images/progression/CT00160.png,data/raw/ct_images/progression/CT00193.png,ct,progression,progression,10,3,Visually Similar,Retain - Shows Structural Variation
data/raw/ct_images/progression/CT00160.png,data/raw/ct_images/progression/CT00200.png,ct,progression,progression,6,1,Visually Similar,Retain - Shows Structural Variation
data/raw/ct_images/progression/CT00160.png,data/raw/ct_images/tumor/CT00080.png,ct,progression,tumor,9,2,Visually Similar,Retain - Shows Structural Variation
data/raw/ct_images/progression/CT00160.png,data/raw/ct_images/tumor/CT00084.png,ct,progression,tumor,10,4,Visually Similar,Retain - Shows Structural Variation
data/raw/ct_images/progression/CT00160.png,data/raw/ct_images/tumor/CT00107.png,ct,progression,tumor,8,3,Visually Similar,Retain - Shows Structural Variation
data/raw/ct_images/progression/CT00161.png,data/raw/ct_images/progression/CT00166.png,ct,progression,progression,8,4,Visually Similar,Retain - Shows Structural Variation
data/raw/ct_images/progression/CT00161.png,data/raw/ct_images/progression/CT00167.png,ct,progression,progression,9,1,Visually Similar,Retain - Shows Structural Variation
data/raw/ct_images/progression/CT00161.png,data/raw/ct_images/progression/CT00168.png,ct,progression,progression,9,3,Visually Similar,Retain - Shows Structural Variation
data/raw/ct_images/progression/CT00161.png,data/raw/ct_images/progression/CT00169.png,ct,progression,progression,5,0,Visually Similar,Retain - Shows Structural Variation
data/raw/ct_images/progression/CT00161.png,data/raw/ct_images/progression/CT00173.png,ct,progression,progression,9,5,Visually Similar,Retain - Shows Structural Variation
data/raw/ct_images/progression/CT00161.png,data/raw/ct_images/progression/CT00177.png,ct,progression,progression,10,6,Visually Similar,Retain - Shows Structural Variation
data/raw/ct_images/progression/CT00161.png,data/raw/ct_images/progression/CT00182.png,ct,progression,progression,5,1,Visually Similar,Retain - Shows Structural Variation
data/raw/ct_images/progression/CT00161.png,data/raw/ct_images/progression/CT00183.png,ct,progression,progression,5,3,Visually Similar,Retain - Shows Structural Variation
data/raw/ct_images/progression/CT00161.png,data/raw/ct_images/progression/CT00184.png,ct,progression,progression,8,5,Visually Similar,Retain - Shows Structural Variation
data/raw/ct_images/progression/CT00161.png,data/raw/ct_images/progression/CT00185.png,ct,progression,progression,8,5,Visually Similar,Retain - Shows Structural Variation
data/raw/ct_images/progression/CT00161.png,data/raw/ct_images/progression/CT00187.png,ct,progression,progression,4,5,Near Duplicate,Document & Evaluate Similarity Threshold
data/raw/ct_images/progression/CT00161.png,data/raw/ct_images/progression/CT00189.png,ct,progression,progression,7,2,Visually Similar,Retain - Shows Structural Variation
data/raw/ct_images/progression/CT00161.png,data/raw/ct_images/progression/CT00195.png,ct,progression,progression,10,3,Visually Similar,Retain - Shows Structural Variation
data/raw/ct_images/progression/CT00161.png,data/raw/ct_images/progression/CT00196.png,ct,progression,progression,8,3,Visually Similar,Retain - Shows Structural Variation
data/raw/ct_images/progression/CT00162.png,data/raw/ct_images/progression/CT00163.png,ct,progression,progression,8,3,Visually Similar,Retain - Shows Structural Variation
data/raw/ct_images/progression/CT00162.png,data/raw/ct_images/progression/CT00166.png,ct,progression,progression,7,0,Visually Similar,Retain - Shows Structural Variation
data/raw/ct_images/progression/CT00162.png,data/raw/ct_images/progression/CT00167.png,ct,progression,progression,10,3,Visually Similar,Retain - Shows Structural Variation
data/raw/ct_images/progression/CT00162.png,data/raw/ct_images/progression/CT00168.png,ct,progression,progression,6,1,Visually Similar,Retain - Shows Structural Variation
data/raw/ct_images/progression/CT00162.png,data/raw/ct_images/progression/CT00169.png,ct,progression,progression,8,4,Visually Similar,Retain - Shows Structural Variation
data/raw/ct_images/progression/CT00162.png,data/raw/ct_images/progression/CT00175.png,ct,progression,progression,4,1,Near Duplicate,Document & Evaluate Similarity Threshold
data/raw/ct_images/progression/CT00162.png,data/raw/ct_images/progression/CT00176.png,ct,progression,progression,8,0,Visually Similar,Retain - Shows Structural Variation
data/raw/ct_images/progression/CT00162.png,data/raw/ct_images/progression/CT00182.png,ct,progression,progression,6,3,Visually Similar,Retain - Shows Structural Variation
data/raw/ct_images/progression/CT00162.png,data/raw/ct_images/progression/CT00183.png,ct,progression,progression,8,5,Visually Similar,Retain - Shows Structural Variation
data/raw/ct_images/progression/CT00162.png,data/raw/ct_images/progression/CT00185.png,ct,progression,progression,5,3,Visually Similar,Retain - Shows Structural Variation
data/raw/ct_images/progression/CT00162.png,data/raw/ct_images/progression/CT00195.png,ct,progression,progression,9,1,Visually Similar,Retain - Shows Structural Variation
data/raw/ct_images/progression/CT00163.png,data/raw/ct_images/progression/CT00166.png,ct,progression,progression,7,3,Visually Similar,Retain - Shows Structural Variation
data/raw/ct_images/progression/CT00163.png,data/raw/ct_images/progression/CT00167.png,ct,progression,progression,8,6,Visually Similar,Retain - Shows Structural Variation
data/raw/ct_images/progression/CT00163.png,data/raw/ct_images/progression/CT00168.png,ct,progression,progression,8,4,Visually Similar,Retain - Shows Structural Variation
data/raw/ct_images/progression/CT00163.png,data/raw/ct_images/progression/CT00172.png,ct,progression,progression,10,2,Visually Similar,Retain - Shows Structural Variation
data/raw/ct_images/progression/CT00163.png,data/raw/ct_images/progression/CT00175.png,ct,progression,progression,8,2,Visually Similar,Retain - Shows Structural Variation
data/raw/ct_images/progression/CT00163.png,data/raw/ct_images/progression/CT00176.png,ct,progression,progression,6,3,Visually Similar,Retain - Shows Structural Variation
data/raw/ct_images/progression/CT00163.png,data/raw/ct_images/progression/CT00177.png,ct,progression,progression,9,3,Visually Similar,Retain - Shows Structural Variation
data/raw/ct_images/progression/CT00163.png,data/raw/ct_images/progression/CT00182.png,ct,progression,progression,10,6,Visually Similar,Retain - Shows Structural Variation
data/raw/ct_images/progression/CT00163.png,data/raw/ct_images/progression/CT00183.png,ct,progression,progression,10,6,Visually Similar,Retain - Shows Structural Variation
data/raw/ct_images/progression/CT00163.png,data/raw/ct_images/progression/CT00184.png,ct,progression,progression,7,2,Visually Similar,Retain - Shows Structural Variation
data/raw/ct_images/progression/CT00163.png,data/raw/ct_images/progression/CT00185.png,ct,progression,progression,7,4,Visually Similar,Retain - Shows Structural Variation
data/raw/ct_images/progression/CT00163.png,data/raw/ct_images/progression/CT00189.png,ct,progression,progression,10,7,Visually Similar,Retain - Shows Structural Variation
data/raw/ct_images/progression/CT00163.png,data/raw/ct_images/progression/CT00195.png,ct,progression,progression,7,4,Visually Similar,Retain - Shows Structural Variation
data/raw/ct_images/progression/CT00164.png,data/raw/ct_images/progression/CT00165.png,ct,progression,progression,4,3,Near Duplicate,Document & Evaluate Similarity Threshold
data/raw/ct_images/progression/CT00164.png,data/raw/ct_images/progression/CT00170.png,ct,progression,progression,5,4,Visually Similar,Retain - Shows Structural Variation
data/raw/ct_images/progression/CT00164.png,data/raw/ct_images/progression/CT00171.png,ct,progression,progression,6,2,Visually Similar,Retain - Shows Structural Variation
data/raw/ct_images/progression/CT00164.png,data/raw/ct_images/progression/CT00180.png,ct,progression,progression,9,4,Visually Similar,Retain - Shows Structural Variation
data/raw/ct_images/progression/CT00164.png,data/raw/ct_images/progression/CT00188.png,ct,progression,progression,9,5,Visually Similar,Retain - Shows Structural Variation
data/raw/ct_images/progression/CT00164.png,data/raw/ct_images/progression/CT00193.png,ct,progression,progression,7,3,Visually Similar,Retain - Shows Structural Variation
data/raw/ct_images/progression/CT00164.png,data/raw/ct_images/progression/CT00194.png,ct,progression,progression,8,3,Visually Similar,Retain - Shows Structural Variation
data/raw/ct_images/progression/CT00164.png,data/raw/ct_images/progression/CT00200.png,ct,progression,progression,7,1,Visually Similar,Retain - Shows Structural Variation
data/raw/ct_images/progression/CT00164.png,data/raw/ct_images/tumor/CT00071.png,ct,progression,tumor,6,6,Visually Similar,Retain - Shows Structural Variation
data/raw/ct_images/progression/CT00164.png,data/raw/ct_images/tumor/CT00080.png,ct,progression,tumor,8,2,Visually Similar,Retain - Shows Structural Variation
data/raw/ct_images/progression/CT00164.png,data/raw/ct_images/tumor/CT00083.png,ct,progression,tumor,8,4,Visually Similar,Retain - Shows Structural Variation
data/raw/ct_images/progression/CT00164.png,data/raw/ct_images/tumor/CT00094.png,ct,progression,tumor,9,8,Visually Similar,Retain - Shows Structural Variation
data/raw/ct_images/progression/CT00164.png,data/raw/ct_images/tumor/CT00097.png,ct,progression,tumor,8,5,Visually Similar,Retain - Shows Structural Variation
data/raw/ct_images/progression/CT00164.png,data/raw/ct_images/tumor/CT00099.png,ct,progression,tumor,9,2,Visually Similar,Retain - Shows Structural Variation
data/raw/ct_images/progression/CT00164.png,data/raw/ct_images/tumor/CT00102.png,ct,progression,tumor,9,4,Visually Similar,Retain - Shows Structural Variation
data/raw/ct_images/progression/CT00164.png,data/raw/ct_images/tumor/CT00103.png,ct,progression,tumor,10,2,Visually Similar,Retain - Shows Structural Variation
data/raw/ct_images/progression/CT00164.png,data/raw/ct_images/tumor/CT00104.png,ct,progression,tumor,10,1,Visually Similar,Retain - Shows Structural Variation
data/raw/ct_images/progression/CT00164.png,data/raw/ct_images/tumor/CT00107.png,ct,progression,tumor,9,3,Visually Similar,Retain - Shows Structural Variation
data/raw/ct_images/progression/CT00164.png,data/raw/ct_images/tumor/CT00122.png,ct,progression,tumor,8,8,Visually Similar,Retain - Shows Structural Variation
data/raw/ct_images/progression/CT00164.png,data/raw/ct_images/tumor/CT00123.png,ct,progression,tumor,9,1,Visually Similar,Retain - Shows Structural Variation
data/raw/ct_images/progression/CT00165.png,data/raw/ct_images/progression/CT00170.png,ct,progression,progression,7,1,Visually Similar,Retain - Shows Structural Variation
data/raw/ct_images/progression/CT00165.png,data/raw/ct_images/progression/CT00171.png,ct,progression,progression,10,1,Visually Similar,Retain - Shows Structural Variation
data/raw/ct_images/progression/CT00165.png,data/raw/ct_images/progression/CT00174.png,ct,progression,progression,9,3,Visually Similar,Retain - Shows Structural Variation
data/raw/ct_images/progression/CT00165.png,data/raw/ct_images/progression/CT00179.png,ct,progression,progression,9,2,Visually Similar,Retain - Shows Structural Variation
data/raw/ct_images/progression/CT00165.png,data/raw/ct_images/progression/CT00180.png,ct,progression,progression,9,1,Visually Similar,Retain - Shows Structural Variation
data/raw/ct_images/progression/CT00165.png,data/raw/ct_images/progression/CT00190.png,ct,progression,progression,9,3,Visually Similar,Retain - Shows Structural Variation
data/raw/ct_images/progression/CT00165.png,data/raw/ct_images/progression/CT00193.png,ct,progression,progression,7,0,Visually Similar,Retain - Shows Structural Variation
data/raw/ct_images/progression/CT00165.png,data/raw/ct_images/progression/CT00194.png,ct,progression,progression,4,0,Near Duplicate,Document & Evaluate Similarity Threshold
data/raw/ct_images/progression/CT00165.png,data/raw/ct_images/tumor/CT00071.png,ct,progression,tumor,8,3,Visually Similar,Retain - Shows Structural Variation
data/raw/ct_images/progression/CT00165.png,data/raw/ct_images/tumor/CT00073.png,ct,progression,tumor,10,0,Visually Similar,Retain - Shows Structural Variation
data/raw/ct_images/progression/CT00165.png,data/raw/ct_images/tumor/CT00080.png,ct,progression,tumor,10,1,Visually Similar,Retain - Shows Structural Variation
data/raw/ct_images/progression/CT00165.png,data/raw/ct_images/tumor/CT00083.png,ct,progression,tumor,6,1,Visually Similar,Retain - Shows Structural Variation
data/raw/ct_images/progression/CT00165.png,data/raw/ct_images/tumor/CT00097.png,ct,progression,tumor,8,2,Visually Similar,Retain - Shows Structural Variation
data/raw/ct_images/progression/CT00165.png,data/raw/ct_images/tumor/CT00099.png,ct,progression,tumor,9,1,Visually Similar,Retain - Shows Structural Variation
data/raw/ct_images/progression/CT00165.png,data/raw/ct_images/tumor/CT00102.png,ct,progression,tumor,9,1,Visually Similar,Retain - Shows Structural Variation
data/raw/ct_images/progression/CT00165.png,data/raw/ct_images/tumor/CT00103.png,ct,progression,tumor,10,1,Visually Similar,Retain - Shows Structural Variation
data/raw/ct_images/progression/CT00165.png,data/raw/ct_images/tumor/CT00104.png,ct,progression,tumor,10,2,Visually Similar,Retain - Shows Structural Variation
data/raw/ct_images/progression/CT00166.png,data/raw/ct_images/progression/CT00167.png,ct,progression,progression,9,3,Visually Similar,Retain - Shows Structural Variation
data/raw/ct_images/progression/CT00166.png,data/raw/ct_images/progression/CT00168.png,ct,progression,progression,5,1,Visually Similar,Retain - Shows Structural Variation
data/raw/ct_images/progression/CT00166.png,data/raw/ct_images/progression/CT00172.png,ct,progression,progression,9,1,Visually Similar,Retain - Shows Structural Variation
data/raw/ct_images/progression/CT00166.png,data/raw/ct_images/progression/CT00173.png,ct,progression,progression,7,3,Visually Similar,Retain - Shows Structural Variation
data/raw/ct_images/progression/CT00166.png,data/raw/ct_images/progression/CT00176.png,ct,progression,progression,9,0,Visually Similar,Retain - Shows Structural Variation
data/raw/ct_images/progression/CT00166.png,data/raw/ct_images/progression/CT00177.png,ct,progression,progression,10,2,Visually Similar,Retain - Shows Structural Variation
data/raw/ct_images/progression/CT00166.png,data/raw/ct_images/progression/CT00182.png,ct,progression,progression,7,3,Visually Similar,Retain - Shows Structural Variation
data/raw/ct_images/progression/CT00166.png,data/raw/ct_images/progression/CT00183.png,ct,progression,progression,7,5,Visually Similar,Retain - Shows Structural Variation
data/raw/ct_images/progression/CT00166.png,data/raw/ct_images/progression/CT00185.png,ct,progression,progression,6,3,Visually Similar,Retain - Shows Structural Variation
data/raw/ct_images/progression/CT00166.png,data/raw/ct_images/progression/CT00187.png,ct,progression,progression,8,1,Visually Similar,Retain - Shows Structural Variation
data/raw/ct_images/progression/CT00166.png,data/raw/ct_images/progression/CT00191.png,ct,progression,progression,7,1,Visually Similar,Retain - Shows Structural Variation
data/raw/ct_images/progression/CT00166.png,data/raw/ct_images/progression/CT00195.png,ct,progression,progression,8,1,Visually Similar,Retain - Shows Structural Variation
data/raw/ct_images/progression/CT00166.png,data/raw/ct_images/progression/CT00196.png,ct,progression,progression,6,1,Visually Similar,Retain - Shows Structural Variation
data/raw/ct_images/progression/CT00167.png,data/raw/ct_images/progression/CT00169.png,ct,progression,progression,8,1,Visually Similar,Retain - Shows Structural Variation
data/raw/ct_images/progression/CT00167.png,data/raw/ct_images/progression/CT00175.png,ct,progression,progression,8,4,Visually Similar,Retain - Shows Structural Variation
data/raw/ct_images/progression/CT00167.png,data/raw/ct_images/progression/CT00182.png,ct,progression,progression,8,2,Visually Similar,Retain - Shows Structural Variation
data/raw/ct_images/progression/CT00167.png,data/raw/ct_images/progression/CT00183.png,ct,progression,progression,10,4,Visually Similar,Retain - Shows Structural Variation
data/raw/ct_images/progression/CT00167.png,data/raw/ct_images/progression/CT00184.png,ct,progression,progression,5,4,Visually Similar,Retain - Shows Structural Variation
data/raw/ct_images/progression/CT00167.png,data/raw/ct_images/progression/CT00185.png,ct,progression,progression,5,6,Visually Similar,Retain - Shows Structural Variation
data/raw/ct_images/progression/CT00167.png,data/raw/ct_images/progression/CT00189.png,ct,progression,progression,2,3,Near Duplicate,Document & Evaluate Similarity Threshold
data/raw/ct_images/progression/CT00167.png,data/raw/ct_images/progression/CT00196.png,ct,progression,progression,9,2,Visually Similar,Retain - Shows Structural Variation
data/raw/ct_images/progression/CT00167.png,data/raw/ct_images/tumor/CT00066.png,ct,progression,tumor,7,4,Visually Similar,Retain - Shows Structural Variation
data/raw/ct_images/progression/CT00167.png,data/raw/ct_images/tumor/CT00069.png,ct,progression,tumor,10,4,Visually Similar,Retain - Shows Structural Variation
data/raw/ct_images/progression/CT00168.png,data/raw/ct_images/progression/CT00169.png,ct,progression,progression,10,3,Visually Similar,Retain - Shows Structural Variation
data/raw/ct_images/progression/CT00168.png,data/raw/ct_images/progression/CT00172.png,ct,progression,progression,10,2,Visually Similar,Retain - Shows Structural Variation
data/raw/ct_images/progression/CT00168.png,data/raw/ct_images/progression/CT00173.png,ct,progression,progression,6,2,Visually Similar,Retain - Shows Structural Variation
data/raw/ct_images/progression/CT00168.png,data/raw/ct_images/progression/CT00175.png,ct,progression,progression,10,2,Visually Similar,Retain - Shows Structural Variation
data/raw/ct_images/progression/CT00168.png,data/raw/ct_images/progression/CT00176.png,ct,progression,progression,6,1,Visually Similar,Retain - Shows Structural Variation
data/raw/ct_images/progression/CT00168.png,data/raw/ct_images/progression/CT00177.png,ct,progression,progression,7,3,Visually Similar,Retain - Shows Structural Variation
data/raw/ct_images/progression/CT00168.png,data/raw/ct_images/progression/CT00182.png,ct,progression,progression,6,4,Visually Similar,Retain - Shows Structural Variation
data/raw/ct_images/progression/CT00168.png,data/raw/ct_images/progression/CT00183.png,ct,progression,progression,4,6,Near Duplicate,Document & Evaluate Similarity Threshold
data/raw/ct_images/progression/CT00168.png,data/raw/ct_images/progression/CT00185.png,ct,progression,progression,9,4,Visually Similar,Retain - Shows Structural Variation
data/raw/ct_images/progression/CT00168.png,data/raw/ct_images/progression/CT00187.png,ct,progression,progression,9,2,Visually Similar,Retain - Shows Structural Variation
data/raw/ct_images/progression/CT00168.png,data/raw/ct_images/progression/CT00191.png,ct,progression,progression,6,2,Visually Similar,Retain - Shows Structural Variation
data/raw/ct_images/progression/CT00168.png,data/raw/ct_images/progression/CT00195.png,ct,progression,progression,5,0,Visually Similar,Retain - Shows Structural Variation
data/raw/ct_images/progression/CT00168.png,data/raw/ct_images/progression/CT00196.png,ct,progression,progression,7,0,Visually Similar,Retain - Shows Structural Variation
data/raw/ct_images/progression/CT00168.png,data/raw/ct_images/progression/CT00199.png,ct,progression,progression,8,3,Visually Similar,Retain - Shows Structural Variation
data/raw/ct_images/progression/CT00169.png,data/raw/ct_images/progression/CT00173.png,ct,progression,progression,10,5,Visually Similar,Retain - Shows Structural Variation
data/raw/ct_images/progression/CT00169.png,data/raw/ct_images/progression/CT00175.png,ct,progression,progression,10,5,Visually Similar,Retain - Shows Structural Variation
data/raw/ct_images/progression/CT00169.png,data/raw/ct_images/progression/CT00182.png,ct,progression,progression,4,1,Near Duplicate,Document & Evaluate Similarity Threshold
data/raw/ct_images/progression/CT00169.png,data/raw/ct_images/progression/CT00183.png,ct,progression,progression,6,3,Visually Similar,Retain - Shows Structural Variation
data/raw/ct_images/progression/CT00169.png,data/raw/ct_images/progression/CT00185.png,ct,progression,progression,7,5,Visually Similar,Retain - Shows Structural Variation
data/raw/ct_images/progression/CT00169.png,data/raw/ct_images/progression/CT00187.png,ct,progression,progression,9,5,Visually Similar,Retain - Shows Structural Variation
data/raw/ct_images/progression/CT00169.png,data/raw/ct_images/progression/CT00189.png,ct,progression,progression,8,2,Visually Similar,Retain - Shows Structural Variation
data/raw/ct_images/progression/CT00169.png,data/raw/ct_images/progression/CT00196.png,ct,progression,progression,9,3,Visually Similar,Retain - Shows Structural Variation
data/raw/ct_images/progression/CT00170.png,data/raw/ct_images/progression/CT00171.png,ct,progression,progression,7,2,Visually Similar,Retain - Shows Structural Variation
data/raw/ct_images/progression/CT00170.png,data/raw/ct_images/progression/CT00174.png,ct,progression,progression,10,4,Visually Similar,Retain - Shows Structural Variation
data/raw/ct_images/progression/CT00170.png,data/raw/ct_images/progression/CT00178.png,ct,progression,progression,9,3,Visually Similar,Retain - Shows Structural Variation
data/raw/ct_images/progression/CT00170.png,data/raw/ct_images/progression/CT00179.png,ct,progression,progression,10,3,Visually Similar,Retain - Shows Structural Variation
data/raw/ct_images/progression/CT00170.png,data/raw/ct_images/progression/CT00180.png,ct,progression,progression,6,2,Visually Similar,Retain - Shows Structural Variation
data/raw/ct_images/progression/CT00170.png,data/raw/ct_images/progression/CT00188.png,ct,progression,progression,6,3,Visually Similar,Retain - Shows Structural Variation
data/raw/ct_images/progression/CT00170.png,data/raw/ct_images/progression/CT00190.png,ct,progression,progression,10,4,Visually Similar,Retain - Shows Structural Variation
data/raw/ct_images/progression/CT00170.png,data/raw/ct_images/progression/CT00193.png,ct,progression,progression,2,1,Near Duplicate,Document & Evaluate Similarity Threshold
data/raw/ct_images/progression/CT00170.png,data/raw/ct_images/progression/CT00194.png,ct,progression,progression,9,1,Visually Similar,Retain - Shows Structural Variation
data/raw/ct_images/progression/CT00170.png,data/raw/ct_images/progression/CT00200.png,ct,progression,progression,8,3,Visually Similar,Retain - Shows Structural Variation
data/raw/ct_images/progression/CT00170.png,data/raw/ct_images/tumor/CT00071.png,ct,progression,tumor,3,4,Near Duplicate,Document & Evaluate Similarity Threshold
data/raw/ct_images/progression/CT00170.png,data/raw/ct_images/tumor/CT00080.png,ct,progression,tumor,9,2,Visually Similar,Retain - Shows Structural Variation
data/raw/ct_images/progression/CT00170.png,data/raw/ct_images/tumor/CT00083.png,ct,progression,tumor,5,2,Visually Similar,Retain - Shows Structural Variation
data/raw/ct_images/progression/CT00170.png,data/raw/ct_images/tumor/CT00084.png,ct,progression,tumor,8,2,Visually Similar,Retain - Shows Structural Variation
data/raw/ct_images/progression/CT00170.png,data/raw/ct_images/tumor/CT00097.png,ct,progression,tumor,5,3,Visually Similar,Retain - Shows Structural Variation
data/raw/ct_images/progression/CT00170.png,data/raw/ct_images/tumor/CT00099.png,ct,progression,tumor,6,2,Visually Similar,Retain - Shows Structural Variation
data/raw/ct_images/progression/CT00170.png,data/raw/ct_images/tumor/CT00102.png,ct,progression,tumor,10,2,Visually Similar,Retain - Shows Structural Variation
data/raw/ct_images/progression/CT00170.png,data/raw/ct_images/tumor/CT00103.png,ct,progression,tumor,7,2,Visually Similar,Retain - Shows Structural Variation
data/raw/ct_images/progression/CT00170.png,data/raw/ct_images/tumor/CT00104.png,ct,progression,tumor,9,3,Visually Similar,Retain - Shows Structural Variation
data/raw/ct_images/progression/CT00170.png,data/raw/ct_images/tumor/CT00107.png,ct,progression,tumor,6,1,Visually Similar,Retain - Shows Structural Variation
data/raw/ct_images/progression/CT00170.png,data/raw/ct_images/tumor/CT00114.png,ct,progression,tumor,10,7,Visually Similar,Retain - Shows Structural Variation
data/raw/ct_images/progression/CT00170.png,data/raw/ct_images/tumor/CT00118.png,ct,progression,tumor,9,2,Visually Similar,Retain - Shows Structural Variation
data/raw/ct_images/progression/CT00170.png,data/raw/ct_images/tumor/CT00122.png,ct,progression,tumor,7,6,Visually Similar,Retain - Shows Structural Variation
data/raw/ct_images/progression/CT00170.png,data/raw/ct_images/tumor/CT00126.png,ct,progression,tumor,10,3,Visually Similar,Retain - Shows Structural Variation
data/raw/ct_images/progression/CT00170.png,data/raw/ct_images/tumor/CT00127.png,ct,progression,tumor,10,5,Visually Similar,Retain - Shows Structural Variation
data/raw/ct_images/progression/CT00171.png,data/raw/ct_images/progression/CT00180.png,ct,progression,progression,7,2,Visually Similar,Retain - Shows Structural Variation
data/raw/ct_images/progression/CT00171.png,data/raw/ct_images/progression/CT00188.png,ct,progression,progression,9,3,Visually Similar,Retain - Shows Structural Variation
data/raw/ct_images/progression/CT00171.png,data/raw/ct_images/progression/CT00193.png,ct,progression,progression,9,1,Visually Similar,Retain - Shows Structural Variation
data/raw/ct_images/progression/CT00171.png,data/raw/ct_images/progression/CT00200.png,ct,progression,progression,7,1,Visually Similar,Retain - Shows Structural Variation
data/raw/ct_images/progression/CT00171.png,data/raw/ct_images/tumor/CT00071.png,ct,progression,tumor,10,4,Visually Similar,Retain - Shows Structural Variation
data/raw/ct_images/progression/CT00171.png,data/raw/ct_images/tumor/CT00080.png,ct,progression,tumor,10,0,Visually Similar,Retain - Shows Structural Variation
data/raw/ct_images/progression/CT00171.png,data/raw/ct_images/tumor/CT00122.png,ct,progression,tumor,10,6,Visually Similar,Retain - Shows Structural Variation
data/raw/ct_images/progression/CT00172.png,data/raw/ct_images/progression/CT00173.png,ct,progression,progression,6,4,Visually Similar,Retain - Shows Structural Variation
data/raw/ct_images/progression/CT00172.png,data/raw/ct_images/progression/CT00177.png,ct,progression,progression,7,3,Visually Similar,Retain - Shows Structural Variation
data/raw/ct_images/progression/CT00172.png,data/raw/ct_images/progression/CT00182.png,ct,progression,progression,10,4,Visually Similar,Retain - Shows Structural Variation
data/raw/ct_images/progression/CT00172.png,data/raw/ct_images/progression/CT00183.png,ct,progression,progression,8,6,Visually Similar,Retain - Shows Structural Variation
data/raw/ct_images/progression/CT00172.png,data/raw/ct_images/progression/CT00184.png,ct,progression,progression,9,2,Visually Similar,Retain - Shows Structural Variation
data/raw/ct_images/progression/CT00172.png,data/raw/ct_images/progression/CT00187.png,ct,progression,progression,7,2,Visually Similar,Retain - Shows Structural Variation
data/raw/ct_images/progression/CT00172.png,data/raw/ct_images/progression/CT00191.png,ct,progression,progression,8,2,Visually Similar,Retain - Shows Structural Variation
data/raw/ct_images/progression/CT00172.png,data/raw/ct_images/progression/CT00195.png,ct,progression,progression,9,2,Visually Similar,Retain - Shows Structural Variation
data/raw/ct_images/progression/CT00172.png,data/raw/ct_images/progression/CT00196.png,ct,progression,progression,5,2,Visually Similar,Retain - Shows Structural Variation
data/raw/ct_images/progression/CT00173.png,data/raw/ct_images/progression/CT00176.png,ct,progression,progression,10,3,Visually Similar,Retain - Shows Structural Variation
data/raw/ct_images/progression/CT00173.png,data/raw/ct_images/progression/CT00177.png,ct,progression,progression,5,5,Visually Similar,Retain - Shows Structural Variation
data/raw/ct_images/progression/CT00173.png,data/raw/ct_images/progression/CT00182.png,ct,progression,progression,6,6,Visually Similar,Retain - Shows Structural Variation
data/raw/ct_images/progression/CT00173.png,data/raw/ct_images/progression/CT00183.png,ct,progression,progression,4,8,Near Duplicate,Document & Evaluate Similarity Threshold
data/raw/ct_images/progression/CT00173.png,data/raw/ct_images/progression/CT00187.png,ct,progression,progression,5,4,Visually Similar,Retain - Shows Structural Variation
data/raw/ct_images/progression/CT00173.png,data/raw/ct_images/progression/CT00191.png,ct,progression,progression,2,4,Near Duplicate,Document & Evaluate Similarity Threshold
data/raw/ct_images/progression/CT00173.png,data/raw/ct_images/progression/CT00195.png,ct,progression,progression,7,2,Visually Similar,Retain - Shows Structural Variation
data/raw/ct_images/progression/CT00173.png,data/raw/ct_images/progression/CT00196.png,ct,progression,progression,7,2,Visually Similar,Retain - Shows Structural Variation
data/raw/ct_images/progression/CT00173.png,data/raw/ct_images/progression/CT00199.png,ct,progression,progression,6,3,Visually Similar,Retain - Shows Structural Variation
data/raw/ct_images/progression/CT00174.png,data/raw/ct_images/progression/CT00179.png,ct,progression,progression,2,5,Near Duplicate,Document & Evaluate Similarity Threshold
data/raw/ct_images/progression/CT00174.png,data/raw/ct_images/progression/CT00180.png,ct,progression,progression,6,4,Visually Similar,Retain - Shows Structural Variation
data/raw/ct_images/progression/CT00174.png,data/raw/ct_images/progression/CT00186.png,ct,progression,progression,8,4,Visually Similar,Retain - Shows Structural Variation
data/raw/ct_images/progression/CT00174.png,data/raw/ct_images/progression/CT00188.png,ct,progression,progression,8,1,Visually Similar,Retain - Shows Structural Variation
data/raw/ct_images/progression/CT00174.png,data/raw/ct_images/progression/CT00190.png,ct,progression,progression,2,2,Near Duplicate,Document & Evaluate Similarity Threshold
data/raw/ct_images/progression/CT00174.png,data/raw/ct_images/progression/CT00193.png,ct,progression,progression,8,3,Visually Similar,Retain - Shows Structural Variation
data/raw/ct_images/progression/CT00174.png,data/raw/ct_images/progression/CT00194.png,ct,progression,progression,7,3,Visually Similar,Retain - Shows Structural Variation
data/raw/ct_images/progression/CT00174.png,data/raw/ct_images/progression/CT00198.png,ct,progression,progression,8,4,Visually Similar,Retain - Shows Structural Variation
data/raw/ct_images/progression/CT00174.png,data/raw/ct_images/tumor/CT00073.png,ct,progression,tumor,5,3,Visually Similar,Retain - Shows Structural Variation
data/raw/ct_images/progression/CT00174.png,data/raw/ct_images/tumor/CT00077.png,ct,progression,tumor,9,6,Visually Similar,Retain - Shows Structural Variation
data/raw/ct_images/progression/CT00174.png,data/raw/ct_images/tumor/CT00083.png,ct,progression,tumor,7,2,Visually Similar,Retain - Shows Structural Variation
data/raw/ct_images/progression/CT00174.png,data/raw/ct_images/tumor/CT00093.png,ct,progression,tumor,9,5,Visually Similar,Retain - Shows Structural Variation
data/raw/ct_images/progression/CT00174.png,data/raw/ct_images/tumor/CT00096.png,ct,progression,tumor,8,7,Visually Similar,Retain - Shows Structural Variation
data/raw/ct_images/progression/CT00174.png,data/raw/ct_images/tumor/CT00097.png,ct,progression,tumor,7,3,Visually Similar,Retain - Shows Structural Variation
data/raw/ct_images/progression/CT00174.png,data/raw/ct_images/tumor/CT00099.png,ct,progression,tumor,10,4,Visually Similar,Retain - Shows Structural Variation
data/raw/ct_images/progression/CT00174.png,data/raw/ct_images/tumor/CT00103.png,ct,progression,tumor,9,4,Visually Similar,Retain - Shows Structural Variation
data/raw/ct_images/progression/CT00174.png,data/raw/ct_images/tumor/CT00109.png,ct,progression,tumor,7,9,Visually Similar,Retain - Shows Structural Variation
data/raw/ct_images/progression/CT00174.png,data/raw/ct_images/tumor/CT00117.png,ct,progression,tumor,9,5,Visually Similar,Retain - Shows Structural Variation
data/raw/ct_images/progression/CT00174.png,data/raw/ct_images/tumor/CT00131.png,ct,progression,tumor,8,5,Visually Similar,Retain - Shows Structural Variation
data/raw/ct_images/progression/CT00175.png,data/raw/ct_images/progression/CT00176.png,ct,progression,progression,10,1,Visually Similar,Retain - Shows Structural Variation
data/raw/ct_images/progression/CT00175.png,data/raw/ct_images/progression/CT00182.png,ct,progression,progression,8,4,Visually Similar,Retain - Shows Structural Variation
data/raw/ct_images/progression/CT00175.png,data/raw/ct_images/progression/CT00183.png,ct,progression,progression,10,6,Visually Similar,Retain - Shows Structural Variation
data/raw/ct_images/progression/CT00175.png,data/raw/ct_images/progression/CT00185.png,ct,progression,progression,5,2,Visually Similar,Retain - Shows Structural Variation
data/raw/ct_images/progression/CT00175.png,data/raw/ct_images/progression/CT00189.png,ct,progression,progression,10,5,Visually Similar,Retain - Shows Structural Variation
data/raw/ct_images/progression/CT00176.png,data/raw/ct_images/progression/CT00177.png,ct,progression,progression,5,2,Visually Similar,Retain - Shows Structural Variation
data/raw/ct_images/progression/CT00176.png,data/raw/ct_images/progression/CT00182.png,ct,progression,progression,10,3,Visually Similar,Retain - Shows Structural Variation
data/raw/ct_images/progression/CT00176.png,data/raw/ct_images/progression/CT00183.png,ct,progression,progression,8,5,Visually Similar,Retain - Shows Structural Variation
data/raw/ct_images/progression/CT00176.png,data/raw/ct_images/progression/CT00191.png,ct,progression,progression,10,1,Visually Similar,Retain - Shows Structural Variation
data/raw/ct_images/progression/CT00176.png,data/raw/ct_images/progression/CT00195.png,ct,progression,progression,3,1,Near Duplicate,Document & Evaluate Similarity Threshold
data/raw/ct_images/progression/CT00177.png,data/raw/ct_images/progression/CT00182.png,ct,progression,progression,7,5,Visually Similar,Retain - Shows Structural Variation
data/raw/ct_images/progression/CT00177.png,data/raw/ct_images/progression/CT00183.png,ct,progression,progression,5,3,Visually Similar,Retain - Shows Structural Variation
data/raw/ct_images/progression/CT00177.png,data/raw/ct_images/progression/CT00185.png,ct,progression,progression,10,5,Visually Similar,Retain - Shows Structural Variation
data/raw/ct_images/progression/CT00177.png,data/raw/ct_images/progression/CT00187.png,ct,progression,progression,8,3,Visually Similar,Retain - Shows Structural Variation
data/raw/ct_images/progression/CT00177.png,data/raw/ct_images/progression/CT00191.png,ct,progression,progression,5,1,Visually Similar,Retain - Shows Structural Variation
data/raw/ct_images/progression/CT00177.png,data/raw/ct_images/progression/CT00192.png,ct,progression,progression,6,1,Visually Similar,Retain - Shows Structural Variation
data/raw/ct_images/progression/CT00177.png,data/raw/ct_images/progression/CT00195.png,ct,progression,progression,2,3,Near Duplicate,Document & Evaluate Similarity Threshold
data/raw/ct_images/progression/CT00177.png,data/raw/ct_images/progression/CT00199.png,ct,progression,progression,7,6,Visually Similar,Retain - Shows Structural Variation
data/raw/ct_images/progression/CT00177.png,data/raw/ct_images/tumor/CT00078.png,ct,progression,tumor,10,1,Visually Similar,Retain - Shows Structural Variation
data/raw/ct_images/progression/CT00178.png,data/raw/ct_images/progression/CT00180.png,ct,progression,progression,7,5,Visually Similar,Retain - Shows Structural Variation
data/raw/ct_images/progression/CT00178.png,data/raw/ct_images/progression/CT00188.png,ct,progression,progression,3,4,Near Duplicate,Document & Evaluate Similarity Threshold
data/raw/ct_images/progression/CT00178.png,data/raw/ct_images/progression/CT00193.png,ct,progression,progression,7,4,Visually Similar,Retain - Shows Structural Variation
data/raw/ct_images/progression/CT00178.png,data/raw/ct_images/progression/CT00200.png,ct,progression,progression,9,4,Visually Similar,Retain - Shows Structural Variation
data/raw/ct_images/progression/CT00178.png,data/raw/ct_images/tumor/CT00077.png,ct,progression,tumor,10,7,Visually Similar,Retain - Shows Structural Variation
data/raw/ct_images/progression/CT00178.png,data/raw/ct_images/tumor/CT00096.png,ct,progression,tumor,9,8,Visually Similar,Retain - Shows Structural Variation
data/raw/ct_images/progression/CT00178.png,data/raw/ct_images/tumor/CT00097.png,ct,progression,tumor,10,6,Visually Similar,Retain - Shows Structural Variation
data/raw/ct_images/progression/CT00178.png,data/raw/ct_images/tumor/CT00099.png,ct,progression,tumor,9,3,Visually Similar,Retain - Shows Structural Variation
data/raw/ct_images/progression/CT00178.png,data/raw/ct_images/tumor/CT00103.png,ct,progression,tumor,10,3,Visually Similar,Retain - Shows Structural Variation
data/raw/ct_images/progression/CT00178.png,data/raw/ct_images/tumor/CT00131.png,ct,progression,tumor,9,6,Visually Similar,Retain - Shows Structural Variation
data/raw/ct_images/progression/CT00178.png,data/raw/ct_images/tumor/CT00135.png,ct,progression,tumor,10,6,Visually Similar,Retain - Shows Structural Variation
data/raw/ct_images/progression/CT00179.png,data/raw/ct_images/progression/CT00180.png,ct,progression,progression,6,3,Visually Similar,Retain - Shows Structural Variation
data/raw/ct_images/progression/CT00179.png,data/raw/ct_images/progression/CT00186.png,ct,progression,progression,8,3,Visually Similar,Retain - Shows Structural Variation
data/raw/ct_images/progression/CT00179.png,data/raw/ct_images/progression/CT00188.png,ct,progression,progression,8,4,Visually Similar,Retain - Shows Structural Variation
data/raw/ct_images/progression/CT00179.png,data/raw/ct_images/progression/CT00190.png,ct,progression,progression,0,3,Exact Duplicate,Keep Representative / Purge Duplicate
data/raw/ct_images/progression/CT00179.png,data/raw/ct_images/progression/CT00193.png,ct,progression,progression,8,2,Visually Similar,Retain - Shows Structural Variation
data/raw/ct_images/progression/CT00179.png,data/raw/ct_images/progression/CT00194.png,ct,progression,progression,5,2,Visually Similar,Retain - Shows Structural Variation
data/raw/ct_images/progression/CT00179.png,data/raw/ct_images/progression/CT00198.png,ct,progression,progression,8,1,Visually Similar,Retain - Shows Structural Variation
data/raw/ct_images/progression/CT00179.png,data/raw/ct_images/tumor/CT00073.png,ct,progression,tumor,5,2,Visually Similar,Retain - Shows Structural Variation
data/raw/ct_images/progression/CT00179.png,data/raw/ct_images/tumor/CT00077.png,ct,progression,tumor,9,3,Visually Similar,Retain - Shows Structural Variation
data/raw/ct_images/progression/CT00179.png,data/raw/ct_images/tumor/CT00083.png,ct,progression,tumor,7,3,Visually Similar,Retain - Shows Structural Variation
data/raw/ct_images/progression/CT00179.png,data/raw/ct_images/tumor/CT00093.png,ct,progression,tumor,7,4,Visually Similar,Retain - Shows Structural Variation
data/raw/ct_images/progression/CT00179.png,data/raw/ct_images/tumor/CT00096.png,ct,progression,tumor,10,6,Visually Similar,Retain - Shows Structural Variation
data/raw/ct_images/progression/CT00179.png,data/raw/ct_images/tumor/CT00097.png,ct,progression,tumor,7,4,Visually Similar,Retain - Shows Structural Variation
data/raw/ct_images/progression/CT00179.png,data/raw/ct_images/tumor/CT00099.png,ct,progression,tumor,10,1,Visually Similar,Retain - Shows Structural Variation
data/raw/ct_images/progression/CT00179.png,data/raw/ct_images/tumor/CT00103.png,ct,progression,tumor,9,1,Visually Similar,Retain - Shows Structural Variation
data/raw/ct_images/progression/CT00179.png,data/raw/ct_images/tumor/CT00109.png,ct,progression,tumor,9,6,Visually Similar,Retain - Shows Structural Variation
data/raw/ct_images/progression/CT00179.png,data/raw/ct_images/tumor/CT00131.png,ct,progression,tumor,10,4,Visually Similar,Retain - Shows Structural Variation
data/raw/ct_images/progression/CT00180.png,data/raw/ct_images/progression/CT00188.png,ct,progression,progression,4,3,Near Duplicate,Document & Evaluate Similarity Threshold
data/raw/ct_images/progression/CT00180.png,data/raw/ct_images/progression/CT00190.png,ct,progression,progression,6,4,Visually Similar,Retain - Shows Structural Variation
data/raw/ct_images/progression/CT00180.png,data/raw/ct_images/progression/CT00193.png,ct,progression,progression,4,1,Near Duplicate,Document & Evaluate Similarity Threshold
data/raw/ct_images/progression/CT00180.png,data/raw/ct_images/progression/CT00194.png,ct,progression,progression,9,1,Visually Similar,Retain - Shows Structural Variation
data/raw/ct_images/progression/CT00180.png,data/raw/ct_images/progression/CT00200.png,ct,progression,progression,8,3,Visually Similar,Retain - Shows Structural Variation
data/raw/ct_images/progression/CT00180.png,data/raw/ct_images/tumor/CT00071.png,ct,progression,tumor,9,2,Visually Similar,Retain - Shows Structural Variation
data/raw/ct_images/progression/CT00180.png,data/raw/ct_images/tumor/CT00077.png,ct,progression,tumor,9,4,Visually Similar,Retain - Shows Structural Variation
data/raw/ct_images/progression/CT00180.png,data/raw/ct_images/tumor/CT00083.png,ct,progression,tumor,7,2,Visually Similar,Retain - Shows Structural Variation
data/raw/ct_images/progression/CT00180.png,data/raw/ct_images/tumor/CT00096.png,ct,progression,tumor,10,5,Visually Similar,Retain - Shows Structural Variation
data/raw/ct_images/progression/CT00180.png,data/raw/ct_images/tumor/CT00097.png,ct,progression,tumor,7,1,Visually Similar,Retain - Shows Structural Variation
data/raw/ct_images/progression/CT00180.png,data/raw/ct_images/tumor/CT00099.png,ct,progression,tumor,8,2,Visually Similar,Retain - Shows Structural Variation
data/raw/ct_images/progression/CT00180.png,data/raw/ct_images/tumor/CT00103.png,ct,progression,tumor,9,2,Visually Similar,Retain - Shows Structural Variation
data/raw/ct_images/progression/CT00180.png,data/raw/ct_images/tumor/CT00122.png,ct,progression,tumor,9,6,Visually Similar,Retain - Shows Structural Variation
data/raw/ct_images/progression/CT00180.png,data/raw/ct_images/tumor/CT00131.png,ct,progression,tumor,10,3,Visually Similar,Retain - Shows Structural Variation
data/raw/ct_images/progression/CT00181.png,data/raw/ct_images/progression/CT00197.png,ct,progression,progression,6,1,Visually Similar,Retain - Shows Structural Variation
data/raw/ct_images/progression/CT00181.png,data/raw/ct_images/tumor/CT00128.png,ct,progression,tumor,9,4,Visually Similar,Retain - Shows Structural Variation
data/raw/ct_images/progression/CT00182.png,data/raw/ct_images/progression/CT00183.png,ct,progression,progression,2,2,Near Duplicate,Document & Evaluate Similarity Threshold
data/raw/ct_images/progression/CT00182.png,data/raw/ct_images/progression/CT00185.png,ct,progression,progression,5,4,Visually Similar,Retain - Shows Structural Variation
data/raw/ct_images/progression/CT00182.png,data/raw/ct_images/progression/CT00187.png,ct,progression,progression,7,4,Visually Similar,Retain - Shows Structural Variation
data/raw/ct_images/progression/CT00182.png,data/raw/ct_images/progression/CT00189.png,ct,progression,progression,8,1,Visually Similar,Retain - Shows Structural Variation
data/raw/ct_images/progression/CT00182.png,data/raw/ct_images/progression/CT00191.png,ct,progression,progression,8,4,Visually Similar,Retain - Shows Structural Variation
data/raw/ct_images/progression/CT00182.png,data/raw/ct_images/progression/CT00195.png,ct,progression,progression,7,4,Visually Similar,Retain - Shows Structural Variation
data/raw/ct_images/progression/CT00182.png,data/raw/ct_images/progression/CT00196.png,ct,progression,progression,9,4,Visually Similar,Retain - Shows Structural Variation
data/raw/ct_images/progression/CT00182.png,data/raw/ct_images/progression/CT00199.png,ct,progression,progression,10,3,Visually Similar,Retain - Shows Structural Variation
data/raw/ct_images/progression/CT00183.png,data/raw/ct_images/progression/CT00185.png,ct,progression,progression,7,6,Visually Similar,Retain - Shows Structural Variation
data/raw/ct_images/progression/CT00183.png,data/raw/ct_images/progression/CT00187.png,ct,progression,progression,5,6,Visually Similar,Retain - Shows Structural Variation
data/raw/ct_images/progression/CT00183.png,data/raw/ct_images/progression/CT00189.png,ct,progression,progression,10,3,Visually Similar,Retain - Shows Structural Variation
data/raw/ct_images/progression/CT00183.png,data/raw/ct_images/progression/CT00191.png,ct,progression,progression,6,4,Visually Similar,Retain - Shows Structural Variation
data/raw/ct_images/progression/CT00183.png,data/raw/ct_images/progression/CT00195.png,ct,progression,progression,5,6,Visually Similar,Retain - Shows Structural Variation
data/raw/ct_images/progression/CT00183.png,data/raw/ct_images/progression/CT00196.png,ct,progression,progression,7,6,Visually Similar,Retain - Shows Structural Variation
data/raw/ct_images/progression/CT00183.png,data/raw/ct_images/progression/CT00199.png,ct,progression,progression,8,5,Visually Similar,Retain - Shows Structural Variation
data/raw/ct_images/progression/CT00184.png,data/raw/ct_images/progression/CT00185.png,ct,progression,progression,10,4,Visually Similar,Retain - Shows Structural Variation
data/raw/ct_images/progression/CT00184.png,data/raw/ct_images/progression/CT00187.png,ct,progression,progression,10,2,Visually Similar,Retain - Shows Structural Variation
data/raw/ct_images/progression/CT00184.png,data/raw/ct_images/progression/CT00189.png,ct,progression,progression,3,5,Near Duplicate,Document & Evaluate Similarity Threshold
data/raw/ct_images/progression/CT00184.png,data/raw/ct_images/progression/CT00196.png,ct,progression,progression,10,2,Visually Similar,Retain - Shows Structural Variation
data/raw/ct_images/progression/CT00184.png,data/raw/ct_images/tumor/CT00066.png,ct,progression,tumor,8,2,Visually Similar,Retain - Shows Structural Variation
data/raw/ct_images/progression/CT00184.png,data/raw/ct_images/tumor/CT00069.png,ct,progression,tumor,7,2,Visually Similar,Retain - Shows Structural Variation
data/raw/ct_images/progression/CT00184.png,data/raw/ct_images/tumor/CT00112.png,ct,progression,tumor,8,2,Visually Similar,Retain - Shows Structural Variation
data/raw/ct_images/progression/CT00185.png,data/raw/ct_images/progression/CT00187.png,ct,progression,progression,10,2,Visually Similar,Retain - Shows Structural Variation
data/raw/ct_images/progression/CT00185.png,data/raw/ct_images/progression/CT00189.png,ct,progression,progression,7,5,Visually Similar,Retain - Shows Structural Variation
data/raw/ct_images/progression/CT00185.png,data/raw/ct_images/progression/CT00195.png,ct,progression,progression,10,4,Visually Similar,Retain - Shows Structural Variation
data/raw/ct_images/progression/CT00186.png,data/raw/ct_images/progression/CT00189.png,ct,progression,progression,10,5,Visually Similar,Retain - Shows Structural Variation
data/raw/ct_images/progression/CT00186.png,data/raw/ct_images/progression/CT00190.png,ct,progression,progression,8,4,Visually Similar,Retain - Shows Structural Variation
data/raw/ct_images/progression/CT00186.png,data/raw/ct_images/progression/CT00194.png,ct,progression,progression,9,1,Visually Similar,Retain - Shows Structural Variation
data/raw/ct_images/progression/CT00186.png,data/raw/ct_images/progression/CT00198.png,ct,progression,progression,0,2,Exact Duplicate,Keep Representative / Purge Duplicate
data/raw/ct_images/progression/CT00186.png,data/raw/ct_images/tumor/CT00066.png,ct,progression,tumor,7,2,Visually Similar,Retain - Shows Structural Variation
data/raw/ct_images/progression/CT00186.png,data/raw/ct_images/tumor/CT00069.png,ct,progression,tumor,10,2,Visually Similar,Retain - Shows Structural Variation
data/raw/ct_images/progression/CT00186.png,data/raw/ct_images/tumor/CT00073.png,ct,progression,tumor,5,1,Visually Similar,Retain - Shows Structural Variation
data/raw/ct_images/progression/CT00187.png,data/raw/ct_images/progression/CT00189.png,ct,progression,progression,9,5,Visually Similar,Retain - Shows Structural Variation
data/raw/ct_images/progression/CT00187.png,data/raw/ct_images/progression/CT00191.png,ct,progression,progression,7,2,Visually Similar,Retain - Shows Structural Variation
data/raw/ct_images/progression/CT00187.png,data/raw/ct_images/progression/CT00195.png,ct,progression,progression,10,2,Visually Similar,Retain - Shows Structural Variation
data/raw/ct_images/progression/CT00187.png,data/raw/ct_images/progression/CT00196.png,ct,progression,progression,6,2,Visually Similar,Retain - Shows Structural Variation
data/raw/ct_images/progression/CT00188.png,data/raw/ct_images/progression/CT00190.png,ct,progression,progression,8,1,Visually Similar,Retain - Shows Structural Variation
data/raw/ct_images/progression/CT00188.png,data/raw/ct_images/progression/CT00193.png,ct,progression,progression,4,2,Near Duplicate,Document & Evaluate Similarity Threshold
data/raw/ct_images/progression/CT00188.png,data/raw/ct_images/progression/CT00200.png,ct,progression,progression,6,4,Visually Similar,Retain - Shows Structural Variation
data/raw/ct_images/progression/CT00188.png,data/raw/ct_images/tumor/CT00071.png,ct,progression,tumor,9,5,Visually Similar,Retain - Shows Structural Variation
data/raw/ct_images/progression/CT00188.png,data/raw/ct_images/tumor/CT00077.png,ct,progression,tumor,9,5,Visually Similar,Retain - Shows Structural Variation
data/raw/ct_images/progression/CT00188.png,data/raw/ct_images/tumor/CT00083.png,ct,progression,tumor,9,3,Visually Similar,Retain - Shows Structural Variation
data/raw/ct_images/progression/CT00188.png,data/raw/ct_images/tumor/CT00096.png,ct,progression,tumor,10,6,Visually Similar,Retain - Shows Structural Variation
data/raw/ct_images/progression/CT00188.png,data/raw/ct_images/tumor/CT00097.png,ct,progression,tumor,7,4,Visually Similar,Retain - Shows Structural Variation
data/raw/ct_images/progression/CT00188.png,data/raw/ct_images/tumor/CT00099.png,ct,progression,tumor,8,3,Visually Similar,Retain - Shows Structural Variation
data/raw/ct_images/progression/CT00188.png,data/raw/ct_images/tumor/CT00103.png,ct,progression,tumor,9,3,Visually Similar,Retain - Shows Structural Variation
data/raw/ct_images/progression/CT00188.png,data/raw/ct_images/tumor/CT00122.png,ct,progression,tumor,9,7,Visually Similar,Retain - Shows Structural Variation
data/raw/ct_images/progression/CT00188.png,data/raw/ct_images/tumor/CT00131.png,ct,progression,tumor,10,4,Visually Similar,Retain - Shows Structural Variation
data/raw/ct_images/progression/CT00189.png,data/raw/ct_images/progression/CT00196.png,ct,progression,progression,9,5,Visually Similar,Retain - Shows Structural Variation
data/raw/ct_images/progression/CT00189.png,data/raw/ct_images/progression/CT00198.png,ct,progression,progression,10,5,Visually Similar,Retain - Shows Structural Variation
data/raw/ct_images/progression/CT00189.png,data/raw/ct_images/tumor/CT00066.png,ct,progression,tumor,5,5,Visually Similar,Retain - Shows Structural Variation
data/raw/ct_images/progression/CT00189.png,data/raw/ct_images/tumor/CT00068.png,ct,progression,tumor,10,8,Visually Similar,Retain - Shows Structural Variation
data/raw/ct_images/progression/CT00189.png,data/raw/ct_images/tumor/CT00069.png,ct,progression,tumor,8,5,Visually Similar,Retain - Shows Structural Variation
data/raw/ct_images/progression/CT00189.png,data/raw/ct_images/tumor/CT00085.png,ct,progression,tumor,9,9,Visually Similar,Retain - Shows Structural Variation
data/raw/ct_images/progression/CT00189.png,data/raw/ct_images/tumor/CT00112.png,ct,progression,tumor,9,7,Visually Similar,Retain - Shows Structural Variation
data/raw/ct_images/progression/CT00189.png,data/raw/ct_images/tumor/CT00116.png,ct,progression,tumor,10,5,Visually Similar,Retain - Shows Structural Variation
data/raw/ct_images/progression/CT00189.png,data/raw/ct_images/tumor/CT00120.png,ct,progression,tumor,10,5,Visually Similar,Retain - Shows Structural Variation
data/raw/ct_images/progression/CT00190.png,data/raw/ct_images/progression/CT00193.png,ct,progression,progression,8,3,Visually Similar,Retain - Shows Structural Variation
data/raw/ct_images/progression/CT00190.png,data/raw/ct_images/progression/CT00194.png,ct,progression,progression,5,3,Visually Similar,Retain - Shows Structural Variation
data/raw/ct_images/progression/CT00190.png,data/raw/ct_images/progression/CT00198.png,ct,progression,progression,8,2,Visually Similar,Retain - Shows Structural Variation
data/raw/ct_images/progression/CT00190.png,data/raw/ct_images/tumor/CT00073.png,ct,progression,tumor,5,3,Visually Similar,Retain - Shows Structural Variation
data/raw/ct_images/progression/CT00190.png,data/raw/ct_images/tumor/CT00077.png,ct,progression,tumor,9,6,Visually Similar,Retain - Shows Structural Variation
data/raw/ct_images/progression/CT00190.png,data/raw/ct_images/tumor/CT00083.png,ct,progression,tumor,7,4,Visually Similar,Retain - Shows Structural Variation
data/raw/ct_images/progression/CT00190.png,data/raw/ct_images/tumor/CT00093.png,ct,progression,tumor,7,5,Visually Similar,Retain - Shows Structural Variation
data/raw/ct_images/progression/CT00190.png,data/raw/ct_images/tumor/CT00096.png,ct,progression,tumor,10,7,Visually Similar,Retain - Shows Structural Variation
data/raw/ct_images/progression/CT00190.png,data/raw/ct_images/tumor/CT00097.png,ct,progression,tumor,7,5,Visually Similar,Retain - Shows Structural Variation
data/raw/ct_images/progression/CT00190.png,data/raw/ct_images/tumor/CT00099.png,ct,progression,tumor,10,2,Visually Similar,Retain - Shows Structural Variation
data/raw/ct_images/progression/CT00190.png,data/raw/ct_images/tumor/CT00103.png,ct,progression,tumor,9,2,Visually Similar,Retain - Shows Structural Variation
data/raw/ct_images/progression/CT00190.png,data/raw/ct_images/tumor/CT00109.png,ct,progression,tumor,9,7,Visually Similar,Retain - Shows Structural Variation
data/raw/ct_images/progression/CT00190.png,data/raw/ct_images/tumor/CT00131.png,ct,progression,tumor,10,5,Visually Similar,Retain - Shows Structural Variation
data/raw/ct_images/progression/CT00191.png,data/raw/ct_images/progression/CT00192.png,ct,progression,progression,9,0,Visually Similar,Retain - Shows Structural Variation
data/raw/ct_images/progression/CT00191.png,data/raw/ct_images/progression/CT00195.png,ct,progression,progression,7,2,Visually Similar,Retain - Shows Structural Variation
data/raw/ct_images/progression/CT00191.png,data/raw/ct_images/progression/CT00196.png,ct,progression,progression,9,2,Visually Similar,Retain - Shows Structural Variation
data/raw/ct_images/progression/CT00191.png,data/raw/ct_images/progression/CT00199.png,ct,progression,progression,4,5,Near Duplicate,Document & Evaluate Similarity Threshold
data/raw/ct_images/progression/CT00192.png,data/raw/ct_images/progression/CT00195.png,ct,progression,progression,8,2,Visually Similar,Retain - Shows Structural Variation
data/raw/ct_images/progression/CT00192.png,data/raw/ct_images/progression/CT00197.png,ct,progression,progression,8,3,Visually Similar,Retain - Shows Structural Variation
data/raw/ct_images/progression/CT00192.png,data/raw/ct_images/progression/CT00199.png,ct,progression,progression,7,5,Visually Similar,Retain - Shows Structural Variation
data/raw/ct_images/progression/CT00192.png,data/raw/ct_images/tumor/CT00078.png,ct,progression,tumor,8,2,Visually Similar,Retain - Shows Structural Variation
data/raw/ct_images/progression/CT00193.png,data/raw/ct_images/progression/CT00194.png,ct,progression,progression,7,0,Visually Similar,Retain - Shows Structural Variation
data/raw/ct_images/progression/CT00193.png,data/raw/ct_images/progression/CT00200.png,ct,progression,progression,8,2,Visually Similar,Retain - Shows Structural Variation
data/raw/ct_images/progression/CT00193.png,data/raw/ct_images/tumor/CT00071.png,ct,progression,tumor,5,3,Visually Similar,Retain - Shows Structural Variation
data/raw/ct_images/progression/CT00193.png,data/raw/ct_images/tumor/CT00073.png,ct,progression,tumor,9,0,Visually Similar,Retain - Shows Structural Variation
data/raw/ct_images/progression/CT00193.png,data/raw/ct_images/tumor/CT00077.png,ct,progression,tumor,9,3,Visually Similar,Retain - Shows Structural Variation
data/raw/ct_images/progression/CT00193.png,data/raw/ct_images/tumor/CT00083.png,ct,progression,tumor,5,1,Visually Similar,Retain - Shows Structural Variation
data/raw/ct_images/progression/CT00193.png,data/raw/ct_images/tumor/CT00084.png,ct,progression,tumor,8,1,Visually Similar,Retain - Shows Structural Variation
data/raw/ct_images/progression/CT00193.png,data/raw/ct_images/tumor/CT00096.png,ct,progression,tumor,10,4,Visually Similar,Retain - Shows Structural Variation
data/raw/ct_images/progression/CT00193.png,data/raw/ct_images/tumor/CT00097.png,ct,progression,tumor,3,2,Near Duplicate,Document & Evaluate Similarity Threshold
data/raw/ct_images/progression/CT00193.png,data/raw/ct_images/tumor/CT00099.png,ct,progression,tumor,6,1,Visually Similar,Retain - Shows Structural Variation
data/raw/ct_images/progression/CT00193.png,data/raw/ct_images/tumor/CT00102.png,ct,progression,tumor,10,1,Visually Similar,Retain - Shows Structural Variation
data/raw/ct_images/progression/CT00193.png,data/raw/ct_images/tumor/CT00103.png,ct,progression,tumor,7,1,Visually Similar,Retain - Shows Structural Variation
data/raw/ct_images/progression/CT00193.png,data/raw/ct_images/tumor/CT00104.png,ct,progression,tumor,9,2,Visually Similar,Retain - Shows Structural Variation
data/raw/ct_images/progression/CT00193.png,data/raw/ct_images/tumor/CT00107.png,ct,progression,tumor,8,0,Visually Similar,Retain - Shows Structural Variation
data/raw/ct_images/progression/CT00193.png,data/raw/ct_images/tumor/CT00118.png,ct,progression,tumor,9,1,Visually Similar,Retain - Shows Structural Variation
data/raw/ct_images/progression/CT00193.png,data/raw/ct_images/tumor/CT00122.png,ct,progression,tumor,9,5,Visually Similar,Retain - Shows Structural Variation
data/raw/ct_images/progression/CT00193.png,data/raw/ct_images/tumor/CT00126.png,ct,progression,tumor,10,2,Visually Similar,Retain - Shows Structural Variation
data/raw/ct_images/progression/CT00193.png,data/raw/ct_images/tumor/CT00131.png,ct,progression,tumor,10,2,Visually Similar,Retain - Shows Structural Variation
data/raw/ct_images/progression/CT00194.png,data/raw/ct_images/progression/CT00198.png,ct,progression,progression,9,1,Visually Similar,Retain - Shows Structural Variation
data/raw/ct_images/progression/CT00194.png,data/raw/ct_images/tumor/CT00071.png,ct,progression,tumor,10,3,Visually Similar,Retain - Shows Structural Variation
data/raw/ct_images/progression/CT00194.png,data/raw/ct_images/tumor/CT00073.png,ct,progression,tumor,6,0,Visually Similar,Retain - Shows Structural Variation
data/raw/ct_images/progression/CT00194.png,data/raw/ct_images/tumor/CT00083.png,ct,progression,tumor,8,1,Visually Similar,Retain - Shows Structural Variation
data/raw/ct_images/progression/CT00194.png,data/raw/ct_images/tumor/CT00097.png,ct,progression,tumor,8,2,Visually Similar,Retain - Shows Structural Variation
data/raw/ct_images/progression/CT00195.png,data/raw/ct_images/progression/CT00196.png,ct,progression,progression,10,0,Visually Similar,Retain - Shows Structural Variation
data/raw/ct_images/progression/CT00195.png,data/raw/ct_images/progression/CT00199.png,ct,progression,progression,9,3,Visually Similar,Retain - Shows Structural Variation
data/raw/ct_images/progression/CT00196.png,data/raw/ct_images/tumor/CT00066.png,ct,progression,tumor,10,2,Visually Similar,Retain - Shows Structural Variation
data/raw/ct_images/progression/CT00197.png,data/raw/ct_images/tumor/CT00078.png,ct,progression,tumor,8,5,Visually Similar,Retain - Shows Structural Variation
data/raw/ct_images/progression/CT00197.png,data/raw/ct_images/tumor/CT00128.png,ct,progression,tumor,7,3,Visually Similar,Retain - Shows Structural Variation
data/raw/ct_images/progression/CT00197.png,data/raw/ct_images/tumor/CT00132.png,ct,progression,tumor,9,2,Visually Similar,Retain - Shows Structural Variation
data/raw/ct_images/progression/CT00198.png,data/raw/ct_images/tumor/CT00066.png,ct,progression,tumor,7,2,Visually Similar,Retain - Shows Structural Variation
data/raw/ct_images/progression/CT00198.png,data/raw/ct_images/tumor/CT00069.png,ct,progression,tumor,10,2,Visually Similar,Retain - Shows Structural Variation
data/raw/ct_images/progression/CT00198.png,data/raw/ct_images/tumor/CT00073.png,ct,progression,tumor,5,1,Visually Similar,Retain - Shows Structural Variation
data/raw/ct_images/progression/CT00199.png,data/raw/ct_images/tumor/CT00076.png,ct,progression,tumor,7,11,Visually Similar,Retain - Shows Structural Variation
data/raw/ct_images/tumor/CT00066.png,data/raw/ct_images/tumor/CT00069.png,ct,tumor,tumor,7,2,Visually Similar,Retain - Shows Structural Variation
data/raw/ct_images/tumor/CT00066.png,data/raw/ct_images/tumor/CT00073.png,ct,tumor,tumor,10,1,Visually Similar,Retain - Shows Structural Variation
data/raw/ct_images/tumor/CT00066.png,data/raw/ct_images/tumor/CT00085.png,ct,tumor,tumor,10,6,Visually Similar,Retain - Shows Structural Variation
data/raw/ct_images/tumor/CT00066.png,data/raw/ct_images/tumor/CT00112.png,ct,tumor,tumor,8,4,Visually Similar,Retain - Shows Structural Variation
data/raw/ct_images/tumor/CT00066.png,data/raw/ct_images/tumor/CT00116.png,ct,tumor,tumor,9,2,Visually Similar,Retain - Shows Structural Variation
data/raw/ct_images/tumor/CT00066.png,data/raw/ct_images/tumor/CT00120.png,ct,tumor,tumor,9,2,Visually Similar,Retain - Shows Structural Variation
data/raw/ct_images/tumor/CT00067.png,data/raw/ct_images/tumor/CT00070.png,ct,tumor,tumor,7,6,Visually Similar,Retain - Shows Structural Variation
data/raw/ct_images/tumor/CT00067.png,data/raw/ct_images/tumor/CT00072.png,ct,tumor,tumor,10,6,Visually Similar,Retain - Shows Structural Variation
data/raw/ct_images/tumor/CT00067.png,data/raw/ct_images/tumor/CT00075.png,ct,tumor,tumor,4,2,Near Duplicate,Document & Evaluate Similarity Threshold
data/raw/ct_images/tumor/CT00067.png,data/raw/ct_images/tumor/CT00077.png,ct,tumor,tumor,4,8,Near Duplicate,Document & Evaluate Similarity Threshold
data/raw/ct_images/tumor/CT00067.png,data/raw/ct_images/tumor/CT00079.png,ct,tumor,tumor,7,6,Visually Similar,Retain - Shows Structural Variation
data/raw/ct_images/tumor/CT00067.png,data/raw/ct_images/tumor/CT00081.png,ct,tumor,tumor,10,3,Visually Similar,Retain - Shows Structural Variation
data/raw/ct_images/tumor/CT00067.png,data/raw/ct_images/tumor/CT00082.png,ct,tumor,tumor,4,2,Near Duplicate,Document & Evaluate Similarity Threshold
data/raw/ct_images/tumor/CT00067.png,data/raw/ct_images/tumor/CT00088.png,ct,tumor,tumor,7,3,Visually Similar,Retain - Shows Structural Variation
data/raw/ct_images/tumor/CT00067.png,data/raw/ct_images/tumor/CT00089.png,ct,tumor,tumor,5,6,Visually Similar,Retain - Shows Structural Variation
data/raw/ct_images/tumor/CT00067.png,data/raw/ct_images/tumor/CT00090.png,ct,tumor,tumor,4,8,Near Duplicate,Document & Evaluate Similarity Threshold
data/raw/ct_images/tumor/CT00067.png,data/raw/ct_images/tumor/CT00091.png,ct,tumor,tumor,2,2,Near Duplicate,Document & Evaluate Similarity Threshold
data/raw/ct_images/tumor/CT00067.png,data/raw/ct_images/tumor/CT00093.png,ct,tumor,tumor,8,7,Visually Similar,Retain - Shows Structural Variation
data/raw/ct_images/tumor/CT00067.png,data/raw/ct_images/tumor/CT00094.png,ct,tumor,tumor,9,2,Visually Similar,Retain - Shows Structural Variation
data/raw/ct_images/tumor/CT00067.png,data/raw/ct_images/tumor/CT00096.png,ct,tumor,tumor,3,3,Near Duplicate,Document & Evaluate Similarity Threshold
data/raw/ct_images/tumor/CT00067.png,data/raw/ct_images/tumor/CT00097.png,ct,tumor,tumor,10,9,Visually Similar,Retain - Shows Structural Variation
data/raw/ct_images/tumor/CT00067.png,data/raw/ct_images/tumor/CT00098.png,ct,tumor,tumor,6,5,Visually Similar,Retain - Shows Structural Variation
data/raw/ct_images/tumor/CT00067.png,data/raw/ct_images/tumor/CT00100.png,ct,tumor,tumor,9,7,Visually Similar,Retain - Shows Structural Variation
data/raw/ct_images/tumor/CT00067.png,data/raw/ct_images/tumor/CT00101.png,ct,tumor,tumor,8,9,Visually Similar,Retain - Shows Structural Variation
data/raw/ct_images/tumor/CT00067.png,data/raw/ct_images/tumor/CT00103.png,ct,tumor,tumor,8,6,Visually Similar,Retain - Shows Structural Variation
data/raw/ct_images/tumor/CT00067.png,data/raw/ct_images/tumor/CT00104.png,ct,tumor,tumor,10,7,Visually Similar,Retain - Shows Structural Variation
data/raw/ct_images/tumor/CT00067.png,data/raw/ct_images/tumor/CT00105.png,ct,tumor,tumor,4,7,Near Duplicate,Document & Evaluate Similarity Threshold
data/raw/ct_images/tumor/CT00067.png,data/raw/ct_images/tumor/CT00106.png,ct,tumor,tumor,9,4,Visually Similar,Retain - Shows Structural Variation
data/raw/ct_images/tumor/CT00067.png,data/raw/ct_images/tumor/CT00108.png,ct,tumor,tumor,0,3,Exact Duplicate,Keep Representative / Purge Duplicate
data/raw/ct_images/tumor/CT00067.png,data/raw/ct_images/tumor/CT00109.png,ct,tumor,tumor,4,5,Near Duplicate,Document & Evaluate Similarity Threshold
data/raw/ct_images/tumor/CT00067.png,data/raw/ct_images/tumor/CT00111.png,ct,tumor,tumor,4,1,Near Duplicate,Document & Evaluate Similarity Threshold
data/raw/ct_images/tumor/CT00067.png,data/raw/ct_images/tumor/CT00113.png,ct,tumor,tumor,6,7,Visually Similar,Retain - Shows Structural Variation
data/raw/ct_images/tumor/CT00067.png,data/raw/ct_images/tumor/CT00114.png,ct,tumor,tumor,7,3,Visually Similar,Retain - Shows Structural Variation
data/raw/ct_images/tumor/CT00067.png,data/raw/ct_images/tumor/CT00115.png,ct,tumor,tumor,10,8,Visually Similar,Retain - Shows Structural Variation
data/raw/ct_images/tumor/CT00067.png,data/raw/ct_images/tumor/CT00117.png,ct,tumor,tumor,2,7,Near Duplicate,Document & Evaluate Similarity Threshold
data/raw/ct_images/tumor/CT00067.png,data/raw/ct_images/tumor/CT00119.png,ct,tumor,tumor,7,8,Visually Similar,Retain - Shows Structural Variation
data/raw/ct_images/tumor/CT00067.png,data/raw/ct_images/tumor/CT00122.png,ct,tumor,tumor,8,2,Visually Similar,Retain - Shows Structural Variation
data/raw/ct_images/tumor/CT00067.png,data/raw/ct_images/tumor/CT00123.png,ct,tumor,tumor,9,7,Visually Similar,Retain - Shows Structural Variation
data/raw/ct_images/tumor/CT00067.png,data/raw/ct_images/tumor/CT00124.png,ct,tumor,tumor,4,4,Near Duplicate,Document & Evaluate Similarity Threshold
data/raw/ct_images/tumor/CT00067.png,data/raw/ct_images/tumor/CT00125.png,ct,tumor,tumor,8,8,Visually Similar,Retain - Shows Structural Variation
data/raw/ct_images/tumor/CT00067.png,data/raw/ct_images/tumor/CT00127.png,ct,tumor,tumor,9,5,Visually Similar,Retain - Shows Structural Variation
data/raw/ct_images/tumor/CT00067.png,data/raw/ct_images/tumor/CT00129.png,ct,tumor,tumor,9,5,Visually Similar,Retain - Shows Structural Variation
data/raw/ct_images/tumor/CT00067.png,data/raw/ct_images/tumor/CT00130.png,ct,tumor,tumor,7,5,Visually Similar,Retain - Shows Structural Variation
data/raw/ct_images/tumor/CT00067.png,data/raw/ct_images/tumor/CT00131.png,ct,tumor,tumor,3,5,Near Duplicate,Document & Evaluate Similarity Threshold
data/raw/ct_images/tumor/CT00067.png,data/raw/ct_images/tumor/CT00133.png,ct,tumor,tumor,9,7,Visually Similar,Retain - Shows Structural Variation
data/raw/ct_images/tumor/CT00067.png,data/raw/ct_images/tumor/CT00134.png,ct,tumor,tumor,6,4,Visually Similar,Retain - Shows Structural Variation
data/raw/ct_images/tumor/CT00067.png,data/raw/ct_images/tumor/CT00135.png,ct,tumor,tumor,4,7,Near Duplicate,Document & Evaluate Similarity Threshold
data/raw/ct_images/tumor/CT00068.png,data/raw/ct_images/tumor/CT00069.png,ct,tumor,tumor,8,3,Visually Similar,Retain - Shows Structural Variation
data/raw/ct_images/tumor/CT00068.png,data/raw/ct_images/tumor/CT00085.png,ct,tumor,tumor,3,1,Near Duplicate,Document & Evaluate Similarity Threshold
data/raw/ct_images/tumor/CT00068.png,data/raw/ct_images/tumor/CT00087.png,ct,tumor,tumor,7,1,Visually Similar,Retain - Shows Structural Variation
data/raw/ct_images/tumor/CT00068.png,data/raw/ct_images/tumor/CT00092.png,ct,tumor,tumor,10,3,Visually Similar,Retain - Shows Structural Variation
data/raw/ct_images/tumor/CT00068.png,data/raw/ct_images/tumor/CT00093.png,ct,tumor,tumor,9,2,Visually Similar,Retain - Shows Structural Variation
data/raw/ct_images/tumor/CT00068.png,data/raw/ct_images/tumor/CT00112.png,ct,tumor,tumor,7,3,Visually Similar,Retain - Shows Structural Variation
data/raw/ct_images/tumor/CT00068.png,data/raw/ct_images/tumor/CT00116.png,ct,tumor,tumor,4,3,Near Duplicate,Document & Evaluate Similarity Threshold
data/raw/ct_images/tumor/CT00068.png,data/raw/ct_images/tumor/CT00120.png,ct,tumor,tumor,10,3,Visually Similar,Retain - Shows Structural Variation
data/raw/ct_images/tumor/CT00068.png,data/raw/ct_images/tumor/CT00121.png,ct,tumor,tumor,5,3,Visually Similar,Retain - Shows Structural Variation
data/raw/ct_images/tumor/CT00069.png,data/raw/ct_images/tumor/CT00112.png,ct,tumor,tumor,1,2,Near Duplicate,Document & Evaluate Similarity Threshold
data/raw/ct_images/tumor/CT00069.png,data/raw/ct_images/tumor/CT00116.png,ct,tumor,tumor,10,2,Visually Similar,Retain - Shows Structural Variation
data/raw/ct_images/tumor/CT00070.png,data/raw/ct_images/tumor/CT00072.png,ct,tumor,tumor,3,2,Near Duplicate,Document & Evaluate Similarity Threshold
data/raw/ct_images/tumor/CT00070.png,data/raw/ct_images/tumor/CT00075.png,ct,tumor,tumor,7,8,Visually Similar,Retain - Shows Structural Variation
data/raw/ct_images/tumor/CT00070.png,data/raw/ct_images/tumor/CT00077.png,ct,tumor,tumor,7,4,Visually Similar,Retain - Shows Structural Variation
data/raw/ct_images/tumor/CT00070.png,data/raw/ct_images/tumor/CT00079.png,ct,tumor,tumor,4,2,Near Duplicate,Document & Evaluate Similarity Threshold
data/raw/ct_images/tumor/CT00070.png,data/raw/ct_images/tumor/CT00082.png,ct,tumor,tumor,3,4,Near Duplicate,Document & Evaluate Similarity Threshold
data/raw/ct_images/tumor/CT00070.png,data/raw/ct_images/tumor/CT00086.png,ct,tumor,tumor,8,4,Visually Similar,Retain - Shows Structural Variation
data/raw/ct_images/tumor/CT00070.png,data/raw/ct_images/tumor/CT00088.png,ct,tumor,tumor,8,7,Visually Similar,Retain - Shows Structural Variation
data/raw/ct_images/tumor/CT00070.png,data/raw/ct_images/tumor/CT00089.png,ct,tumor,tumor,6,4,Visually Similar,Retain - Shows Structural Variation
data/raw/ct_images/tumor/CT00070.png,data/raw/ct_images/tumor/CT00090.png,ct,tumor,tumor,5,2,Visually Similar,Retain - Shows Structural Variation
data/raw/ct_images/tumor/CT00070.png,data/raw/ct_images/tumor/CT00091.png,ct,tumor,tumor,9,8,Visually Similar,Retain - Shows Structural Variation
data/raw/ct_images/tumor/CT00070.png,data/raw/ct_images/tumor/CT00096.png,ct,tumor,tumor,8,5,Visually Similar,Retain - Shows Structural Variation
data/raw/ct_images/tumor/CT00070.png,data/raw/ct_images/tumor/CT00098.png,ct,tumor,tumor,1,3,Near Duplicate,Document & Evaluate Similarity Threshold
data/raw/ct_images/tumor/CT00070.png,data/raw/ct_images/tumor/CT00100.png,ct,tumor,tumor,2,1,Near Duplicate,Document & Evaluate Similarity Threshold
data/raw/ct_images/tumor/CT00070.png,data/raw/ct_images/tumor/CT00101.png,ct,tumor,tumor,1,5,Near Duplicate,Document & Evaluate Similarity Threshold
data/raw/ct_images/tumor/CT00070.png,data/raw/ct_images/tumor/CT00105.png,ct,tumor,tumor,3,1,Near Duplicate,Document & Evaluate Similarity Threshold
data/raw/ct_images/tumor/CT00070.png,data/raw/ct_images/tumor/CT00106.png,ct,tumor,tumor,10,4,Visually Similar,Retain - Shows Structural Variation
data/raw/ct_images/tumor/CT00070.png,data/raw/ct_images/tumor/CT00108.png,ct,tumor,tumor,7,9,Visually Similar,Retain - Shows Structural Variation
data/raw/ct_images/tumor/CT00070.png,data/raw/ct_images/tumor/CT00109.png,ct,tumor,tumor,9,5,Visually Similar,Retain - Shows Structural Variation
data/raw/ct_images/tumor/CT00070.png,data/raw/ct_images/tumor/CT00110.png,ct,tumor,tumor,10,1,Visually Similar,Retain - Shows Structural Variation
data/raw/ct_images/tumor/CT00070.png,data/raw/ct_images/tumor/CT00111.png,ct,tumor,tumor,9,5,Visually Similar,Retain - Shows Structural Variation
data/raw/ct_images/tumor/CT00070.png,data/raw/ct_images/tumor/CT00113.png,ct,tumor,tumor,5,1,Visually Similar,Retain - Shows Structural Variation
data/raw/ct_images/tumor/CT00070.png,data/raw/ct_images/tumor/CT00115.png,ct,tumor,tumor,5,4,Visually Similar,Retain - Shows Structural Variation
data/raw/ct_images/tumor/CT00070.png,data/raw/ct_images/tumor/CT00117.png,ct,tumor,tumor,7,3,Visually Similar,Retain - Shows Structural Variation
data/raw/ct_images/tumor/CT00070.png,data/raw/ct_images/tumor/CT00118.png,ct,tumor,tumor,9,2,Visually Similar,Retain - Shows Structural Variation
data/raw/ct_images/tumor/CT00070.png,data/raw/ct_images/tumor/CT00119.png,ct,tumor,tumor,8,6,Visually Similar,Retain - Shows Structural Variation
data/raw/ct_images/tumor/CT00070.png,data/raw/ct_images/tumor/CT00123.png,ct,tumor,tumor,10,1,Visually Similar,Retain - Shows Structural Variation
data/raw/ct_images/tumor/CT00070.png,data/raw/ct_images/tumor/CT00124.png,ct,tumor,tumor,7,2,Visually Similar,Retain - Shows Structural Variation
data/raw/ct_images/tumor/CT00070.png,data/raw/ct_images/tumor/CT00125.png,ct,tumor,tumor,3,4,Near Duplicate,Document & Evaluate Similarity Threshold
data/raw/ct_images/tumor/CT00070.png,data/raw/ct_images/tumor/CT00126.png,ct,tumor,tumor,10,5,Visually Similar,Retain - Shows Structural Variation
data/raw/ct_images/tumor/CT00070.png,data/raw/ct_images/tumor/CT00129.png,ct,tumor,tumor,4,1,Near Duplicate,Document & Evaluate Similarity Threshold
data/raw/ct_images/tumor/CT00070.png,data/raw/ct_images/tumor/CT00130.png,ct,tumor,tumor,4,1,Near Duplicate,Document & Evaluate Similarity Threshold
data/raw/ct_images/tumor/CT00070.png,data/raw/ct_images/tumor/CT00131.png,ct,tumor,tumor,8,3,Visually Similar,Retain - Shows Structural Variation
data/raw/ct_images/tumor/CT00070.png,data/raw/ct_images/tumor/CT00133.png,ct,tumor,tumor,2,1,Near Duplicate,Document & Evaluate Similarity Threshold
data/raw/ct_images/tumor/CT00070.png,data/raw/ct_images/tumor/CT00134.png,ct,tumor,tumor,7,4,Visually Similar,Retain - Shows Structural Variation
data/raw/ct_images/tumor/CT00070.png,data/raw/ct_images/tumor/CT00135.png,ct,tumor,tumor,5,3,Visually Similar,Retain - Shows Structural Variation
data/raw/ct_images/tumor/CT00071.png,data/raw/ct_images/tumor/CT00073.png,ct,tumor,tumor,10,3,Visually Similar,Retain - Shows Structural Variation
data/raw/ct_images/tumor/CT00071.png,data/raw/ct_images/tumor/CT00077.png,ct,tumor,tumor,8,6,Visually Similar,Retain - Shows Structural Variation
data/raw/ct_images/tumor/CT00071.png,data/raw/ct_images/tumor/CT00080.png,ct,tumor,tumor,8,4,Visually Similar,Retain - Shows Structural Variation
data/raw/ct_images/tumor/CT00071.png,data/raw/ct_images/tumor/CT00081.png,ct,tumor,tumor,8,5,Visually Similar,Retain - Shows Structural Variation
data/raw/ct_images/tumor/CT00071.png,data/raw/ct_images/tumor/CT00083.png,ct,tumor,tumor,4,4,Near Duplicate,Document & Evaluate Similarity Threshold
data/raw/ct_images/tumor/CT00071.png,data/raw/ct_images/tumor/CT00084.png,ct,tumor,tumor,7,2,Visually Similar,Retain - Shows Structural Variation
data/raw/ct_images/tumor/CT00071.png,data/raw/ct_images/tumor/CT00086.png,ct,tumor,tumor,9,4,Visually Similar,Retain - Shows Structural Variation
data/raw/ct_images/tumor/CT00071.png,data/raw/ct_images/tumor/CT00094.png,ct,tumor,tumor,9,4,Visually Similar,Retain - Shows Structural Variation
data/raw/ct_images/tumor/CT00071.png,data/raw/ct_images/tumor/CT00096.png,ct,tumor,tumor,9,5,Visually Similar,Retain - Shows Structural Variation
data/raw/ct_images/tumor/CT00071.png,data/raw/ct_images/tumor/CT00097.png,ct,tumor,tumor,4,3,Near Duplicate,Document & Evaluate Similarity Threshold
data/raw/ct_images/tumor/CT00071.png,data/raw/ct_images/tumor/CT00099.png,ct,tumor,tumor,5,4,Visually Similar,Retain - Shows Structural Variation
data/raw/ct_images/tumor/CT00071.png,data/raw/ct_images/tumor/CT00102.png,ct,tumor,tumor,9,4,Visually Similar,Retain - Shows Structural Variation
data/raw/ct_images/tumor/CT00071.png,data/raw/ct_images/tumor/CT00103.png,ct,tumor,tumor,6,4,Visually Similar,Retain - Shows Structural Variation
data/raw/ct_images/tumor/CT00071.png,data/raw/ct_images/tumor/CT00104.png,ct,tumor,tumor,8,5,Visually Similar,Retain - Shows Structural Variation
data/raw/ct_images/tumor/CT00071.png,data/raw/ct_images/tumor/CT00107.png,ct,tumor,tumor,5,3,Visually Similar,Retain - Shows Structural Variation
data/raw/ct_images/tumor/CT00071.png,data/raw/ct_images/tumor/CT00111.png,ct,tumor,tumor,8,7,Visually Similar,Retain - Shows Structural Variation
data/raw/ct_images/tumor/CT00071.png,data/raw/ct_images/tumor/CT00114.png,ct,tumor,tumor,7,5,Visually Similar,Retain - Shows Structural Variation
data/raw/ct_images/tumor/CT00071.png,data/raw/ct_images/tumor/CT00115.png,ct,tumor,tumor,10,4,Visually Similar,Retain - Shows Structural Variation
data/raw/ct_images/tumor/CT00071.png,data/raw/ct_images/tumor/CT00118.png,ct,tumor,tumor,8,4,Visually Similar,Retain - Shows Structural Variation
data/raw/ct_images/tumor/CT00071.png,data/raw/ct_images/tumor/CT00122.png,ct,tumor,tumor,4,4,Near Duplicate,Document & Evaluate Similarity Threshold
data/raw/ct_images/tumor/CT00071.png,data/raw/ct_images/tumor/CT00126.png,ct,tumor,tumor,7,1,Visually Similar,Retain - Shows Structural Variation
data/raw/ct_images/tumor/CT00071.png,data/raw/ct_images/tumor/CT00127.png,ct,tumor,tumor,7,1,Visually Similar,Retain - Shows Structural Variation
data/raw/ct_images/tumor/CT00071.png,data/raw/ct_images/tumor/CT00131.png,ct,tumor,tumor,9,3,Visually Similar,Retain - Shows Structural Variation
data/raw/ct_images/tumor/CT00072.png,data/raw/ct_images/tumor/CT00075.png,ct,tumor,tumor,10,8,Visually Similar,Retain - Shows Structural Variation
data/raw/ct_images/tumor/CT00072.png,data/raw/ct_images/tumor/CT00077.png,ct,tumor,tumor,10,2,Visually Similar,Retain - Shows Structural Variation
data/raw/ct_images/tumor/CT00072.png,data/raw/ct_images/tumor/CT00079.png,ct,tumor,tumor,3,2,Near Duplicate,Document & Evaluate Similarity Threshold
data/raw/ct_images/tumor/CT00072.png,data/raw/ct_images/tumor/CT00082.png,ct,tumor,tumor,6,4,Visually Similar,Retain - Shows Structural Variation
data/raw/ct_images/tumor/CT00072.png,data/raw/ct_images/tumor/CT00086.png,ct,tumor,tumor,9,4,Visually Similar,Retain - Shows Structural Variation
data/raw/ct_images/tumor/CT00072.png,data/raw/ct_images/tumor/CT00088.png,ct,tumor,tumor,7,7,Visually Similar,Retain - Shows Structural Variation
data/raw/ct_images/tumor/CT00072.png,data/raw/ct_images/tumor/CT00089.png,ct,tumor,tumor,9,4,Visually Similar,Retain - Shows Structural Variation
data/raw/ct_images/tumor/CT00072.png,data/raw/ct_images/tumor/CT00090.png,ct,tumor,tumor,6,2,Visually Similar,Retain - Shows Structural Variation
data/raw/ct_images/tumor/CT00072.png,data/raw/ct_images/tumor/CT00091.png,ct,tumor,tumor,10,8,Visually Similar,Retain - Shows Structural Variation
data/raw/ct_images/tumor/CT00072.png,data/raw/ct_images/tumor/CT00098.png,ct,tumor,tumor,4,1,Near Duplicate,Document & Evaluate Similarity Threshold
data/raw/ct_images/tumor/CT00072.png,data/raw/ct_images/tumor/CT00100.png,ct,tumor,tumor,1,1,Near Duplicate,Document & Evaluate Similarity Threshold
data/raw/ct_images/tumor/CT00072.png,data/raw/ct_images/tumor/CT00101.png,ct,tumor,tumor,4,3,Near Duplicate,Document & Evaluate Similarity Threshold
data/raw/ct_images/tumor/CT00072.png,data/raw/ct_images/tumor/CT00105.png,ct,tumor,tumor,6,3,Visually Similar,Retain - Shows Structural Variation
data/raw/ct_images/tumor/CT00072.png,data/raw/ct_images/tumor/CT00108.png,ct,tumor,tumor,10,9,Visually Similar,Retain - Shows Structural Variation
data/raw/ct_images/tumor/CT00072.png,data/raw/ct_images/tumor/CT00110.png,ct,tumor,tumor,9,3,Visually Similar,Retain - Shows Structural Variation
data/raw/ct_images/tumor/CT00072.png,data/raw/ct_images/tumor/CT00113.png,ct,tumor,tumor,8,1,Visually Similar,Retain - Shows Structural Variation
data/raw/ct_images/tumor/CT00072.png,data/raw/ct_images/tumor/CT00115.png,ct,tumor,tumor,8,4,Visually Similar,Retain - Shows Structural Variation
data/raw/ct_images/tumor/CT00072.png,data/raw/ct_images/tumor/CT00117.png,ct,tumor,tumor,10,1,Visually Similar,Retain - Shows Structural Variation
data/raw/ct_images/tumor/CT00072.png,data/raw/ct_images/tumor/CT00119.png,ct,tumor,tumor,9,6,Visually Similar,Retain - Shows Structural Variation
data/raw/ct_images/tumor/CT00072.png,data/raw/ct_images/tumor/CT00124.png,ct,tumor,tumor,8,2,Visually Similar,Retain - Shows Structural Variation
data/raw/ct_images/tumor/CT00072.png,data/raw/ct_images/tumor/CT00125.png,ct,tumor,tumor,6,4,Visually Similar,Retain - Shows Structural Variation
data/raw/ct_images/tumor/CT00072.png,data/raw/ct_images/tumor/CT00129.png,ct,tumor,tumor,7,3,Visually Similar,Retain - Shows Structural Variation
data/raw/ct_images/tumor/CT00072.png,data/raw/ct_images/tumor/CT00130.png,ct,tumor,tumor,3,3,Near Duplicate,Document & Evaluate Similarity Threshold
data/raw/ct_images/tumor/CT00072.png,data/raw/ct_images/tumor/CT00133.png,ct,tumor,tumor,1,3,Near Duplicate,Document & Evaluate Similarity Threshold
data/raw/ct_images/tumor/CT00072.png,data/raw/ct_images/tumor/CT00134.png,ct,tumor,tumor,6,4,Visually Similar,Retain - Shows Structural Variation
data/raw/ct_images/tumor/CT00072.png,data/raw/ct_images/tumor/CT00135.png,ct,tumor,tumor,8,5,Visually Similar,Retain - Shows Structural Variation
data/raw/ct_images/tumor/CT00073.png,data/raw/ct_images/tumor/CT00083.png,ct,tumor,tumor,6,1,Visually Similar,Retain - Shows Structural Variation
data/raw/ct_images/tumor/CT00073.png,data/raw/ct_images/tumor/CT00093.png,ct,tumor,tumor,8,2,Visually Similar,Retain - Shows Structural Variation
data/raw/ct_images/tumor/CT00073.png,data/raw/ct_images/tumor/CT00097.png,ct,tumor,tumor,6,2,Visually Similar,Retain - Shows Structural Variation
data/raw/ct_images/tumor/CT00073.png,data/raw/ct_images/tumor/CT00103.png,ct,tumor,tumor,10,1,Visually Similar,Retain - Shows Structural Variation
data/raw/ct_images/tumor/CT00073.png,data/raw/ct_images/tumor/CT00109.png,ct,tumor,tumor,10,6,Visually Similar,Retain - Shows Structural Variation
data/raw/ct_images/tumor/CT00074.png,data/raw/ct_images/tumor/CT00095.png,ct,tumor,tumor,8,4,Visually Similar,Retain - Shows Structural Variation
data/raw/ct_images/tumor/CT00074.png,data/raw/ct_images/tumor/CT00128.png,ct,tumor,tumor,10,2,Visually Similar,Retain - Shows Structural Variation
data/raw/ct_images/tumor/CT00074.png,data/raw/ct_images/tumor/CT00132.png,ct,tumor,tumor,8,1,Visually Similar,Retain - Shows Structural Variation
data/raw/ct_images/tumor/CT00075.png,data/raw/ct_images/tumor/CT00077.png,ct,tumor,tumor,4,8,Near Duplicate,Document & Evaluate Similarity Threshold
data/raw/ct_images/tumor/CT00075.png,data/raw/ct_images/tumor/CT00079.png,ct,tumor,tumor,7,8,Visually Similar,Retain - Shows Structural Variation
data/raw/ct_images/tumor/CT00075.png,data/raw/ct_images/tumor/CT00081.png,ct,tumor,tumor,10,3,Visually Similar,Retain - Shows Structural Variation
data/raw/ct_images/tumor/CT00075.png,data/raw/ct_images/tumor/CT00082.png,ct,tumor,tumor,4,4,Near Duplicate,Document & Evaluate Similarity Threshold
data/raw/ct_images/tumor/CT00075.png,data/raw/ct_images/tumor/CT00088.png,ct,tumor,tumor,5,1,Visually Similar,Retain - Shows Structural Variation
data/raw/ct_images/tumor/CT00075.png,data/raw/ct_images/tumor/CT00089.png,ct,tumor,tumor,3,4,Near Duplicate,Document & Evaluate Similarity Threshold
data/raw/ct_images/tumor/CT00075.png,data/raw/ct_images/tumor/CT00090.png,ct,tumor,tumor,6,10,Visually Similar,Retain - Shows Structural Variation
data/raw/ct_images/tumor/CT00075.png,data/raw/ct_images/tumor/CT00091.png,ct,tumor,tumor,4,2,Near Duplicate,Document & Evaluate Similarity Threshold
data/raw/ct_images/tumor/CT00075.png,data/raw/ct_images/tumor/CT00093.png,ct,tumor,tumor,10,7,Visually Similar,Retain - Shows Structural Variation
data/raw/ct_images/tumor/CT00075.png,data/raw/ct_images/tumor/CT00094.png,ct,tumor,tumor,9,2,Visually Similar,Retain - Shows Structural Variation
data/raw/ct_images/tumor/CT00075.png,data/raw/ct_images/tumor/CT00096.png,ct,tumor,tumor,5,3,Visually Similar,Retain - Shows Structural Variation
data/raw/ct_images/tumor/CT00075.png,data/raw/ct_images/tumor/CT00097.png,ct,tumor,tumor,10,7,Visually Similar,Retain - Shows Structural Variation
data/raw/ct_images/tumor/CT00075.png,data/raw/ct_images/tumor/CT00098.png,ct,tumor,tumor,6,7,Visually Similar,Retain - Shows Structural Variation
data/raw/ct_images/tumor/CT00075.png,data/raw/ct_images/tumor/CT00099.png,ct,tumor,tumor,9,8,Visually Similar,Retain - Shows Structural Variation
data/raw/ct_images/tumor/CT00075.png,data/raw/ct_images/tumor/CT00100.png,ct,tumor,tumor,9,9,Visually Similar,Retain - Shows Structural Variation
data/raw/ct_images/tumor/CT00075.png,data/raw/ct_images/tumor/CT00101.png,ct,tumor,tumor,8,7,Visually Similar,Retain - Shows Structural Variation
data/raw/ct_images/tumor/CT00075.png,data/raw/ct_images/tumor/CT00102.png,ct,tumor,tumor,9,8,Visually Similar,Retain - Shows Structural Variation
data/raw/ct_images/tumor/CT00075.png,data/raw/ct_images/tumor/CT00103.png,ct,tumor,tumor,8,8,Visually Similar,Retain - Shows Structural Variation
data/raw/ct_images/tumor/CT00075.png,data/raw/ct_images/tumor/CT00104.png,ct,tumor,tumor,8,9,Visually Similar,Retain - Shows Structural Variation
data/raw/ct_images/tumor/CT00075.png,data/raw/ct_images/tumor/CT00105.png,ct,tumor,tumor,4,9,Near Duplicate,Document & Evaluate Similarity Threshold
data/raw/ct_images/tumor/CT00075.png,data/raw/ct_images/tumor/CT00106.png,ct,tumor,tumor,9,6,Visually Similar,Retain - Shows Structural Variation
data/raw/ct_images/tumor/CT00075.png,data/raw/ct_images/tumor/CT00108.png,ct,tumor,tumor,4,5,Near Duplicate,Document & Evaluate Similarity Threshold
data/raw/ct_images/tumor/CT00075.png,data/raw/ct_images/tumor/CT00109.png,ct,tumor,tumor,8,7,Visually Similar,Retain - Shows Structural Variation
data/raw/ct_images/tumor/CT00075.png,data/raw/ct_images/tumor/CT00111.png,ct,tumor,tumor,6,3,Visually Similar,Retain - Shows Structural Variation
data/raw/ct_images/tumor/CT00075.png,data/raw/ct_images/tumor/CT00113.png,ct,tumor,tumor,6,9,Visually Similar,Retain - Shows Structural Variation
data/raw/ct_images/tumor/CT00075.png,data/raw/ct_images/tumor/CT00114.png,ct,tumor,tumor,9,3,Visually Similar,Retain - Shows Structural Variation
data/raw/ct_images/tumor/CT00075.png,data/raw/ct_images/tumor/CT00115.png,ct,tumor,tumor,8,6,Visually Similar,Retain - Shows Structural Variation
data/raw/ct_images/tumor/CT00075.png,data/raw/ct_images/tumor/CT00117.png,ct,tumor,tumor,6,7,Visually Similar,Retain - Shows Structural Variation
data/raw/ct_images/tumor/CT00075.png,data/raw/ct_images/tumor/CT00118.png,ct,tumor,tumor,10,8,Visually Similar,Retain - Shows Structural Variation
data/raw/ct_images/tumor/CT00075.png,data/raw/ct_images/tumor/CT00119.png,ct,tumor,tumor,5,6,Visually Similar,Retain - Shows Structural Variation
data/raw/ct_images/tumor/CT00075.png,data/raw/ct_images/tumor/CT00122.png,ct,tumor,tumor,8,2,Visually Similar,Retain - Shows Structural Variation
data/raw/ct_images/tumor/CT00075.png,data/raw/ct_images/tumor/CT00123.png,ct,tumor,tumor,9,9,Visually Similar,Retain - Shows Structural Variation
data/raw/ct_images/tumor/CT00075.png,data/raw/ct_images/tumor/CT00124.png,ct,tumor,tumor,6,6,Visually Similar,Retain - Shows Structural Variation
data/raw/ct_images/tumor/CT00075.png,data/raw/ct_images/tumor/CT00125.png,ct,tumor,tumor,6,6,Visually Similar,Retain - Shows Structural Variation
data/raw/ct_images/tumor/CT00075.png,data/raw/ct_images/tumor/CT00126.png,ct,tumor,tumor,9,5,Visually Similar,Retain - Shows Structural Variation
data/raw/ct_images/tumor/CT00075.png,data/raw/ct_images/tumor/CT00127.png,ct,tumor,tumor,9,3,Visually Similar,Retain - Shows Structural Variation
data/raw/ct_images/tumor/CT00075.png,data/raw/ct_images/tumor/CT00129.png,ct,tumor,tumor,7,7,Visually Similar,Retain - Shows Structural Variation
data/raw/ct_images/tumor/CT00075.png,data/raw/ct_images/tumor/CT00130.png,ct,tumor,tumor,7,7,Visually Similar,Retain - Shows Structural Variation
data/raw/ct_images/tumor/CT00075.png,data/raw/ct_images/tumor/CT00131.png,ct,tumor,tumor,5,5,Visually Similar,Retain - Shows Structural Variation
data/raw/ct_images/tumor/CT00075.png,data/raw/ct_images/tumor/CT00133.png,ct,tumor,tumor,9,9,Visually Similar,Retain - Shows Structural Variation
data/raw/ct_images/tumor/CT00075.png,data/raw/ct_images/tumor/CT00134.png,ct,tumor,tumor,6,4,Visually Similar,Retain - Shows Structural Variation
data/raw/ct_images/tumor/CT00075.png,data/raw/ct_images/tumor/CT00135.png,ct,tumor,tumor,6,9,Visually Similar,Retain - Shows Structural Variation
data/raw/ct_images/tumor/CT00076.png,data/raw/ct_images/tumor/CT00078.png,ct,tumor,tumor,8,4,Visually Similar,Retain - Shows Structural Variation
data/raw/ct_images/tumor/CT00076.png,data/raw/ct_images/tumor/CT00095.png,ct,tumor,tumor,5,6,Visually Similar,Retain - Shows Structural Variation
data/raw/ct_images/tumor/CT00076.png,data/raw/ct_images/tumor/CT00128.png,ct,tumor,tumor,9,6,Visually Similar,Retain - Shows Structural Variation
data/raw/ct_images/tumor/CT00076.png,data/raw/ct_images/tumor/CT00132.png,ct,tumor,tumor,7,7,Visually Similar,Retain - Shows Structural Variation
data/raw/ct_images/tumor/CT00077.png,data/raw/ct_images/tumor/CT00081.png,ct,tumor,tumor,8,7,Visually Similar,Retain - Shows Structural Variation
data/raw/ct_images/tumor/CT00077.png,data/raw/ct_images/tumor/CT00082.png,ct,tumor,tumor,6,6,Visually Similar,Retain - Shows Structural Variation
data/raw/ct_images/tumor/CT00077.png,data/raw/ct_images/tumor/CT00083.png,ct,tumor,tumor,8,4,Visually Similar,Retain - Shows Structural Variation
data/raw/ct_images/tumor/CT00077.png,data/raw/ct_images/tumor/CT00088.png,ct,tumor,tumor,9,7,Visually Similar,Retain - Shows Structural Variation
data/raw/ct_images/tumor/CT00077.png,data/raw/ct_images/tumor/CT00089.png,ct,tumor,tumor,7,4,Visually Similar,Retain - Shows Structural Variation
data/raw/ct_images/tumor/CT00077.png,data/raw/ct_images/tumor/CT00090.png,ct,tumor,tumor,4,2,Near Duplicate,Document & Evaluate Similarity Threshold
data/raw/ct_images/tumor/CT00077.png,data/raw/ct_images/tumor/CT00091.png,ct,tumor,tumor,4,6,Near Duplicate,Document & Evaluate Similarity Threshold
data/raw/ct_images/tumor/CT00077.png,data/raw/ct_images/tumor/CT00093.png,ct,tumor,tumor,6,1,Visually Similar,Retain - Shows Structural Variation
data/raw/ct_images/tumor/CT00077.png,data/raw/ct_images/tumor/CT00094.png,ct,tumor,tumor,7,8,Visually Similar,Retain - Shows Structural Variation
data/raw/ct_images/tumor/CT00077.png,data/raw/ct_images/tumor/CT00096.png,ct,tumor,tumor,3,5,Near Duplicate,Document & Evaluate Similarity Threshold
data/raw/ct_images/tumor/CT00077.png,data/raw/ct_images/tumor/CT00097.png,ct,tumor,tumor,6,5,Visually Similar,Retain - Shows Structural Variation
data/raw/ct_images/tumor/CT00077.png,data/raw/ct_images/tumor/CT00098.png,ct,tumor,tumor,6,3,Visually Similar,Retain - Shows Structural Variation
data/raw/ct_images/tumor/CT00077.png,data/raw/ct_images/tumor/CT00099.png,ct,tumor,tumor,7,4,Visually Similar,Retain - Shows Structural Variation
data/raw/ct_images/tumor/CT00077.png,data/raw/ct_images/tumor/CT00100.png,ct,tumor,tumor,9,3,Visually Similar,Retain - Shows Structural Variation
data/raw/ct_images/tumor/CT00077.png,data/raw/ct_images/tumor/CT00101.png,ct,tumor,tumor,8,3,Visually Similar,Retain - Shows Structural Variation
data/raw/ct_images/tumor/CT00077.png,data/raw/ct_images/tumor/CT00102.png,ct,tumor,tumor,7,2,Visually Similar,Retain - Shows Structural Variation
data/raw/ct_images/tumor/CT00077.png,data/raw/ct_images/tumor/CT00103.png,ct,tumor,tumor,4,4,Near Duplicate,Document & Evaluate Similarity Threshold
data/raw/ct_images/tumor/CT00077.png,data/raw/ct_images/tumor/CT00104.png,ct,tumor,tumor,6,5,Visually Similar,Retain - Shows Structural Variation
data/raw/ct_images/tumor/CT00077.png,data/raw/ct_images/tumor/CT00105.png,ct,tumor,tumor,4,5,Near Duplicate,Document & Evaluate Similarity Threshold
data/raw/ct_images/tumor/CT00077.png,data/raw/ct_images/tumor/CT00106.png,ct,tumor,tumor,7,6,Visually Similar,Retain - Shows Structural Variation
data/raw/ct_images/tumor/CT00077.png,data/raw/ct_images/tumor/CT00108.png,ct,tumor,tumor,4,9,Near Duplicate,Document & Evaluate Similarity Threshold
data/raw/ct_images/tumor/CT00077.png,data/raw/ct_images/tumor/CT00109.png,ct,tumor,tumor,6,5,Visually Similar,Retain - Shows Structural Variation
data/raw/ct_images/tumor/CT00077.png,data/raw/ct_images/tumor/CT00111.png,ct,tumor,tumor,4,9,Near Duplicate,Document & Evaluate Similarity Threshold
data/raw/ct_images/tumor/CT00077.png,data/raw/ct_images/tumor/CT00113.png,ct,tumor,tumor,4,3,Near Duplicate,Document & Evaluate Similarity Threshold
data/raw/ct_images/tumor/CT00077.png,data/raw/ct_images/tumor/CT00114.png,ct,tumor,tumor,7,9,Visually Similar,Retain - Shows Structural Variation
data/raw/ct_images/tumor/CT00077.png,data/raw/ct_images/tumor/CT00115.png,ct,tumor,tumor,6,4,Visually Similar,Retain - Shows Structural Variation
data/raw/ct_images/tumor/CT00077.png,data/raw/ct_images/tumor/CT00117.png,ct,tumor,tumor,4,1,Near Duplicate,Document & Evaluate Similarity Threshold
data/raw/ct_images/tumor/CT00077.png,data/raw/ct_images/tumor/CT00118.png,ct,tumor,tumor,8,4,Visually Similar,Retain - Shows Structural Variation
data/raw/ct_images/tumor/CT00077.png,data/raw/ct_images/tumor/CT00119.png,ct,tumor,tumor,9,4,Visually Similar,Retain - Shows Structural Variation
data/raw/ct_images/tumor/CT00077.png,data/raw/ct_images/tumor/CT00122.png,ct,tumor,tumor,6,8,Visually Similar,Retain - Shows Structural Variation
data/raw/ct_images/tumor/CT00077.png,data/raw/ct_images/tumor/CT00123.png,ct,tumor,tumor,7,5,Visually Similar,Retain - Shows Structural Variation
data/raw/ct_images/tumor/CT00077.png,data/raw/ct_images/tumor/CT00124.png,ct,tumor,tumor,6,4,Visually Similar,Retain - Shows Structural Variation
data/raw/ct_images/tumor/CT00077.png,data/raw/ct_images/tumor/CT00125.png,ct,tumor,tumor,8,4,Visually Similar,Retain - Shows Structural Variation
data/raw/ct_images/tumor/CT00077.png,data/raw/ct_images/tumor/CT00126.png,ct,tumor,tumor,7,5,Visually Similar,Retain - Shows Structural Variation
data/raw/ct_images/tumor/CT00077.png,data/raw/ct_images/tumor/CT00127.png,ct,tumor,tumor,7,7,Visually Similar,Retain - Shows Structural Variation
data/raw/ct_images/tumor/CT00077.png,data/raw/ct_images/tumor/CT00129.png,ct,tumor,tumor,7,5,Visually Similar,Retain - Shows Structural Variation
data/raw/ct_images/tumor/CT00077.png,data/raw/ct_images/tumor/CT00131.png,ct,tumor,tumor,3,3,Near Duplicate,Document & Evaluate Similarity Threshold
data/raw/ct_images/tumor/CT00077.png,data/raw/ct_images/tumor/CT00133.png,ct,tumor,tumor,9,5,Visually Similar,Retain - Shows Structural Variation
data/raw/ct_images/tumor/CT00077.png,data/raw/ct_images/tumor/CT00134.png,ct,tumor,tumor,10,4,Visually Similar,Retain - Shows Structural Variation
data/raw/ct_images/tumor/CT00077.png,data/raw/ct_images/tumor/CT00135.png,ct,tumor,tumor,4,7,Near Duplicate,Document & Evaluate Similarity Threshold
data/raw/ct_images/tumor/CT00078.png,data/raw/ct_images/tumor/CT00095.png,ct,tumor,tumor,9,2,Visually Similar,Retain - Shows Structural Variation
data/raw/ct_images/tumor/CT00078.png,data/raw/ct_images/tumor/CT00128.png,ct,tumor,tumor,7,6,Visually Similar,Retain - Shows Structural Variation
data/raw/ct_images/tumor/CT00078.png,data/raw/ct_images/tumor/CT00132.png,ct,tumor,tumor,9,7,Visually Similar,Retain - Shows Structural Variation
data/raw/ct_images/tumor/CT00079.png,data/raw/ct_images/tumor/CT00082.png,ct,tumor,tumor,5,4,Visually Similar,Retain - Shows Structural Variation
data/raw/ct_images/tumor/CT00079.png,data/raw/ct_images/tumor/CT00088.png,ct,tumor,tumor,4,7,Near Duplicate,Document & Evaluate Similarity Threshold
data/raw/ct_images/tumor/CT00079.png,data/raw/ct_images/tumor/CT00089.png,ct,tumor,tumor,6,4,Visually Similar,Retain - Shows Structural Variation
data/raw/ct_images/tumor/CT00079.png,data/raw/ct_images/tumor/CT00090.png,ct,tumor,tumor,7,4,Visually Similar,Retain - Shows Structural Variation
data/raw/ct_images/tumor/CT00079.png,data/raw/ct_images/tumor/CT00091.png,ct,tumor,tumor,7,8,Visually Similar,Retain - Shows Structural Variation
data/raw/ct_images/tumor/CT00079.png,data/raw/ct_images/tumor/CT00096.png,ct,tumor,tumor,10,5,Visually Similar,Retain - Shows Structural Variation
data/raw/ct_images/tumor/CT00079.png,data/raw/ct_images/tumor/CT00098.png,ct,tumor,tumor,5,3,Visually Similar,Retain - Shows Structural Variation
data/raw/ct_images/tumor/CT00079.png,data/raw/ct_images/tumor/CT00100.png,ct,tumor,tumor,2,3,Near Duplicate,Document & Evaluate Similarity Threshold
data/raw/ct_images/tumor/CT00079.png,data/raw/ct_images/tumor/CT00101.png,ct,tumor,tumor,5,5,Visually Similar,Retain - Shows Structural Variation
data/raw/ct_images/tumor/CT00079.png,data/raw/ct_images/tumor/CT00105.png,ct,tumor,tumor,7,3,Visually Similar,Retain - Shows Structural Variation
data/raw/ct_images/tumor/CT00079.png,data/raw/ct_images/tumor/CT00108.png,ct,tumor,tumor,7,9,Visually Similar,Retain - Shows Structural Variation
data/raw/ct_images/tumor/CT00079.png,data/raw/ct_images/tumor/CT00113.png,ct,tumor,tumor,9,3,Visually Similar,Retain - Shows Structural Variation
data/raw/ct_images/tumor/CT00079.png,data/raw/ct_images/tumor/CT00115.png,ct,tumor,tumor,9,4,Visually Similar,Retain - Shows Structural Variation
data/raw/ct_images/tumor/CT00079.png,data/raw/ct_images/tumor/CT00117.png,ct,tumor,tumor,9,3,Visually Similar,Retain - Shows Structural Variation
data/raw/ct_images/tumor/CT00079.png,data/raw/ct_images/tumor/CT00119.png,ct,tumor,tumor,6,4,Visually Similar,Retain - Shows Structural Variation
data/raw/ct_images/tumor/CT00079.png,data/raw/ct_images/tumor/CT00124.png,ct,tumor,tumor,7,2,Visually Similar,Retain - Shows Structural Variation
data/raw/ct_images/tumor/CT00079.png,data/raw/ct_images/tumor/CT00125.png,ct,tumor,tumor,5,4,Visually Similar,Retain - Shows Structural Variation
data/raw/ct_images/tumor/CT00079.png,data/raw/ct_images/tumor/CT00129.png,ct,tumor,tumor,8,3,Visually Similar,Retain - Shows Structural Variation
data/raw/ct_images/tumor/CT00079.png,data/raw/ct_images/tumor/CT00130.png,ct,tumor,tumor,0,3,Exact Duplicate,Keep Representative / Purge Duplicate
data/raw/ct_images/tumor/CT00079.png,data/raw/ct_images/tumor/CT00131.png,ct,tumor,tumor,10,3,Visually Similar,Retain - Shows Structural Variation
data/raw/ct_images/tumor/CT00079.png,data/raw/ct_images/tumor/CT00133.png,ct,tumor,tumor,2,3,Near Duplicate,Document & Evaluate Similarity Threshold
data/raw/ct_images/tumor/CT00079.png,data/raw/ct_images/tumor/CT00134.png,ct,tumor,tumor,3,4,Near Duplicate,Document & Evaluate Similarity Threshold
data/raw/ct_images/tumor/CT00079.png,data/raw/ct_images/tumor/CT00135.png,ct,tumor,tumor,9,5,Visually Similar,Retain - Shows Structural Variation
data/raw/ct_images/tumor/CT00080.png,data/raw/ct_images/tumor/CT00081.png,ct,tumor,tumor,8,5,Visually Similar,Retain - Shows Structural Variation
data/raw/ct_images/tumor/CT00080.png,data/raw/ct_images/tumor/CT00083.png,ct,tumor,tumor,10,2,Visually Similar,Retain - Shows Structural Variation
data/raw/ct_images/tumor/CT00080.png,data/raw/ct_images/tumor/CT00084.png,ct,tumor,tumor,7,2,Visually Similar,Retain - Shows Structural Variation
data/raw/ct_images/tumor/CT00080.png,data/raw/ct_images/tumor/CT00086.png,ct,tumor,tumor,9,4,Visually Similar,Retain - Shows Structural Variation
data/raw/ct_images/tumor/CT00080.png,data/raw/ct_images/tumor/CT00094.png,ct,tumor,tumor,7,6,Visually Similar,Retain - Shows Structural Variation
data/raw/ct_images/tumor/CT00080.png,data/raw/ct_images/tumor/CT00097.png,ct,tumor,tumor,10,3,Visually Similar,Retain - Shows Structural Variation
data/raw/ct_images/tumor/CT00080.png,data/raw/ct_images/tumor/CT00099.png,ct,tumor,tumor,5,0,Visually Similar,Retain - Shows Structural Variation
data/raw/ct_images/tumor/CT00080.png,data/raw/ct_images/tumor/CT00102.png,ct,tumor,tumor,5,2,Visually Similar,Retain - Shows Structural Variation
data/raw/ct_images/tumor/CT00080.png,data/raw/ct_images/tumor/CT00103.png,ct,tumor,tumor,8,0,Visually Similar,Retain - Shows Structural Variation
data/raw/ct_images/tumor/CT00080.png,data/raw/ct_images/tumor/CT00104.png,ct,tumor,tumor,6,1,Visually Similar,Retain - Shows Structural Variation
data/raw/ct_images/tumor/CT00080.png,data/raw/ct_images/tumor/CT00106.png,ct,tumor,tumor,7,2,Visually Similar,Retain - Shows Structural Variation
data/raw/ct_images/tumor/CT00080.png,data/raw/ct_images/tumor/CT00107.png,ct,tumor,tumor,5,1,Visually Similar,Retain - Shows Structural Variation
data/raw/ct_images/tumor/CT00080.png,data/raw/ct_images/tumor/CT00113.png,ct,tumor,tumor,10,3,Visually Similar,Retain - Shows Structural Variation
data/raw/ct_images/tumor/CT00080.png,data/raw/ct_images/tumor/CT00114.png,ct,tumor,tumor,9,7,Visually Similar,Retain - Shows Structural Variation
data/raw/ct_images/tumor/CT00080.png,data/raw/ct_images/tumor/CT00115.png,ct,tumor,tumor,10,4,Visually Similar,Retain - Shows Structural Variation
data/raw/ct_images/tumor/CT00080.png,data/raw/ct_images/tumor/CT00118.png,ct,tumor,tumor,8,0,Visually Similar,Retain - Shows Structural Variation
data/raw/ct_images/tumor/CT00080.png,data/raw/ct_images/tumor/CT00122.png,ct,tumor,tumor,10,6,Visually Similar,Retain - Shows Structural Variation
data/raw/ct_images/tumor/CT00080.png,data/raw/ct_images/tumor/CT00123.png,ct,tumor,tumor,7,3,Visually Similar,Retain - Shows Structural Variation
data/raw/ct_images/tumor/CT00080.png,data/raw/ct_images/tumor/CT00126.png,ct,tumor,tumor,5,3,Visually Similar,Retain - Shows Structural Variation
data/raw/ct_images/tumor/CT00080.png,data/raw/ct_images/tumor/CT00127.png,ct,tumor,tumor,7,5,Visually Similar,Retain - Shows Structural Variation
data/raw/ct_images/tumor/CT00081.png,data/raw/ct_images/tumor/CT00084.png,ct,tumor,tumor,9,5,Visually Similar,Retain - Shows Structural Variation
data/raw/ct_images/tumor/CT00081.png,data/raw/ct_images/tumor/CT00086.png,ct,tumor,tumor,9,7,Visually Similar,Retain - Shows Structural Variation
data/raw/ct_images/tumor/CT00081.png,data/raw/ct_images/tumor/CT00091.png,ct,tumor,tumor,10,3,Visually Similar,Retain - Shows Structural Variation
data/raw/ct_images/tumor/CT00081.png,data/raw/ct_images/tumor/CT00094.png,ct,tumor,tumor,5,1,Visually Similar,Retain - Shows Structural Variation
data/raw/ct_images/tumor/CT00081.png,data/raw/ct_images/tumor/CT00096.png,ct,tumor,tumor,9,2,Visually Similar,Retain - Shows Structural Variation
data/raw/ct_images/tumor/CT00081.png,data/raw/ct_images/tumor/CT00099.png,ct,tumor,tumor,9,5,Visually Similar,Retain - Shows Structural Variation
data/raw/ct_images/tumor/CT00081.png,data/raw/ct_images/tumor/CT00101.png,ct,tumor,tumor,10,8,Visually Similar,Retain - Shows Structural Variation
data/raw/ct_images/tumor/CT00081.png,data/raw/ct_images/tumor/CT00103.png,ct,tumor,tumor,10,5,Visually Similar,Retain - Shows Structural Variation
data/raw/ct_images/tumor/CT00081.png,data/raw/ct_images/tumor/CT00104.png,ct,tumor,tumor,10,6,Visually Similar,Retain - Shows Structural Variation
data/raw/ct_images/tumor/CT00081.png,data/raw/ct_images/tumor/CT00106.png,ct,tumor,tumor,9,5,Visually Similar,Retain - Shows Structural Variation
data/raw/ct_images/tumor/CT00081.png,data/raw/ct_images/tumor/CT00107.png,ct,tumor,tumor,7,4,Visually Similar,Retain - Shows Structural Variation
data/raw/ct_images/tumor/CT00081.png,data/raw/ct_images/tumor/CT00108.png,ct,tumor,tumor,10,6,Visually Similar,Retain - Shows Structural Variation
data/raw/ct_images/tumor/CT00081.png,data/raw/ct_images/tumor/CT00111.png,ct,tumor,tumor,6,4,Visually Similar,Retain - Shows Structural Variation
data/raw/ct_images/tumor/CT00081.png,data/raw/ct_images/tumor/CT00113.png,ct,tumor,tumor,10,8,Visually Similar,Retain - Shows Structural Variation
data/raw/ct_images/tumor/CT00081.png,data/raw/ct_images/tumor/CT00114.png,ct,tumor,tumor,3,2,Near Duplicate,Document & Evaluate Similarity Threshold
data/raw/ct_images/tumor/CT00081.png,data/raw/ct_images/tumor/CT00115.png,ct,tumor,tumor,8,7,Visually Similar,Retain - Shows Structural Variation
data/raw/ct_images/tumor/CT00081.png,data/raw/ct_images/tumor/CT00118.png,ct,tumor,tumor,8,5,Visually Similar,Retain - Shows Structural Variation
data/raw/ct_images/tumor/CT00081.png,data/raw/ct_images/tumor/CT00122.png,ct,tumor,tumor,4,1,Near Duplicate,Document & Evaluate Similarity Threshold
data/raw/ct_images/tumor/CT00081.png,data/raw/ct_images/tumor/CT00125.png,ct,tumor,tumor,10,5,Visually Similar,Retain - Shows Structural Variation
data/raw/ct_images/tumor/CT00081.png,data/raw/ct_images/tumor/CT00126.png,ct,tumor,tumor,5,4,Visually Similar,Retain - Shows Structural Variation
data/raw/ct_images/tumor/CT00081.png,data/raw/ct_images/tumor/CT00127.png,ct,tumor,tumor,1,4,Near Duplicate,Document & Evaluate Similarity Threshold
data/raw/ct_images/tumor/CT00081.png,data/raw/ct_images/tumor/CT00129.png,ct,tumor,tumor,7,6,Visually Similar,Retain - Shows Structural Variation
data/raw/ct_images/tumor/CT00081.png,data/raw/ct_images/tumor/CT00131.png,ct,tumor,tumor,9,4,Visually Similar,Retain - Shows Structural Variation
data/raw/ct_images/tumor/CT00082.png,data/raw/ct_images/tumor/CT00088.png,ct,tumor,tumor,5,3,Visually Similar,Retain - Shows Structural Variation
data/raw/ct_images/tumor/CT00082.png,data/raw/ct_images/tumor/CT00089.png,ct,tumor,tumor,3,4,Near Duplicate,Document & Evaluate Similarity Threshold
data/raw/ct_images/tumor/CT00082.png,data/raw/ct_images/tumor/CT00090.png,ct,tumor,tumor,4,6,Near Duplicate,Document & Evaluate Similarity Threshold
data/raw/ct_images/tumor/CT00082.png,data/raw/ct_images/tumor/CT00091.png,ct,tumor,tumor,6,4,Visually Similar,Retain - Shows Structural Variation
data/raw/ct_images/tumor/CT00082.png,data/raw/ct_images/tumor/CT00093.png,ct,tumor,tumor,10,5,Visually Similar,Retain - Shows Structural Variation
data/raw/ct_images/tumor/CT00082.png,data/raw/ct_images/tumor/CT00096.png,ct,tumor,tumor,7,1,Visually Similar,Retain - Shows Structural Variation
data/raw/ct_images/tumor/CT00082.png,data/raw/ct_images/tumor/CT00098.png,ct,tumor,tumor,2,3,Near Duplicate,Document & Evaluate Similarity Threshold
data/raw/ct_images/tumor/CT00082.png,data/raw/ct_images/tumor/CT00100.png,ct,tumor,tumor,5,5,Visually Similar,Retain - Shows Structural Variation
data/raw/ct_images/tumor/CT00082.png,data/raw/ct_images/tumor/CT00101.png,ct,tumor,tumor,4,7,Near Duplicate,Document & Evaluate Similarity Threshold
data/raw/ct_images/tumor/CT00082.png,data/raw/ct_images/tumor/CT00103.png,ct,tumor,tumor,10,4,Visually Similar,Retain - Shows Structural Variation
data/raw/ct_images/tumor/CT00082.png,data/raw/ct_images/tumor/CT00104.png,ct,tumor,tumor,10,5,Visually Similar,Retain - Shows Structural Variation
data/raw/ct_images/tumor/CT00082.png,data/raw/ct_images/tumor/CT00105.png,ct,tumor,tumor,2,5,Near Duplicate,Document & Evaluate Similarity Threshold
data/raw/ct_images/tumor/CT00082.png,data/raw/ct_images/tumor/CT00106.png,ct,tumor,tumor,9,4,Visually Similar,Retain - Shows Structural Variation
data/raw/ct_images/tumor/CT00082.png,data/raw/ct_images/tumor/CT00108.png,ct,tumor,tumor,4,5,Near Duplicate,Document & Evaluate Similarity Threshold
data/raw/ct_images/tumor/CT00082.png,data/raw/ct_images/tumor/CT00109.png,ct,tumor,tumor,8,5,Visually Similar,Retain - Shows Structural Variation
data/raw/ct_images/tumor/CT00082.png,data/raw/ct_images/tumor/CT00111.png,ct,tumor,tumor,6,3,Visually Similar,Retain - Shows Structural Variation
data/raw/ct_images/tumor/CT00082.png,data/raw/ct_images/tumor/CT00113.png,ct,tumor,tumor,6,5,Visually Similar,Retain - Shows Structural Variation
data/raw/ct_images/tumor/CT00082.png,data/raw/ct_images/tumor/CT00114.png,ct,tumor,tumor,9,5,Visually Similar,Retain - Shows Structural Variation
data/raw/ct_images/tumor/CT00082.png,data/raw/ct_images/tumor/CT00115.png,ct,tumor,tumor,8,6,Visually Similar,Retain - Shows Structural Variation
data/raw/ct_images/tumor/CT00082.png,data/raw/ct_images/tumor/CT00117.png,ct,tumor,tumor,6,5,Visually Similar,Retain - Shows Structural Variation
data/raw/ct_images/tumor/CT00082.png,data/raw/ct_images/tumor/CT00119.png,ct,tumor,tumor,5,8,Visually Similar,Retain - Shows Structural Variation
data/raw/ct_images/tumor/CT00082.png,data/raw/ct_images/tumor/CT00122.png,ct,tumor,tumor,10,4,Visually Similar,Retain - Shows Structural Variation
data/raw/ct_images/tumor/CT00082.png,data/raw/ct_images/tumor/CT00123.png,ct,tumor,tumor,9,5,Visually Similar,Retain - Shows Structural Variation
data/raw/ct_images/tumor/CT00082.png,data/raw/ct_images/tumor/CT00124.png,ct,tumor,tumor,6,2,Visually Similar,Retain - Shows Structural Variation
data/raw/ct_images/tumor/CT00082.png,data/raw/ct_images/tumor/CT00125.png,ct,tumor,tumor,6,6,Visually Similar,Retain - Shows Structural Variation
data/raw/ct_images/tumor/CT00082.png,data/raw/ct_images/tumor/CT00129.png,ct,tumor,tumor,7,3,Visually Similar,Retain - Shows Structural Variation
data/raw/ct_images/tumor/CT00082.png,data/raw/ct_images/tumor/CT00130.png,ct,tumor,tumor,5,3,Visually Similar,Retain - Shows Structural Variation
data/raw/ct_images/tumor/CT00082.png,data/raw/ct_images/tumor/CT00131.png,ct,tumor,tumor,7,3,Visually Similar,Retain - Shows Structural Variation
data/raw/ct_images/tumor/CT00082.png,data/raw/ct_images/tumor/CT00133.png,ct,tumor,tumor,5,5,Visually Similar,Retain - Shows Structural Variation
data/raw/ct_images/tumor/CT00082.png,data/raw/ct_images/tumor/CT00134.png,ct,tumor,tumor,4,4,Near Duplicate,Document & Evaluate Similarity Threshold
data/raw/ct_images/tumor/CT00082.png,data/raw/ct_images/tumor/CT00135.png,ct,tumor,tumor,4,5,Near Duplicate,Document & Evaluate Similarity Threshold
data/raw/ct_images/tumor/CT00083.png,data/raw/ct_images/tumor/CT00084.png,ct,tumor,tumor,7,2,Visually Similar,Retain - Shows Structural Variation
data/raw/ct_images/tumor/CT00083.png,data/raw/ct_images/tumor/CT00096.png,ct,tumor,tumor,9,5,Visually Similar,Retain - Shows Structural Variation
data/raw/ct_images/tumor/CT00083.png,data/raw/ct_images/tumor/CT00097.png,ct,tumor,tumor,2,1,Near Duplicate,Document & Evaluate Similarity Threshold
data/raw/ct_images/tumor/CT00083.png,data/raw/ct_images/tumor/CT00099.png,ct,tumor,tumor,5,2,Visually Similar,Retain - Shows Structural Variation
data/raw/ct_images/tumor/CT00083.png,data/raw/ct_images/tumor/CT00102.png,ct,tumor,tumor,9,2,Visually Similar,Retain - Shows Structural Variation
data/raw/ct_images/tumor/CT00083.png,data/raw/ct_images/tumor/CT00103.png,ct,tumor,tumor,4,2,Near Duplicate,Document & Evaluate Similarity Threshold
data/raw/ct_images/tumor/CT00083.png,data/raw/ct_images/tumor/CT00104.png,ct,tumor,tumor,8,3,Visually Similar,Retain - Shows Structural Variation
data/raw/ct_images/tumor/CT00083.png,data/raw/ct_images/tumor/CT00107.png,ct,tumor,tumor,7,1,Visually Similar,Retain - Shows Structural Variation
data/raw/ct_images/tumor/CT00083.png,data/raw/ct_images/tumor/CT00111.png,ct,tumor,tumor,10,9,Visually Similar,Retain - Shows Structural Variation
data/raw/ct_images/tumor/CT00083.png,data/raw/ct_images/tumor/CT00113.png,ct,tumor,tumor,10,5,Visually Similar,Retain - Shows Structural Variation
data/raw/ct_images/tumor/CT00083.png,data/raw/ct_images/tumor/CT00115.png,ct,tumor,tumor,10,4,Visually Similar,Retain - Shows Structural Variation
data/raw/ct_images/tumor/CT00083.png,data/raw/ct_images/tumor/CT00118.png,ct,tumor,tumor,8,2,Visually Similar,Retain - Shows Structural Variation
data/raw/ct_images/tumor/CT00083.png,data/raw/ct_images/tumor/CT00122.png,ct,tumor,tumor,8,6,Visually Similar,Retain - Shows Structural Variation
data/raw/ct_images/tumor/CT00083.png,data/raw/ct_images/tumor/CT00126.png,ct,tumor,tumor,9,3,Visually Similar,Retain - Shows Structural Variation
data/raw/ct_images/tumor/CT00083.png,data/raw/ct_images/tumor/CT00131.png,ct,tumor,tumor,9,3,Visually Similar,Retain - Shows Structural Variation
data/raw/ct_images/tumor/CT00083.png,data/raw/ct_images/tumor/CT00135.png,ct,tumor,tumor,10,5,Visually Similar,Retain - Shows Structural Variation
data/raw/ct_images/tumor/CT00084.png,data/raw/ct_images/tumor/CT00086.png,ct,tumor,tumor,6,2,Visually Similar,Retain - Shows Structural Variation
data/raw/ct_images/tumor/CT00084.png,data/raw/ct_images/tumor/CT00097.png,ct,tumor,tumor,7,1,Visually Similar,Retain - Shows Structural Variation
data/raw/ct_images/tumor/CT00084.png,data/raw/ct_images/tumor/CT00099.png,ct,tumor,tumor,6,2,Visually Similar,Retain - Shows Structural Variation
data/raw/ct_images/tumor/CT00084.png,data/raw/ct_images/tumor/CT00102.png,ct,tumor,tumor,10,2,Visually Similar,Retain - Shows Structural Variation
data/raw/ct_images/tumor/CT00084.png,data/raw/ct_images/tumor/CT00103.png,ct,tumor,tumor,9,2,Visually Similar,Retain - Shows Structural Variation
data/raw/ct_images/tumor/CT00084.png,data/raw/ct_images/tumor/CT00104.png,ct,tumor,tumor,9,3,Visually Similar,Retain - Shows Structural Variation
data/raw/ct_images/tumor/CT00084.png,data/raw/ct_images/tumor/CT00107.png,ct,tumor,tumor,2,1,Near Duplicate,Document & Evaluate Similarity Threshold
data/raw/ct_images/tumor/CT00084.png,data/raw/ct_images/tumor/CT00110.png,ct,tumor,tumor,10,3,Visually Similar,Retain - Shows Structural Variation
data/raw/ct_images/tumor/CT00084.png,data/raw/ct_images/tumor/CT00115.png,ct,tumor,tumor,9,2,Visually Similar,Retain - Shows Structural Variation
data/raw/ct_images/tumor/CT00084.png,data/raw/ct_images/tumor/CT00118.png,ct,tumor,tumor,5,2,Visually Similar,Retain - Shows Structural Variation
data/raw/ct_images/tumor/CT00084.png,data/raw/ct_images/tumor/CT00126.png,ct,tumor,tumor,6,1,Visually Similar,Retain - Shows Structural Variation
data/raw/ct_images/tumor/CT00084.png,data/raw/ct_images/tumor/CT00127.png,ct,tumor,tumor,10,3,Visually Similar,Retain - Shows Structural Variation
data/raw/ct_images/tumor/CT00084.png,data/raw/ct_images/tumor/CT00129.png,ct,tumor,tumor,8,5,Visually Similar,Retain - Shows Structural Variation
data/raw/ct_images/tumor/CT00085.png,data/raw/ct_images/tumor/CT00087.png,ct,tumor,tumor,6,2,Visually Similar,Retain - Shows Structural Variation
data/raw/ct_images/tumor/CT00085.png,data/raw/ct_images/tumor/CT00092.png,ct,tumor,tumor,7,4,Visually Similar,Retain - Shows Structural Variation
data/raw/ct_images/tumor/CT00085.png,data/raw/ct_images/tumor/CT00112.png,ct,tumor,tumor,10,4,Visually Similar,Retain - Shows Structural Variation
data/raw/ct_images/tumor/CT00085.png,data/raw/ct_images/tumor/CT00116.png,ct,tumor,tumor,5,4,Visually Similar,Retain - Shows Structural Variation
data/raw/ct_images/tumor/CT00085.png,data/raw/ct_images/tumor/CT00120.png,ct,tumor,tumor,9,4,Visually Similar,Retain - Shows Structural Variation
data/raw/ct_images/tumor/CT00085.png,data/raw/ct_images/tumor/CT00121.png,ct,tumor,tumor,6,2,Visually Similar,Retain - Shows Structural Variation
data/raw/ct_images/tumor/CT00086.png,data/raw/ct_images/tumor/CT00089.png,ct,tumor,tumor,10,2,Visually Similar,Retain - Shows Structural Variation
data/raw/ct_images/tumor/CT00086.png,data/raw/ct_images/tumor/CT00098.png,ct,tumor,tumor,9,5,Visually Similar,Retain - Shows Structural Variation
data/raw/ct_images/tumor/CT00086.png,data/raw/ct_images/tumor/CT00099.png,ct,tumor,tumor,6,4,Visually Similar,Retain - Shows Structural Variation
data/raw/ct_images/tumor/CT00086.png,data/raw/ct_images/tumor/CT00100.png,ct,tumor,tumor,10,5,Visually Similar,Retain - Shows Structural Variation
data/raw/ct_images/tumor/CT00086.png,data/raw/ct_images/tumor/CT00101.png,ct,tumor,tumor,7,1,Visually Similar,Retain - Shows Structural Variation
data/raw/ct_images/tumor/CT00086.png,data/raw/ct_images/tumor/CT00102.png,ct,tumor,tumor,10,4,Visually Similar,Retain - Shows Structural Variation
data/raw/ct_images/tumor/CT00086.png,data/raw/ct_images/tumor/CT00103.png,ct,tumor,tumor,9,4,Visually Similar,Retain - Shows Structural Variation
data/raw/ct_images/tumor/CT00086.png,data/raw/ct_images/tumor/CT00104.png,ct,tumor,tumor,9,5,Visually Similar,Retain - Shows Structural Variation
data/raw/ct_images/tumor/CT00086.png,data/raw/ct_images/tumor/CT00107.png,ct,tumor,tumor,8,3,Visually Similar,Retain - Shows Structural Variation
data/raw/ct_images/tumor/CT00086.png,data/raw/ct_images/tumor/CT00110.png,ct,tumor,tumor,8,5,Visually Similar,Retain - Shows Structural Variation
data/raw/ct_images/tumor/CT00086.png,data/raw/ct_images/tumor/CT00115.png,ct,tumor,tumor,5,0,Visually Similar,Retain - Shows Structural Variation
data/raw/ct_images/tumor/CT00086.png,data/raw/ct_images/tumor/CT00118.png,ct,tumor,tumor,7,4,Visually Similar,Retain - Shows Structural Variation
data/raw/ct_images/tumor/CT00086.png,data/raw/ct_images/tumor/CT00125.png,ct,tumor,tumor,7,2,Visually Similar,Retain - Shows Structural Variation
data/raw/ct_images/tumor/CT00086.png,data/raw/ct_images/tumor/CT00126.png,ct,tumor,tumor,6,3,Visually Similar,Retain - Shows Structural Variation
data/raw/ct_images/tumor/CT00086.png,data/raw/ct_images/tumor/CT00127.png,ct,tumor,tumor,10,5,Visually Similar,Retain - Shows Structural Variation
data/raw/ct_images/tumor/CT00086.png,data/raw/ct_images/tumor/CT00129.png,ct,tumor,tumor,6,5,Visually Similar,Retain - Shows Structural Variation
data/raw/ct_images/tumor/CT00086.png,data/raw/ct_images/tumor/CT00133.png,ct,tumor,tumor,10,5,Visually Similar,Retain - Shows Structural Variation
data/raw/ct_images/tumor/CT00087.png,data/raw/ct_images/tumor/CT00092.png,ct,tumor,tumor,9,2,Visually Similar,Retain - Shows Structural Variation
data/raw/ct_images/tumor/CT00087.png,data/raw/ct_images/tumor/CT00116.png,ct,tumor,tumor,5,2,Visually Similar,Retain - Shows Structural Variation
data/raw/ct_images/tumor/CT00087.png,data/raw/ct_images/tumor/CT00120.png,ct,tumor,tumor,3,2,Near Duplicate,Document & Evaluate Similarity Threshold
data/raw/ct_images/tumor/CT00088.png,data/raw/ct_images/tumor/CT00089.png,ct,tumor,tumor,2,3,Near Duplicate,Document & Evaluate Similarity Threshold
data/raw/ct_images/tumor/CT00088.png,data/raw/ct_images/tumor/CT00090.png,ct,tumor,tumor,7,9,Visually Similar,Retain - Shows Structural Variation
data/raw/ct_images/tumor/CT00088.png,data/raw/ct_images/tumor/CT00091.png,ct,tumor,tumor,5,3,Visually Similar,Retain - Shows Structural Variation
data/raw/ct_images/tumor/CT00088.png,data/raw/ct_images/tumor/CT00096.png,ct,tumor,tumor,6,2,Visually Similar,Retain - Shows Structural Variation
data/raw/ct_images/tumor/CT00088.png,data/raw/ct_images/tumor/CT00098.png,ct,tumor,tumor,7,6,Visually Similar,Retain - Shows Structural Variation
data/raw/ct_images/tumor/CT00088.png,data/raw/ct_images/tumor/CT00100.png,ct,tumor,tumor,6,8,Visually Similar,Retain - Shows Structural Variation
data/raw/ct_images/tumor/CT00088.png,data/raw/ct_images/tumor/CT00101.png,ct,tumor,tumor,7,6,Visually Similar,Retain - Shows Structural Variation
data/raw/ct_images/tumor/CT00088.png,data/raw/ct_images/tumor/CT00105.png,ct,tumor,tumor,7,8,Visually Similar,Retain - Shows Structural Variation
data/raw/ct_images/tumor/CT00088.png,data/raw/ct_images/tumor/CT00108.png,ct,tumor,tumor,7,6,Visually Similar,Retain - Shows Structural Variation
data/raw/ct_images/tumor/CT00088.png,data/raw/ct_images/tumor/CT00114.png,ct,tumor,tumor,10,4,Visually Similar,Retain - Shows Structural Variation
data/raw/ct_images/tumor/CT00088.png,data/raw/ct_images/tumor/CT00115.png,ct,tumor,tumor,9,5,Visually Similar,Retain - Shows Structural Variation
data/raw/ct_images/tumor/CT00088.png,data/raw/ct_images/tumor/CT00117.png,ct,tumor,tumor,9,6,Visually Similar,Retain - Shows Structural Variation
data/raw/ct_images/tumor/CT00088.png,data/raw/ct_images/tumor/CT00119.png,ct,tumor,tumor,2,5,Near Duplicate,Document & Evaluate Similarity Threshold
data/raw/ct_images/tumor/CT00088.png,data/raw/ct_images/tumor/CT00124.png,ct,tumor,tumor,7,5,Visually Similar,Retain - Shows Structural Variation
data/raw/ct_images/tumor/CT00088.png,data/raw/ct_images/tumor/CT00125.png,ct,tumor,tumor,5,5,Visually Similar,Retain - Shows Structural Variation
data/raw/ct_images/tumor/CT00088.png,data/raw/ct_images/tumor/CT00130.png,ct,tumor,tumor,4,6,Near Duplicate,Document & Evaluate Similarity Threshold
data/raw/ct_images/tumor/CT00088.png,data/raw/ct_images/tumor/CT00131.png,ct,tumor,tumor,6,4,Visually Similar,Retain - Shows Structural Variation
data/raw/ct_images/tumor/CT00088.png,data/raw/ct_images/tumor/CT00133.png,ct,tumor,tumor,6,8,Visually Similar,Retain - Shows Structural Variation
data/raw/ct_images/tumor/CT00088.png,data/raw/ct_images/tumor/CT00134.png,ct,tumor,tumor,3,3,Near Duplicate,Document & Evaluate Similarity Threshold
data/raw/ct_images/tumor/CT00088.png,data/raw/ct_images/tumor/CT00135.png,ct,tumor,tumor,9,8,Visually Similar,Retain - Shows Structural Variation
data/raw/ct_images/tumor/CT00089.png,data/raw/ct_images/tumor/CT00090.png,ct,tumor,tumor,7,6,Visually Similar,Retain - Shows Structural Variation
data/raw/ct_images/tumor/CT00089.png,data/raw/ct_images/tumor/CT00091.png,ct,tumor,tumor,5,6,Visually Similar,Retain - Shows Structural Variation
data/raw/ct_images/tumor/CT00089.png,data/raw/ct_images/tumor/CT00096.png,ct,tumor,tumor,4,3,Near Duplicate,Document & Evaluate Similarity Threshold
data/raw/ct_images/tumor/CT00089.png,data/raw/ct_images/tumor/CT00098.png,ct,tumor,tumor,5,3,Visually Similar,Retain - Shows Structural Variation
data/raw/ct_images/tumor/CT00089.png,data/raw/ct_images/tumor/CT00099.png,ct,tumor,tumor,10,4,Visually Similar,Retain - Shows Structural Variation
data/raw/ct_images/tumor/CT00089.png,data/raw/ct_images/tumor/CT00100.png,ct,tumor,tumor,8,5,Visually Similar,Retain - Shows Structural Variation
data/raw/ct_images/tumor/CT00089.png,data/raw/ct_images/tumor/CT00101.png,ct,tumor,tumor,5,3,Visually Similar,Retain - Shows Structural Variation
data/raw/ct_images/tumor/CT00089.png,data/raw/ct_images/tumor/CT00105.png,ct,tumor,tumor,5,5,Visually Similar,Retain - Shows Structural Variation
data/raw/ct_images/tumor/CT00089.png,data/raw/ct_images/tumor/CT00108.png,ct,tumor,tumor,5,9,Visually Similar,Retain - Shows Structural Variation
data/raw/ct_images/tumor/CT00089.png,data/raw/ct_images/tumor/CT00109.png,ct,tumor,tumor,9,5,Visually Similar,Retain - Shows Structural Variation
data/raw/ct_images/tumor/CT00089.png,data/raw/ct_images/tumor/CT00111.png,ct,tumor,tumor,9,7,Visually Similar,Retain - Shows Structural Variation
data/raw/ct_images/tumor/CT00089.png,data/raw/ct_images/tumor/CT00113.png,ct,tumor,tumor,9,5,Visually Similar,Retain - Shows Structural Variation
data/raw/ct_images/tumor/CT00089.png,data/raw/ct_images/tumor/CT00114.png,ct,tumor,tumor,8,7,Visually Similar,Retain - Shows Structural Variation
data/raw/ct_images/tumor/CT00089.png,data/raw/ct_images/tumor/CT00115.png,ct,tumor,tumor,7,2,Visually Similar,Retain - Shows Structural Variation
data/raw/ct_images/tumor/CT00089.png,data/raw/ct_images/tumor/CT00117.png,ct,tumor,tumor,7,3,Visually Similar,Retain - Shows Structural Variation
data/raw/ct_images/tumor/CT00089.png,data/raw/ct_images/tumor/CT00119.png,ct,tumor,tumor,2,4,Near Duplicate,Document & Evaluate Similarity Threshold
data/raw/ct_images/tumor/CT00089.png,data/raw/ct_images/tumor/CT00122.png,ct,tumor,tumor,9,6,Visually Similar,Retain - Shows Structural Variation
data/raw/ct_images/tumor/CT00089.png,data/raw/ct_images/tumor/CT00124.png,ct,tumor,tumor,7,2,Visually Similar,Retain - Shows Structural Variation
data/raw/ct_images/tumor/CT00089.png,data/raw/ct_images/tumor/CT00125.png,ct,tumor,tumor,3,2,Near Duplicate,Document & Evaluate Similarity Threshold
data/raw/ct_images/tumor/CT00089.png,data/raw/ct_images/tumor/CT00126.png,ct,tumor,tumor,10,1,Visually Similar,Retain - Shows Structural Variation
data/raw/ct_images/tumor/CT00089.png,data/raw/ct_images/tumor/CT00127.png,ct,tumor,tumor,10,3,Visually Similar,Retain - Shows Structural Variation
data/raw/ct_images/tumor/CT00089.png,data/raw/ct_images/tumor/CT00129.png,ct,tumor,tumor,10,3,Visually Similar,Retain - Shows Structural Variation
data/raw/ct_images/tumor/CT00089.png,data/raw/ct_images/tumor/CT00130.png,ct,tumor,tumor,6,3,Visually Similar,Retain - Shows Structural Variation
data/raw/ct_images/tumor/CT00089.png,data/raw/ct_images/tumor/CT00131.png,ct,tumor,tumor,4,1,Near Duplicate,Document & Evaluate Similarity Threshold
data/raw/ct_images/tumor/CT00089.png,data/raw/ct_images/tumor/CT00133.png,ct,tumor,tumor,8,5,Visually Similar,Retain - Shows Structural Variation
data/raw/ct_images/tumor/CT00089.png,data/raw/ct_images/tumor/CT00134.png,ct,tumor,tumor,5,2,Visually Similar,Retain - Shows Structural Variation
data/raw/ct_images/tumor/CT00089.png,data/raw/ct_images/tumor/CT00135.png,ct,tumor,tumor,7,5,Visually Similar,Retain - Shows Structural Variation
data/raw/ct_images/tumor/CT00090.png,data/raw/ct_images/tumor/CT00091.png,ct,tumor,tumor,4,8,Near Duplicate,Document & Evaluate Similarity Threshold
data/raw/ct_images/tumor/CT00090.png,data/raw/ct_images/tumor/CT00093.png,ct,tumor,tumor,8,3,Visually Similar,Retain - Shows Structural Variation
data/raw/ct_images/tumor/CT00090.png,data/raw/ct_images/tumor/CT00096.png,ct,tumor,tumor,5,7,Visually Similar,Retain - Shows Structural Variation
data/raw/ct_images/tumor/CT00090.png,data/raw/ct_images/tumor/CT00097.png,ct,tumor,tumor,10,7,Visually Similar,Retain - Shows Structural Variation
data/raw/ct_images/tumor/CT00090.png,data/raw/ct_images/tumor/CT00098.png,ct,tumor,tumor,4,3,Near Duplicate,Document & Evaluate Similarity Threshold
data/raw/ct_images/tumor/CT00090.png,data/raw/ct_images/tumor/CT00099.png,ct,tumor,tumor,9,4,Visually Similar,Retain - Shows Structural Variation
data/raw/ct_images/tumor/CT00090.png,data/raw/ct_images/tumor/CT00100.png,ct,tumor,tumor,5,1,Visually Similar,Retain - Shows Structural Variation
data/raw/ct_images/tumor/CT00090.png,data/raw/ct_images/tumor/CT00101.png,ct,tumor,tumor,6,5,Visually Similar,Retain - Shows Structural Variation
data/raw/ct_images/tumor/CT00090.png,data/raw/ct_images/tumor/CT00102.png,ct,tumor,tumor,9,4,Visually Similar,Retain - Shows Structural Variation
data/raw/ct_images/tumor/CT00090.png,data/raw/ct_images/tumor/CT00103.png,ct,tumor,tumor,8,4,Visually Similar,Retain - Shows Structural Variation
data/raw/ct_images/tumor/CT00090.png,data/raw/ct_images/tumor/CT00104.png,ct,tumor,tumor,8,3,Visually Similar,Retain - Shows Structural Variation
data/raw/ct_images/tumor/CT00090.png,data/raw/ct_images/tumor/CT00105.png,ct,tumor,tumor,2,3,Near Duplicate,Document & Evaluate Similarity Threshold
data/raw/ct_images/tumor/CT00090.png,data/raw/ct_images/tumor/CT00106.png,ct,tumor,tumor,7,6,Visually Similar,Retain - Shows Structural Variation
data/raw/ct_images/tumor/CT00090.png,data/raw/ct_images/tumor/CT00108.png,ct,tumor,tumor,4,9,Near Duplicate,Document & Evaluate Similarity Threshold
data/raw/ct_images/tumor/CT00090.png,data/raw/ct_images/tumor/CT00109.png,ct,tumor,tumor,6,5,Visually Similar,Retain - Shows Structural Variation
data/raw/ct_images/tumor/CT00090.png,data/raw/ct_images/tumor/CT00111.png,ct,tumor,tumor,6,7,Visually Similar,Retain - Shows Structural Variation
data/raw/ct_images/tumor/CT00090.png,data/raw/ct_images/tumor/CT00113.png,ct,tumor,tumor,4,1,Near Duplicate,Document & Evaluate Similarity Threshold
data/raw/ct_images/tumor/CT00090.png,data/raw/ct_images/tumor/CT00114.png,ct,tumor,tumor,9,11,Visually Similar,Retain - Shows Structural Variation
data/raw/ct_images/tumor/CT00090.png,data/raw/ct_images/tumor/CT00115.png,ct,tumor,tumor,8,6,Visually Similar,Retain - Shows Structural Variation
data/raw/ct_images/tumor/CT00090.png,data/raw/ct_images/tumor/CT00117.png,ct,tumor,tumor,4,3,Near Duplicate,Document & Evaluate Similarity Threshold
data/raw/ct_images/tumor/CT00090.png,data/raw/ct_images/tumor/CT00118.png,ct,tumor,tumor,10,4,Visually Similar,Retain - Shows Structural Variation
data/raw/ct_images/tumor/CT00090.png,data/raw/ct_images/tumor/CT00119.png,ct,tumor,tumor,7,6,Visually Similar,Retain - Shows Structural Variation
data/raw/ct_images/tumor/CT00090.png,data/raw/ct_images/tumor/CT00121.png,ct,tumor,tumor,10,2,Visually Similar,Retain - Shows Structural Variation
data/raw/ct_images/tumor/CT00090.png,data/raw/ct_images/tumor/CT00122.png,ct,tumor,tumor,10,10,Visually Similar,Retain - Shows Structural Variation
data/raw/ct_images/tumor/CT00090.png,data/raw/ct_images/tumor/CT00123.png,ct,tumor,tumor,7,3,Visually Similar,Retain - Shows Structural Variation
data/raw/ct_images/tumor/CT00090.png,data/raw/ct_images/tumor/CT00124.png,ct,tumor,tumor,2,4,Near Duplicate,Document & Evaluate Similarity Threshold
data/raw/ct_images/tumor/CT00090.png,data/raw/ct_images/tumor/CT00125.png,ct,tumor,tumor,8,6,Visually Similar,Retain - Shows Structural Variation
data/raw/ct_images/tumor/CT00090.png,data/raw/ct_images/tumor/CT00126.png,ct,tumor,tumor,9,7,Visually Similar,Retain - Shows Structural Variation
data/raw/ct_images/tumor/CT00090.png,data/raw/ct_images/tumor/CT00129.png,ct,tumor,tumor,7,3,Visually Similar,Retain - Shows Structural Variation
data/raw/ct_images/tumor/CT00090.png,data/raw/ct_images/tumor/CT00130.png,ct,tumor,tumor,7,3,Visually Similar,Retain - Shows Structural Variation
data/raw/ct_images/tumor/CT00090.png,data/raw/ct_images/tumor/CT00131.png,ct,tumor,tumor,5,5,Visually Similar,Retain - Shows Structural Variation
data/raw/ct_images/tumor/CT00090.png,data/raw/ct_images/tumor/CT00133.png,ct,tumor,tumor,5,3,Visually Similar,Retain - Shows Structural Variation
data/raw/ct_images/tumor/CT00090.png,data/raw/ct_images/tumor/CT00134.png,ct,tumor,tumor,6,6,Visually Similar,Retain - Shows Structural Variation
data/raw/ct_images/tumor/CT00090.png,data/raw/ct_images/tumor/CT00135.png,ct,tumor,tumor,2,5,Near Duplicate,Document & Evaluate Similarity Threshold
data/raw/ct_images/tumor/CT00091.png,data/raw/ct_images/tumor/CT00093.png,ct,tumor,tumor,10,7,Visually Similar,Retain - Shows Structural Variation
data/raw/ct_images/tumor/CT00091.png,data/raw/ct_images/tumor/CT00094.png,ct,tumor,tumor,9,2,Visually Similar,Retain - Shows Structural Variation
data/raw/ct_images/tumor/CT00091.png,data/raw/ct_images/tumor/CT00096.png,ct,tumor,tumor,3,3,Near Duplicate,Document & Evaluate Similarity Threshold
data/raw/ct_images/tumor/CT00091.png,data/raw/ct_images/tumor/CT00097.png,ct,tumor,tumor,10,9,Visually Similar,Retain - Shows Structural Variation
data/raw/ct_images/tumor/CT00091.png,data/raw/ct_images/tumor/CT00098.png,ct,tumor,tumor,8,7,Visually Similar,Retain - Shows Structural Variation
data/raw/ct_images/tumor/CT00091.png,data/raw/ct_images/tumor/CT00100.png,ct,tumor,tumor,9,9,Visually Similar,Retain - Shows Structural Variation
data/raw/ct_images/tumor/CT00091.png,data/raw/ct_images/tumor/CT00101.png,ct,tumor,tumor,10,9,Visually Similar,Retain - Shows Structural Variation
data/raw/ct_images/tumor/CT00091.png,data/raw/ct_images/tumor/CT00103.png,ct,tumor,tumor,8,8,Visually Similar,Retain - Shows Structural Variation
data/raw/ct_images/tumor/CT00091.png,data/raw/ct_images/tumor/CT00104.png,ct,tumor,tumor,10,9,Visually Similar,Retain - Shows Structural Variation
data/raw/ct_images/tumor/CT00091.png,data/raw/ct_images/tumor/CT00105.png,ct,tumor,tumor,6,9,Visually Similar,Retain - Shows Structural Variation
data/raw/ct_images/tumor/CT00091.png,data/raw/ct_images/tumor/CT00108.png,ct,tumor,tumor,2,3,Near Duplicate,Document & Evaluate Similarity Threshold
data/raw/ct_images/tumor/CT00091.png,data/raw/ct_images/tumor/CT00109.png,ct,tumor,tumor,6,7,Visually Similar,Retain - Shows Structural Variation
data/raw/ct_images/tumor/CT00091.png,data/raw/ct_images/tumor/CT00111.png,ct,tumor,tumor,6,3,Visually Similar,Retain - Shows Structural Variation
data/raw/ct_images/tumor/CT00091.png,data/raw/ct_images/tumor/CT00113.png,ct,tumor,tumor,8,9,Visually Similar,Retain - Shows Structural Variation
data/raw/ct_images/tumor/CT00091.png,data/raw/ct_images/tumor/CT00114.png,ct,tumor,tumor,7,3,Visually Similar,Retain - Shows Structural Variation
data/raw/ct_images/tumor/CT00091.png,data/raw/ct_images/tumor/CT00115.png,ct,tumor,tumor,10,8,Visually Similar,Retain - Shows Structural Variation
data/raw/ct_images/tumor/CT00091.png,data/raw/ct_images/tumor/CT00117.png,ct,tumor,tumor,4,7,Near Duplicate,Document & Evaluate Similarity Threshold
data/raw/ct_images/tumor/CT00091.png,data/raw/ct_images/tumor/CT00119.png,ct,tumor,tumor,5,6,Visually Similar,Retain - Shows Structural Variation
data/raw/ct_images/tumor/CT00091.png,data/raw/ct_images/tumor/CT00122.png,ct,tumor,tumor,8,2,Visually Similar,Retain - Shows Structural Variation
data/raw/ct_images/tumor/CT00091.png,data/raw/ct_images/tumor/CT00124.png,ct,tumor,tumor,4,6,Near Duplicate,Document & Evaluate Similarity Threshold
data/raw/ct_images/tumor/CT00091.png,data/raw/ct_images/tumor/CT00125.png,ct,tumor,tumor,8,8,Visually Similar,Retain - Shows Structural Variation
data/raw/ct_images/tumor/CT00091.png,data/raw/ct_images/tumor/CT00127.png,ct,tumor,tumor,9,5,Visually Similar,Retain - Shows Structural Variation
data/raw/ct_images/tumor/CT00091.png,data/raw/ct_images/tumor/CT00130.png,ct,tumor,tumor,7,7,Visually Similar,Retain - Shows Structural Variation
data/raw/ct_images/tumor/CT00091.png,data/raw/ct_images/tumor/CT00131.png,ct,tumor,tumor,3,5,Near Duplicate,Document & Evaluate Similarity Threshold
data/raw/ct_images/tumor/CT00091.png,data/raw/ct_images/tumor/CT00133.png,ct,tumor,tumor,9,9,Visually Similar,Retain - Shows Structural Variation
data/raw/ct_images/tumor/CT00091.png,data/raw/ct_images/tumor/CT00134.png,ct,tumor,tumor,6,4,Visually Similar,Retain - Shows Structural Variation
data/raw/ct_images/tumor/CT00091.png,data/raw/ct_images/tumor/CT00135.png,ct,tumor,tumor,6,9,Visually Similar,Retain - Shows Structural Variation
data/raw/ct_images/tumor/CT00092.png,data/raw/ct_images/tumor/CT00120.png,ct,tumor,tumor,8,2,Visually Similar,Retain - Shows Structural Variation
data/raw/ct_images/tumor/CT00093.png,data/raw/ct_images/tumor/CT00096.png,ct,tumor,tumor,9,4,Visually Similar,Retain - Shows Structural Variation
data/raw/ct_images/tumor/CT00093.png,data/raw/ct_images/tumor/CT00098.png,ct,tumor,tumor,10,2,Visually Similar,Retain - Shows Structural Variation
data/raw/ct_images/tumor/CT00093.png,data/raw/ct_images/tumor/CT00103.png,ct,tumor,tumor,10,3,Visually Similar,Retain - Shows Structural Variation
data/raw/ct_images/tumor/CT00093.png,data/raw/ct_images/tumor/CT00105.png,ct,tumor,tumor,8,4,Visually Similar,Retain - Shows Structural Variation
data/raw/ct_images/tumor/CT00093.png,data/raw/ct_images/tumor/CT00108.png,ct,tumor,tumor,8,10,Visually Similar,Retain - Shows Structural Variation
data/raw/ct_images/tumor/CT00093.png,data/raw/ct_images/tumor/CT00109.png,ct,tumor,tumor,4,4,Near Duplicate,Document & Evaluate Similarity Threshold
data/raw/ct_images/tumor/CT00093.png,data/raw/ct_images/tumor/CT00111.png,ct,tumor,tumor,8,8,Visually Similar,Retain - Shows Structural Variation
data/raw/ct_images/tumor/CT00093.png,data/raw/ct_images/tumor/CT00113.png,ct,tumor,tumor,8,2,Visually Similar,Retain - Shows Structural Variation
data/raw/ct_images/tumor/CT00093.png,data/raw/ct_images/tumor/CT00116.png,ct,tumor,tumor,9,1,Visually Similar,Retain - Shows Structural Variation
data/raw/ct_images/tumor/CT00093.png,data/raw/ct_images/tumor/CT00117.png,ct,tumor,tumor,6,0,Visually Similar,Retain - Shows Structural Variation
data/raw/ct_images/tumor/CT00093.png,data/raw/ct_images/tumor/CT00121.png,ct,tumor,tumor,6,1,Visually Similar,Retain - Shows Structural Variation
data/raw/ct_images/tumor/CT00093.png,data/raw/ct_images/tumor/CT00124.png,ct,tumor,tumor,8,3,Visually Similar,Retain - Shows Structural Variation
data/raw/ct_images/tumor/CT00093.png,data/raw/ct_images/tumor/CT00131.png,ct,tumor,tumor,9,2,Visually Similar,Retain - Shows Structural Variation
data/raw/ct_images/tumor/CT00093.png,data/raw/ct_images/tumor/CT00135.png,ct,tumor,tumor,8,6,Visually Similar,Retain - Shows Structural Variation
data/raw/ct_images/tumor/CT00094.png,data/raw/ct_images/tumor/CT00096.png,ct,tumor,tumor,10,3,Visually Similar,Retain - Shows Structural Variation
data/raw/ct_images/tumor/CT00094.png,data/raw/ct_images/tumor/CT00099.png,ct,tumor,tumor,10,6,Visually Similar,Retain - Shows Structural Variation
data/raw/ct_images/tumor/CT00094.png,data/raw/ct_images/tumor/CT00102.png,ct,tumor,tumor,6,6,Visually Similar,Retain - Shows Structural Variation
data/raw/ct_images/tumor/CT00094.png,data/raw/ct_images/tumor/CT00103.png,ct,tumor,tumor,9,6,Visually Similar,Retain - Shows Structural Variation
data/raw/ct_images/tumor/CT00094.png,data/raw/ct_images/tumor/CT00104.png,ct,tumor,tumor,7,7,Visually Similar,Retain - Shows Structural Variation
data/raw/ct_images/tumor/CT00094.png,data/raw/ct_images/tumor/CT00106.png,ct,tumor,tumor,4,4,Near Duplicate,Document & Evaluate Similarity Threshold
data/raw/ct_images/tumor/CT00094.png,data/raw/ct_images/tumor/CT00108.png,ct,tumor,tumor,9,5,Visually Similar,Retain - Shows Structural Variation
data/raw/ct_images/tumor/CT00094.png,data/raw/ct_images/tumor/CT00111.png,ct,tumor,tumor,5,3,Visually Similar,Retain - Shows Structural Variation
data/raw/ct_images/tumor/CT00094.png,data/raw/ct_images/tumor/CT00114.png,ct,tumor,tumor,4,1,Near Duplicate,Document & Evaluate Similarity Threshold
data/raw/ct_images/tumor/CT00094.png,data/raw/ct_images/tumor/CT00122.png,ct,tumor,tumor,5,0,Visually Similar,Retain - Shows Structural Variation
data/raw/ct_images/tumor/CT00094.png,data/raw/ct_images/tumor/CT00123.png,ct,tumor,tumor,6,9,Visually Similar,Retain - Shows Structural Variation
data/raw/ct_images/tumor/CT00094.png,data/raw/ct_images/tumor/CT00126.png,ct,tumor,tumor,8,5,Visually Similar,Retain - Shows Structural Variation
data/raw/ct_images/tumor/CT00094.png,data/raw/ct_images/tumor/CT00127.png,ct,tumor,tumor,4,3,Near Duplicate,Document & Evaluate Similarity Threshold
data/raw/ct_images/tumor/CT00094.png,data/raw/ct_images/tumor/CT00129.png,ct,tumor,tumor,10,7,Visually Similar,Retain - Shows Structural Variation
data/raw/ct_images/tumor/CT00094.png,data/raw/ct_images/tumor/CT00131.png,ct,tumor,tumor,10,5,Visually Similar,Retain - Shows Structural Variation
data/raw/ct_images/tumor/CT00095.png,data/raw/ct_images/tumor/CT00128.png,ct,tumor,tumor,6,6,Visually Similar,Retain - Shows Structural Variation
data/raw/ct_images/tumor/CT00095.png,data/raw/ct_images/tumor/CT00132.png,ct,tumor,tumor,4,5,Near Duplicate,Document & Evaluate Similarity Threshold
data/raw/ct_images/tumor/CT00096.png,data/raw/ct_images/tumor/CT00097.png,ct,tumor,tumor,7,6,Visually Similar,Retain - Shows Structural Variation
data/raw/ct_images/tumor/CT00096.png,data/raw/ct_images/tumor/CT00098.png,ct,tumor,tumor,7,4,Visually Similar,Retain - Shows Structural Variation
data/raw/ct_images/tumor/CT00096.png,data/raw/ct_images/tumor/CT00099.png,ct,tumor,tumor,8,5,Visually Similar,Retain - Shows Structural Variation
data/raw/ct_images/tumor/CT00096.png,data/raw/ct_images/tumor/CT00100.png,ct,tumor,tumor,10,6,Visually Similar,Retain - Shows Structural Variation
data/raw/ct_images/tumor/CT00096.png,data/raw/ct_images/tumor/CT00101.png,ct,tumor,tumor,7,6,Visually Similar,Retain - Shows Structural Variation
data/raw/ct_images/tumor/CT00096.png,data/raw/ct_images/tumor/CT00102.png,ct,tumor,tumor,10,5,Visually Similar,Retain - Shows Structural Variation
data/raw/ct_images/tumor/CT00096.png,data/raw/ct_images/tumor/CT00103.png,ct,tumor,tumor,7,5,Visually Similar,Retain - Shows Structural Variation
data/raw/ct_images/tumor/CT00096.png,data/raw/ct_images/tumor/CT00104.png,ct,tumor,tumor,9,6,Visually Similar,Retain - Shows Structural Variation
data/raw/ct_images/tumor/CT00096.png,data/raw/ct_images/tumor/CT00105.png,ct,tumor,tumor,5,6,Visually Similar,Retain - Shows Structural Variation
data/raw/ct_images/tumor/CT00096.png,data/raw/ct_images/tumor/CT00106.png,ct,tumor,tumor,10,5,Visually Similar,Retain - Shows Structural Variation
data/raw/ct_images/tumor/CT00096.png,data/raw/ct_images/tumor/CT00108.png,ct,tumor,tumor,3,6,Near Duplicate,Document & Evaluate Similarity Threshold
data/raw/ct_images/tumor/CT00096.png,data/raw/ct_images/tumor/CT00109.png,ct,tumor,tumor,5,6,Visually Similar,Retain - Shows Structural Variation
data/raw/ct_images/tumor/CT00096.png,data/raw/ct_images/tumor/CT00111.png,ct,tumor,tumor,7,4,Visually Similar,Retain - Shows Structural Variation
data/raw/ct_images/tumor/CT00096.png,data/raw/ct_images/tumor/CT00113.png,ct,tumor,tumor,7,6,Visually Similar,Retain - Shows Structural Variation
data/raw/ct_images/tumor/CT00096.png,data/raw/ct_images/tumor/CT00114.png,ct,tumor,tumor,6,4,Visually Similar,Retain - Shows Structural Variation
data/raw/ct_images/tumor/CT00096.png,data/raw/ct_images/tumor/CT00115.png,ct,tumor,tumor,7,5,Visually Similar,Retain - Shows Structural Variation
data/raw/ct_images/tumor/CT00096.png,data/raw/ct_images/tumor/CT00117.png,ct,tumor,tumor,3,4,Near Duplicate,Document & Evaluate Similarity Threshold
data/raw/ct_images/tumor/CT00096.png,data/raw/ct_images/tumor/CT00119.png,ct,tumor,tumor,6,7,Visually Similar,Retain - Shows Structural Variation
data/raw/ct_images/tumor/CT00096.png,data/raw/ct_images/tumor/CT00122.png,ct,tumor,tumor,7,3,Visually Similar,Retain - Shows Structural Variation
data/raw/ct_images/tumor/CT00096.png,data/raw/ct_images/tumor/CT00123.png,ct,tumor,tumor,10,6,Visually Similar,Retain - Shows Structural Variation
data/raw/ct_images/tumor/CT00096.png,data/raw/ct_images/tumor/CT00124.png,ct,tumor,tumor,5,3,Visually Similar,Retain - Shows Structural Variation
data/raw/ct_images/tumor/CT00096.png,data/raw/ct_images/tumor/CT00125.png,ct,tumor,tumor,5,5,Visually Similar,Retain - Shows Structural Variation
data/raw/ct_images/tumor/CT00096.png,data/raw/ct_images/tumor/CT00126.png,ct,tumor,tumor,8,4,Visually Similar,Retain - Shows Structural Variation
data/raw/ct_images/tumor/CT00096.png,data/raw/ct_images/tumor/CT00127.png,ct,tumor,tumor,8,6,Visually Similar,Retain - Shows Structural Variation
data/raw/ct_images/tumor/CT00096.png,data/raw/ct_images/tumor/CT00129.png,ct,tumor,tumor,10,4,Visually Similar,Retain - Shows Structural Variation
data/raw/ct_images/tumor/CT00096.png,data/raw/ct_images/tumor/CT00130.png,ct,tumor,tumor,10,4,Visually Similar,Retain - Shows Structural Variation
data/raw/ct_images/tumor/CT00096.png,data/raw/ct_images/tumor/CT00131.png,ct,tumor,tumor,0,2,Exact Duplicate,Keep Representative / Purge Duplicate
data/raw/ct_images/tumor/CT00096.png,data/raw/ct_images/tumor/CT00133.png,ct,tumor,tumor,10,6,Visually Similar,Retain - Shows Structural Variation
data/raw/ct_images/tumor/CT00096.png,data/raw/ct_images/tumor/CT00134.png,ct,tumor,tumor,9,3,Visually Similar,Retain - Shows Structural Variation
data/raw/ct_images/tumor/CT00096.png,data/raw/ct_images/tumor/CT00135.png,ct,tumor,tumor,5,6,Visually Similar,Retain - Shows Structural Variation
data/raw/ct_images/tumor/CT00097.png,data/raw/ct_images/tumor/CT00099.png,ct,tumor,tumor,5,3,Visually Similar,Retain - Shows Structural Variation
data/raw/ct_images/tumor/CT00097.png,data/raw/ct_images/tumor/CT00102.png,ct,tumor,tumor,9,3,Visually Similar,Retain - Shows Structural Variation
data/raw/ct_images/tumor/CT00097.png,data/raw/ct_images/tumor/CT00103.png,ct,tumor,tumor,4,3,Near Duplicate,Document & Evaluate Similarity Threshold
data/raw/ct_images/tumor/CT00097.png,data/raw/ct_images/tumor/CT00104.png,ct,tumor,tumor,8,4,Visually Similar,Retain - Shows Structural Variation
data/raw/ct_images/tumor/CT00097.png,data/raw/ct_images/tumor/CT00105.png,ct,tumor,tumor,10,4,Visually Similar,Retain - Shows Structural Variation
data/raw/ct_images/tumor/CT00097.png,data/raw/ct_images/tumor/CT00107.png,ct,tumor,tumor,7,2,Visually Similar,Retain - Shows Structural Variation
data/raw/ct_images/tumor/CT00097.png,data/raw/ct_images/tumor/CT00108.png,ct,tumor,tumor,10,12,Visually Similar,Retain - Shows Structural Variation
data/raw/ct_images/tumor/CT00097.png,data/raw/ct_images/tumor/CT00111.png,ct,tumor,tumor,10,10,Visually Similar,Retain - Shows Structural Variation
data/raw/ct_images/tumor/CT00097.png,data/raw/ct_images/tumor/CT00113.png,ct,tumor,tumor,8,6,Visually Similar,Retain - Shows Structural Variation
data/raw/ct_images/tumor/CT00097.png,data/raw/ct_images/tumor/CT00115.png,ct,tumor,tumor,8,3,Visually Similar,Retain - Shows Structural Variation
data/raw/ct_images/tumor/CT00097.png,data/raw/ct_images/tumor/CT00117.png,ct,tumor,tumor,10,4,Visually Similar,Retain - Shows Structural Variation
data/raw/ct_images/tumor/CT00097.png,data/raw/ct_images/tumor/CT00118.png,ct,tumor,tumor,8,3,Visually Similar,Retain - Shows Structural Variation
data/raw/ct_images/tumor/CT00097.png,data/raw/ct_images/tumor/CT00122.png,ct,tumor,tumor,8,7,Visually Similar,Retain - Shows Structural Variation
data/raw/ct_images/tumor/CT00097.png,data/raw/ct_images/tumor/CT00126.png,ct,tumor,tumor,9,2,Visually Similar,Retain - Shows Structural Variation
data/raw/ct_images/tumor/CT00097.png,data/raw/ct_images/tumor/CT00131.png,ct,tumor,tumor,7,4,Visually Similar,Retain - Shows Structural Variation
data/raw/ct_images/tumor/CT00097.png,data/raw/ct_images/tumor/CT00135.png,ct,tumor,tumor,8,6,Visually Similar,Retain - Shows Structural Variation
data/raw/ct_images/tumor/CT00098.png,data/raw/ct_images/tumor/CT00100.png,ct,tumor,tumor,3,2,Near Duplicate,Document & Evaluate Similarity Threshold
data/raw/ct_images/tumor/CT00098.png,data/raw/ct_images/tumor/CT00101.png,ct,tumor,tumor,2,4,Near Duplicate,Document & Evaluate Similarity Threshold
data/raw/ct_images/tumor/CT00098.png,data/raw/ct_images/tumor/CT00103.png,ct,tumor,tumor,10,3,Visually Similar,Retain - Shows Structural Variation
data/raw/ct_images/tumor/CT00098.png,data/raw/ct_images/tumor/CT00104.png,ct,tumor,tumor,10,4,Visually Similar,Retain - Shows Structural Variation
data/raw/ct_images/tumor/CT00098.png,data/raw/ct_images/tumor/CT00105.png,ct,tumor,tumor,2,4,Near Duplicate,Document & Evaluate Similarity Threshold
data/raw/ct_images/tumor/CT00098.png,data/raw/ct_images/tumor/CT00106.png,ct,tumor,tumor,9,3,Visually Similar,Retain - Shows Structural Variation
data/raw/ct_images/tumor/CT00098.png,data/raw/ct_images/tumor/CT00108.png,ct,tumor,tumor,6,8,Visually Similar,Retain - Shows Structural Variation
data/raw/ct_images/tumor/CT00098.png,data/raw/ct_images/tumor/CT00109.png,ct,tumor,tumor,8,2,Visually Similar,Retain - Shows Structural Variation
data/raw/ct_images/tumor/CT00098.png,data/raw/ct_images/tumor/CT00111.png,ct,tumor,tumor,8,6,Visually Similar,Retain - Shows Structural Variation
data/raw/ct_images/tumor/CT00098.png,data/raw/ct_images/tumor/CT00113.png,ct,tumor,tumor,4,2,Near Duplicate,Document & Evaluate Similarity Threshold
data/raw/ct_images/tumor/CT00098.png,data/raw/ct_images/tumor/CT00115.png,ct,tumor,tumor,6,5,Visually Similar,Retain - Shows Structural Variation
data/raw/ct_images/tumor/CT00098.png,data/raw/ct_images/tumor/CT00117.png,ct,tumor,tumor,6,2,Visually Similar,Retain - Shows Structural Variation
data/raw/ct_images/tumor/CT00098.png,data/raw/ct_images/tumor/CT00118.png,ct,tumor,tumor,10,3,Visually Similar,Retain - Shows Structural Variation
data/raw/ct_images/tumor/CT00098.png,data/raw/ct_images/tumor/CT00119.png,ct,tumor,tumor,7,7,Visually Similar,Retain - Shows Structural Variation
data/raw/ct_images/tumor/CT00098.png,data/raw/ct_images/tumor/CT00123.png,ct,tumor,tumor,9,4,Visually Similar,Retain - Shows Structural Variation
data/raw/ct_images/tumor/CT00098.png,data/raw/ct_images/tumor/CT00124.png,ct,tumor,tumor,6,1,Visually Similar,Retain - Shows Structural Variation
data/raw/ct_images/tumor/CT00098.png,data/raw/ct_images/tumor/CT00125.png,ct,tumor,tumor,4,5,Near Duplicate,Document & Evaluate Similarity Threshold
data/raw/ct_images/tumor/CT00098.png,data/raw/ct_images/tumor/CT00126.png,ct,tumor,tumor,9,4,Visually Similar,Retain - Shows Structural Variation
data/raw/ct_images/tumor/CT00098.png,data/raw/ct_images/tumor/CT00129.png,ct,tumor,tumor,5,2,Visually Similar,Retain - Shows Structural Variation
data/raw/ct_images/tumor/CT00098.png,data/raw/ct_images/tumor/CT00130.png,ct,tumor,tumor,5,2,Visually Similar,Retain - Shows Structural Variation
data/raw/ct_images/tumor/CT00098.png,data/raw/ct_images/tumor/CT00131.png,ct,tumor,tumor,7,2,Visually Similar,Retain - Shows Structural Variation
data/raw/ct_images/tumor/CT00098.png,data/raw/ct_images/tumor/CT00133.png,ct,tumor,tumor,3,4,Near Duplicate,Document & Evaluate Similarity Threshold
data/raw/ct_images/tumor/CT00098.png,data/raw/ct_images/tumor/CT00134.png,ct,tumor,tumor,6,3,Visually Similar,Retain - Shows Structural Variation
data/raw/ct_images/tumor/CT00098.png,data/raw/ct_images/tumor/CT00135.png,ct,tumor,tumor,4,4,Near Duplicate,Document & Evaluate Similarity Threshold
data/raw/ct_images/tumor/CT00099.png,data/raw/ct_images/tumor/CT00102.png,ct,tumor,tumor,4,2,Near Duplicate,Document & Evaluate Similarity Threshold
data/raw/ct_images/tumor/CT00099.png,data/raw/ct_images/tumor/CT00103.png,ct,tumor,tumor,3,0,Near Duplicate,Document & Evaluate Similarity Threshold
data/raw/ct_images/tumor/CT00099.png,data/raw/ct_images/tumor/CT00104.png,ct,tumor,tumor,3,1,Near Duplicate,Document & Evaluate Similarity Threshold
data/raw/ct_images/tumor/CT00099.png,data/raw/ct_images/tumor/CT00105.png,ct,tumor,tumor,9,1,Visually Similar,Retain - Shows Structural Variation
data/raw/ct_images/tumor/CT00099.png,data/raw/ct_images/tumor/CT00106.png,ct,tumor,tumor,8,2,Visually Similar,Retain - Shows Structural Variation
data/raw/ct_images/tumor/CT00099.png,data/raw/ct_images/tumor/CT00107.png,ct,tumor,tumor,6,1,Visually Similar,Retain - Shows Structural Variation
data/raw/ct_images/tumor/CT00099.png,data/raw/ct_images/tumor/CT00111.png,ct,tumor,tumor,7,7,Visually Similar,Retain - Shows Structural Variation
data/raw/ct_images/tumor/CT00099.png,data/raw/ct_images/tumor/CT00113.png,ct,tumor,tumor,7,3,Visually Similar,Retain - Shows Structural Variation
data/raw/ct_images/tumor/CT00099.png,data/raw/ct_images/tumor/CT00114.png,ct,tumor,tumor,8,7,Visually Similar,Retain - Shows Structural Variation
data/raw/ct_images/tumor/CT00099.png,data/raw/ct_images/tumor/CT00115.png,ct,tumor,tumor,7,4,Visually Similar,Retain - Shows Structural Variation
data/raw/ct_images/tumor/CT00099.png,data/raw/ct_images/tumor/CT00118.png,ct,tumor,tumor,5,0,Visually Similar,Retain - Shows Structural Variation
data/raw/ct_images/tumor/CT00099.png,data/raw/ct_images/tumor/CT00122.png,ct,tumor,tumor,7,6,Visually Similar,Retain - Shows Structural Variation
data/raw/ct_images/tumor/CT00099.png,data/raw/ct_images/tumor/CT00123.png,ct,tumor,tumor,6,3,Visually Similar,Retain - Shows Structural Variation
data/raw/ct_images/tumor/CT00099.png,data/raw/ct_images/tumor/CT00126.png,ct,tumor,tumor,4,3,Near Duplicate,Document & Evaluate Similarity Threshold
data/raw/ct_images/tumor/CT00099.png,data/raw/ct_images/tumor/CT00127.png,ct,tumor,tumor,8,5,Visually Similar,Retain - Shows Structural Variation
data/raw/ct_images/tumor/CT00099.png,data/raw/ct_images/tumor/CT00129.png,ct,tumor,tumor,8,3,Visually Similar,Retain - Shows Structural Variation
data/raw/ct_images/tumor/CT00099.png,data/raw/ct_images/tumor/CT00131.png,ct,tumor,tumor,8,3,Visually Similar,Retain - Shows Structural Variation
data/raw/ct_images/tumor/CT00099.png,data/raw/ct_images/tumor/CT00135.png,ct,tumor,tumor,7,3,Visually Similar,Retain - Shows Structural Variation
data/raw/ct_images/tumor/CT00100.png,data/raw/ct_images/tumor/CT00101.png,ct,tumor,tumor,3,4,Near Duplicate,Document & Evaluate Similarity Threshold
data/raw/ct_images/tumor/CT00100.png,data/raw/ct_images/tumor/CT00105.png,ct,tumor,tumor,5,2,Visually Similar,Retain - Shows Structural Variation
data/raw/ct_images/tumor/CT00100.png,data/raw/ct_images/tumor/CT00108.png,ct,tumor,tumor,9,10,Visually Similar,Retain - Shows Structural Variation
data/raw/ct_images/tumor/CT00100.png,data/raw/ct_images/tumor/CT00110.png,ct,tumor,tumor,10,2,Visually Similar,Retain - Shows Structural Variation
data/raw/ct_images/tumor/CT00100.png,data/raw/ct_images/tumor/CT00113.png,ct,tumor,tumor,7,0,Visually Similar,Retain - Shows Structural Variation
data/raw/ct_images/tumor/CT00100.png,data/raw/ct_images/tumor/CT00115.png,ct,tumor,tumor,7,5,Visually Similar,Retain - Shows Structural Variation
data/raw/ct_images/tumor/CT00100.png,data/raw/ct_images/tumor/CT00117.png,ct,tumor,tumor,9,2,Visually Similar,Retain - Shows Structural Variation
data/raw/ct_images/tumor/CT00100.png,data/raw/ct_images/tumor/CT00119.png,ct,tumor,tumor,8,7,Visually Similar,Retain - Shows Structural Variation
data/raw/ct_images/tumor/CT00100.png,data/raw/ct_images/tumor/CT00124.png,ct,tumor,tumor,7,3,Visually Similar,Retain - Shows Structural Variation
data/raw/ct_images/tumor/CT00100.png,data/raw/ct_images/tumor/CT00125.png,ct,tumor,tumor,5,5,Visually Similar,Retain - Shows Structural Variation
data/raw/ct_images/tumor/CT00100.png,data/raw/ct_images/tumor/CT00129.png,ct,tumor,tumor,6,2,Visually Similar,Retain - Shows Structural Variation
data/raw/ct_images/tumor/CT00100.png,data/raw/ct_images/tumor/CT00130.png,ct,tumor,tumor,2,2,Near Duplicate,Document & Evaluate Similarity Threshold
data/raw/ct_images/tumor/CT00100.png,data/raw/ct_images/tumor/CT00131.png,ct,tumor,tumor,10,4,Visually Similar,Retain - Shows Structural Variation
data/raw/ct_images/tumor/CT00100.png,data/raw/ct_images/tumor/CT00133.png,ct,tumor,tumor,0,2,Exact Duplicate,Keep Representative / Purge Duplicate
data/raw/ct_images/tumor/CT00100.png,data/raw/ct_images/tumor/CT00134.png,ct,tumor,tumor,5,5,Visually Similar,Retain - Shows Structural Variation
data/raw/ct_images/tumor/CT00100.png,data/raw/ct_images/tumor/CT00135.png,ct,tumor,tumor,7,4,Visually Similar,Retain - Shows Structural Variation
data/raw/ct_images/tumor/CT00101.png,data/raw/ct_images/tumor/CT00105.png,ct,tumor,tumor,4,6,Near Duplicate,Document & Evaluate Similarity Threshold
data/raw/ct_images/tumor/CT00101.png,data/raw/ct_images/tumor/CT00108.png,ct,tumor,tumor,8,12,Visually Similar,Retain - Shows Structural Variation
data/raw/ct_images/tumor/CT00101.png,data/raw/ct_images/tumor/CT00109.png,ct,tumor,tumor,10,6,Visually Similar,Retain - Shows Structural Variation
data/raw/ct_images/tumor/CT00101.png,data/raw/ct_images/tumor/CT00111.png,ct,tumor,tumor,10,10,Visually Similar,Retain - Shows Structural Variation
data/raw/ct_images/tumor/CT00101.png,data/raw/ct_images/tumor/CT00113.png,ct,tumor,tumor,6,4,Visually Similar,Retain - Shows Structural Variation
data/raw/ct_images/tumor/CT00101.png,data/raw/ct_images/tumor/CT00115.png,ct,tumor,tumor,4,1,Near Duplicate,Document & Evaluate Similarity Threshold
data/raw/ct_images/tumor/CT00101.png,data/raw/ct_images/tumor/CT00117.png,ct,tumor,tumor,8,2,Visually Similar,Retain - Shows Structural Variation
data/raw/ct_images/tumor/CT00101.png,data/raw/ct_images/tumor/CT00118.png,ct,tumor,tumor,10,5,Visually Similar,Retain - Shows Structural Variation
data/raw/ct_images/tumor/CT00101.png,data/raw/ct_images/tumor/CT00119.png,ct,tumor,tumor,7,5,Visually Similar,Retain - Shows Structural Variation
data/raw/ct_images/tumor/CT00101.png,data/raw/ct_images/tumor/CT00124.png,ct,tumor,tumor,8,5,Visually Similar,Retain - Shows Structural Variation
data/raw/ct_images/tumor/CT00101.png,data/raw/ct_images/tumor/CT00125.png,ct,tumor,tumor,2,3,Near Duplicate,Document & Evaluate Similarity Threshold
data/raw/ct_images/tumor/CT00101.png,data/raw/ct_images/tumor/CT00126.png,ct,tumor,tumor,9,4,Visually Similar,Retain - Shows Structural Variation
data/raw/ct_images/tumor/CT00101.png,data/raw/ct_images/tumor/CT00129.png,ct,tumor,tumor,5,6,Visually Similar,Retain - Shows Structural Variation
data/raw/ct_images/tumor/CT00101.png,data/raw/ct_images/tumor/CT00130.png,ct,tumor,tumor,5,6,Visually Similar,Retain - Shows Structural Variation
data/raw/ct_images/tumor/CT00101.png,data/raw/ct_images/tumor/CT00131.png,ct,tumor,tumor,7,4,Visually Similar,Retain - Shows Structural Variation
data/raw/ct_images/tumor/CT00101.png,data/raw/ct_images/tumor/CT00133.png,ct,tumor,tumor,3,6,Near Duplicate,Document & Evaluate Similarity Threshold
data/raw/ct_images/tumor/CT00101.png,data/raw/ct_images/tumor/CT00134.png,ct,tumor,tumor,8,5,Visually Similar,Retain - Shows Structural Variation
data/raw/ct_images/tumor/CT00101.png,data/raw/ct_images/tumor/CT00135.png,ct,tumor,tumor,6,8,Visually Similar,Retain - Shows Structural Variation
data/raw/ct_images/tumor/CT00102.png,data/raw/ct_images/tumor/CT00103.png,ct,tumor,tumor,5,2,Visually Similar,Retain - Shows Structural Variation
data/raw/ct_images/tumor/CT00102.png,data/raw/ct_images/tumor/CT00104.png,ct,tumor,tumor,1,3,Near Duplicate,Document & Evaluate Similarity Threshold
data/raw/ct_images/tumor/CT00102.png,data/raw/ct_images/tumor/CT00105.png,ct,tumor,tumor,9,3,Visually Similar,Retain - Shows Structural Variation
data/raw/ct_images/tumor/CT00102.png,data/raw/ct_images/tumor/CT00106.png,ct,tumor,tumor,4,4,Near Duplicate,Document & Evaluate Similarity Threshold
data/raw/ct_images/tumor/CT00102.png,data/raw/ct_images/tumor/CT00107.png,ct,tumor,tumor,10,1,Visually Similar,Retain - Shows Structural Variation
data/raw/ct_images/tumor/CT00102.png,data/raw/ct_images/tumor/CT00111.png,ct,tumor,tumor,7,9,Visually Similar,Retain - Shows Structural Variation
data/raw/ct_images/tumor/CT00102.png,data/raw/ct_images/tumor/CT00113.png,ct,tumor,tumor,7,5,Visually Similar,Retain - Shows Structural Variation
data/raw/ct_images/tumor/CT00102.png,data/raw/ct_images/tumor/CT00114.png,ct,tumor,tumor,10,7,Visually Similar,Retain - Shows Structural Variation
data/raw/ct_images/tumor/CT00102.png,data/raw/ct_images/tumor/CT00115.png,ct,tumor,tumor,9,4,Visually Similar,Retain - Shows Structural Variation
data/raw/ct_images/tumor/CT00102.png,data/raw/ct_images/tumor/CT00118.png,ct,tumor,tumor,5,2,Visually Similar,Retain - Shows Structural Variation
data/raw/ct_images/tumor/CT00102.png,data/raw/ct_images/tumor/CT00122.png,ct,tumor,tumor,9,6,Visually Similar,Retain - Shows Structural Variation
data/raw/ct_images/tumor/CT00102.png,data/raw/ct_images/tumor/CT00123.png,ct,tumor,tumor,2,5,Near Duplicate,Document & Evaluate Similarity Threshold
data/raw/ct_images/tumor/CT00102.png,data/raw/ct_images/tumor/CT00126.png,ct,tumor,tumor,6,3,Visually Similar,Retain - Shows Structural Variation
data/raw/ct_images/tumor/CT00102.png,data/raw/ct_images/tumor/CT00127.png,ct,tumor,tumor,10,5,Visually Similar,Retain - Shows Structural Variation
data/raw/ct_images/tumor/CT00102.png,data/raw/ct_images/tumor/CT00129.png,ct,tumor,tumor,8,5,Visually Similar,Retain - Shows Structural Variation
data/raw/ct_images/tumor/CT00102.png,data/raw/ct_images/tumor/CT00131.png,ct,tumor,tumor,10,3,Visually Similar,Retain - Shows Structural Variation
data/raw/ct_images/tumor/CT00102.png,data/raw/ct_images/tumor/CT00135.png,ct,tumor,tumor,7,5,Visually Similar,Retain - Shows Structural Variation
data/raw/ct_images/tumor/CT00103.png,data/raw/ct_images/tumor/CT00104.png,ct,tumor,tumor,4,1,Near Duplicate,Document & Evaluate Similarity Threshold
data/raw/ct_images/tumor/CT00103.png,data/raw/ct_images/tumor/CT00105.png,ct,tumor,tumor,8,1,Visually Similar,Retain - Shows Structural Variation
data/raw/ct_images/tumor/CT00103.png,data/raw/ct_images/tumor/CT00106.png,ct,tumor,tumor,9,2,Visually Similar,Retain - Shows Structural Variation
data/raw/ct_images/tumor/CT00103.png,data/raw/ct_images/tumor/CT00107.png,ct,tumor,tumor,9,1,Visually Similar,Retain - Shows Structural Variation
data/raw/ct_images/tumor/CT00103.png,data/raw/ct_images/tumor/CT00108.png,ct,tumor,tumor,8,9,Visually Similar,Retain - Shows Structural Variation
data/raw/ct_images/tumor/CT00103.png,data/raw/ct_images/tumor/CT00109.png,ct,tumor,tumor,10,5,Visually Similar,Retain - Shows Structural Variation
data/raw/ct_images/tumor/CT00103.png,data/raw/ct_images/tumor/CT00111.png,ct,tumor,tumor,6,7,Visually Similar,Retain - Shows Structural Variation
data/raw/ct_images/tumor/CT00103.png,data/raw/ct_images/tumor/CT00113.png,ct,tumor,tumor,6,3,Visually Similar,Retain - Shows Structural Variation
data/raw/ct_images/tumor/CT00103.png,data/raw/ct_images/tumor/CT00114.png,ct,tumor,tumor,9,7,Visually Similar,Retain - Shows Structural Variation
data/raw/ct_images/tumor/CT00103.png,data/raw/ct_images/tumor/CT00115.png,ct,tumor,tumor,8,4,Visually Similar,Retain - Shows Structural Variation
data/raw/ct_images/tumor/CT00103.png,data/raw/ct_images/tumor/CT00117.png,ct,tumor,tumor,8,3,Visually Similar,Retain - Shows Structural Variation
data/raw/ct_images/tumor/CT00103.png,data/raw/ct_images/tumor/CT00118.png,ct,tumor,tumor,6,0,Visually Similar,Retain - Shows Structural Variation
data/raw/ct_images/tumor/CT00103.png,data/raw/ct_images/tumor/CT00122.png,ct,tumor,tumor,8,6,Visually Similar,Retain - Shows Structural Variation
data/raw/ct_images/tumor/CT00103.png,data/raw/ct_images/tumor/CT00123.png,ct,tumor,tumor,7,3,Visually Similar,Retain - Shows Structural Variation
data/raw/ct_images/tumor/CT00103.png,data/raw/ct_images/tumor/CT00124.png,ct,tumor,tumor,10,2,Visually Similar,Retain - Shows Structural Variation
data/raw/ct_images/tumor/CT00103.png,data/raw/ct_images/tumor/CT00126.png,ct,tumor,tumor,7,3,Visually Similar,Retain - Shows Structural Variation
data/raw/ct_images/tumor/CT00103.png,data/raw/ct_images/tumor/CT00127.png,ct,tumor,tumor,9,5,Visually Similar,Retain - Shows Structural Variation
data/raw/ct_images/tumor/CT00103.png,data/raw/ct_images/tumor/CT00129.png,ct,tumor,tumor,9,3,Visually Similar,Retain - Shows Structural Variation
data/raw/ct_images/tumor/CT00103.png,data/raw/ct_images/tumor/CT00131.png,ct,tumor,tumor,7,3,Visually Similar,Retain - Shows Structural Variation
data/raw/ct_images/tumor/CT00103.png,data/raw/ct_images/tumor/CT00135.png,ct,tumor,tumor,6,3,Visually Similar,Retain - Shows Structural Variation
data/raw/ct_images/tumor/CT00104.png,data/raw/ct_images/tumor/CT00105.png,ct,tumor,tumor,8,0,Visually Similar,Retain - Shows Structural Variation
data/raw/ct_images/tumor/CT00104.png,data/raw/ct_images/tumor/CT00106.png,ct,tumor,tumor,5,3,Visually Similar,Retain - Shows Structural Variation
data/raw/ct_images/tumor/CT00104.png,data/raw/ct_images/tumor/CT00107.png,ct,tumor,tumor,9,2,Visually Similar,Retain - Shows Structural Variation
data/raw/ct_images/tumor/CT00104.png,data/raw/ct_images/tumor/CT00108.png,ct,tumor,tumor,10,10,Visually Similar,Retain - Shows Structural Variation
data/raw/ct_images/tumor/CT00104.png,data/raw/ct_images/tumor/CT00111.png,ct,tumor,tumor,6,6,Visually Similar,Retain - Shows Structural Variation
data/raw/ct_images/tumor/CT00104.png,data/raw/ct_images/tumor/CT00113.png,ct,tumor,tumor,6,2,Visually Similar,Retain - Shows Structural Variation
data/raw/ct_images/tumor/CT00104.png,data/raw/ct_images/tumor/CT00114.png,ct,tumor,tumor,9,8,Visually Similar,Retain - Shows Structural Variation
data/raw/ct_images/tumor/CT00104.png,data/raw/ct_images/tumor/CT00115.png,ct,tumor,tumor,8,5,Visually Similar,Retain - Shows Structural Variation
data/raw/ct_images/tumor/CT00104.png,data/raw/ct_images/tumor/CT00117.png,ct,tumor,tumor,10,4,Visually Similar,Retain - Shows Structural Variation
data/raw/ct_images/tumor/CT00104.png,data/raw/ct_images/tumor/CT00118.png,ct,tumor,tumor,4,1,Near Duplicate,Document & Evaluate Similarity Threshold
data/raw/ct_images/tumor/CT00104.png,data/raw/ct_images/tumor/CT00122.png,ct,tumor,tumor,8,7,Visually Similar,Retain - Shows Structural Variation
data/raw/ct_images/tumor/CT00104.png,data/raw/ct_images/tumor/CT00123.png,ct,tumor,tumor,3,2,Near Duplicate,Document & Evaluate Similarity Threshold
data/raw/ct_images/tumor/CT00104.png,data/raw/ct_images/tumor/CT00124.png,ct,tumor,tumor,10,3,Visually Similar,Retain - Shows Structural Variation
data/raw/ct_images/tumor/CT00104.png,data/raw/ct_images/tumor/CT00126.png,ct,tumor,tumor,5,4,Visually Similar,Retain - Shows Structural Variation
data/raw/ct_images/tumor/CT00104.png,data/raw/ct_images/tumor/CT00127.png,ct,tumor,tumor,9,6,Visually Similar,Retain - Shows Structural Variation
data/raw/ct_images/tumor/CT00104.png,data/raw/ct_images/tumor/CT00129.png,ct,tumor,tumor,7,2,Visually Similar,Retain - Shows Structural Variation
data/raw/ct_images/tumor/CT00104.png,data/raw/ct_images/tumor/CT00131.png,ct,tumor,tumor,9,4,Visually Similar,Retain - Shows Structural Variation
data/raw/ct_images/tumor/CT00104.png,data/raw/ct_images/tumor/CT00135.png,ct,tumor,tumor,6,2,Visually Similar,Retain - Shows Structural Variation
data/raw/ct_images/tumor/CT00105.png,data/raw/ct_images/tumor/CT00106.png,ct,tumor,tumor,7,3,Visually Similar,Retain - Shows Structural Variation
data/raw/ct_images/tumor/CT00105.png,data/raw/ct_images/tumor/CT00108.png,ct,tumor,tumor,4,10,Near Duplicate,Document & Evaluate Similarity Threshold
data/raw/ct_images/tumor/CT00105.png,data/raw/ct_images/tumor/CT00109.png,ct,tumor,tumor,6,6,Visually Similar,Retain - Shows Structural Variation
data/raw/ct_images/tumor/CT00105.png,data/raw/ct_images/tumor/CT00111.png,ct,tumor,tumor,6,6,Visually Similar,Retain - Shows Structural Variation
data/raw/ct_images/tumor/CT00105.png,data/raw/ct_images/tumor/CT00113.png,ct,tumor,tumor,4,2,Near Duplicate,Document & Evaluate Similarity Threshold
data/raw/ct_images/tumor/CT00105.png,data/raw/ct_images/tumor/CT00114.png,ct,tumor,tumor,9,8,Visually Similar,Retain - Shows Structural Variation
data/raw/ct_images/tumor/CT00105.png,data/raw/ct_images/tumor/CT00115.png,ct,tumor,tumor,8,5,Visually Similar,Retain - Shows Structural Variation
data/raw/ct_images/tumor/CT00105.png,data/raw/ct_images/tumor/CT00117.png,ct,tumor,tumor,4,4,Near Duplicate,Document & Evaluate Similarity Threshold
data/raw/ct_images/tumor/CT00105.png,data/raw/ct_images/tumor/CT00118.png,ct,tumor,tumor,10,1,Visually Similar,Retain - Shows Structural Variation
data/raw/ct_images/tumor/CT00105.png,data/raw/ct_images/tumor/CT00119.png,ct,tumor,tumor,7,7,Visually Similar,Retain - Shows Structural Variation
data/raw/ct_images/tumor/CT00105.png,data/raw/ct_images/tumor/CT00122.png,ct,tumor,tumor,10,7,Visually Similar,Retain - Shows Structural Variation
data/raw/ct_images/tumor/CT00105.png,data/raw/ct_images/tumor/CT00123.png,ct,tumor,tumor,7,2,Visually Similar,Retain - Shows Structural Variation
data/raw/ct_images/tumor/CT00105.png,data/raw/ct_images/tumor/CT00124.png,ct,tumor,tumor,4,3,Near Duplicate,Document & Evaluate Similarity Threshold
data/raw/ct_images/tumor/CT00105.png,data/raw/ct_images/tumor/CT00125.png,ct,tumor,tumor,6,3,Visually Similar,Retain - Shows Structural Variation
data/raw/ct_images/tumor/CT00105.png,data/raw/ct_images/tumor/CT00126.png,ct,tumor,tumor,9,4,Visually Similar,Retain - Shows Structural Variation
data/raw/ct_images/tumor/CT00105.png,data/raw/ct_images/tumor/CT00129.png,ct,tumor,tumor,5,2,Visually Similar,Retain - Shows Structural Variation
data/raw/ct_images/tumor/CT00105.png,data/raw/ct_images/tumor/CT00130.png,ct,tumor,tumor,7,2,Visually Similar,Retain - Shows Structural Variation
data/raw/ct_images/tumor/CT00105.png,data/raw/ct_images/tumor/CT00131.png,ct,tumor,tumor,5,4,Visually Similar,Retain - Shows Structural Variation
data/raw/ct_images/tumor/CT00105.png,data/raw/ct_images/tumor/CT00133.png,ct,tumor,tumor,5,2,Visually Similar,Retain - Shows Structural Variation
data/raw/ct_images/tumor/CT00105.png,data/raw/ct_images/tumor/CT00134.png,ct,tumor,tumor,6,5,Visually Similar,Retain - Shows Structural Variation
data/raw/ct_images/tumor/CT00105.png,data/raw/ct_images/tumor/CT00135.png,ct,tumor,tumor,2,2,Near Duplicate,Document & Evaluate Similarity Threshold
data/raw/ct_images/tumor/CT00106.png,data/raw/ct_images/tumor/CT00108.png,ct,tumor,tumor,9,7,Visually Similar,Retain - Shows Structural Variation
data/raw/ct_images/tumor/CT00106.png,data/raw/ct_images/tumor/CT00110.png,ct,tumor,tumor,10,3,Visually Similar,Retain - Shows Structural Variation
data/raw/ct_images/tumor/CT00106.png,data/raw/ct_images/tumor/CT00111.png,ct,tumor,tumor,5,5,Visually Similar,Retain - Shows Structural Variation
data/raw/ct_images/tumor/CT00106.png,data/raw/ct_images/tumor/CT00113.png,ct,tumor,tumor,7,5,Visually Similar,Retain - Shows Structural Variation
data/raw/ct_images/tumor/CT00106.png,data/raw/ct_images/tumor/CT00114.png,ct,tumor,tumor,8,5,Visually Similar,Retain - Shows Structural Variation
data/raw/ct_images/tumor/CT00106.png,data/raw/ct_images/tumor/CT00117.png,ct,tumor,tumor,9,5,Visually Similar,Retain - Shows Structural Variation
data/raw/ct_images/tumor/CT00106.png,data/raw/ct_images/tumor/CT00118.png,ct,tumor,tumor,9,2,Visually Similar,Retain - Shows Structural Variation
data/raw/ct_images/tumor/CT00106.png,data/raw/ct_images/tumor/CT00122.png,ct,tumor,tumor,9,4,Visually Similar,Retain - Shows Structural Variation
data/raw/ct_images/tumor/CT00106.png,data/raw/ct_images/tumor/CT00123.png,ct,tumor,tumor,2,5,Near Duplicate,Document & Evaluate Similarity Threshold
data/raw/ct_images/tumor/CT00106.png,data/raw/ct_images/tumor/CT00124.png,ct,tumor,tumor,9,2,Visually Similar,Retain - Shows Structural Variation
data/raw/ct_images/tumor/CT00106.png,data/raw/ct_images/tumor/CT00126.png,ct,tumor,tumor,6,3,Visually Similar,Retain - Shows Structural Variation
data/raw/ct_images/tumor/CT00106.png,data/raw/ct_images/tumor/CT00127.png,ct,tumor,tumor,8,3,Visually Similar,Retain - Shows Structural Variation
data/raw/ct_images/tumor/CT00106.png,data/raw/ct_images/tumor/CT00129.png,ct,tumor,tumor,6,3,Visually Similar,Retain - Shows Structural Variation
data/raw/ct_images/tumor/CT00106.png,data/raw/ct_images/tumor/CT00131.png,ct,tumor,tumor,10,3,Visually Similar,Retain - Shows Structural Variation
data/raw/ct_images/tumor/CT00106.png,data/raw/ct_images/tumor/CT00135.png,ct,tumor,tumor,7,3,Visually Similar,Retain - Shows Structural Variation
data/raw/ct_images/tumor/CT00107.png,data/raw/ct_images/tumor/CT00114.png,ct,tumor,tumor,10,6,Visually Similar,Retain - Shows Structural Variation
data/raw/ct_images/tumor/CT00107.png,data/raw/ct_images/tumor/CT00115.png,ct,tumor,tumor,9,3,Visually Similar,Retain - Shows Structural Variation
data/raw/ct_images/tumor/CT00107.png,data/raw/ct_images/tumor/CT00118.png,ct,tumor,tumor,5,1,Visually Similar,Retain - Shows Structural Variation
data/raw/ct_images/tumor/CT00107.png,data/raw/ct_images/tumor/CT00122.png,ct,tumor,tumor,9,5,Visually Similar,Retain - Shows Structural Variation
data/raw/ct_images/tumor/CT00107.png,data/raw/ct_images/tumor/CT00126.png,ct,tumor,tumor,6,2,Visually Similar,Retain - Shows Structural Variation
data/raw/ct_images/tumor/CT00107.png,data/raw/ct_images/tumor/CT00127.png,ct,tumor,tumor,8,4,Visually Similar,Retain - Shows Structural Variation
data/raw/ct_images/tumor/CT00107.png,data/raw/ct_images/tumor/CT00129.png,ct,tumor,tumor,10,4,Visually Similar,Retain - Shows Structural Variation
data/raw/ct_images/tumor/CT00108.png,data/raw/ct_images/tumor/CT00109.png,ct,tumor,tumor,4,6,Near Duplicate,Document & Evaluate Similarity Threshold
data/raw/ct_images/tumor/CT00108.png,data/raw/ct_images/tumor/CT00111.png,ct,tumor,tumor,4,4,Near Duplicate,Document & Evaluate Similarity Threshold
data/raw/ct_images/tumor/CT00108.png,data/raw/ct_images/tumor/CT00113.png,ct,tumor,tumor,6,10,Visually Similar,Retain - Shows Structural Variation
data/raw/ct_images/tumor/CT00108.png,data/raw/ct_images/tumor/CT00114.png,ct,tumor,tumor,7,6,Visually Similar,Retain - Shows Structural Variation
data/raw/ct_images/tumor/CT00108.png,data/raw/ct_images/tumor/CT00115.png,ct,tumor,tumor,10,11,Visually Similar,Retain - Shows Structural Variation
data/raw/ct_images/tumor/CT00108.png,data/raw/ct_images/tumor/CT00117.png,ct,tumor,tumor,2,10,Near Duplicate,Document & Evaluate Similarity Threshold
data/raw/ct_images/tumor/CT00108.png,data/raw/ct_images/tumor/CT00119.png,ct,tumor,tumor,7,9,Visually Similar,Retain - Shows Structural Variation
data/raw/ct_images/tumor/CT00108.png,data/raw/ct_images/tumor/CT00122.png,ct,tumor,tumor,8,5,Visually Similar,Retain - Shows Structural Variation
data/raw/ct_images/tumor/CT00108.png,data/raw/ct_images/tumor/CT00123.png,ct,tumor,tumor,9,8,Visually Similar,Retain - Shows Structural Variation
data/raw/ct_images/tumor/CT00108.png,data/raw/ct_images/tumor/CT00124.png,ct,tumor,tumor,4,7,Near Duplicate,Document & Evaluate Similarity Threshold
data/raw/ct_images/tumor/CT00108.png,data/raw/ct_images/tumor/CT00125.png,ct,tumor,tumor,8,11,Visually Similar,Retain - Shows Structural Variation
data/raw/ct_images/tumor/CT00108.png,data/raw/ct_images/tumor/CT00127.png,ct,tumor,tumor,9,8,Visually Similar,Retain - Shows Structural Variation
data/raw/ct_images/tumor/CT00108.png,data/raw/ct_images/tumor/CT00129.png,ct,tumor,tumor,9,8,Visually Similar,Retain - Shows Structural Variation
data/raw/ct_images/tumor/CT00108.png,data/raw/ct_images/tumor/CT00130.png,ct,tumor,tumor,7,8,Visually Similar,Retain - Shows Structural Variation
data/raw/ct_images/tumor/CT00108.png,data/raw/ct_images/tumor/CT00131.png,ct,tumor,tumor,3,8,Near Duplicate,Document & Evaluate Similarity Threshold
data/raw/ct_images/tumor/CT00108.png,data/raw/ct_images/tumor/CT00133.png,ct,tumor,tumor,9,10,Visually Similar,Retain - Shows Structural Variation
data/raw/ct_images/tumor/CT00108.png,data/raw/ct_images/tumor/CT00134.png,ct,tumor,tumor,6,7,Visually Similar,Retain - Shows Structural Variation
data/raw/ct_images/tumor/CT00108.png,data/raw/ct_images/tumor/CT00135.png,ct,tumor,tumor,4,8,Near Duplicate,Document & Evaluate Similarity Threshold
data/raw/ct_images/tumor/CT00109.png,data/raw/ct_images/tumor/CT00111.png,ct,tumor,tumor,8,6,Visually Similar,Retain - Shows Structural Variation
data/raw/ct_images/tumor/CT00109.png,data/raw/ct_images/tumor/CT00113.png,ct,tumor,tumor,8,4,Visually Similar,Retain - Shows Structural Variation
data/raw/ct_images/tumor/CT00109.png,data/raw/ct_images/tumor/CT00117.png,ct,tumor,tumor,2,4,Near Duplicate,Document & Evaluate Similarity Threshold
data/raw/ct_images/tumor/CT00109.png,data/raw/ct_images/tumor/CT00119.png,ct,tumor,tumor,9,9,Visually Similar,Retain - Shows Structural Variation
data/raw/ct_images/tumor/CT00109.png,data/raw/ct_images/tumor/CT00121.png,ct,tumor,tumor,8,5,Visually Similar,Retain - Shows Structural Variation
data/raw/ct_images/tumor/CT00109.png,data/raw/ct_images/tumor/CT00124.png,ct,tumor,tumor,4,3,Near Duplicate,Document & Evaluate Similarity Threshold
data/raw/ct_images/tumor/CT00109.png,data/raw/ct_images/tumor/CT00125.png,ct,tumor,tumor,10,7,Visually Similar,Retain - Shows Structural Variation
data/raw/ct_images/tumor/CT00109.png,data/raw/ct_images/tumor/CT00131.png,ct,tumor,tumor,5,4,Visually Similar,Retain - Shows Structural Variation
data/raw/ct_images/tumor/CT00109.png,data/raw/ct_images/tumor/CT00134.png,ct,tumor,tumor,8,5,Visually Similar,Retain - Shows Structural Variation
data/raw/ct_images/tumor/CT00109.png,data/raw/ct_images/tumor/CT00135.png,ct,tumor,tumor,6,4,Visually Similar,Retain - Shows Structural Variation
data/raw/ct_images/tumor/CT00110.png,data/raw/ct_images/tumor/CT00123.png,ct,tumor,tumor,10,2,Visually Similar,Retain - Shows Structural Variation
data/raw/ct_images/tumor/CT00110.png,data/raw/ct_images/tumor/CT00129.png,ct,tumor,tumor,8,2,Visually Similar,Retain - Shows Structural Variation
data/raw/ct_images/tumor/CT00110.png,data/raw/ct_images/tumor/CT00133.png,ct,tumor,tumor,10,2,Visually Similar,Retain - Shows Structural Variation
data/raw/ct_images/tumor/CT00111.png,data/raw/ct_images/tumor/CT00113.png,ct,tumor,tumor,6,6,Visually Similar,Retain - Shows Structural Variation
data/raw/ct_images/tumor/CT00111.png,data/raw/ct_images/tumor/CT00114.png,ct,tumor,tumor,5,4,Visually Similar,Retain - Shows Structural Variation
data/raw/ct_images/tumor/CT00111.png,data/raw/ct_images/tumor/CT00115.png,ct,tumor,tumor,10,9,Visually Similar,Retain - Shows Structural Variation
data/raw/ct_images/tumor/CT00111.png,data/raw/ct_images/tumor/CT00117.png,ct,tumor,tumor,6,8,Visually Similar,Retain - Shows Structural Variation
data/raw/ct_images/tumor/CT00111.png,data/raw/ct_images/tumor/CT00118.png,ct,tumor,tumor,8,7,Visually Similar,Retain - Shows Structural Variation
data/raw/ct_images/tumor/CT00111.png,data/raw/ct_images/tumor/CT00122.png,ct,tumor,tumor,4,3,Near Duplicate,Document & Evaluate Similarity Threshold
data/raw/ct_images/tumor/CT00111.png,data/raw/ct_images/tumor/CT00123.png,ct,tumor,tumor,5,6,Visually Similar,Retain - Shows Structural Variation
data/raw/ct_images/tumor/CT00111.png,data/raw/ct_images/tumor/CT00124.png,ct,tumor,tumor,8,5,Visually Similar,Retain - Shows Structural Variation
data/raw/ct_images/tumor/CT00111.png,data/raw/ct_images/tumor/CT00126.png,ct,tumor,tumor,7,8,Visually Similar,Retain - Shows Structural Variation
data/raw/ct_images/tumor/CT00111.png,data/raw/ct_images/tumor/CT00127.png,ct,tumor,tumor,5,6,Visually Similar,Retain - Shows Structural Variation
data/raw/ct_images/tumor/CT00111.png,data/raw/ct_images/tumor/CT00129.png,ct,tumor,tumor,5,4,Visually Similar,Retain - Shows Structural Variation
data/raw/ct_images/tumor/CT00111.png,data/raw/ct_images/tumor/CT00131.png,ct,tumor,tumor,7,6,Visually Similar,Retain - Shows Structural Variation
data/raw/ct_images/tumor/CT00111.png,data/raw/ct_images/tumor/CT00134.png,ct,tumor,tumor,10,5,Visually Similar,Retain - Shows Structural Variation
data/raw/ct_images/tumor/CT00111.png,data/raw/ct_images/tumor/CT00135.png,ct,tumor,tumor,6,6,Visually Similar,Retain - Shows Structural Variation
data/raw/ct_images/tumor/CT00112.png,data/raw/ct_images/tumor/CT00116.png,ct,tumor,tumor,9,4,Visually Similar,Retain - Shows Structural Variation
data/raw/ct_images/tumor/CT00113.png,data/raw/ct_images/tumor/CT00115.png,ct,tumor,tumor,6,5,Visually Similar,Retain - Shows Structural Variation
data/raw/ct_images/tumor/CT00113.png,data/raw/ct_images/tumor/CT00117.png,ct,tumor,tumor,6,2,Visually Similar,Retain - Shows Structural Variation
data/raw/ct_images/tumor/CT00113.png,data/raw/ct_images/tumor/CT00118.png,ct,tumor,tumor,6,3,Visually Similar,Retain - Shows Structural Variation
data/raw/ct_images/tumor/CT00113.png,data/raw/ct_images/tumor/CT00122.png,ct,tumor,tumor,10,9,Visually Similar,Retain - Shows Structural Variation
data/raw/ct_images/tumor/CT00113.png,data/raw/ct_images/tumor/CT00123.png,ct,tumor,tumor,5,2,Visually Similar,Retain - Shows Structural Variation
data/raw/ct_images/tumor/CT00113.png,data/raw/ct_images/tumor/CT00124.png,ct,tumor,tumor,6,3,Visually Similar,Retain - Shows Structural Variation
data/raw/ct_images/tumor/CT00113.png,data/raw/ct_images/tumor/CT00125.png,ct,tumor,tumor,8,5,Visually Similar,Retain - Shows Structural Variation
data/raw/ct_images/tumor/CT00113.png,data/raw/ct_images/tumor/CT00126.png,ct,tumor,tumor,7,6,Visually Similar,Retain - Shows Structural Variation
data/raw/ct_images/tumor/CT00113.png,data/raw/ct_images/tumor/CT00127.png,ct,tumor,tumor,9,8,Visually Similar,Retain - Shows Structural Variation
data/raw/ct_images/tumor/CT00113.png,data/raw/ct_images/tumor/CT00129.png,ct,tumor,tumor,5,2,Visually Similar,Retain - Shows Structural Variation
data/raw/ct_images/tumor/CT00113.png,data/raw/ct_images/tumor/CT00130.png,ct,tumor,tumor,9,2,Visually Similar,Retain - Shows Structural Variation
data/raw/ct_images/tumor/CT00113.png,data/raw/ct_images/tumor/CT00131.png,ct,tumor,tumor,7,4,Visually Similar,Retain - Shows Structural Variation
data/raw/ct_images/tumor/CT00113.png,data/raw/ct_images/tumor/CT00133.png,ct,tumor,tumor,7,2,Visually Similar,Retain - Shows Structural Variation
data/raw/ct_images/tumor/CT00113.png,data/raw/ct_images/tumor/CT00134.png,ct,tumor,tumor,10,5,Visually Similar,Retain - Shows Structural Variation
data/raw/ct_images/tumor/CT00113.png,data/raw/ct_images/tumor/CT00135.png,ct,tumor,tumor,2,4,Near Duplicate,Document & Evaluate Similarity Threshold
data/raw/ct_images/tumor/CT00114.png,data/raw/ct_images/tumor/CT00117.png,ct,tumor,tumor,9,8,Visually Similar,Retain - Shows Structural Variation
data/raw/ct_images/tumor/CT00114.png,data/raw/ct_images/tumor/CT00119.png,ct,tumor,tumor,10,9,Visually Similar,Retain - Shows Structural Variation
data/raw/ct_images/tumor/CT00114.png,data/raw/ct_images/tumor/CT00122.png,ct,tumor,tumor,3,1,Near Duplicate,Document & Evaluate Similarity Threshold
data/raw/ct_images/tumor/CT00114.png,data/raw/ct_images/tumor/CT00123.png,ct,tumor,tumor,10,10,Visually Similar,Retain - Shows Structural Variation
data/raw/ct_images/tumor/CT00114.png,data/raw/ct_images/tumor/CT00126.png,ct,tumor,tumor,6,6,Visually Similar,Retain - Shows Structural Variation
data/raw/ct_images/tumor/CT00114.png,data/raw/ct_images/tumor/CT00127.png,ct,tumor,tumor,2,4,Near Duplicate,Document & Evaluate Similarity Threshold
data/raw/ct_images/tumor/CT00114.png,data/raw/ct_images/tumor/CT00129.png,ct,tumor,tumor,10,8,Visually Similar,Retain - Shows Structural Variation
data/raw/ct_images/tumor/CT00114.png,data/raw/ct_images/tumor/CT00131.png,ct,tumor,tumor,6,6,Visually Similar,Retain - Shows Structural Variation
data/raw/ct_images/tumor/CT00114.png,data/raw/ct_images/tumor/CT00135.png,ct,tumor,tumor,9,8,Visually Similar,Retain - Shows Structural Variation
data/raw/ct_images/tumor/CT00115.png,data/raw/ct_images/tumor/CT00117.png,ct,tumor,tumor,10,3,Visually Similar,Retain - Shows Structural Variation
data/raw/ct_images/tumor/CT00115.png,data/raw/ct_images/tumor/CT00118.png,ct,tumor,tumor,6,4,Visually Similar,Retain - Shows Structural Variation
data/raw/ct_images/tumor/CT00115.png,data/raw/ct_images/tumor/CT00119.png,ct,tumor,tumor,9,4,Visually Similar,Retain - Shows Structural Variation
data/raw/ct_images/tumor/CT00115.png,data/raw/ct_images/tumor/CT00122.png,ct,tumor,tumor,10,8,Visually Similar,Retain - Shows Structural Variation
data/raw/ct_images/tumor/CT00115.png,data/raw/ct_images/tumor/CT00124.png,ct,tumor,tumor,10,4,Visually Similar,Retain - Shows Structural Variation
data/raw/ct_images/tumor/CT00115.png,data/raw/ct_images/tumor/CT00125.png,ct,tumor,tumor,4,2,Near Duplicate,Document & Evaluate Similarity Threshold
data/raw/ct_images/tumor/CT00115.png,data/raw/ct_images/tumor/CT00126.png,ct,tumor,tumor,5,3,Visually Similar,Retain - Shows Structural Variation
data/raw/ct_images/tumor/CT00115.png,data/raw/ct_images/tumor/CT00127.png,ct,tumor,tumor,9,5,Visually Similar,Retain - Shows Structural Variation
data/raw/ct_images/tumor/CT00115.png,data/raw/ct_images/tumor/CT00129.png,ct,tumor,tumor,7,5,Visually Similar,Retain - Shows Structural Variation
data/raw/ct_images/tumor/CT00115.png,data/raw/ct_images/tumor/CT00130.png,ct,tumor,tumor,9,5,Visually Similar,Retain - Shows Structural Variation
data/raw/ct_images/tumor/CT00115.png,data/raw/ct_images/tumor/CT00131.png,ct,tumor,tumor,7,3,Visually Similar,Retain - Shows Structural Variation
data/raw/ct_images/tumor/CT00115.png,data/raw/ct_images/tumor/CT00133.png,ct,tumor,tumor,7,5,Visually Similar,Retain - Shows Structural Variation
data/raw/ct_images/tumor/CT00115.png,data/raw/ct_images/tumor/CT00135.png,ct,tumor,tumor,8,7,Visually Similar,Retain - Shows Structural Variation
data/raw/ct_images/tumor/CT00116.png,data/raw/ct_images/tumor/CT00120.png,ct,tumor,tumor,8,0,Visually Similar,Retain - Shows Structural Variation
data/raw/ct_images/tumor/CT00116.png,data/raw/ct_images/tumor/CT00121.png,ct,tumor,tumor,7,2,Visually Similar,Retain - Shows Structural Variation
data/raw/ct_images/tumor/CT00117.png,data/raw/ct_images/tumor/CT00119.png,ct,tumor,tumor,7,5,Visually Similar,Retain - Shows Structural Variation
data/raw/ct_images/tumor/CT00117.png,data/raw/ct_images/tumor/CT00121.png,ct,tumor,tumor,10,1,Visually Similar,Retain - Shows Structural Variation
data/raw/ct_images/tumor/CT00117.png,data/raw/ct_images/tumor/CT00122.png,ct,tumor,tumor,10,7,Visually Similar,Retain - Shows Structural Variation
data/raw/ct_images/tumor/CT00117.png,data/raw/ct_images/tumor/CT00123.png,ct,tumor,tumor,9,4,Visually Similar,Retain - Shows Structural Variation
data/raw/ct_images/tumor/CT00117.png,data/raw/ct_images/tumor/CT00124.png,ct,tumor,tumor,2,3,Near Duplicate,Document & Evaluate Similarity Threshold
data/raw/ct_images/tumor/CT00117.png,data/raw/ct_images/tumor/CT00125.png,ct,tumor,tumor,8,3,Visually Similar,Retain - Shows Structural Variation
data/raw/ct_images/tumor/CT00117.png,data/raw/ct_images/tumor/CT00129.png,ct,tumor,tumor,9,4,Visually Similar,Retain - Shows Structural Variation
data/raw/ct_images/tumor/CT00117.png,data/raw/ct_images/tumor/CT00130.png,ct,tumor,tumor,9,4,Visually Similar,Retain - Shows Structural Variation
data/raw/ct_images/tumor/CT00117.png,data/raw/ct_images/tumor/CT00131.png,ct,tumor,tumor,3,2,Near Duplicate,Document & Evaluate Similarity Threshold
data/raw/ct_images/tumor/CT00117.png,data/raw/ct_images/tumor/CT00133.png,ct,tumor,tumor,9,4,Visually Similar,Retain - Shows Structural Variation
data/raw/ct_images/tumor/CT00117.png,data/raw/ct_images/tumor/CT00134.png,ct,tumor,tumor,6,3,Visually Similar,Retain - Shows Structural Variation
data/raw/ct_images/tumor/CT00117.png,data/raw/ct_images/tumor/CT00135.png,ct,tumor,tumor,4,6,Near Duplicate,Document & Evaluate Similarity Threshold
data/raw/ct_images/tumor/CT00118.png,data/raw/ct_images/tumor/CT00122.png,ct,tumor,tumor,8,6,Visually Similar,Retain - Shows Structural Variation
data/raw/ct_images/tumor/CT00118.png,data/raw/ct_images/tumor/CT00123.png,ct,tumor,tumor,7,3,Visually Similar,Retain - Shows Structural Variation
data/raw/ct_images/tumor/CT00118.png,data/raw/ct_images/tumor/CT00125.png,ct,tumor,tumor,10,2,Visually Similar,Retain - Shows Structural Variation
data/raw/ct_images/tumor/CT00118.png,data/raw/ct_images/tumor/CT00126.png,ct,tumor,tumor,5,3,Visually Similar,Retain - Shows Structural Variation
data/raw/ct_images/tumor/CT00118.png,data/raw/ct_images/tumor/CT00127.png,ct,tumor,tumor,9,5,Visually Similar,Retain - Shows Structural Variation
data/raw/ct_images/tumor/CT00118.png,data/raw/ct_images/tumor/CT00129.png,ct,tumor,tumor,5,3,Visually Similar,Retain - Shows Structural Variation
data/raw/ct_images/tumor/CT00118.png,data/raw/ct_images/tumor/CT00135.png,ct,tumor,tumor,8,3,Visually Similar,Retain - Shows Structural Variation
data/raw/ct_images/tumor/CT00119.png,data/raw/ct_images/tumor/CT00124.png,ct,tumor,tumor,5,6,Visually Similar,Retain - Shows Structural Variation
data/raw/ct_images/tumor/CT00119.png,data/raw/ct_images/tumor/CT00125.png,ct,tumor,tumor,5,4,Visually Similar,Retain - Shows Structural Variation
data/raw/ct_images/tumor/CT00119.png,data/raw/ct_images/tumor/CT00130.png,ct,tumor,tumor,6,7,Visually Similar,Retain - Shows Structural Variation
data/raw/ct_images/tumor/CT00119.png,data/raw/ct_images/tumor/CT00131.png,ct,tumor,tumor,6,5,Visually Similar,Retain - Shows Structural Variation
data/raw/ct_images/tumor/CT00119.png,data/raw/ct_images/tumor/CT00133.png,ct,tumor,tumor,8,7,Visually Similar,Retain - Shows Structural Variation
data/raw/ct_images/tumor/CT00119.png,data/raw/ct_images/tumor/CT00134.png,ct,tumor,tumor,3,4,Near Duplicate,Document & Evaluate Similarity Threshold
data/raw/ct_images/tumor/CT00119.png,data/raw/ct_images/tumor/CT00135.png,ct,tumor,tumor,9,9,Visually Similar,Retain - Shows Structural Variation
data/raw/ct_images/tumor/CT00121.png,data/raw/ct_images/tumor/CT00124.png,ct,tumor,tumor,10,4,Visually Similar,Retain - Shows Structural Variation
data/raw/ct_images/tumor/CT00122.png,data/raw/ct_images/tumor/CT00123.png,ct,tumor,tumor,9,9,Visually Similar,Retain - Shows Structural Variation
data/raw/ct_images/tumor/CT00122.png,data/raw/ct_images/tumor/CT00126.png,ct,tumor,tumor,7,5,Visually Similar,Retain - Shows Structural Variation
data/raw/ct_images/tumor/CT00122.png,data/raw/ct_images/tumor/CT00127.png,ct,tumor,tumor,3,3,Near Duplicate,Document & Evaluate Similarity Threshold
data/raw/ct_images/tumor/CT00122.png,data/raw/ct_images/tumor/CT00129.png,ct,tumor,tumor,9,7,Visually Similar,Retain - Shows Structural Variation
data/raw/ct_images/tumor/CT00122.png,data/raw/ct_images/tumor/CT00131.png,ct,tumor,tumor,7,5,Visually Similar,Retain - Shows Structural Variation
data/raw/ct_images/tumor/CT00122.png,data/raw/ct_images/tumor/CT00135.png,ct,tumor,tumor,10,7,Visually Similar,Retain - Shows Structural Variation
data/raw/ct_images/tumor/CT00123.png,data/raw/ct_images/tumor/CT00124.png,ct,tumor,tumor,9,3,Visually Similar,Retain - Shows Structural Variation
data/raw/ct_images/tumor/CT00123.png,data/raw/ct_images/tumor/CT00126.png,ct,tumor,tumor,8,6,Visually Similar,Retain - Shows Structural Variation
data/raw/ct_images/tumor/CT00123.png,data/raw/ct_images/tumor/CT00127.png,ct,tumor,tumor,10,8,Visually Similar,Retain - Shows Structural Variation
data/raw/ct_images/tumor/CT00123.png,data/raw/ct_images/tumor/CT00129.png,ct,tumor,tumor,6,2,Visually Similar,Retain - Shows Structural Variation
data/raw/ct_images/tumor/CT00123.png,data/raw/ct_images/tumor/CT00131.png,ct,tumor,tumor,10,4,Visually Similar,Retain - Shows Structural Variation
data/raw/ct_images/tumor/CT00123.png,data/raw/ct_images/tumor/CT00135.png,ct,tumor,tumor,5,2,Visually Similar,Retain - Shows Structural Variation
data/raw/ct_images/tumor/CT00124.png,data/raw/ct_images/tumor/CT00125.png,ct,tumor,tumor,8,4,Visually Similar,Retain - Shows Structural Variation
data/raw/ct_images/tumor/CT00124.png,data/raw/ct_images/tumor/CT00129.png,ct,tumor,tumor,9,1,Visually Similar,Retain - Shows Structural Variation
data/raw/ct_images/tumor/CT00124.png,data/raw/ct_images/tumor/CT00130.png,ct,tumor,tumor,7,1,Visually Similar,Retain - Shows Structural Variation
data/raw/ct_images/tumor/CT00124.png,data/raw/ct_images/tumor/CT00131.png,ct,tumor,tumor,5,1,Visually Similar,Retain - Shows Structural Variation
data/raw/ct_images/tumor/CT00124.png,data/raw/ct_images/tumor/CT00133.png,ct,tumor,tumor,7,3,Visually Similar,Retain - Shows Structural Variation
data/raw/ct_images/tumor/CT00124.png,data/raw/ct_images/tumor/CT00134.png,ct,tumor,tumor,4,2,Near Duplicate,Document & Evaluate Similarity Threshold
data/raw/ct_images/tumor/CT00124.png,data/raw/ct_images/tumor/CT00135.png,ct,tumor,tumor,4,3,Near Duplicate,Document & Evaluate Similarity Threshold
data/raw/ct_images/tumor/CT00125.png,data/raw/ct_images/tumor/CT00126.png,ct,tumor,tumor,9,1,Visually Similar,Retain - Shows Structural Variation
data/raw/ct_images/tumor/CT00125.png,data/raw/ct_images/tumor/CT00129.png,ct,tumor,tumor,7,5,Visually Similar,Retain - Shows Structural Variation
data/raw/ct_images/tumor/CT00125.png,data/raw/ct_images/tumor/CT00130.png,ct,tumor,tumor,5,5,Visually Similar,Retain - Shows Structural Variation
data/raw/ct_images/tumor/CT00125.png,data/raw/ct_images/tumor/CT00131.png,ct,tumor,tumor,5,3,Visually Similar,Retain - Shows Structural Variation
data/raw/ct_images/tumor/CT00125.png,data/raw/ct_images/tumor/CT00133.png,ct,tumor,tumor,5,5,Visually Similar,Retain - Shows Structural Variation
data/raw/ct_images/tumor/CT00125.png,data/raw/ct_images/tumor/CT00134.png,ct,tumor,tumor,8,4,Visually Similar,Retain - Shows Structural Variation
data/raw/ct_images/tumor/CT00125.png,data/raw/ct_images/tumor/CT00135.png,ct,tumor,tumor,8,5,Visually Similar,Retain - Shows Structural Variation
data/raw/ct_images/tumor/CT00126.png,data/raw/ct_images/tumor/CT00127.png,ct,tumor,tumor,4,2,Near Duplicate,Document & Evaluate Similarity Threshold
data/raw/ct_images/tumor/CT00126.png,data/raw/ct_images/tumor/CT00129.png,ct,tumor,tumor,6,4,Visually Similar,Retain - Shows Structural Variation
data/raw/ct_images/tumor/CT00126.png,data/raw/ct_images/tumor/CT00131.png,ct,tumor,tumor,8,2,Visually Similar,Retain - Shows Structural Variation
data/raw/ct_images/tumor/CT00126.png,data/raw/ct_images/tumor/CT00135.png,ct,tumor,tumor,9,4,Visually Similar,Retain - Shows Structural Variation
data/raw/ct_images/tumor/CT00127.png,data/raw/ct_images/tumor/CT00129.png,ct,tumor,tumor,8,6,Visually Similar,Retain - Shows Structural Variation
data/raw/ct_images/tumor/CT00127.png,data/raw/ct_images/tumor/CT00131.png,ct,tumor,tumor,8,4,Visually Similar,Retain - Shows Structural Variation
data/raw/ct_images/tumor/CT00128.png,data/raw/ct_images/tumor/CT00132.png,ct,tumor,tumor,2,1,Near Duplicate,Document & Evaluate Similarity Threshold
data/raw/ct_images/tumor/CT00129.png,data/raw/ct_images/tumor/CT00130.png,ct,tumor,tumor,8,0,Visually Similar,Retain - Shows Structural Variation
data/raw/ct_images/tumor/CT00129.png,data/raw/ct_images/tumor/CT00131.png,ct,tumor,tumor,10,2,Visually Similar,Retain - Shows Structural Variation
data/raw/ct_images/tumor/CT00129.png,data/raw/ct_images/tumor/CT00133.png,ct,tumor,tumor,6,2,Visually Similar,Retain - Shows Structural Variation
data/raw/ct_images/tumor/CT00129.png,data/raw/ct_images/tumor/CT00135.png,ct,tumor,tumor,7,2,Visually Similar,Retain - Shows Structural Variation
data/raw/ct_images/tumor/CT00130.png,data/raw/ct_images/tumor/CT00131.png,ct,tumor,tumor,10,2,Visually Similar,Retain - Shows Structural Variation
data/raw/ct_images/tumor/CT00130.png,data/raw/ct_images/tumor/CT00133.png,ct,tumor,tumor,2,2,Near Duplicate,Document & Evaluate Similarity Threshold
data/raw/ct_images/tumor/CT00130.png,data/raw/ct_images/tumor/CT00134.png,ct,tumor,tumor,3,3,Near Duplicate,Document & Evaluate Similarity Threshold
data/raw/ct_images/tumor/CT00130.png,data/raw/ct_images/tumor/CT00135.png,ct,tumor,tumor,9,2,Visually Similar,Retain - Shows Structural Variation
data/raw/ct_images/tumor/CT00131.png,data/raw/ct_images/tumor/CT00133.png,ct,tumor,tumor,10,4,Visually Similar,Retain - Shows Structural Variation
data/raw/ct_images/tumor/CT00131.png,data/raw/ct_images/tumor/CT00134.png,ct,tumor,tumor,9,1,Visually Similar,Retain - Shows Structural Variation
data/raw/ct_images/tumor/CT00131.png,data/raw/ct_images/tumor/CT00135.png,ct,tumor,tumor,5,4,Visually Similar,Retain - Shows Structural Variation
data/raw/ct_images/tumor/CT00133.png,data/raw/ct_images/tumor/CT00134.png,ct,tumor,tumor,5,5,Visually Similar,Retain - Shows Structural Variation
data/raw/ct_images/tumor/CT00133.png,data/raw/ct_images/tumor/CT00135.png,ct,tumor,tumor,7,4,Visually Similar,Retain - Shows Structural Variation
data/raw/ct_images/tumor/CT00134.png,data/raw/ct_images/tumor/CT00135.png,ct,tumor,tumor,8,5,Visually Similar,Retain - Shows Structural Variation
data/raw/mri_images/ADC/MRI00161.png,data/raw/mri_images/ADC/MRI00162.png,mri,ADC,ADC,8,2,Visually Similar,Retain - Shows Structural Variation
data/raw/mri_images/ADC/MRI00161.png,data/raw/mri_images/ADC/MRI00163.png,mri,ADC,ADC,7,6,Visually Similar,Retain - Shows Structural Variation
data/raw/mri_images/ADC/MRI00161.png,data/raw/mri_images/ADC/MRI00165.png,mri,ADC,ADC,5,2,Visually Similar,Retain - Shows Structural Variation
data/raw/mri_images/ADC/MRI00161.png,data/raw/mri_images/ADC/MRI00166.png,mri,ADC,ADC,10,6,Visually Similar,Retain - Shows Structural Variation
data/raw/mri_images/ADC/MRI00161.png,data/raw/mri_images/ADC/MRI00173.png,mri,ADC,ADC,10,10,Visually Similar,Retain - Shows Structural Variation
data/raw/mri_images/ADC/MRI00161.png,data/raw/mri_images/ADC/MRI00174.png,mri,ADC,ADC,9,6,Visually Similar,Retain - Shows Structural Variation
data/raw/mri_images/ADC/MRI00161.png,data/raw/mri_images/ADC/MRI00178.png,mri,ADC,ADC,9,5,Visually Similar,Retain - Shows Structural Variation
data/raw/mri_images/ADC/MRI00161.png,data/raw/mri_images/ADC/MRI00179.png,mri,ADC,ADC,4,3,Near Duplicate,Document & Evaluate Similarity Threshold
data/raw/mri_images/ADC/MRI00161.png,data/raw/mri_images/ADC/MRI00180.png,mri,ADC,ADC,6,7,Visually Similar,Retain - Shows Structural Variation
data/raw/mri_images/ADC/MRI00161.png,data/raw/mri_images/ADC/MRI00182.png,mri,ADC,ADC,9,4,Visually Similar,Retain - Shows Structural Variation
data/raw/mri_images/ADC/MRI00161.png,data/raw/mri_images/ADC/MRI00183.png,mri,ADC,ADC,10,7,Visually Similar,Retain - Shows Structural Variation
data/raw/mri_images/ADC/MRI00161.png,data/raw/mri_images/ADC/MRI00187.png,mri,ADC,ADC,4,1,Near Duplicate,Document & Evaluate Similarity Threshold
data/raw/mri_images/ADC/MRI00161.png,data/raw/mri_images/ADC/MRI00188.png,mri,ADC,ADC,2,2,Near Duplicate,Document & Evaluate Similarity Threshold
data/raw/mri_images/ADC/MRI00161.png,data/raw/mri_images/ADC/MRI00189.png,mri,ADC,ADC,5,3,Visually Similar,Retain - Shows Structural Variation
data/raw/mri_images/ADC/MRI00161.png,data/raw/mri_images/ADC/MRI00198.png,mri,ADC,ADC,5,3,Visually Similar,Retain - Shows Structural Variation
data/raw/mri_images/ADC/MRI00161.png,data/raw/mri_images/T1/MRI00008.png,mri,ADC,T1,9,12,Visually Similar,Retain - Shows Structural Variation
data/raw/mri_images/ADC/MRI00162.png,data/raw/mri_images/ADC/MRI00165.png,mri,ADC,ADC,7,0,Visually Similar,Retain - Shows Structural Variation
data/raw/mri_images/ADC/MRI00162.png,data/raw/mri_images/ADC/MRI00173.png,mri,ADC,ADC,8,8,Visually Similar,Retain - Shows Structural Variation
data/raw/mri_images/ADC/MRI00162.png,data/raw/mri_images/ADC/MRI00174.png,mri,ADC,ADC,9,8,Visually Similar,Retain - Shows Structural Variation
data/raw/mri_images/ADC/MRI00162.png,data/raw/mri_images/ADC/MRI00175.png,mri,ADC,ADC,10,6,Visually Similar,Retain - Shows Structural Variation
data/raw/mri_images/ADC/MRI00162.png,data/raw/mri_images/ADC/MRI00179.png,mri,ADC,ADC,6,3,Visually Similar,Retain - Shows Structural Variation
data/raw/mri_images/ADC/MRI00162.png,data/raw/mri_images/ADC/MRI00181.png,mri,ADC,ADC,8,1,Visually Similar,Retain - Shows Structural Variation
data/raw/mri_images/ADC/MRI00162.png,data/raw/mri_images/ADC/MRI00188.png,mri,ADC,ADC,8,2,Visually Similar,Retain - Shows Structural Variation
data/raw/mri_images/ADC/MRI00162.png,data/raw/mri_images/ADC/MRI00189.png,mri,ADC,ADC,9,1,Visually Similar,Retain - Shows Structural Variation
data/raw/mri_images/ADC/MRI00163.png,data/raw/mri_images/ADC/MRI00166.png,mri,ADC,ADC,9,0,Visually Similar,Retain - Shows Structural Variation
data/raw/mri_images/ADC/MRI00163.png,data/raw/mri_images/ADC/MRI00174.png,mri,ADC,ADC,4,2,Near Duplicate,Document & Evaluate Similarity Threshold
data/raw/mri_images/ADC/MRI00163.png,data/raw/mri_images/ADC/MRI00178.png,mri,ADC,ADC,10,5,Visually Similar,Retain - Shows Structural Variation
data/raw/mri_images/ADC/MRI00163.png,data/raw/mri_images/ADC/MRI00179.png,mri,ADC,ADC,7,3,Visually Similar,Retain - Shows Structural Variation
data/raw/mri_images/ADC/MRI00163.png,data/raw/mri_images/ADC/MRI00180.png,mri,ADC,ADC,7,3,Visually Similar,Retain - Shows Structural Variation
data/raw/mri_images/ADC/MRI00163.png,data/raw/mri_images/ADC/MRI00182.png,mri,ADC,ADC,4,2,Near Duplicate,Document & Evaluate Similarity Threshold
data/raw/mri_images/ADC/MRI00163.png,data/raw/mri_images/ADC/MRI00183.png,mri,ADC,ADC,5,1,Visually Similar,Retain - Shows Structural Variation
data/raw/mri_images/ADC/MRI00163.png,data/raw/mri_images/ADC/MRI00187.png,mri,ADC,ADC,9,5,Visually Similar,Retain - Shows Structural Variation
data/raw/mri_images/ADC/MRI00163.png,data/raw/mri_images/ADC/MRI00188.png,mri,ADC,ADC,9,6,Visually Similar,Retain - Shows Structural Variation
data/raw/mri_images/ADC/MRI00163.png,data/raw/mri_images/ADC/MRI00196.png,mri,ADC,ADC,9,3,Visually Similar,Retain - Shows Structural Variation
data/raw/mri_images/ADC/MRI00163.png,data/raw/mri_images/ADC/MRI00198.png,mri,ADC,ADC,10,7,Visually Similar,Retain - Shows Structural Variation
data/raw/mri_images/ADC/MRI00164.png,data/raw/mri_images/ADC/MRI00166.png,mri,ADC,ADC,10,6,Visually Similar,Retain - Shows Structural Variation
data/raw/mri_images/ADC/MRI00164.png,data/raw/mri_images/ADC/MRI00169.png,mri,ADC,ADC,3,2,Near Duplicate,Document & Evaluate Similarity Threshold
data/raw/mri_images/ADC/MRI00164.png,data/raw/mri_images/ADC/MRI00170.png,mri,ADC,ADC,7,2,Visually Similar,Retain - Shows Structural Variation
data/raw/mri_images/ADC/MRI00164.png,data/raw/mri_images/ADC/MRI00171.png,mri,ADC,ADC,7,1,Visually Similar,Retain - Shows Structural Variation
data/raw/mri_images/ADC/MRI00164.png,data/raw/mri_images/ADC/MRI00174.png,mri,ADC,ADC,7,4,Visually Similar,Retain - Shows Structural Variation
data/raw/mri_images/ADC/MRI00164.png,data/raw/mri_images/ADC/MRI00177.png,mri,ADC,ADC,4,1,Near Duplicate,Document & Evaluate Similarity Threshold
data/raw/mri_images/ADC/MRI00164.png,data/raw/mri_images/ADC/MRI00182.png,mri,ADC,ADC,7,6,Visually Similar,Retain - Shows Structural Variation
data/raw/mri_images/ADC/MRI00164.png,data/raw/mri_images/ADC/MRI00183.png,mri,ADC,ADC,6,5,Visually Similar,Retain - Shows Structural Variation
data/raw/mri_images/ADC/MRI00164.png,data/raw/mri_images/ADC/MRI00194.png,mri,ADC,ADC,6,3,Visually Similar,Retain - Shows Structural Variation
data/raw/mri_images/ADC/MRI00164.png,data/raw/mri_images/ADC/MRI00195.png,mri,ADC,ADC,9,3,Visually Similar,Retain - Shows Structural Variation
data/raw/mri_images/ADC/MRI00164.png,data/raw/mri_images/ADC/MRI00196.png,mri,ADC,ADC,2,5,Near Duplicate,Document & Evaluate Similarity Threshold
data/raw/mri_images/ADC/MRI00164.png,data/raw/mri_images/T1/MRI00010.png,mri,ADC,T1,8,13,Visually Similar,Retain - Shows Structural Variation
data/raw/mri_images/ADC/MRI00164.png,data/raw/mri_images/T1/MRI00013.png,mri,ADC,T1,9,10,Visually Similar,Retain - Shows Structural Variation
data/raw/mri_images/ADC/MRI00164.png,data/raw/mri_images/T1/MRI00014.png,mri,ADC,T1,7,13,Visually Similar,Retain - Shows Structural Variation
data/raw/mri_images/ADC/MRI00164.png,data/raw/mri_images/T1/MRI00017.png,mri,ADC,T1,10,10,Visually Similar,Retain - Shows Structural Variation
data/raw/mri_images/ADC/MRI00164.png,data/raw/mri_images/T1/MRI00019.png,mri,ADC,T1,8,13,Visually Similar,Retain - Shows Structural Variation
data/raw/mri_images/ADC/MRI00164.png,data/raw/mri_images/T1/MRI00020.png,mri,ADC,T1,7,12,Visually Similar,Retain - Shows Structural Variation
data/raw/mri_images/ADC/MRI00164.png,data/raw/mri_images/T1/MRI00032.png,mri,ADC,T1,6,12,Visually Similar,Retain - Shows Structural Variation
data/raw/mri_images/ADC/MRI00165.png,data/raw/mri_images/ADC/MRI00167.png,mri,ADC,ADC,10,1,Visually Similar,Retain - Shows Structural Variation
data/raw/mri_images/ADC/MRI00165.png,data/raw/mri_images/ADC/MRI00179.png,mri,ADC,ADC,9,3,Visually Similar,Retain - Shows Structural Variation
data/raw/mri_images/ADC/MRI00165.png,data/raw/mri_images/ADC/MRI00181.png,mri,ADC,ADC,9,1,Visually Similar,Retain - Shows Structural Variation
data/raw/mri_images/ADC/MRI00165.png,data/raw/mri_images/ADC/MRI00187.png,mri,ADC,ADC,9,1,Visually Similar,Retain - Shows Structural Variation
data/raw/mri_images/ADC/MRI00165.png,data/raw/mri_images/ADC/MRI00188.png,mri,ADC,ADC,5,2,Visually Similar,Retain - Shows Structural Variation
data/raw/mri_images/ADC/MRI00165.png,data/raw/mri_images/ADC/MRI00189.png,mri,ADC,ADC,2,1,Near Duplicate,Document & Evaluate Similarity Threshold
data/raw/mri_images/ADC/MRI00165.png,data/raw/mri_images/ADC/MRI00190.png,mri,ADC,ADC,10,4,Visually Similar,Retain - Shows Structural Variation
data/raw/mri_images/ADC/MRI00165.png,data/raw/mri_images/ADC/MRI00191.png,mri,ADC,ADC,10,7,Visually Similar,Retain - Shows Structural Variation
data/raw/mri_images/ADC/MRI00165.png,data/raw/mri_images/ADC/MRI00198.png,mri,ADC,ADC,8,3,Visually Similar,Retain - Shows Structural Variation
data/raw/mri_images/ADC/MRI00165.png,data/raw/mri_images/T1/MRI00003.png,mri,ADC,T1,9,12,Visually Similar,Retain - Shows Structural Variation
data/raw/mri_images/ADC/MRI00165.png,data/raw/mri_images/T1/MRI00008.png,mri,ADC,T1,10,14,Visually Similar,Retain - Shows Structural Variation
data/raw/mri_images/ADC/MRI00166.png,data/raw/mri_images/ADC/MRI00174.png,mri,ADC,ADC,7,2,Visually Similar,Retain - Shows Structural Variation
data/raw/mri_images/ADC/MRI00166.png,data/raw/mri_images/ADC/MRI00176.png,mri,ADC,ADC,7,2,Visually Similar,Retain - Shows Structural Variation
data/raw/mri_images/ADC/MRI00166.png,data/raw/mri_images/ADC/MRI00178.png,mri,ADC,ADC,7,5,Visually Similar,Retain - Shows Structural Variation
data/raw/mri_images/ADC/MRI00166.png,data/raw/mri_images/ADC/MRI00180.png,mri,ADC,ADC,6,3,Visually Similar,Retain - Shows Structural Variation
data/raw/mri_images/ADC/MRI00166.png,data/raw/mri_images/ADC/MRI00182.png,mri,ADC,ADC,5,2,Visually Similar,Retain - Shows Structural Variation
data/raw/mri_images/ADC/MRI00166.png,data/raw/mri_images/ADC/MRI00183.png,mri,ADC,ADC,6,1,Visually Similar,Retain - Shows Structural Variation
data/raw/mri_images/ADC/MRI00166.png,data/raw/mri_images/ADC/MRI00192.png,mri,ADC,ADC,10,8,Visually Similar,Retain - Shows Structural Variation
data/raw/mri_images/ADC/MRI00166.png,data/raw/mri_images/ADC/MRI00196.png,mri,ADC,ADC,8,3,Visually Similar,Retain - Shows Structural Variation
data/raw/mri_images/ADC/MRI00166.png,data/raw/mri_images/T1/MRI00029.png,mri,ADC,T1,10,13,Visually Similar,Retain - Shows Structural Variation
data/raw/mri_images/ADC/MRI00167.png,data/raw/mri_images/ADC/MRI00168.png,mri,ADC,ADC,9,1,Visually Similar,Retain - Shows Structural Variation
data/raw/mri_images/ADC/MRI00167.png,data/raw/mri_images/ADC/MRI00176.png,mri,ADC,ADC,10,5,Visually Similar,Retain - Shows Structural Variation
data/raw/mri_images/ADC/MRI00167.png,data/raw/mri_images/ADC/MRI00181.png,mri,ADC,ADC,9,0,Visually Similar,Retain - Shows Structural Variation
data/raw/mri_images/ADC/MRI00167.png,data/raw/mri_images/ADC/MRI00186.png,mri,ADC,ADC,10,3,Visually Similar,Retain - Shows Structural Variation
data/raw/mri_images/ADC/MRI00167.png,data/raw/mri_images/ADC/MRI00191.png,mri,ADC,ADC,10,6,Visually Similar,Retain - Shows Structural Variation
data/raw/mri_images/ADC/MRI00167.png,data/raw/mri_images/ADC/MRI00200.png,mri,ADC,ADC,5,1,Visually Similar,Retain - Shows Structural Variation
data/raw/mri_images/ADC/MRI00167.png,data/raw/mri_images/T1/MRI00025.png,mri,ADC,T1,10,9,Visually Similar,Retain - Shows Structural Variation
data/raw/mri_images/ADC/MRI00168.png,data/raw/mri_images/ADC/MRI00171.png,mri,ADC,ADC,7,5,Visually Similar,Retain - Shows Structural Variation
data/raw/mri_images/ADC/MRI00168.png,data/raw/mri_images/ADC/MRI00181.png,mri,ADC,ADC,4,1,Near Duplicate,Document & Evaluate Similarity Threshold
data/raw/mri_images/ADC/MRI00168.png,data/raw/mri_images/ADC/MRI00185.png,mri,ADC,ADC,10,5,Visually Similar,Retain - Shows Structural Variation
data/raw/mri_images/ADC/MRI00168.png,data/raw/mri_images/ADC/MRI00186.png,mri,ADC,ADC,5,4,Visually Similar,Retain - Shows Structural Variation
data/raw/mri_images/ADC/MRI00168.png,data/raw/mri_images/ADC/MRI00200.png,mri,ADC,ADC,10,2,Visually Similar,Retain - Shows Structural Variation
data/raw/mri_images/ADC/MRI00168.png,data/raw/mri_images/T1/MRI00005.png,mri,ADC,T1,10,13,Visually Similar,Retain - Shows Structural Variation
data/raw/mri_images/ADC/MRI00168.png,data/raw/mri_images/T1/MRI00016.png,mri,ADC,T1,4,10,Near Duplicate,Document & Evaluate Similarity Threshold
data/raw/mri_images/ADC/MRI00168.png,data/raw/mri_images/T1/MRI00025.png,mri,ADC,T1,9,10,Visually Similar,Retain - Shows Structural Variation
data/raw/mri_images/ADC/MRI00169.png,data/raw/mri_images/ADC/MRI00170.png,mri,ADC,ADC,6,2,Visually Similar,Retain - Shows Structural Variation
data/raw/mri_images/ADC/MRI00169.png,data/raw/mri_images/ADC/MRI00171.png,mri,ADC,ADC,10,3,Visually Similar,Retain - Shows Structural Variation
data/raw/mri_images/ADC/MRI00169.png,data/raw/mri_images/ADC/MRI00174.png,mri,ADC,ADC,8,6,Visually Similar,Retain - Shows Structural Variation
data/raw/mri_images/ADC/MRI00169.png,data/raw/mri_images/ADC/MRI00177.png,mri,ADC,ADC,5,1,Visually Similar,Retain - Shows Structural Variation
data/raw/mri_images/ADC/MRI00169.png,data/raw/mri_images/ADC/MRI00182.png,mri,ADC,ADC,8,8,Visually Similar,Retain - Shows Structural Variation
data/raw/mri_images/ADC/MRI00169.png,data/raw/mri_images/ADC/MRI00183.png,mri,ADC,ADC,7,5,Visually Similar,Retain - Shows Structural Variation
data/raw/mri_images/ADC/MRI00169.png,data/raw/mri_images/ADC/MRI00192.png,mri,ADC,ADC,9,2,Visually Similar,Retain - Shows Structural Variation
data/raw/mri_images/ADC/MRI00169.png,data/raw/mri_images/ADC/MRI00194.png,mri,ADC,ADC,9,5,Visually Similar,Retain - Shows Structural Variation
data/raw/mri_images/ADC/MRI00169.png,data/raw/mri_images/ADC/MRI00195.png,mri,ADC,ADC,8,1,Visually Similar,Retain - Shows Structural Variation
data/raw/mri_images/ADC/MRI00169.png,data/raw/mri_images/ADC/MRI00196.png,mri,ADC,ADC,3,3,Near Duplicate,Document & Evaluate Similarity Threshold
data/raw/mri_images/ADC/MRI00169.png,data/raw/mri_images/T1/MRI00012.png,mri,ADC,T1,10,11,Visually Similar,Retain - Shows Structural Variation
data/raw/mri_images/ADC/MRI00169.png,data/raw/mri_images/T1/MRI00013.png,mri,ADC,T1,8,10,Visually Similar,Retain - Shows Structural Variation
data/raw/mri_images/ADC/MRI00169.png,data/raw/mri_images/T1/MRI00014.png,mri,ADC,T1,10,13,Visually Similar,Retain - Shows Structural Variation
data/raw/mri_images/ADC/MRI00169.png,data/raw/mri_images/T1/MRI00017.png,mri,ADC,T1,7,10,Visually Similar,Retain - Shows Structural Variation
data/raw/mri_images/ADC/MRI00169.png,data/raw/mri_images/T1/MRI00020.png,mri,ADC,T1,10,14,Visually Similar,Retain - Shows Structural Variation
data/raw/mri_images/ADC/MRI00169.png,data/raw/mri_images/T1/MRI00022.png,mri,ADC,T1,10,11,Visually Similar,Retain - Shows Structural Variation
data/raw/mri_images/ADC/MRI00169.png,data/raw/mri_images/T1/MRI00032.png,mri,ADC,T1,7,12,Visually Similar,Retain - Shows Structural Variation
data/raw/mri_images/ADC/MRI00170.png,data/raw/mri_images/ADC/MRI00171.png,mri,ADC,ADC,10,1,Visually Similar,Retain - Shows Structural Variation
data/raw/mri_images/ADC/MRI00170.png,data/raw/mri_images/ADC/MRI00173.png,mri,ADC,ADC,9,6,Visually Similar,Retain - Shows Structural Variation
data/raw/mri_images/ADC/MRI00170.png,data/raw/mri_images/ADC/MRI00174.png,mri,ADC,ADC,10,6,Visually Similar,Retain - Shows Structural Variation
data/raw/mri_images/ADC/MRI00170.png,data/raw/mri_images/ADC/MRI00177.png,mri,ADC,ADC,5,1,Visually Similar,Retain - Shows Structural Variation
data/raw/mri_images/ADC/MRI00170.png,data/raw/mri_images/ADC/MRI00182.png,mri,ADC,ADC,10,8,Visually Similar,Retain - Shows Structural Variation
data/raw/mri_images/ADC/MRI00170.png,data/raw/mri_images/ADC/MRI00193.png,mri,ADC,ADC,8,2,Visually Similar,Retain - Shows Structural Variation
data/raw/mri_images/ADC/MRI00170.png,data/raw/mri_images/ADC/MRI00195.png,mri,ADC,ADC,4,3,Near Duplicate,Document & Evaluate Similarity Threshold
data/raw/mri_images/ADC/MRI00170.png,data/raw/mri_images/ADC/MRI00196.png,mri,ADC,ADC,9,5,Visually Similar,Retain - Shows Structural Variation
data/raw/mri_images/ADC/MRI00170.png,data/raw/mri_images/T1/MRI00006.png,mri,ADC,T1,7,11,Visually Similar,Retain - Shows Structural Variation
data/raw/mri_images/ADC/MRI00170.png,data/raw/mri_images/T1/MRI00012.png,mri,ADC,T1,6,11,Visually Similar,Retain - Shows Structural Variation
data/raw/mri_images/ADC/MRI00170.png,data/raw/mri_images/T1/MRI00013.png,mri,ADC,T1,8,10,Visually Similar,Retain - Shows Structural Variation
data/raw/mri_images/ADC/MRI00170.png,data/raw/mri_images/T1/MRI00019.png,mri,ADC,T1,9,15,Visually Similar,Retain - Shows Structural Variation
data/raw/mri_images/ADC/MRI00170.png,data/raw/mri_images/T1/MRI00022.png,mri,ADC,T1,10,11,Visually Similar,Retain - Shows Structural Variation
data/raw/mri_images/ADC/MRI00170.png,data/raw/mri_images/T1/MRI00024.png,mri,ADC,T1,10,11,Visually Similar,Retain - Shows Structural Variation
data/raw/mri_images/ADC/MRI00170.png,data/raw/mri_images/T1/MRI00032.png,mri,ADC,T1,9,12,Visually Similar,Retain - Shows Structural Variation
data/raw/mri_images/ADC/MRI00171.png,data/raw/mri_images/ADC/MRI00174.png,mri,ADC,ADC,8,5,Visually Similar,Retain - Shows Structural Variation
data/raw/mri_images/ADC/MRI00171.png,data/raw/mri_images/ADC/MRI00176.png,mri,ADC,ADC,6,7,Visually Similar,Retain - Shows Structural Variation
data/raw/mri_images/ADC/MRI00171.png,data/raw/mri_images/ADC/MRI00177.png,mri,ADC,ADC,5,2,Visually Similar,Retain - Shows Structural Variation
data/raw/mri_images/ADC/MRI00171.png,data/raw/mri_images/ADC/MRI00181.png,mri,ADC,ADC,9,4,Visually Similar,Retain - Shows Structural Variation
data/raw/mri_images/ADC/MRI00171.png,data/raw/mri_images/ADC/MRI00182.png,mri,ADC,ADC,8,7,Visually Similar,Retain - Shows Structural Variation
data/raw/mri_images/ADC/MRI00171.png,data/raw/mri_images/ADC/MRI00184.png,mri,ADC,ADC,8,4,Visually Similar,Retain - Shows Structural Variation
data/raw/mri_images/ADC/MRI00171.png,data/raw/mri_images/ADC/MRI00186.png,mri,ADC,ADC,6,5,Visually Similar,Retain - Shows Structural Variation
data/raw/mri_images/ADC/MRI00171.png,data/raw/mri_images/ADC/MRI00194.png,mri,ADC,ADC,7,4,Visually Similar,Retain - Shows Structural Variation
data/raw/mri_images/ADC/MRI00171.png,data/raw/mri_images/ADC/MRI00195.png,mri,ADC,ADC,10,4,Visually Similar,Retain - Shows Structural Variation
data/raw/mri_images/ADC/MRI00171.png,data/raw/mri_images/ADC/MRI00196.png,mri,ADC,ADC,7,6,Visually Similar,Retain - Shows Structural Variation
data/raw/mri_images/ADC/MRI00171.png,data/raw/mri_images/T1/MRI00005.png,mri,ADC,T1,9,10,Visually Similar,Retain - Shows Structural Variation
data/raw/mri_images/ADC/MRI00171.png,data/raw/mri_images/T1/MRI00010.png,mri,ADC,T1,9,14,Visually Similar,Retain - Shows Structural Variation
data/raw/mri_images/ADC/MRI00171.png,data/raw/mri_images/T1/MRI00012.png,mri,ADC,T1,10,12,Visually Similar,Retain - Shows Structural Variation
data/raw/mri_images/ADC/MRI00171.png,data/raw/mri_images/T1/MRI00014.png,mri,ADC,T1,8,14,Visually Similar,Retain - Shows Structural Variation
data/raw/mri_images/ADC/MRI00171.png,data/raw/mri_images/T1/MRI00016.png,mri,ADC,T1,7,13,Visually Similar,Retain - Shows Structural Variation
data/raw/mri_images/ADC/MRI00171.png,data/raw/mri_images/T1/MRI00019.png,mri,ADC,T1,7,14,Visually Similar,Retain - Shows Structural Variation
data/raw/mri_images/ADC/MRI00171.png,data/raw/mri_images/T1/MRI00020.png,mri,ADC,T1,10,13,Visually Similar,Retain - Shows Structural Variation
data/raw/mri_images/ADC/MRI00171.png,data/raw/mri_images/T1/MRI00032.png,mri,ADC,T1,9,13,Visually Similar,Retain - Shows Structural Variation
data/raw/mri_images/ADC/MRI00172.png,data/raw/mri_images/ADC/MRI00175.png,mri,ADC,ADC,9,1,Visually Similar,Retain - Shows Structural Variation
data/raw/mri_images/ADC/MRI00172.png,data/raw/mri_images/ADC/MRI00176.png,mri,ADC,ADC,10,11,Visually Similar,Retain - Shows Structural Variation
data/raw/mri_images/ADC/MRI00172.png,data/raw/mri_images/ADC/MRI00185.png,mri,ADC,ADC,7,4,Visually Similar,Retain - Shows Structural Variation
data/raw/mri_images/ADC/MRI00172.png,data/raw/mri_images/ADC/MRI00190.png,mri,ADC,ADC,10,3,Visually Similar,Retain - Shows Structural Variation
data/raw/mri_images/ADC/MRI00172.png,data/raw/mri_images/ADC/MRI00191.png,mri,ADC,ADC,8,2,Visually Similar,Retain - Shows Structural Variation
data/raw/mri_images/ADC/MRI00172.png,data/raw/mri_images/ADC/MRI00192.png,mri,ADC,ADC,7,3,Visually Similar,Retain - Shows Structural Variation
data/raw/mri_images/ADC/MRI00172.png,data/raw/mri_images/ADC/MRI00193.png,mri,ADC,ADC,8,3,Visually Similar,Retain - Shows Structural Variation
data/raw/mri_images/ADC/MRI00172.png,data/raw/mri_images/ADC/MRI00197.png,mri,ADC,ADC,5,5,Visually Similar,Retain - Shows Structural Variation
data/raw/mri_images/ADC/MRI00172.png,data/raw/mri_images/ADC/MRI00198.png,mri,ADC,ADC,10,6,Visually Similar,Retain - Shows Structural Variation
data/raw/mri_images/ADC/MRI00172.png,data/raw/mri_images/ADC/MRI00199.png,mri,ADC,ADC,3,4,Near Duplicate,Document & Evaluate Similarity Threshold
data/raw/mri_images/ADC/MRI00172.png,data/raw/mri_images/T1/MRI00001.png,mri,ADC,T1,10,13,Visually Similar,Retain - Shows Structural Variation
data/raw/mri_images/ADC/MRI00172.png,data/raw/mri_images/T1/MRI00006.png,mri,ADC,T1,9,12,Visually Similar,Retain - Shows Structural Variation
data/raw/mri_images/ADC/MRI00172.png,data/raw/mri_images/T1/MRI00007.png,mri,ADC,T1,10,13,Visually Similar,Retain - Shows Structural Variation
data/raw/mri_images/ADC/MRI00172.png,data/raw/mri_images/T1/MRI00012.png,mri,ADC,T1,8,12,Visually Similar,Retain - Shows Structural Variation
data/raw/mri_images/ADC/MRI00172.png,data/raw/mri_images/T1/MRI00021.png,mri,ADC,T1,10,11,Visually Similar,Retain - Shows Structural Variation
data/raw/mri_images/ADC/MRI00172.png,data/raw/mri_images/T1/MRI00024.png,mri,ADC,T1,10,12,Visually Similar,Retain - Shows Structural Variation
data/raw/mri_images/ADC/MRI00172.png,data/raw/mri_images/T1/MRI00027.png,mri,ADC,T1,7,14,Visually Similar,Retain - Shows Structural Variation
data/raw/mri_images/ADC/MRI00172.png,data/raw/mri_images/T1/MRI00040.png,mri,ADC,T1,10,13,Visually Similar,Retain - Shows Structural Variation
data/raw/mri_images/ADC/MRI00173.png,data/raw/mri_images/ADC/MRI00175.png,mri,ADC,ADC,8,2,Visually Similar,Retain - Shows Structural Variation
data/raw/mri_images/ADC/MRI00173.png,data/raw/mri_images/ADC/MRI00177.png,mri,ADC,ADC,10,5,Visually Similar,Retain - Shows Structural Variation
data/raw/mri_images/ADC/MRI00173.png,data/raw/mri_images/ADC/MRI00179.png,mri,ADC,ADC,6,7,Visually Similar,Retain - Shows Structural Variation
data/raw/mri_images/ADC/MRI00173.png,data/raw/mri_images/ADC/MRI00188.png,mri,ADC,ADC,10,8,Visually Similar,Retain - Shows Structural Variation
data/raw/mri_images/ADC/MRI00173.png,data/raw/mri_images/ADC/MRI00190.png,mri,ADC,ADC,9,4,Visually Similar,Retain - Shows Structural Variation
data/raw/mri_images/ADC/MRI00173.png,data/raw/mri_images/ADC/MRI00191.png,mri,ADC,ADC,9,3,Visually Similar,Retain - Shows Structural Variation
data/raw/mri_images/ADC/MRI00173.png,data/raw/mri_images/ADC/MRI00195.png,mri,ADC,ADC,7,3,Visually Similar,Retain - Shows Structural Variation
data/raw/mri_images/ADC/MRI00173.png,data/raw/mri_images/ADC/MRI00198.png,mri,ADC,ADC,9,7,Visually Similar,Retain - Shows Structural Variation
data/raw/mri_images/ADC/MRI00173.png,data/raw/mri_images/T1/MRI00002.png,mri,ADC,T1,8,14,Visually Similar,Retain - Shows Structural Variation
data/raw/mri_images/ADC/MRI00173.png,data/raw/mri_images/T1/MRI00024.png,mri,ADC,T1,7,13,Visually Similar,Retain - Shows Structural Variation
data/raw/mri_images/ADC/MRI00173.png,data/raw/mri_images/T1/MRI00035.png,mri,ADC,T1,9,14,Visually Similar,Retain - Shows Structural Variation
data/raw/mri_images/ADC/MRI00174.png,data/raw/mri_images/ADC/MRI00176.png,mri,ADC,ADC,8,2,Visually Similar,Retain - Shows Structural Variation
data/raw/mri_images/ADC/MRI00174.png,data/raw/mri_images/ADC/MRI00177.png,mri,ADC,ADC,7,5,Visually Similar,Retain - Shows Structural Variation
data/raw/mri_images/ADC/MRI00174.png,data/raw/mri_images/ADC/MRI00178.png,mri,ADC,ADC,8,5,Visually Similar,Retain - Shows Structural Variation
data/raw/mri_images/ADC/MRI00174.png,data/raw/mri_images/ADC/MRI00179.png,mri,ADC,ADC,7,5,Visually Similar,Retain - Shows Structural Variation
data/raw/mri_images/ADC/MRI00174.png,data/raw/mri_images/ADC/MRI00180.png,mri,ADC,ADC,9,3,Visually Similar,Retain - Shows Structural Variation
data/raw/mri_images/ADC/MRI00174.png,data/raw/mri_images/ADC/MRI00182.png,mri,ADC,ADC,2,2,Near Duplicate,Document & Evaluate Similarity Threshold
data/raw/mri_images/ADC/MRI00174.png,data/raw/mri_images/ADC/MRI00183.png,mri,ADC,ADC,5,1,Visually Similar,Retain - Shows Structural Variation
data/raw/mri_images/ADC/MRI00174.png,data/raw/mri_images/ADC/MRI00188.png,mri,ADC,ADC,9,8,Visually Similar,Retain - Shows Structural Variation
data/raw/mri_images/ADC/MRI00174.png,data/raw/mri_images/ADC/MRI00195.png,mri,ADC,ADC,10,7,Visually Similar,Retain - Shows Structural Variation
data/raw/mri_images/ADC/MRI00174.png,data/raw/mri_images/ADC/MRI00196.png,mri,ADC,ADC,5,3,Visually Similar,Retain - Shows Structural Variation
data/raw/mri_images/ADC/MRI00174.png,data/raw/mri_images/ADC/MRI00198.png,mri,ADC,ADC,10,9,Visually Similar,Retain - Shows Structural Variation
data/raw/mri_images/ADC/MRI00174.png,data/raw/mri_images/T1/MRI00019.png,mri,ADC,T1,9,11,Visually Similar,Retain - Shows Structural Variation
data/raw/mri_images/ADC/MRI00175.png,data/raw/mri_images/ADC/MRI00181.png,mri,ADC,ADC,10,7,Visually Similar,Retain - Shows Structural Variation
data/raw/mri_images/ADC/MRI00175.png,data/raw/mri_images/ADC/MRI00185.png,mri,ADC,ADC,8,3,Visually Similar,Retain - Shows Structural Variation
data/raw/mri_images/ADC/MRI00175.png,data/raw/mri_images/ADC/MRI00188.png,mri,ADC,ADC,10,6,Visually Similar,Retain - Shows Structural Variation
data/raw/mri_images/ADC/MRI00175.png,data/raw/mri_images/ADC/MRI00190.png,mri,ADC,ADC,1,2,Near Duplicate,Document & Evaluate Similarity Threshold
data/raw/mri_images/ADC/MRI00175.png,data/raw/mri_images/ADC/MRI00191.png,mri,ADC,ADC,3,1,Near Duplicate,Document & Evaluate Similarity Threshold
data/raw/mri_images/ADC/MRI00175.png,data/raw/mri_images/ADC/MRI00195.png,mri,ADC,ADC,7,3,Visually Similar,Retain - Shows Structural Variation
data/raw/mri_images/ADC/MRI00175.png,data/raw/mri_images/ADC/MRI00198.png,mri,ADC,ADC,9,5,Visually Similar,Retain - Shows Structural Variation
data/raw/mri_images/ADC/MRI00175.png,data/raw/mri_images/ADC/MRI00199.png,mri,ADC,ADC,10,3,Visually Similar,Retain - Shows Structural Variation
data/raw/mri_images/ADC/MRI00175.png,data/raw/mri_images/T1/MRI00003.png,mri,ADC,T1,10,14,Visually Similar,Retain - Shows Structural Variation
data/raw/mri_images/ADC/MRI00175.png,data/raw/mri_images/T1/MRI00007.png,mri,ADC,T1,7,12,Visually Similar,Retain - Shows Structural Variation
data/raw/mri_images/ADC/MRI00175.png,data/raw/mri_images/T1/MRI00034.png,mri,ADC,T1,9,11,Visually Similar,Retain - Shows Structural Variation
data/raw/mri_images/ADC/MRI00175.png,data/raw/mri_images/T1/MRI00035.png,mri,ADC,T1,5,12,Visually Similar,Retain - Shows Structural Variation
data/raw/mri_images/ADC/MRI00176.png,data/raw/mri_images/ADC/MRI00177.png,mri,ADC,ADC,9,7,Visually Similar,Retain - Shows Structural Variation
data/raw/mri_images/ADC/MRI00176.png,data/raw/mri_images/ADC/MRI00178.png,mri,ADC,ADC,10,7,Visually Similar,Retain - Shows Structural Variation
data/raw/mri_images/ADC/MRI00176.png,data/raw/mri_images/ADC/MRI00180.png,mri,ADC,ADC,9,5,Visually Similar,Retain - Shows Structural Variation
data/raw/mri_images/ADC/MRI00176.png,data/raw/mri_images/ADC/MRI00182.png,mri,ADC,ADC,8,0,Visually Similar,Retain - Shows Structural Variation
data/raw/mri_images/ADC/MRI00176.png,data/raw/mri_images/ADC/MRI00184.png,mri,ADC,ADC,6,5,Visually Similar,Retain - Shows Structural Variation
data/raw/mri_images/ADC/MRI00176.png,data/raw/mri_images/ADC/MRI00186.png,mri,ADC,ADC,10,2,Visually Similar,Retain - Shows Structural Variation
data/raw/mri_images/ADC/MRI00176.png,data/raw/mri_images/ADC/MRI00192.png,mri,ADC,ADC,7,10,Visually Similar,Retain - Shows Structural Variation
data/raw/mri_images/ADC/MRI00176.png,data/raw/mri_images/ADC/MRI00196.png,mri,ADC,ADC,9,5,Visually Similar,Retain - Shows Structural Variation
data/raw/mri_images/ADC/MRI00176.png,data/raw/mri_images/ADC/MRI00197.png,mri,ADC,ADC,9,8,Visually Similar,Retain - Shows Structural Variation
data/raw/mri_images/ADC/MRI00176.png,data/raw/mri_images/ADC/MRI00200.png,mri,ADC,ADC,9,6,Visually Similar,Retain - Shows Structural Variation
data/raw/mri_images/ADC/MRI00176.png,data/raw/mri_images/T1/MRI00014.png,mri,ADC,T1,10,13,Visually Similar,Retain - Shows Structural Variation
data/raw/mri_images/ADC/MRI00177.png,data/raw/mri_images/ADC/MRI00179.png,mri,ADC,ADC,10,4,Visually Similar,Retain - Shows Structural Variation
data/raw/mri_images/ADC/MRI00177.png,data/raw/mri_images/ADC/MRI00181.png,mri,ADC,ADC,10,4,Visually Similar,Retain - Shows Structural Variation
data/raw/mri_images/ADC/MRI00177.png,data/raw/mri_images/ADC/MRI00182.png,mri,ADC,ADC,7,7,Visually Similar,Retain - Shows Structural Variation
data/raw/mri_images/ADC/MRI00177.png,data/raw/mri_images/ADC/MRI00183.png,mri,ADC,ADC,10,6,Visually Similar,Retain - Shows Structural Variation
data/raw/mri_images/ADC/MRI00177.png,data/raw/mri_images/ADC/MRI00192.png,mri,ADC,ADC,8,3,Visually Similar,Retain - Shows Structural Variation
data/raw/mri_images/ADC/MRI00177.png,data/raw/mri_images/ADC/MRI00193.png,mri,ADC,ADC,9,3,Visually Similar,Retain - Shows Structural Variation
data/raw/mri_images/ADC/MRI00177.png,data/raw/mri_images/ADC/MRI00194.png,mri,ADC,ADC,10,4,Visually Similar,Retain - Shows Structural Variation
data/raw/mri_images/ADC/MRI00177.png,data/raw/mri_images/ADC/MRI00195.png,mri,ADC,ADC,5,2,Visually Similar,Retain - Shows Structural Variation
data/raw/mri_images/ADC/MRI00177.png,data/raw/mri_images/ADC/MRI00196.png,mri,ADC,ADC,6,4,Visually Similar,Retain - Shows Structural Variation
data/raw/mri_images/ADC/MRI00177.png,data/raw/mri_images/ADC/MRI00197.png,mri,ADC,ADC,10,3,Visually Similar,Retain - Shows Structural Variation
data/raw/mri_images/ADC/MRI00177.png,data/raw/mri_images/ADC/MRI00199.png,mri,ADC,ADC,10,4,Visually Similar,Retain - Shows Structural Variation
data/raw/mri_images/ADC/MRI00177.png,data/raw/mri_images/T1/MRI00002.png,mri,ADC,T1,10,9,Visually Similar,Retain - Shows Structural Variation
data/raw/mri_images/ADC/MRI00177.png,data/raw/mri_images/T1/MRI00005.png,mri,ADC,T1,10,10,Visually Similar,Retain - Shows Structural Variation
data/raw/mri_images/ADC/MRI00177.png,data/raw/mri_images/T1/MRI00006.png,mri,ADC,T1,8,10,Visually Similar,Retain - Shows Structural Variation
data/raw/mri_images/ADC/MRI00177.png,data/raw/mri_images/T1/MRI00010.png,mri,ADC,T1,8,14,Visually Similar,Retain - Shows Structural Variation
data/raw/mri_images/ADC/MRI00177.png,data/raw/mri_images/T1/MRI00012.png,mri,ADC,T1,7,10,Visually Similar,Retain - Shows Structural Variation
data/raw/mri_images/ADC/MRI00177.png,data/raw/mri_images/T1/MRI00013.png,mri,ADC,T1,9,9,Visually Similar,Retain - Shows Structural Variation
data/raw/mri_images/ADC/MRI00177.png,data/raw/mri_images/T1/MRI00014.png,mri,ADC,T1,9,12,Visually Similar,Retain - Shows Structural Variation
data/raw/mri_images/ADC/MRI00177.png,data/raw/mri_images/T1/MRI00019.png,mri,ADC,T1,6,14,Visually Similar,Retain - Shows Structural Variation
data/raw/mri_images/ADC/MRI00177.png,data/raw/mri_images/T1/MRI00020.png,mri,ADC,T1,9,13,Visually Similar,Retain - Shows Structural Variation
data/raw/mri_images/ADC/MRI00177.png,data/raw/mri_images/T1/MRI00032.png,mri,ADC,T1,6,11,Visually Similar,Retain - Shows Structural Variation
data/raw/mri_images/ADC/MRI00177.png,data/raw/mri_images/T1/MRI00038.png,mri,ADC,T1,10,10,Visually Similar,Retain - Shows Structural Variation
data/raw/mri_images/ADC/MRI00178.png,data/raw/mri_images/ADC/MRI00179.png,mri,ADC,ADC,9,2,Visually Similar,Retain - Shows Structural Variation
data/raw/mri_images/ADC/MRI00178.png,data/raw/mri_images/ADC/MRI00180.png,mri,ADC,ADC,5,2,Visually Similar,Retain - Shows Structural Variation
data/raw/mri_images/ADC/MRI00178.png,data/raw/mri_images/ADC/MRI00182.png,mri,ADC,ADC,10,7,Visually Similar,Retain - Shows Structural Variation
data/raw/mri_images/ADC/MRI00178.png,data/raw/mri_images/ADC/MRI00188.png,mri,ADC,ADC,9,5,Visually Similar,Retain - Shows Structural Variation
data/raw/mri_images/ADC/MRI00178.png,data/raw/mri_images/ADC/MRI00192.png,mri,ADC,ADC,9,3,Visually Similar,Retain - Shows Structural Variation
data/raw/mri_images/ADC/MRI00178.png,data/raw/mri_images/ADC/MRI00198.png,mri,ADC,ADC,6,6,Visually Similar,Retain - Shows Structural Variation
data/raw/mri_images/ADC/MRI00179.png,data/raw/mri_images/ADC/MRI00180.png,mri,ADC,ADC,10,4,Visually Similar,Retain - Shows Structural Variation
data/raw/mri_images/ADC/MRI00179.png,data/raw/mri_images/ADC/MRI00182.png,mri,ADC,ADC,9,5,Visually Similar,Retain - Shows Structural Variation
data/raw/mri_images/ADC/MRI00179.png,data/raw/mri_images/ADC/MRI00183.png,mri,ADC,ADC,10,4,Visually Similar,Retain - Shows Structural Variation
data/raw/mri_images/ADC/MRI00179.png,data/raw/mri_images/ADC/MRI00187.png,mri,ADC,ADC,8,2,Visually Similar,Retain - Shows Structural Variation
data/raw/mri_images/ADC/MRI00179.png,data/raw/mri_images/ADC/MRI00188.png,mri,ADC,ADC,4,3,Near Duplicate,Document & Evaluate Similarity Threshold
data/raw/mri_images/ADC/MRI00179.png,data/raw/mri_images/ADC/MRI00189.png,mri,ADC,ADC,9,4,Visually Similar,Retain - Shows Structural Variation
data/raw/mri_images/ADC/MRI00179.png,data/raw/mri_images/ADC/MRI00198.png,mri,ADC,ADC,5,4,Visually Similar,Retain - Shows Structural Variation
data/raw/mri_images/ADC/MRI00179.png,data/raw/mri_images/T1/MRI00002.png,mri,ADC,T1,10,13,Visually Similar,Retain - Shows Structural Variation
data/raw/mri_images/ADC/MRI00180.png,data/raw/mri_images/ADC/MRI00182.png,mri,ADC,ADC,9,5,Visually Similar,Retain - Shows Structural Variation
data/raw/mri_images/ADC/MRI00180.png,data/raw/mri_images/ADC/MRI00183.png,mri,ADC,ADC,10,2,Visually Similar,Retain - Shows Structural Variation
data/raw/mri_images/ADC/MRI00180.png,data/raw/mri_images/ADC/MRI00187.png,mri,ADC,ADC,8,6,Visually Similar,Retain - Shows Structural Variation
data/raw/mri_images/ADC/MRI00180.png,data/raw/mri_images/ADC/MRI00188.png,mri,ADC,ADC,8,7,Visually Similar,Retain - Shows Structural Variation
data/raw/mri_images/ADC/MRI00180.png,data/raw/mri_images/ADC/MRI00189.png,mri,ADC,ADC,9,8,Visually Similar,Retain - Shows Structural Variation
data/raw/mri_images/ADC/MRI00180.png,data/raw/mri_images/ADC/MRI00198.png,mri,ADC,ADC,9,8,Visually Similar,Retain - Shows Structural Variation
data/raw/mri_images/ADC/MRI00181.png,data/raw/mri_images/ADC/MRI00186.png,mri,ADC,ADC,9,3,Visually Similar,Retain - Shows Structural Variation
data/raw/mri_images/ADC/MRI00181.png,data/raw/mri_images/ADC/MRI00190.png,mri,ADC,ADC,9,5,Visually Similar,Retain - Shows Structural Variation
data/raw/mri_images/ADC/MRI00181.png,data/raw/mri_images/ADC/MRI00195.png,mri,ADC,ADC,9,6,Visually Similar,Retain - Shows Structural Variation
data/raw/mri_images/ADC/MRI00181.png,data/raw/mri_images/T1/MRI00003.png,mri,ADC,T1,8,11,Visually Similar,Retain - Shows Structural Variation
data/raw/mri_images/ADC/MRI00181.png,data/raw/mri_images/T1/MRI00005.png,mri,ADC,T1,10,12,Visually Similar,Retain - Shows Structural Variation
data/raw/mri_images/ADC/MRI00181.png,data/raw/mri_images/T1/MRI00016.png,mri,ADC,T1,6,11,Visually Similar,Retain - Shows Structural Variation
data/raw/mri_images/ADC/MRI00182.png,data/raw/mri_images/ADC/MRI00183.png,mri,ADC,ADC,3,3,Near Duplicate,Document & Evaluate Similarity Threshold
data/raw/mri_images/ADC/MRI00182.png,data/raw/mri_images/ADC/MRI00195.png,mri,ADC,ADC,10,9,Visually Similar,Retain - Shows Structural Variation
data/raw/mri_images/ADC/MRI00182.png,data/raw/mri_images/ADC/MRI00196.png,mri,ADC,ADC,5,5,Visually Similar,Retain - Shows Structural Variation
data/raw/mri_images/ADC/MRI00182.png,data/raw/mri_images/T1/MRI00010.png,mri,ADC,T1,9,11,Visually Similar,Retain - Shows Structural Variation
data/raw/mri_images/ADC/MRI00182.png,data/raw/mri_images/T1/MRI00019.png,mri,ADC,T1,7,11,Visually Similar,Retain - Shows Structural Variation
data/raw/mri_images/ADC/MRI00182.png,data/raw/mri_images/T1/MRI00020.png,mri,ADC,T1,10,12,Visually Similar,Retain - Shows Structural Variation
data/raw/mri_images/ADC/MRI00183.png,data/raw/mri_images/ADC/MRI00194.png,mri,ADC,ADC,10,2,Visually Similar,Retain - Shows Structural Variation
data/raw/mri_images/ADC/MRI00183.png,data/raw/mri_images/ADC/MRI00196.png,mri,ADC,ADC,4,2,Near Duplicate,Document & Evaluate Similarity Threshold
data/raw/mri_images/ADC/MRI00183.png,data/raw/mri_images/T1/MRI00010.png,mri,ADC,T1,10,12,Visually Similar,Retain - Shows Structural Variation
data/raw/mri_images/ADC/MRI00183.png,data/raw/mri_images/T1/MRI00019.png,mri,ADC,T1,10,12,Visually Similar,Retain - Shows Structural Variation
data/raw/mri_images/ADC/MRI00183.png,data/raw/mri_images/T1/MRI00020.png,mri,ADC,T1,9,11,Visually Similar,Retain - Shows Structural Variation
data/raw/mri_images/ADC/MRI00183.png,data/raw/mri_images/T1/MRI00030.png,mri,ADC,T1,10,13,Visually Similar,Retain - Shows Structural Variation
data/raw/mri_images/ADC/MRI00183.png,data/raw/mri_images/T1/MRI00032.png,mri,ADC,T1,10,13,Visually Similar,Retain - Shows Structural Variation
data/raw/mri_images/ADC/MRI00184.png,data/raw/mri_images/ADC/MRI00186.png,mri,ADC,ADC,8,3,Visually Similar,Retain - Shows Structural Variation
data/raw/mri_images/ADC/MRI00184.png,data/raw/mri_images/ADC/MRI00194.png,mri,ADC,ADC,9,2,Visually Similar,Retain - Shows Structural Variation
data/raw/mri_images/ADC/MRI00185.png,data/raw/mri_images/ADC/MRI00190.png,mri,ADC,ADC,7,3,Visually Similar,Retain - Shows Structural Variation
data/raw/mri_images/ADC/MRI00185.png,data/raw/mri_images/ADC/MRI00191.png,mri,ADC,ADC,9,2,Visually Similar,Retain - Shows Structural Variation
data/raw/mri_images/ADC/MRI00185.png,data/raw/mri_images/ADC/MRI00193.png,mri,ADC,ADC,7,3,Visually Similar,Retain - Shows Structural Variation
data/raw/mri_images/ADC/MRI00185.png,data/raw/mri_images/ADC/MRI00197.png,mri,ADC,ADC,10,3,Visually Similar,Retain - Shows Structural Variation
data/raw/mri_images/ADC/MRI00185.png,data/raw/mri_images/ADC/MRI00199.png,mri,ADC,ADC,6,0,Visually Similar,Retain - Shows Structural Variation
data/raw/mri_images/ADC/MRI00185.png,data/raw/mri_images/T1/MRI00001.png,mri,ADC,T1,5,11,Visually Similar,Retain - Shows Structural Variation
data/raw/mri_images/ADC/MRI00185.png,data/raw/mri_images/T1/MRI00007.png,mri,ADC,T1,7,11,Visually Similar,Retain - Shows Structural Variation
data/raw/mri_images/ADC/MRI00185.png,data/raw/mri_images/T1/MRI00016.png,mri,ADC,T1,10,13,Visually Similar,Retain - Shows Structural Variation
data/raw/mri_images/ADC/MRI00185.png,data/raw/mri_images/T1/MRI00018.png,mri,ADC,T1,10,12,Visually Similar,Retain - Shows Structural Variation
data/raw/mri_images/ADC/MRI00185.png,data/raw/mri_images/T1/MRI00027.png,mri,ADC,T1,8,12,Visually Similar,Retain - Shows Structural Variation
data/raw/mri_images/ADC/MRI00185.png,data/raw/mri_images/T1/MRI00028.png,mri,ADC,T1,6,11,Visually Similar,Retain - Shows Structural Variation
data/raw/mri_images/ADC/MRI00185.png,data/raw/mri_images/T1/MRI00034.png,mri,ADC,T1,9,10,Visually Similar,Retain - Shows Structural Variation
data/raw/mri_images/ADC/MRI00185.png,data/raw/mri_images/T1/MRI00035.png,mri,ADC,T1,9,11,Visually Similar,Retain - Shows Structural Variation
data/raw/mri_images/ADC/MRI00185.png,data/raw/mri_images/T1/MRI00037.png,mri,ADC,T1,7,11,Visually Similar,Retain - Shows Structural Variation
data/raw/mri_images/ADC/MRI00186.png,data/raw/mri_images/ADC/MRI00194.png,mri,ADC,ADC,7,3,Visually Similar,Retain - Shows Structural Variation
data/raw/mri_images/ADC/MRI00186.png,data/raw/mri_images/T1/MRI00016.png,mri,ADC,T1,7,12,Visually Similar,Retain - Shows Structural Variation
data/raw/mri_images/ADC/MRI00187.png,data/raw/mri_images/ADC/MRI00188.png,mri,ADC,ADC,6,1,Visually Similar,Retain - Shows Structural Variation
data/raw/mri_images/ADC/MRI00187.png,data/raw/mri_images/ADC/MRI00189.png,mri,ADC,ADC,7,2,Visually Similar,Retain - Shows Structural Variation
data/raw/mri_images/ADC/MRI00187.png,data/raw/mri_images/ADC/MRI00198.png,mri,ADC,ADC,9,2,Visually Similar,Retain - Shows Structural Variation
data/raw/mri_images/ADC/MRI00188.png,data/raw/mri_images/ADC/MRI00189.png,mri,ADC,ADC,5,1,Visually Similar,Retain - Shows Structural Variation
data/raw/mri_images/ADC/MRI00188.png,data/raw/mri_images/ADC/MRI00191.png,mri,ADC,ADC,9,7,Visually Similar,Retain - Shows Structural Variation
data/raw/mri_images/ADC/MRI00188.png,data/raw/mri_images/ADC/MRI00198.png,mri,ADC,ADC,3,1,Near Duplicate,Document & Evaluate Similarity Threshold
data/raw/mri_images/ADC/MRI00188.png,data/raw/mri_images/T1/MRI00008.png,mri,ADC,T1,9,12,Visually Similar,Retain - Shows Structural Variation
data/raw/mri_images/ADC/MRI00189.png,data/raw/mri_images/ADC/MRI00190.png,mri,ADC,ADC,10,3,Visually Similar,Retain - Shows Structural Variation
data/raw/mri_images/ADC/MRI00189.png,data/raw/mri_images/ADC/MRI00191.png,mri,ADC,ADC,10,6,Visually Similar,Retain - Shows Structural Variation
data/raw/mri_images/ADC/MRI00189.png,data/raw/mri_images/ADC/MRI00198.png,mri,ADC,ADC,8,2,Visually Similar,Retain - Shows Structural Variation
data/raw/mri_images/ADC/MRI00189.png,data/raw/mri_images/T1/MRI00003.png,mri,ADC,T1,9,11,Visually Similar,Retain - Shows Structural Variation
data/raw/mri_images/ADC/MRI00189.png,data/raw/mri_images/T1/MRI00008.png,mri,ADC,T1,10,13,Visually Similar,Retain - Shows Structural Variation
data/raw/mri_images/ADC/MRI00190.png,data/raw/mri_images/ADC/MRI00191.png,mri,ADC,ADC,2,3,Near Duplicate,Document & Evaluate Similarity Threshold
data/raw/mri_images/ADC/MRI00190.png,data/raw/mri_images/ADC/MRI00195.png,mri,ADC,ADC,8,3,Visually Similar,Retain - Shows Structural Variation
data/raw/mri_images/ADC/MRI00190.png,data/raw/mri_images/ADC/MRI00198.png,mri,ADC,ADC,10,3,Visually Similar,Retain - Shows Structural Variation
data/raw/mri_images/ADC/MRI00190.png,data/raw/mri_images/ADC/MRI00199.png,mri,ADC,ADC,9,3,Visually Similar,Retain - Shows Structural Variation
data/raw/mri_images/ADC/MRI00190.png,data/raw/mri_images/T1/MRI00003.png,mri,ADC,T1,9,12,Visually Similar,Retain - Shows Structural Variation
data/raw/mri_images/ADC/MRI00190.png,data/raw/mri_images/T1/MRI00007.png,mri,ADC,T1,6,12,Visually Similar,Retain - Shows Structural Variation
data/raw/mri_images/ADC/MRI00190.png,data/raw/mri_images/T1/MRI00021.png,mri,ADC,T1,10,12,Visually Similar,Retain - Shows Structural Variation
data/raw/mri_images/ADC/MRI00190.png,data/raw/mri_images/T1/MRI00034.png,mri,ADC,T1,8,11,Visually Similar,Retain - Shows Structural Variation
data/raw/mri_images/ADC/MRI00190.png,data/raw/mri_images/T1/MRI00035.png,mri,ADC,T1,4,12,Near Duplicate,Document & Evaluate Similarity Threshold
data/raw/mri_images/ADC/MRI00190.png,data/raw/mri_images/T1/MRI00036.png,mri,ADC,T1,10,11,Visually Similar,Retain - Shows Structural Variation
data/raw/mri_images/ADC/MRI00190.png,data/raw/mri_images/T1/MRI00037.png,mri,ADC,T1,10,10,Visually Similar,Retain - Shows Structural Variation
data/raw/mri_images/ADC/MRI00191.png,data/raw/mri_images/ADC/MRI00195.png,mri,ADC,ADC,10,4,Visually Similar,Retain - Shows Structural Variation
data/raw/mri_images/ADC/MRI00191.png,data/raw/mri_images/ADC/MRI00198.png,mri,ADC,ADC,8,6,Visually Similar,Retain - Shows Structural Variation
data/raw/mri_images/ADC/MRI00191.png,data/raw/mri_images/ADC/MRI00199.png,mri,ADC,ADC,7,2,Visually Similar,Retain - Shows Structural Variation
data/raw/mri_images/ADC/MRI00191.png,data/raw/mri_images/T1/MRI00007.png,mri,ADC,T1,8,11,Visually Similar,Retain - Shows Structural Variation
data/raw/mri_images/ADC/MRI00191.png,data/raw/mri_images/T1/MRI00021.png,mri,ADC,T1,10,11,Visually Similar,Retain - Shows Structural Variation
data/raw/mri_images/ADC/MRI00191.png,data/raw/mri_images/T1/MRI00034.png,mri,ADC,T1,10,10,Visually Similar,Retain - Shows Structural Variation
data/raw/mri_images/ADC/MRI00191.png,data/raw/mri_images/T1/MRI00035.png,mri,ADC,T1,6,11,Visually Similar,Retain - Shows Structural Variation
data/raw/mri_images/ADC/MRI00192.png,data/raw/mri_images/ADC/MRI00197.png,mri,ADC,ADC,4,2,Near Duplicate,Document & Evaluate Similarity Threshold
data/raw/mri_images/ADC/MRI00192.png,data/raw/mri_images/ADC/MRI00199.png,mri,ADC,ADC,8,5,Visually Similar,Retain - Shows Structural Variation
data/raw/mri_images/ADC/MRI00192.png,data/raw/mri_images/T1/MRI00006.png,mri,ADC,T1,10,11,Visually Similar,Retain - Shows Structural Variation
data/raw/mri_images/ADC/MRI00192.png,data/raw/mri_images/T1/MRI00027.png,mri,ADC,T1,10,11,Visually Similar,Retain - Shows Structural Variation
data/raw/mri_images/ADC/MRI00192.png,data/raw/mri_images/T1/MRI00038.png,mri,ADC,T1,10,13,Visually Similar,Retain - Shows Structural Variation
data/raw/mri_images/ADC/MRI00193.png,data/raw/mri_images/ADC/MRI00195.png,mri,ADC,ADC,6,1,Visually Similar,Retain - Shows Structural Variation
data/raw/mri_images/ADC/MRI00193.png,data/raw/mri_images/ADC/MRI00199.png,mri,ADC,ADC,9,3,Visually Similar,Retain - Shows Structural Variation
data/raw/mri_images/ADC/MRI00193.png,data/raw/mri_images/T1/MRI00001.png,mri,ADC,T1,10,12,Visually Similar,Retain - Shows Structural Variation
data/raw/mri_images/ADC/MRI00193.png,data/raw/mri_images/T1/MRI00006.png,mri,ADC,T1,7,11,Visually Similar,Retain - Shows Structural Variation
data/raw/mri_images/ADC/MRI00193.png,data/raw/mri_images/T1/MRI00007.png,mri,ADC,T1,10,14,Visually Similar,Retain - Shows Structural Variation
data/raw/mri_images/ADC/MRI00193.png,data/raw/mri_images/T1/MRI00012.png,mri,ADC,T1,4,11,Near Duplicate,Document & Evaluate Similarity Threshold
data/raw/mri_images/ADC/MRI00193.png,data/raw/mri_images/T1/MRI00013.png,mri,ADC,T1,8,12,Visually Similar,Retain - Shows Structural Variation
data/raw/mri_images/ADC/MRI00193.png,data/raw/mri_images/T1/MRI00018.png,mri,ADC,T1,7,11,Visually Similar,Retain - Shows Structural Variation
data/raw/mri_images/ADC/MRI00193.png,data/raw/mri_images/T1/MRI00022.png,mri,ADC,T1,10,13,Visually Similar,Retain - Shows Structural Variation
data/raw/mri_images/ADC/MRI00193.png,data/raw/mri_images/T1/MRI00024.png,mri,ADC,T1,10,11,Visually Similar,Retain - Shows Structural Variation
data/raw/mri_images/ADC/MRI00193.png,data/raw/mri_images/T1/MRI00035.png,mri,ADC,T1,10,12,Visually Similar,Retain - Shows Structural Variation
data/raw/mri_images/ADC/MRI00194.png,data/raw/mri_images/ADC/MRI00196.png,mri,ADC,ADC,6,2,Visually Similar,Retain - Shows Structural Variation
data/raw/mri_images/ADC/MRI00194.png,data/raw/mri_images/T1/MRI00004.png,mri,ADC,T1,7,9,Visually Similar,Retain - Shows Structural Variation
data/raw/mri_images/ADC/MRI00194.png,data/raw/mri_images/T1/MRI00014.png,mri,ADC,T1,9,10,Visually Similar,Retain - Shows Structural Variation
data/raw/mri_images/ADC/MRI00194.png,data/raw/mri_images/T1/MRI00032.png,mri,ADC,T1,10,11,Visually Similar,Retain - Shows Structural Variation
data/raw/mri_images/ADC/MRI00195.png,data/raw/mri_images/T1/MRI00006.png,mri,ADC,T1,9,10,Visually Similar,Retain - Shows Structural Variation
data/raw/mri_images/ADC/MRI00195.png,data/raw/mri_images/T1/MRI00012.png,mri,ADC,T1,8,10,Visually Similar,Retain - Shows Structural Variation
data/raw/mri_images/ADC/MRI00195.png,data/raw/mri_images/T1/MRI00013.png,mri,ADC,T1,10,11,Visually Similar,Retain - Shows Structural Variation
data/raw/mri_images/ADC/MRI00195.png,data/raw/mri_images/T1/MRI00035.png,mri,ADC,T1,10,11,Visually Similar,Retain - Shows Structural Variation
data/raw/mri_images/ADC/MRI00196.png,data/raw/mri_images/T1/MRI00010.png,mri,ADC,T1,8,12,Visually Similar,Retain - Shows Structural Variation
data/raw/mri_images/ADC/MRI00196.png,data/raw/mri_images/T1/MRI00014.png,mri,ADC,T1,7,10,Visually Similar,Retain - Shows Structural Variation
data/raw/mri_images/ADC/MRI00196.png,data/raw/mri_images/T1/MRI00017.png,mri,ADC,T1,10,13,Visually Similar,Retain - Shows Structural Variation
data/raw/mri_images/ADC/MRI00196.png,data/raw/mri_images/T1/MRI00019.png,mri,ADC,T1,8,12,Visually Similar,Retain - Shows Structural Variation
data/raw/mri_images/ADC/MRI00196.png,data/raw/mri_images/T1/MRI00020.png,mri,ADC,T1,7,11,Visually Similar,Retain - Shows Structural Variation
data/raw/mri_images/ADC/MRI00196.png,data/raw/mri_images/T1/MRI00029.png,mri,ADC,T1,10,12,Visually Similar,Retain - Shows Structural Variation
data/raw/mri_images/ADC/MRI00196.png,data/raw/mri_images/T1/MRI00030.png,mri,ADC,T1,10,11,Visually Similar,Retain - Shows Structural Variation
data/raw/mri_images/ADC/MRI00196.png,data/raw/mri_images/T1/MRI00032.png,mri,ADC,T1,6,11,Visually Similar,Retain - Shows Structural Variation
data/raw/mri_images/ADC/MRI00197.png,data/raw/mri_images/ADC/MRI00199.png,mri,ADC,ADC,4,3,Near Duplicate,Document & Evaluate Similarity Threshold
data/raw/mri_images/ADC/MRI00197.png,data/raw/mri_images/ADC/MRI00200.png,mri,ADC,ADC,10,6,Visually Similar,Retain - Shows Structural Variation
data/raw/mri_images/ADC/MRI00197.png,data/raw/mri_images/T1/MRI00027.png,mri,ADC,T1,6,9,Visually Similar,Retain - Shows Structural Variation
data/raw/mri_images/ADC/MRI00198.png,data/raw/mri_images/T1/MRI00002.png,mri,ADC,T1,9,17,Visually Similar,Retain - Shows Structural Variation
data/raw/mri_images/ADC/MRI00198.png,data/raw/mri_images/T1/MRI00008.png,mri,ADC,T1,10,13,Visually Similar,Retain - Shows Structural Variation
data/raw/mri_images/ADC/MRI00199.png,data/raw/mri_images/T1/MRI00001.png,mri,ADC,T1,9,11,Visually Similar,Retain - Shows Structural Variation
data/raw/mri_images/ADC/MRI00199.png,data/raw/mri_images/T1/MRI00006.png,mri,ADC,T1,10,12,Visually Similar,Retain - Shows Structural Variation
data/raw/mri_images/ADC/MRI00199.png,data/raw/mri_images/T1/MRI00012.png,mri,ADC,T1,9,12,Visually Similar,Retain - Shows Structural Variation
data/raw/mri_images/ADC/MRI00199.png,data/raw/mri_images/T1/MRI00027.png,mri,ADC,T1,6,12,Visually Similar,Retain - Shows Structural Variation
data/raw/mri_images/ADC/MRI00199.png,data/raw/mri_images/T1/MRI00028.png,mri,ADC,T1,10,11,Visually Similar,Retain - Shows Structural Variation
data/raw/mri_images/DWI/MRI00121.png,data/raw/mri_images/DWI/MRI00122.png,mri,DWI,DWI,5,3,Visually Similar,Retain - Shows Structural Variation
data/raw/mri_images/DWI/MRI00121.png,data/raw/mri_images/DWI/MRI00125.png,mri,DWI,DWI,6,1,Visually Similar,Retain - Shows Structural Variation
data/raw/mri_images/DWI/MRI00121.png,data/raw/mri_images/DWI/MRI00126.png,mri,DWI,DWI,6,2,Visually Similar,Retain - Shows Structural Variation
data/raw/mri_images/DWI/MRI00121.png,data/raw/mri_images/DWI/MRI00127.png,mri,DWI,DWI,4,2,Near Duplicate,Document & Evaluate Similarity Threshold
data/raw/mri_images/DWI/MRI00121.png,data/raw/mri_images/DWI/MRI00128.png,mri,DWI,DWI,4,3,Near Duplicate,Document & Evaluate Similarity Threshold
data/raw/mri_images/DWI/MRI00121.png,data/raw/mri_images/DWI/MRI00129.png,mri,DWI,DWI,8,3,Visually Similar,Retain - Shows Structural Variation
data/raw/mri_images/DWI/MRI00121.png,data/raw/mri_images/DWI/MRI00135.png,mri,DWI,DWI,10,6,Visually Similar,Retain - Shows Structural Variation
data/raw/mri_images/DWI/MRI00121.png,data/raw/mri_images/DWI/MRI00140.png,mri,DWI,DWI,4,4,Near Duplicate,Document & Evaluate Similarity Threshold
data/raw/mri_images/DWI/MRI00121.png,data/raw/mri_images/DWI/MRI00143.png,mri,DWI,DWI,4,4,Near Duplicate,Document & Evaluate Similarity Threshold
data/raw/mri_images/DWI/MRI00121.png,data/raw/mri_images/DWI/MRI00144.png,mri,DWI,DWI,10,5,Visually Similar,Retain - Shows Structural Variation
data/raw/mri_images/DWI/MRI00121.png,data/raw/mri_images/DWI/MRI00145.png,mri,DWI,DWI,4,4,Near Duplicate,Document & Evaluate Similarity Threshold
data/raw/mri_images/DWI/MRI00121.png,data/raw/mri_images/DWI/MRI00148.png,mri,DWI,DWI,9,7,Visually Similar,Retain - Shows Structural Variation
data/raw/mri_images/DWI/MRI00121.png,data/raw/mri_images/DWI/MRI00156.png,mri,DWI,DWI,9,3,Visually Similar,Retain - Shows Structural Variation
data/raw/mri_images/DWI/MRI00121.png,data/raw/mri_images/DWI/MRI00158.png,mri,DWI,DWI,5,3,Visually Similar,Retain - Shows Structural Variation
data/raw/mri_images/DWI/MRI00121.png,data/raw/mri_images/DWI/MRI00159.png,mri,DWI,DWI,7,2,Visually Similar,Retain - Shows Structural Variation
data/raw/mri_images/DWI/MRI00121.png,data/raw/mri_images/FLAIR/MRI00081.png,mri,DWI,FLAIR,4,2,Near Duplicate,Document & Evaluate Similarity Threshold
data/raw/mri_images/DWI/MRI00121.png,data/raw/mri_images/FLAIR/MRI00083.png,mri,DWI,FLAIR,8,4,Visually Similar,Retain - Shows Structural Variation
data/raw/mri_images/DWI/MRI00121.png,data/raw/mri_images/FLAIR/MRI00086.png,mri,DWI,FLAIR,10,9,Visually Similar,Retain - Shows Structural Variation
data/raw/mri_images/DWI/MRI00121.png,data/raw/mri_images/FLAIR/MRI00087.png,mri,DWI,FLAIR,7,6,Visually Similar,Retain - Shows Structural Variation
data/raw/mri_images/DWI/MRI00121.png,data/raw/mri_images/FLAIR/MRI00090.png,mri,DWI,FLAIR,4,1,Near Duplicate,Document & Evaluate Similarity Threshold
data/raw/mri_images/DWI/MRI00121.png,data/raw/mri_images/FLAIR/MRI00095.png,mri,DWI,FLAIR,7,2,Visually Similar,Retain - Shows Structural Variation
data/raw/mri_images/DWI/MRI00121.png,data/raw/mri_images/FLAIR/MRI00097.png,mri,DWI,FLAIR,6,3,Visually Similar,Retain - Shows Structural Variation
data/raw/mri_images/DWI/MRI00121.png,data/raw/mri_images/FLAIR/MRI00099.png,mri,DWI,FLAIR,7,4,Visually Similar,Retain - Shows Structural Variation
data/raw/mri_images/DWI/MRI00121.png,data/raw/mri_images/FLAIR/MRI00101.png,mri,DWI,FLAIR,6,4,Visually Similar,Retain - Shows Structural Variation
data/raw/mri_images/DWI/MRI00121.png,data/raw/mri_images/FLAIR/MRI00102.png,mri,DWI,FLAIR,7,1,Visually Similar,Retain - Shows Structural Variation
data/raw/mri_images/DWI/MRI00121.png,data/raw/mri_images/FLAIR/MRI00104.png,mri,DWI,FLAIR,7,4,Visually Similar,Retain - Shows Structural Variation
data/raw/mri_images/DWI/MRI00121.png,data/raw/mri_images/FLAIR/MRI00106.png,mri,DWI,FLAIR,8,4,Visually Similar,Retain - Shows Structural Variation
data/raw/mri_images/DWI/MRI00121.png,data/raw/mri_images/FLAIR/MRI00107.png,mri,DWI,FLAIR,8,5,Visually Similar,Retain - Shows Structural Variation
data/raw/mri_images/DWI/MRI00121.png,data/raw/mri_images/FLAIR/MRI00109.png,mri,DWI,FLAIR,5,6,Visually Similar,Retain - Shows Structural Variation
data/raw/mri_images/DWI/MRI00121.png,data/raw/mri_images/FLAIR/MRI00110.png,mri,DWI,FLAIR,9,3,Visually Similar,Retain - Shows Structural Variation
data/raw/mri_images/DWI/MRI00121.png,data/raw/mri_images/FLAIR/MRI00112.png,mri,DWI,FLAIR,7,5,Visually Similar,Retain - Shows Structural Variation
data/raw/mri_images/DWI/MRI00121.png,data/raw/mri_images/FLAIR/MRI00114.png,mri,DWI,FLAIR,7,2,Visually Similar,Retain - Shows Structural Variation
data/raw/mri_images/DWI/MRI00121.png,data/raw/mri_images/FLAIR/MRI00117.png,mri,DWI,FLAIR,10,3,Visually Similar,Retain - Shows Structural Variation
data/raw/mri_images/DWI/MRI00121.png,data/raw/mri_images/FLAIR/MRI00120.png,mri,DWI,FLAIR,9,4,Visually Similar,Retain - Shows Structural Variation
data/raw/mri_images/DWI/MRI00121.png,data/raw/mri_images/T2/MRI00050.png,mri,DWI,T2,10,9,Visually Similar,Retain - Shows Structural Variation
data/raw/mri_images/DWI/MRI00121.png,data/raw/mri_images/T2/MRI00054.png,mri,DWI,T2,10,9,Visually Similar,Retain - Shows Structural Variation
data/raw/mri_images/DWI/MRI00122.png,data/raw/mri_images/DWI/MRI00124.png,mri,DWI,DWI,10,7,Visually Similar,Retain - Shows Structural Variation
data/raw/mri_images/DWI/MRI00122.png,data/raw/mri_images/DWI/MRI00125.png,mri,DWI,DWI,3,4,Near Duplicate,Document & Evaluate Similarity Threshold
data/raw/mri_images/DWI/MRI00122.png,data/raw/mri_images/DWI/MRI00127.png,mri,DWI,DWI,1,3,Near Duplicate,Document & Evaluate Similarity Threshold
data/raw/mri_images/DWI/MRI00122.png,data/raw/mri_images/DWI/MRI00128.png,mri,DWI,DWI,1,6,Near Duplicate,Document & Evaluate Similarity Threshold
data/raw/mri_images/DWI/MRI00122.png,data/raw/mri_images/DWI/MRI00129.png,mri,DWI,DWI,5,6,Visually Similar,Retain - Shows Structural Variation
data/raw/mri_images/DWI/MRI00122.png,data/raw/mri_images/DWI/MRI00131.png,mri,DWI,DWI,10,5,Visually Similar,Retain - Shows Structural Variation
data/raw/mri_images/DWI/MRI00122.png,data/raw/mri_images/DWI/MRI00132.png,mri,DWI,DWI,8,5,Visually Similar,Retain - Shows Structural Variation
data/raw/mri_images/DWI/MRI00122.png,data/raw/mri_images/DWI/MRI00135.png,mri,DWI,DWI,9,5,Visually Similar,Retain - Shows Structural Variation
data/raw/mri_images/DWI/MRI00122.png,data/raw/mri_images/DWI/MRI00136.png,mri,DWI,DWI,10,5,Visually Similar,Retain - Shows Structural Variation
data/raw/mri_images/DWI/MRI00122.png,data/raw/mri_images/DWI/MRI00138.png,mri,DWI,DWI,10,6,Visually Similar,Retain - Shows Structural Variation
data/raw/mri_images/DWI/MRI00122.png,data/raw/mri_images/DWI/MRI00140.png,mri,DWI,DWI,1,3,Near Duplicate,Document & Evaluate Similarity Threshold
data/raw/mri_images/DWI/MRI00122.png,data/raw/mri_images/DWI/MRI00143.png,mri,DWI,DWI,1,3,Near Duplicate,Document & Evaluate Similarity Threshold
data/raw/mri_images/DWI/MRI00122.png,data/raw/mri_images/DWI/MRI00144.png,mri,DWI,DWI,9,6,Visually Similar,Retain - Shows Structural Variation
data/raw/mri_images/DWI/MRI00122.png,data/raw/mri_images/DWI/MRI00145.png,mri,DWI,DWI,1,3,Near Duplicate,Document & Evaluate Similarity Threshold
data/raw/mri_images/DWI/MRI00122.png,data/raw/mri_images/DWI/MRI00148.png,mri,DWI,DWI,8,6,Visually Similar,Retain - Shows Structural Variation
data/raw/mri_images/DWI/MRI00122.png,data/raw/mri_images/DWI/MRI00151.png,mri,DWI,DWI,10,7,Visually Similar,Retain - Shows Structural Variation
data/raw/mri_images/DWI/MRI00122.png,data/raw/mri_images/DWI/MRI00153.png,mri,DWI,DWI,10,5,Visually Similar,Retain - Shows Structural Variation
data/raw/mri_images/DWI/MRI00122.png,data/raw/mri_images/DWI/MRI00154.png,mri,DWI,DWI,10,4,Visually Similar,Retain - Shows Structural Variation
data/raw/mri_images/DWI/MRI00122.png,data/raw/mri_images/DWI/MRI00155.png,mri,DWI,DWI,8,10,Visually Similar,Retain - Shows Structural Variation
data/raw/mri_images/DWI/MRI00122.png,data/raw/mri_images/DWI/MRI00156.png,mri,DWI,DWI,10,6,Visually Similar,Retain - Shows Structural Variation
data/raw/mri_images/DWI/MRI00122.png,data/raw/mri_images/DWI/MRI00157.png,mri,DWI,DWI,10,9,Visually Similar,Retain - Shows Structural Variation
data/raw/mri_images/DWI/MRI00122.png,data/raw/mri_images/DWI/MRI00158.png,mri,DWI,DWI,0,2,Exact Duplicate,Keep Representative / Purge Duplicate
data/raw/mri_images/DWI/MRI00122.png,data/raw/mri_images/FLAIR/MRI00081.png,mri,DWI,FLAIR,1,5,Near Duplicate,Document & Evaluate Similarity Threshold
data/raw/mri_images/DWI/MRI00122.png,data/raw/mri_images/FLAIR/MRI00086.png,mri,DWI,FLAIR,7,8,Visually Similar,Retain - Shows Structural Variation
data/raw/mri_images/DWI/MRI00122.png,data/raw/mri_images/FLAIR/MRI00089.png,mri,DWI,FLAIR,10,7,Visually Similar,Retain - Shows Structural Variation
data/raw/mri_images/DWI/MRI00122.png,data/raw/mri_images/FLAIR/MRI00090.png,mri,DWI,FLAIR,1,4,Near Duplicate,Document & Evaluate Similarity Threshold
data/raw/mri_images/DWI/MRI00122.png,data/raw/mri_images/FLAIR/MRI00093.png,mri,DWI,FLAIR,7,7,Visually Similar,Retain - Shows Structural Variation
data/raw/mri_images/DWI/MRI00122.png,data/raw/mri_images/FLAIR/MRI00094.png,mri,DWI,FLAIR,10,4,Visually Similar,Retain - Shows Structural Variation
data/raw/mri_images/DWI/MRI00122.png,data/raw/mri_images/FLAIR/MRI00095.png,mri,DWI,FLAIR,6,5,Visually Similar,Retain - Shows Structural Variation
data/raw/mri_images/DWI/MRI00122.png,data/raw/mri_images/FLAIR/MRI00097.png,mri,DWI,FLAIR,3,4,Near Duplicate,Document & Evaluate Similarity Threshold
data/raw/mri_images/DWI/MRI00122.png,data/raw/mri_images/FLAIR/MRI00098.png,mri,DWI,FLAIR,8,6,Visually Similar,Retain - Shows Structural Variation
data/raw/mri_images/DWI/MRI00122.png,data/raw/mri_images/FLAIR/MRI00099.png,mri,DWI,FLAIR,10,3,Visually Similar,Retain - Shows Structural Variation
data/raw/mri_images/DWI/MRI00122.png,data/raw/mri_images/FLAIR/MRI00101.png,mri,DWI,FLAIR,3,5,Near Duplicate,Document & Evaluate Similarity Threshold
data/raw/mri_images/DWI/MRI00122.png,data/raw/mri_images/FLAIR/MRI00104.png,mri,DWI,FLAIR,10,3,Visually Similar,Retain - Shows Structural Variation
data/raw/mri_images/DWI/MRI00122.png,data/raw/mri_images/FLAIR/MRI00105.png,mri,DWI,FLAIR,9,10,Visually Similar,Retain - Shows Structural Variation
data/raw/mri_images/DWI/MRI00122.png,data/raw/mri_images/FLAIR/MRI00106.png,mri,DWI,FLAIR,7,7,Visually Similar,Retain - Shows Structural Variation
data/raw/mri_images/DWI/MRI00122.png,data/raw/mri_images/FLAIR/MRI00108.png,mri,DWI,FLAIR,10,5,Visually Similar,Retain - Shows Structural Variation
data/raw/mri_images/DWI/MRI00122.png,data/raw/mri_images/FLAIR/MRI00109.png,mri,DWI,FLAIR,2,7,Near Duplicate,Document & Evaluate Similarity Threshold
data/raw/mri_images/DWI/MRI00122.png,data/raw/mri_images/FLAIR/MRI00110.png,mri,DWI,FLAIR,8,6,Visually Similar,Retain - Shows Structural Variation
data/raw/mri_images/DWI/MRI00122.png,data/raw/mri_images/FLAIR/MRI00112.png,mri,DWI,FLAIR,10,2,Visually Similar,Retain - Shows Structural Variation
data/raw/mri_images/DWI/MRI00122.png,data/raw/mri_images/FLAIR/MRI00116.png,mri,DWI,FLAIR,10,7,Visually Similar,Retain - Shows Structural Variation
data/raw/mri_images/DWI/MRI00122.png,data/raw/mri_images/FLAIR/MRI00118.png,mri,DWI,FLAIR,8,7,Visually Similar,Retain - Shows Structural Variation
data/raw/mri_images/DWI/MRI00122.png,data/raw/mri_images/FLAIR/MRI00120.png,mri,DWI,FLAIR,6,7,Visually Similar,Retain - Shows Structural Variation
data/raw/mri_images/DWI/MRI00122.png,data/raw/mri_images/T2/MRI00045.png,mri,DWI,T2,10,11,Visually Similar,Retain - Shows Structural Variation
data/raw/mri_images/DWI/MRI00122.png,data/raw/mri_images/T2/MRI00048.png,mri,DWI,T2,10,10,Visually Similar,Retain - Shows Structural Variation
data/raw/mri_images/DWI/MRI00122.png,data/raw/mri_images/T2/MRI00052.png,mri,DWI,T2,9,10,Visually Similar,Retain - Shows Structural Variation
data/raw/mri_images/DWI/MRI00122.png,data/raw/mri_images/T2/MRI00058.png,mri,DWI,T2,9,12,Visually Similar,Retain - Shows Structural Variation
data/raw/mri_images/DWI/MRI00122.png,data/raw/mri_images/T2/MRI00063.png,mri,DWI,T2,7,10,Visually Similar,Retain - Shows Structural Variation
data/raw/mri_images/DWI/MRI00123.png,data/raw/mri_images/DWI/MRI00124.png,mri,DWI,DWI,4,4,Near Duplicate,Document & Evaluate Similarity Threshold
data/raw/mri_images/DWI/MRI00123.png,data/raw/mri_images/DWI/MRI00125.png,mri,DWI,DWI,9,3,Visually Similar,Retain - Shows Structural Variation
data/raw/mri_images/DWI/MRI00123.png,data/raw/mri_images/DWI/MRI00129.png,mri,DWI,DWI,9,3,Visually Similar,Retain - Shows Structural Variation
data/raw/mri_images/DWI/MRI00123.png,data/raw/mri_images/DWI/MRI00130.png,mri,DWI,DWI,2,2,Near Duplicate,Document & Evaluate Similarity Threshold
data/raw/mri_images/DWI/MRI00123.png,data/raw/mri_images/DWI/MRI00131.png,mri,DWI,DWI,2,2,Near Duplicate,Document & Evaluate Similarity Threshold
data/raw/mri_images/DWI/MRI00123.png,data/raw/mri_images/DWI/MRI00132.png,mri,DWI,DWI,4,2,Near Duplicate,Document & Evaluate Similarity Threshold
data/raw/mri_images/DWI/MRI00123.png,data/raw/mri_images/DWI/MRI00134.png,mri,DWI,DWI,7,4,Visually Similar,Retain - Shows Structural Variation
data/raw/mri_images/DWI/MRI00123.png,data/raw/mri_images/DWI/MRI00136.png,mri,DWI,DWI,2,2,Near Duplicate,Document & Evaluate Similarity Threshold
data/raw/mri_images/DWI/MRI00123.png,data/raw/mri_images/DWI/MRI00142.png,mri,DWI,DWI,6,5,Visually Similar,Retain - Shows Structural Variation
data/raw/mri_images/DWI/MRI00123.png,data/raw/mri_images/DWI/MRI00144.png,mri,DWI,DWI,5,3,Visually Similar,Retain - Shows Structural Variation
data/raw/mri_images/DWI/MRI00123.png,data/raw/mri_images/DWI/MRI00148.png,mri,DWI,DWI,4,7,Near Duplicate,Document & Evaluate Similarity Threshold
data/raw/mri_images/DWI/MRI00123.png,data/raw/mri_images/DWI/MRI00149.png,mri,DWI,DWI,9,3,Visually Similar,Retain - Shows Structural Variation
data/raw/mri_images/DWI/MRI00123.png,data/raw/mri_images/DWI/MRI00153.png,mri,DWI,DWI,2,4,Near Duplicate,Document & Evaluate Similarity Threshold
data/raw/mri_images/DWI/MRI00123.png,data/raw/mri_images/DWI/MRI00154.png,mri,DWI,DWI,2,5,Near Duplicate,Document & Evaluate Similarity Threshold
data/raw/mri_images/DWI/MRI00123.png,data/raw/mri_images/DWI/MRI00156.png,mri,DWI,DWI,4,3,Near Duplicate,Document & Evaluate Similarity Threshold
data/raw/mri_images/DWI/MRI00123.png,data/raw/mri_images/FLAIR/MRI00082.png,mri,DWI,FLAIR,8,5,Visually Similar,Retain - Shows Structural Variation
data/raw/mri_images/DWI/MRI00123.png,data/raw/mri_images/FLAIR/MRI00085.png,mri,DWI,FLAIR,7,6,Visually Similar,Retain - Shows Structural Variation
data/raw/mri_images/DWI/MRI00123.png,data/raw/mri_images/FLAIR/MRI00086.png,mri,DWI,FLAIR,9,7,Visually Similar,Retain - Shows Structural Variation
data/raw/mri_images/DWI/MRI00123.png,data/raw/mri_images/FLAIR/MRI00093.png,mri,DWI,FLAIR,9,8,Visually Similar,Retain - Shows Structural Variation
data/raw/mri_images/DWI/MRI00123.png,data/raw/mri_images/FLAIR/MRI00094.png,mri,DWI,FLAIR,2,3,Near Duplicate,Document & Evaluate Similarity Threshold
data/raw/mri_images/DWI/MRI00123.png,data/raw/mri_images/FLAIR/MRI00095.png,mri,DWI,FLAIR,6,4,Visually Similar,Retain - Shows Structural Variation
data/raw/mri_images/DWI/MRI00123.png,data/raw/mri_images/FLAIR/MRI00101.png,mri,DWI,FLAIR,9,6,Visually Similar,Retain - Shows Structural Variation
data/raw/mri_images/DWI/MRI00123.png,data/raw/mri_images/FLAIR/MRI00102.png,mri,DWI,FLAIR,8,3,Visually Similar,Retain - Shows Structural Variation
data/raw/mri_images/DWI/MRI00123.png,data/raw/mri_images/FLAIR/MRI00103.png,mri,DWI,FLAIR,10,6,Visually Similar,Retain - Shows Structural Variation
data/raw/mri_images/DWI/MRI00123.png,data/raw/mri_images/FLAIR/MRI00106.png,mri,DWI,FLAIR,9,6,Visually Similar,Retain - Shows Structural Variation
data/raw/mri_images/DWI/MRI00123.png,data/raw/mri_images/FLAIR/MRI00108.png,mri,DWI,FLAIR,2,4,Near Duplicate,Document & Evaluate Similarity Threshold
data/raw/mri_images/DWI/MRI00123.png,data/raw/mri_images/FLAIR/MRI00110.png,mri,DWI,FLAIR,4,5,Near Duplicate,Document & Evaluate Similarity Threshold
data/raw/mri_images/DWI/MRI00123.png,data/raw/mri_images/FLAIR/MRI00115.png,mri,DWI,FLAIR,8,4,Visually Similar,Retain - Shows Structural Variation
data/raw/mri_images/DWI/MRI00123.png,data/raw/mri_images/FLAIR/MRI00118.png,mri,DWI,FLAIR,10,8,Visually Similar,Retain - Shows Structural Variation
data/raw/mri_images/DWI/MRI00123.png,data/raw/mri_images/FLAIR/MRI00120.png,mri,DWI,FLAIR,6,4,Visually Similar,Retain - Shows Structural Variation
data/raw/mri_images/DWI/MRI00124.png,data/raw/mri_images/DWI/MRI00125.png,mri,DWI,DWI,7,3,Visually Similar,Retain - Shows Structural Variation
data/raw/mri_images/DWI/MRI00124.png,data/raw/mri_images/DWI/MRI00127.png,mri,DWI,DWI,9,6,Visually Similar,Retain - Shows Structural Variation
data/raw/mri_images/DWI/MRI00124.png,data/raw/mri_images/DWI/MRI00128.png,mri,DWI,DWI,9,3,Visually Similar,Retain - Shows Structural Variation
data/raw/mri_images/DWI/MRI00124.png,data/raw/mri_images/DWI/MRI00129.png,mri,DWI,DWI,7,1,Visually Similar,Retain - Shows Structural Variation
data/raw/mri_images/DWI/MRI00124.png,data/raw/mri_images/DWI/MRI00130.png,mri,DWI,DWI,6,6,Visually Similar,Retain - Shows Structural Variation
data/raw/mri_images/DWI/MRI00124.png,data/raw/mri_images/DWI/MRI00131.png,mri,DWI,DWI,4,6,Near Duplicate,Document & Evaluate Similarity Threshold
data/raw/mri_images/DWI/MRI00124.png,data/raw/mri_images/DWI/MRI00132.png,mri,DWI,DWI,4,6,Near Duplicate,Document & Evaluate Similarity Threshold
data/raw/mri_images/DWI/MRI00124.png,data/raw/mri_images/DWI/MRI00134.png,mri,DWI,DWI,3,0,Near Duplicate,Document & Evaluate Similarity Threshold
data/raw/mri_images/DWI/MRI00124.png,data/raw/mri_images/DWI/MRI00135.png,mri,DWI,DWI,7,4,Visually Similar,Retain - Shows Structural Variation
data/raw/mri_images/DWI/MRI00124.png,data/raw/mri_images/DWI/MRI00136.png,mri,DWI,DWI,2,4,Near Duplicate,Document & Evaluate Similarity Threshold
data/raw/mri_images/DWI/MRI00124.png,data/raw/mri_images/DWI/MRI00137.png,mri,DWI,DWI,7,2,Visually Similar,Retain - Shows Structural Variation
data/raw/mri_images/DWI/MRI00124.png,data/raw/mri_images/DWI/MRI00140.png,mri,DWI,DWI,9,8,Visually Similar,Retain - Shows Structural Variation
data/raw/mri_images/DWI/MRI00124.png,data/raw/mri_images/DWI/MRI00142.png,mri,DWI,DWI,2,3,Near Duplicate,Document & Evaluate Similarity Threshold
data/raw/mri_images/DWI/MRI00124.png,data/raw/mri_images/DWI/MRI00143.png,mri,DWI,DWI,9,8,Visually Similar,Retain - Shows Structural Variation
data/raw/mri_images/DWI/MRI00124.png,data/raw/mri_images/DWI/MRI00144.png,mri,DWI,DWI,3,1,Near Duplicate,Document & Evaluate Similarity Threshold
data/raw/mri_images/DWI/MRI00124.png,data/raw/mri_images/DWI/MRI00145.png,mri,DWI,DWI,9,8,Visually Similar,Retain - Shows Structural Variation
data/raw/mri_images/DWI/MRI00124.png,data/raw/mri_images/DWI/MRI00146.png,mri,DWI,DWI,7,2,Visually Similar,Retain - Shows Structural Variation
data/raw/mri_images/DWI/MRI00124.png,data/raw/mri_images/DWI/MRI00148.png,mri,DWI,DWI,2,7,Near Duplicate,Document & Evaluate Similarity Threshold
data/raw/mri_images/DWI/MRI00124.png,data/raw/mri_images/DWI/MRI00149.png,mri,DWI,DWI,5,3,Visually Similar,Retain - Shows Structural Variation
data/raw/mri_images/DWI/MRI00124.png,data/raw/mri_images/DWI/MRI00151.png,mri,DWI,DWI,10,4,Visually Similar,Retain - Shows Structural Variation
data/raw/mri_images/DWI/MRI00124.png,data/raw/mri_images/DWI/MRI00152.png,mri,DWI,DWI,7,2,Visually Similar,Retain - Shows Structural Variation
data/raw/mri_images/DWI/MRI00124.png,data/raw/mri_images/DWI/MRI00153.png,mri,DWI,DWI,2,4,Near Duplicate,Document & Evaluate Similarity Threshold
data/raw/mri_images/DWI/MRI00124.png,data/raw/mri_images/DWI/MRI00154.png,mri,DWI,DWI,4,9,Near Duplicate,Document & Evaluate Similarity Threshold
data/raw/mri_images/DWI/MRI00124.png,data/raw/mri_images/DWI/MRI00155.png,mri,DWI,DWI,10,5,Visually Similar,Retain - Shows Structural Variation
data/raw/mri_images/DWI/MRI00124.png,data/raw/mri_images/DWI/MRI00156.png,mri,DWI,DWI,4,3,Near Duplicate,Document & Evaluate Similarity Threshold
data/raw/mri_images/DWI/MRI00124.png,data/raw/mri_images/DWI/MRI00157.png,mri,DWI,DWI,10,2,Visually Similar,Retain - Shows Structural Variation
data/raw/mri_images/DWI/MRI00124.png,data/raw/mri_images/DWI/MRI00158.png,mri,DWI,DWI,10,7,Visually Similar,Retain - Shows Structural Variation
data/raw/mri_images/DWI/MRI00124.png,data/raw/mri_images/DWI/MRI00160.png,mri,DWI,DWI,7,4,Visually Similar,Retain - Shows Structural Variation
data/raw/mri_images/DWI/MRI00124.png,data/raw/mri_images/FLAIR/MRI00081.png,mri,DWI,FLAIR,9,6,Visually Similar,Retain - Shows Structural Variation
data/raw/mri_images/DWI/MRI00124.png,data/raw/mri_images/FLAIR/MRI00082.png,mri,DWI,FLAIR,4,1,Near Duplicate,Document & Evaluate Similarity Threshold
data/raw/mri_images/DWI/MRI00124.png,data/raw/mri_images/FLAIR/MRI00083.png,mri,DWI,FLAIR,9,8,Visually Similar,Retain - Shows Structural Variation
data/raw/mri_images/DWI/MRI00124.png,data/raw/mri_images/FLAIR/MRI00084.png,mri,DWI,FLAIR,7,1,Visually Similar,Retain - Shows Structural Variation
data/raw/mri_images/DWI/MRI00124.png,data/raw/mri_images/FLAIR/MRI00085.png,mri,DWI,FLAIR,5,4,Visually Similar,Retain - Shows Structural Variation
data/raw/mri_images/DWI/MRI00124.png,data/raw/mri_images/FLAIR/MRI00086.png,mri,DWI,FLAIR,7,5,Visually Similar,Retain - Shows Structural Variation
data/raw/mri_images/DWI/MRI00124.png,data/raw/mri_images/FLAIR/MRI00089.png,mri,DWI,FLAIR,10,4,Visually Similar,Retain - Shows Structural Variation
data/raw/mri_images/DWI/MRI00124.png,data/raw/mri_images/FLAIR/MRI00090.png,mri,DWI,FLAIR,9,5,Visually Similar,Retain - Shows Structural Variation
data/raw/mri_images/DWI/MRI00124.png,data/raw/mri_images/FLAIR/MRI00092.png,mri,DWI,FLAIR,7,1,Visually Similar,Retain - Shows Structural Variation
data/raw/mri_images/DWI/MRI00124.png,data/raw/mri_images/FLAIR/MRI00093.png,mri,DWI,FLAIR,7,8,Visually Similar,Retain - Shows Structural Variation
data/raw/mri_images/DWI/MRI00124.png,data/raw/mri_images/FLAIR/MRI00094.png,mri,DWI,FLAIR,4,5,Near Duplicate,Document & Evaluate Similarity Threshold
data/raw/mri_images/DWI/MRI00124.png,data/raw/mri_images/FLAIR/MRI00095.png,mri,DWI,FLAIR,4,4,Near Duplicate,Document & Evaluate Similarity Threshold
data/raw/mri_images/DWI/MRI00124.png,data/raw/mri_images/FLAIR/MRI00096.png,mri,DWI,FLAIR,7,5,Visually Similar,Retain - Shows Structural Variation
data/raw/mri_images/DWI/MRI00124.png,data/raw/mri_images/FLAIR/MRI00097.png,mri,DWI,FLAIR,9,7,Visually Similar,Retain - Shows Structural Variation
data/raw/mri_images/DWI/MRI00124.png,data/raw/mri_images/FLAIR/MRI00100.png,mri,DWI,FLAIR,9,4,Visually Similar,Retain - Shows Structural Variation
data/raw/mri_images/DWI/MRI00124.png,data/raw/mri_images/FLAIR/MRI00101.png,mri,DWI,FLAIR,7,4,Visually Similar,Retain - Shows Structural Variation
data/raw/mri_images/DWI/MRI00124.png,data/raw/mri_images/FLAIR/MRI00102.png,mri,DWI,FLAIR,8,3,Visually Similar,Retain - Shows Structural Variation
data/raw/mri_images/DWI/MRI00124.png,data/raw/mri_images/FLAIR/MRI00103.png,mri,DWI,FLAIR,8,8,Visually Similar,Retain - Shows Structural Variation
data/raw/mri_images/DWI/MRI00124.png,data/raw/mri_images/FLAIR/MRI00106.png,mri,DWI,FLAIR,7,2,Visually Similar,Retain - Shows Structural Variation
data/raw/mri_images/DWI/MRI00124.png,data/raw/mri_images/FLAIR/MRI00108.png,mri,DWI,FLAIR,2,4,Near Duplicate,Document & Evaluate Similarity Threshold
data/raw/mri_images/DWI/MRI00124.png,data/raw/mri_images/FLAIR/MRI00109.png,mri,DWI,FLAIR,10,6,Visually Similar,Retain - Shows Structural Variation
data/raw/mri_images/DWI/MRI00124.png,data/raw/mri_images/FLAIR/MRI00110.png,mri,DWI,FLAIR,2,3,Near Duplicate,Document & Evaluate Similarity Threshold
data/raw/mri_images/DWI/MRI00124.png,data/raw/mri_images/FLAIR/MRI00115.png,mri,DWI,FLAIR,4,2,Near Duplicate,Document & Evaluate Similarity Threshold
data/raw/mri_images/DWI/MRI00124.png,data/raw/mri_images/FLAIR/MRI00116.png,mri,DWI,FLAIR,10,6,Visually Similar,Retain - Shows Structural Variation
data/raw/mri_images/DWI/MRI00124.png,data/raw/mri_images/FLAIR/MRI00118.png,mri,DWI,FLAIR,8,6,Visually Similar,Retain - Shows Structural Variation
data/raw/mri_images/DWI/MRI00124.png,data/raw/mri_images/FLAIR/MRI00120.png,mri,DWI,FLAIR,4,4,Near Duplicate,Document & Evaluate Similarity Threshold
data/raw/mri_images/DWI/MRI00124.png,data/raw/mri_images/T2/MRI00043.png,mri,DWI,T2,9,13,Visually Similar,Retain - Shows Structural Variation
data/raw/mri_images/DWI/MRI00124.png,data/raw/mri_images/T2/MRI00045.png,mri,DWI,T2,8,10,Visually Similar,Retain - Shows Structural Variation
data/raw/mri_images/DWI/MRI00124.png,data/raw/mri_images/T2/MRI00052.png,mri,DWI,T2,9,13,Visually Similar,Retain - Shows Structural Variation
data/raw/mri_images/DWI/MRI00124.png,data/raw/mri_images/T2/MRI00053.png,mri,DWI,T2,9,14,Visually Similar,Retain - Shows Structural Variation
data/raw/mri_images/DWI/MRI00124.png,data/raw/mri_images/T2/MRI00056.png,mri,DWI,T2,8,10,Visually Similar,Retain - Shows Structural Variation
data/raw/mri_images/DWI/MRI00124.png,data/raw/mri_images/T2/MRI00062.png,mri,DWI,T2,9,12,Visually Similar,Retain - Shows Structural Variation
data/raw/mri_images/DWI/MRI00124.png,data/raw/mri_images/T2/MRI00065.png,mri,DWI,T2,7,12,Visually Similar,Retain - Shows Structural Variation
data/raw/mri_images/DWI/MRI00124.png,data/raw/mri_images/T2/MRI00066.png,mri,DWI,T2,9,12,Visually Similar,Retain - Shows Structural Variation
data/raw/mri_images/DWI/MRI00124.png,data/raw/mri_images/T2/MRI00076.png,mri,DWI,T2,9,13,Visually Similar,Retain - Shows Structural Variation
data/raw/mri_images/DWI/MRI00124.png,data/raw/mri_images/T2/MRI00078.png,mri,DWI,T2,10,12,Visually Similar,Retain - Shows Structural Variation
data/raw/mri_images/DWI/MRI00125.png,data/raw/mri_images/DWI/MRI00126.png,mri,DWI,DWI,10,3,Visually Similar,Retain - Shows Structural Variation
data/raw/mri_images/DWI/MRI00125.png,data/raw/mri_images/DWI/MRI00127.png,mri,DWI,DWI,2,3,Near Duplicate,Document & Evaluate Similarity Threshold
data/raw/mri_images/DWI/MRI00125.png,data/raw/mri_images/DWI/MRI00128.png,mri,DWI,DWI,2,2,Near Duplicate,Document & Evaluate Similarity Threshold
data/raw/mri_images/DWI/MRI00125.png,data/raw/mri_images/DWI/MRI00129.png,mri,DWI,DWI,2,2,Near Duplicate,Document & Evaluate Similarity Threshold
data/raw/mri_images/DWI/MRI00125.png,data/raw/mri_images/DWI/MRI00130.png,mri,DWI,DWI,9,5,Visually Similar,Retain - Shows Structural Variation
data/raw/mri_images/DWI/MRI00125.png,data/raw/mri_images/DWI/MRI00131.png,mri,DWI,DWI,7,3,Visually Similar,Retain - Shows Structural Variation
data/raw/mri_images/DWI/MRI00125.png,data/raw/mri_images/DWI/MRI00132.png,mri,DWI,DWI,5,3,Visually Similar,Retain - Shows Structural Variation
data/raw/mri_images/DWI/MRI00125.png,data/raw/mri_images/DWI/MRI00134.png,mri,DWI,DWI,10,3,Visually Similar,Retain - Shows Structural Variation
data/raw/mri_images/DWI/MRI00125.png,data/raw/mri_images/DWI/MRI00135.png,mri,DWI,DWI,6,5,Visually Similar,Retain - Shows Structural Variation
data/raw/mri_images/DWI/MRI00125.png,data/raw/mri_images/DWI/MRI00136.png,mri,DWI,DWI,7,3,Visually Similar,Retain - Shows Structural Variation
data/raw/mri_images/DWI/MRI00125.png,data/raw/mri_images/DWI/MRI00138.png,mri,DWI,DWI,9,6,Visually Similar,Retain - Shows Structural Variation
data/raw/mri_images/DWI/MRI00125.png,data/raw/mri_images/DWI/MRI00139.png,mri,DWI,DWI,8,8,Visually Similar,Retain - Shows Structural Variation
data/raw/mri_images/DWI/MRI00125.png,data/raw/mri_images/DWI/MRI00140.png,mri,DWI,DWI,2,5,Near Duplicate,Document & Evaluate Similarity Threshold
data/raw/mri_images/DWI/MRI00125.png,data/raw/mri_images/DWI/MRI00141.png,mri,DWI,DWI,10,11,Visually Similar,Retain - Shows Structural Variation
data/raw/mri_images/DWI/MRI00125.png,data/raw/mri_images/DWI/MRI00142.png,mri,DWI,DWI,9,2,Visually Similar,Retain - Shows Structural Variation
data/raw/mri_images/DWI/MRI00125.png,data/raw/mri_images/DWI/MRI00143.png,mri,DWI,DWI,2,5,Near Duplicate,Document & Evaluate Similarity Threshold
data/raw/mri_images/DWI/MRI00125.png,data/raw/mri_images/DWI/MRI00144.png,mri,DWI,DWI,8,4,Visually Similar,Retain - Shows Structural Variation
data/raw/mri_images/DWI/MRI00125.png,data/raw/mri_images/DWI/MRI00145.png,mri,DWI,DWI,2,5,Near Duplicate,Document & Evaluate Similarity Threshold
data/raw/mri_images/DWI/MRI00125.png,data/raw/mri_images/DWI/MRI00148.png,mri,DWI,DWI,5,6,Visually Similar,Retain - Shows Structural Variation
data/raw/mri_images/DWI/MRI00125.png,data/raw/mri_images/DWI/MRI00150.png,mri,DWI,DWI,8,8,Visually Similar,Retain - Shows Structural Variation
data/raw/mri_images/DWI/MRI00125.png,data/raw/mri_images/DWI/MRI00151.png,mri,DWI,DWI,7,5,Visually Similar,Retain - Shows Structural Variation
data/raw/mri_images/DWI/MRI00125.png,data/raw/mri_images/DWI/MRI00153.png,mri,DWI,DWI,7,3,Visually Similar,Retain - Shows Structural Variation
data/raw/mri_images/DWI/MRI00125.png,data/raw/mri_images/DWI/MRI00154.png,mri,DWI,DWI,7,6,Visually Similar,Retain - Shows Structural Variation
data/raw/mri_images/DWI/MRI00125.png,data/raw/mri_images/DWI/MRI00155.png,mri,DWI,DWI,7,8,Visually Similar,Retain - Shows Structural Variation
data/raw/mri_images/DWI/MRI00125.png,data/raw/mri_images/DWI/MRI00156.png,mri,DWI,DWI,7,2,Visually Similar,Retain - Shows Structural Variation
data/raw/mri_images/DWI/MRI00125.png,data/raw/mri_images/DWI/MRI00157.png,mri,DWI,DWI,7,5,Visually Similar,Retain - Shows Structural Variation
data/raw/mri_images/DWI/MRI00125.png,data/raw/mri_images/DWI/MRI00158.png,mri,DWI,DWI,3,4,Near Duplicate,Document & Evaluate Similarity Threshold
data/raw/mri_images/DWI/MRI00125.png,data/raw/mri_images/DWI/MRI00159.png,mri,DWI,DWI,9,3,Visually Similar,Retain - Shows Structural Variation
data/raw/mri_images/DWI/MRI00125.png,data/raw/mri_images/FLAIR/MRI00081.png,mri,DWI,FLAIR,2,3,Near Duplicate,Document & Evaluate Similarity Threshold
data/raw/mri_images/DWI/MRI00125.png,data/raw/mri_images/FLAIR/MRI00082.png,mri,DWI,FLAIR,9,4,Visually Similar,Retain - Shows Structural Variation
data/raw/mri_images/DWI/MRI00125.png,data/raw/mri_images/FLAIR/MRI00083.png,mri,DWI,FLAIR,10,5,Visually Similar,Retain - Shows Structural Variation
data/raw/mri_images/DWI/MRI00125.png,data/raw/mri_images/FLAIR/MRI00085.png,mri,DWI,FLAIR,8,5,Visually Similar,Retain - Shows Structural Variation
data/raw/mri_images/DWI/MRI00125.png,data/raw/mri_images/FLAIR/MRI00086.png,mri,DWI,FLAIR,6,8,Visually Similar,Retain - Shows Structural Variation
data/raw/mri_images/DWI/MRI00125.png,data/raw/mri_images/FLAIR/MRI00089.png,mri,DWI,FLAIR,7,7,Visually Similar,Retain - Shows Structural Variation
data/raw/mri_images/DWI/MRI00125.png,data/raw/mri_images/FLAIR/MRI00090.png,mri,DWI,FLAIR,2,2,Near Duplicate,Document & Evaluate Similarity Threshold
data/raw/mri_images/DWI/MRI00125.png,data/raw/mri_images/FLAIR/MRI00093.png,mri,DWI,FLAIR,6,9,Visually Similar,Retain - Shows Structural Variation
data/raw/mri_images/DWI/MRI00125.png,data/raw/mri_images/FLAIR/MRI00094.png,mri,DWI,FLAIR,7,4,Visually Similar,Retain - Shows Structural Variation
data/raw/mri_images/DWI/MRI00125.png,data/raw/mri_images/FLAIR/MRI00095.png,mri,DWI,FLAIR,3,3,Near Duplicate,Document & Evaluate Similarity Threshold
data/raw/mri_images/DWI/MRI00125.png,data/raw/mri_images/FLAIR/MRI00097.png,mri,DWI,FLAIR,2,4,Near Duplicate,Document & Evaluate Similarity Threshold
data/raw/mri_images/DWI/MRI00125.png,data/raw/mri_images/FLAIR/MRI00098.png,mri,DWI,FLAIR,7,6,Visually Similar,Retain - Shows Structural Variation
data/raw/mri_images/DWI/MRI00125.png,data/raw/mri_images/FLAIR/MRI00099.png,mri,DWI,FLAIR,9,5,Visually Similar,Retain - Shows Structural Variation
data/raw/mri_images/DWI/MRI00125.png,data/raw/mri_images/FLAIR/MRI00101.png,mri,DWI,FLAIR,0,5,Exact Duplicate,Keep Representative / Purge Duplicate
data/raw/mri_images/DWI/MRI00125.png,data/raw/mri_images/FLAIR/MRI00102.png,mri,DWI,FLAIR,9,2,Visually Similar,Retain - Shows Structural Variation
data/raw/mri_images/DWI/MRI00125.png,data/raw/mri_images/FLAIR/MRI00104.png,mri,DWI,FLAIR,9,5,Visually Similar,Retain - Shows Structural Variation
data/raw/mri_images/DWI/MRI00125.png,data/raw/mri_images/FLAIR/MRI00105.png,mri,DWI,FLAIR,8,12,Visually Similar,Retain - Shows Structural Variation
data/raw/mri_images/DWI/MRI00125.png,data/raw/mri_images/FLAIR/MRI00106.png,mri,DWI,FLAIR,4,5,Near Duplicate,Document & Evaluate Similarity Threshold
data/raw/mri_images/DWI/MRI00125.png,data/raw/mri_images/FLAIR/MRI00108.png,mri,DWI,FLAIR,7,5,Visually Similar,Retain - Shows Structural Variation
data/raw/mri_images/DWI/MRI00125.png,data/raw/mri_images/FLAIR/MRI00109.png,mri,DWI,FLAIR,3,7,Near Duplicate,Document & Evaluate Similarity Threshold
data/raw/mri_images/DWI/MRI00125.png,data/raw/mri_images/FLAIR/MRI00110.png,mri,DWI,FLAIR,5,4,Visually Similar,Retain - Shows Structural Variation
data/raw/mri_images/DWI/MRI00125.png,data/raw/mri_images/FLAIR/MRI00116.png,mri,DWI,FLAIR,7,7,Visually Similar,Retain - Shows Structural Variation
data/raw/mri_images/DWI/MRI00125.png,data/raw/mri_images/FLAIR/MRI00118.png,mri,DWI,FLAIR,7,9,Visually Similar,Retain - Shows Structural Variation
data/raw/mri_images/DWI/MRI00125.png,data/raw/mri_images/FLAIR/MRI00120.png,mri,DWI,FLAIR,3,3,Near Duplicate,Document & Evaluate Similarity Threshold
data/raw/mri_images/DWI/MRI00125.png,data/raw/mri_images/T2/MRI00041.png,mri,DWI,T2,10,11,Visually Similar,Retain - Shows Structural Variation
data/raw/mri_images/DWI/MRI00125.png,data/raw/mri_images/T2/MRI00043.png,mri,DWI,T2,10,10,Visually Similar,Retain - Shows Structural Variation
data/raw/mri_images/DWI/MRI00125.png,data/raw/mri_images/T2/MRI00045.png,mri,DWI,T2,9,7,Visually Similar,Retain - Shows Structural Variation
data/raw/mri_images/DWI/MRI00125.png,data/raw/mri_images/T2/MRI00052.png,mri,DWI,T2,8,10,Visually Similar,Retain - Shows Structural Variation
data/raw/mri_images/DWI/MRI00125.png,data/raw/mri_images/T2/MRI00054.png,mri,DWI,T2,10,10,Visually Similar,Retain - Shows Structural Variation
data/raw/mri_images/DWI/MRI00125.png,data/raw/mri_images/T2/MRI00057.png,mri,DWI,T2,10,10,Visually Similar,Retain - Shows Structural Variation
data/raw/mri_images/DWI/MRI00125.png,data/raw/mri_images/T2/MRI00058.png,mri,DWI,T2,10,14,Visually Similar,Retain - Shows Structural Variation
data/raw/mri_images/DWI/MRI00125.png,data/raw/mri_images/T2/MRI00063.png,mri,DWI,T2,8,12,Visually Similar,Retain - Shows Structural Variation
data/raw/mri_images/DWI/MRI00125.png,data/raw/mri_images/T2/MRI00066.png,mri,DWI,T2,10,9,Visually Similar,Retain - Shows Structural Variation
data/raw/mri_images/DWI/MRI00125.png,data/raw/mri_images/T2/MRI00072.png,mri,DWI,T2,10,9,Visually Similar,Retain - Shows Structural Variation
data/raw/mri_images/DWI/MRI00125.png,data/raw/mri_images/T2/MRI00073.png,mri,DWI,T2,10,10,Visually Similar,Retain - Shows Structural Variation
data/raw/mri_images/DWI/MRI00125.png,data/raw/mri_images/T2/MRI00075.png,mri,DWI,T2,10,10,Visually Similar,Retain - Shows Structural Variation
data/raw/mri_images/DWI/MRI00126.png,data/raw/mri_images/DWI/MRI00127.png,mri,DWI,DWI,10,2,Visually Similar,Retain - Shows Structural Variation
data/raw/mri_images/DWI/MRI00126.png,data/raw/mri_images/DWI/MRI00128.png,mri,DWI,DWI,10,5,Visually Similar,Retain - Shows Structural Variation
data/raw/mri_images/DWI/MRI00126.png,data/raw/mri_images/DWI/MRI00133.png,mri,DWI,DWI,8,5,Visually Similar,Retain - Shows Structural Variation
data/raw/mri_images/DWI/MRI00126.png,data/raw/mri_images/DWI/MRI00140.png,mri,DWI,DWI,10,2,Visually Similar,Retain - Shows Structural Variation
data/raw/mri_images/DWI/MRI00126.png,data/raw/mri_images/DWI/MRI00143.png,mri,DWI,DWI,10,4,Visually Similar,Retain - Shows Structural Variation
data/raw/mri_images/DWI/MRI00126.png,data/raw/mri_images/DWI/MRI00145.png,mri,DWI,DWI,10,4,Visually Similar,Retain - Shows Structural Variation
data/raw/mri_images/DWI/MRI00126.png,data/raw/mri_images/DWI/MRI00147.png,mri,DWI,DWI,6,5,Visually Similar,Retain - Shows Structural Variation
data/raw/mri_images/DWI/MRI00126.png,data/raw/mri_images/DWI/MRI00159.png,mri,DWI,DWI,5,2,Visually Similar,Retain - Shows Structural Variation
data/raw/mri_images/DWI/MRI00126.png,data/raw/mri_images/FLAIR/MRI00081.png,mri,DWI,FLAIR,10,4,Visually Similar,Retain - Shows Structural Variation
data/raw/mri_images/DWI/MRI00126.png,data/raw/mri_images/FLAIR/MRI00083.png,mri,DWI,FLAIR,10,6,Visually Similar,Retain - Shows Structural Variation
data/raw/mri_images/DWI/MRI00126.png,data/raw/mri_images/FLAIR/MRI00087.png,mri,DWI,FLAIR,5,6,Visually Similar,Retain - Shows Structural Variation
data/raw/mri_images/DWI/MRI00126.png,data/raw/mri_images/FLAIR/MRI00088.png,mri,DWI,FLAIR,10,4,Visually Similar,Retain - Shows Structural Variation
data/raw/mri_images/DWI/MRI00126.png,data/raw/mri_images/FLAIR/MRI00090.png,mri,DWI,FLAIR,10,3,Visually Similar,Retain - Shows Structural Variation
data/raw/mri_images/DWI/MRI00126.png,data/raw/mri_images/FLAIR/MRI00097.png,mri,DWI,FLAIR,8,5,Visually Similar,Retain - Shows Structural Variation
data/raw/mri_images/DWI/MRI00126.png,data/raw/mri_images/FLAIR/MRI00099.png,mri,DWI,FLAIR,3,4,Near Duplicate,Document & Evaluate Similarity Threshold
data/raw/mri_images/DWI/MRI00126.png,data/raw/mri_images/FLAIR/MRI00101.png,mri,DWI,FLAIR,10,6,Visually Similar,Retain - Shows Structural Variation
data/raw/mri_images/DWI/MRI00126.png,data/raw/mri_images/FLAIR/MRI00102.png,mri,DWI,FLAIR,9,3,Visually Similar,Retain - Shows Structural Variation
data/raw/mri_images/DWI/MRI00126.png,data/raw/mri_images/FLAIR/MRI00104.png,mri,DWI,FLAIR,3,4,Near Duplicate,Document & Evaluate Similarity Threshold
data/raw/mri_images/DWI/MRI00126.png,data/raw/mri_images/FLAIR/MRI00107.png,mri,DWI,FLAIR,6,5,Visually Similar,Retain - Shows Structural Variation
data/raw/mri_images/DWI/MRI00126.png,data/raw/mri_images/FLAIR/MRI00112.png,mri,DWI,FLAIR,5,5,Visually Similar,Retain - Shows Structural Variation
data/raw/mri_images/DWI/MRI00126.png,data/raw/mri_images/FLAIR/MRI00114.png,mri,DWI,FLAIR,1,4,Near Duplicate,Document & Evaluate Similarity Threshold
data/raw/mri_images/DWI/MRI00126.png,data/raw/mri_images/FLAIR/MRI00117.png,mri,DWI,FLAIR,4,3,Near Duplicate,Document & Evaluate Similarity Threshold
data/raw/mri_images/DWI/MRI00126.png,data/raw/mri_images/FLAIR/MRI00119.png,mri,DWI,FLAIR,8,4,Visually Similar,Retain - Shows Structural Variation
data/raw/mri_images/DWI/MRI00126.png,data/raw/mri_images/T2/MRI00049.png,mri,DWI,T2,8,10,Visually Similar,Retain - Shows Structural Variation
data/raw/mri_images/DWI/MRI00126.png,data/raw/mri_images/T2/MRI00050.png,mri,DWI,T2,10,9,Visually Similar,Retain - Shows Structural Variation
data/raw/mri_images/DWI/MRI00126.png,data/raw/mri_images/T2/MRI00064.png,mri,DWI,T2,10,10,Visually Similar,Retain - Shows Structural Variation
data/raw/mri_images/DWI/MRI00126.png,data/raw/mri_images/T2/MRI00069.png,mri,DWI,T2,10,10,Visually Similar,Retain - Shows Structural Variation
data/raw/mri_images/DWI/MRI00126.png,data/raw/mri_images/T2/MRI00075.png,mri,DWI,T2,10,11,Visually Similar,Retain - Shows Structural Variation
data/raw/mri_images/DWI/MRI00127.png,data/raw/mri_images/DWI/MRI00128.png,mri,DWI,DWI,0,5,Exact Duplicate,Keep Representative / Purge Duplicate
data/raw/mri_images/DWI/MRI00127.png,data/raw/mri_images/DWI/MRI00129.png,mri,DWI,DWI,4,5,Near Duplicate,Document & Evaluate Similarity Threshold
data/raw/mri_images/DWI/MRI00127.png,data/raw/mri_images/DWI/MRI00131.png,mri,DWI,DWI,9,4,Visually Similar,Retain - Shows Structural Variation
data/raw/mri_images/DWI/MRI00127.png,data/raw/mri_images/DWI/MRI00132.png,mri,DWI,DWI,7,4,Visually Similar,Retain - Shows Structural Variation
data/raw/mri_images/DWI/MRI00127.png,data/raw/mri_images/DWI/MRI00135.png,mri,DWI,DWI,8,6,Visually Similar,Retain - Shows Structural Variation
data/raw/mri_images/DWI/MRI00127.png,data/raw/mri_images/DWI/MRI00136.png,mri,DWI,DWI,9,4,Visually Similar,Retain - Shows Structural Variation
data/raw/mri_images/DWI/MRI00127.png,data/raw/mri_images/DWI/MRI00138.png,mri,DWI,DWI,9,7,Visually Similar,Retain - Shows Structural Variation
data/raw/mri_images/DWI/MRI00127.png,data/raw/mri_images/DWI/MRI00139.png,mri,DWI,DWI,10,7,Visually Similar,Retain - Shows Structural Variation
data/raw/mri_images/DWI/MRI00127.png,data/raw/mri_images/DWI/MRI00140.png,mri,DWI,DWI,0,2,Exact Duplicate,Keep Representative / Purge Duplicate
data/raw/mri_images/DWI/MRI00127.png,data/raw/mri_images/DWI/MRI00143.png,mri,DWI,DWI,0,4,Exact Duplicate,Keep Representative / Purge Duplicate
data/raw/mri_images/DWI/MRI00127.png,data/raw/mri_images/DWI/MRI00144.png,mri,DWI,DWI,8,5,Visually Similar,Retain - Shows Structural Variation
data/raw/mri_images/DWI/MRI00127.png,data/raw/mri_images/DWI/MRI00145.png,mri,DWI,DWI,0,4,Exact Duplicate,Keep Representative / Purge Duplicate
data/raw/mri_images/DWI/MRI00127.png,data/raw/mri_images/DWI/MRI00148.png,mri,DWI,DWI,7,7,Visually Similar,Retain - Shows Structural Variation
data/raw/mri_images/DWI/MRI00127.png,data/raw/mri_images/DWI/MRI00150.png,mri,DWI,DWI,10,9,Visually Similar,Retain - Shows Structural Variation
data/raw/mri_images/DWI/MRI00127.png,data/raw/mri_images/DWI/MRI00151.png,mri,DWI,DWI,9,6,Visually Similar,Retain - Shows Structural Variation
data/raw/mri_images/DWI/MRI00127.png,data/raw/mri_images/DWI/MRI00153.png,mri,DWI,DWI,9,6,Visually Similar,Retain - Shows Structural Variation
data/raw/mri_images/DWI/MRI00127.png,data/raw/mri_images/DWI/MRI00154.png,mri,DWI,DWI,9,5,Visually Similar,Retain - Shows Structural Variation
data/raw/mri_images/DWI/MRI00127.png,data/raw/mri_images/DWI/MRI00155.png,mri,DWI,DWI,7,9,Visually Similar,Retain - Shows Structural Variation
data/raw/mri_images/DWI/MRI00127.png,data/raw/mri_images/DWI/MRI00156.png,mri,DWI,DWI,9,5,Visually Similar,Retain - Shows Structural Variation
data/raw/mri_images/DWI/MRI00127.png,data/raw/mri_images/DWI/MRI00157.png,mri,DWI,DWI,9,8,Visually Similar,Retain - Shows Structural Variation
data/raw/mri_images/DWI/MRI00127.png,data/raw/mri_images/DWI/MRI00158.png,mri,DWI,DWI,1,3,Near Duplicate,Document & Evaluate Similarity Threshold
data/raw/mri_images/DWI/MRI00127.png,data/raw/mri_images/FLAIR/MRI00081.png,mri,DWI,FLAIR,0,4,Exact Duplicate,Keep Representative / Purge Duplicate
data/raw/mri_images/DWI/MRI00127.png,data/raw/mri_images/FLAIR/MRI00085.png,mri,DWI,FLAIR,10,6,Visually Similar,Retain - Shows Structural Variation
data/raw/mri_images/DWI/MRI00127.png,data/raw/mri_images/FLAIR/MRI00086.png,mri,DWI,FLAIR,8,9,Visually Similar,Retain - Shows Structural Variation
data/raw/mri_images/DWI/MRI00127.png,data/raw/mri_images/FLAIR/MRI00089.png,mri,DWI,FLAIR,9,8,Visually Similar,Retain - Shows Structural Variation
data/raw/mri_images/DWI/MRI00127.png,data/raw/mri_images/FLAIR/MRI00090.png,mri,DWI,FLAIR,0,3,Exact Duplicate,Keep Representative / Purge Duplicate
data/raw/mri_images/DWI/MRI00127.png,data/raw/mri_images/FLAIR/MRI00093.png,mri,DWI,FLAIR,8,8,Visually Similar,Retain - Shows Structural Variation
data/raw/mri_images/DWI/MRI00127.png,data/raw/mri_images/FLAIR/MRI00094.png,mri,DWI,FLAIR,9,3,Visually Similar,Retain - Shows Structural Variation
data/raw/mri_images/DWI/MRI00127.png,data/raw/mri_images/FLAIR/MRI00095.png,mri,DWI,FLAIR,5,4,Visually Similar,Retain - Shows Structural Variation
data/raw/mri_images/DWI/MRI00127.png,data/raw/mri_images/FLAIR/MRI00097.png,mri,DWI,FLAIR,2,3,Near Duplicate,Document & Evaluate Similarity Threshold
data/raw/mri_images/DWI/MRI00127.png,data/raw/mri_images/FLAIR/MRI00098.png,mri,DWI,FLAIR,7,5,Visually Similar,Retain - Shows Structural Variation
data/raw/mri_images/DWI/MRI00127.png,data/raw/mri_images/FLAIR/MRI00099.png,mri,DWI,FLAIR,9,4,Visually Similar,Retain - Shows Structural Variation
data/raw/mri_images/DWI/MRI00127.png,data/raw/mri_images/FLAIR/MRI00101.png,mri,DWI,FLAIR,2,6,Near Duplicate,Document & Evaluate Similarity Threshold
data/raw/mri_images/DWI/MRI00127.png,data/raw/mri_images/FLAIR/MRI00104.png,mri,DWI,FLAIR,9,4,Visually Similar,Retain - Shows Structural Variation
data/raw/mri_images/DWI/MRI00127.png,data/raw/mri_images/FLAIR/MRI00105.png,mri,DWI,FLAIR,10,11,Visually Similar,Retain - Shows Structural Variation
data/raw/mri_images/DWI/MRI00127.png,data/raw/mri_images/FLAIR/MRI00106.png,mri,DWI,FLAIR,6,6,Visually Similar,Retain - Shows Structural Variation
data/raw/mri_images/DWI/MRI00127.png,data/raw/mri_images/FLAIR/MRI00108.png,mri,DWI,FLAIR,9,6,Visually Similar,Retain - Shows Structural Variation
data/raw/mri_images/DWI/MRI00127.png,data/raw/mri_images/FLAIR/MRI00109.png,mri,DWI,FLAIR,1,6,Near Duplicate,Document & Evaluate Similarity Threshold
data/raw/mri_images/DWI/MRI00127.png,data/raw/mri_images/FLAIR/MRI00110.png,mri,DWI,FLAIR,7,5,Visually Similar,Retain - Shows Structural Variation
data/raw/mri_images/DWI/MRI00127.png,data/raw/mri_images/FLAIR/MRI00116.png,mri,DWI,FLAIR,9,6,Visually Similar,Retain - Shows Structural Variation
data/raw/mri_images/DWI/MRI00127.png,data/raw/mri_images/FLAIR/MRI00118.png,mri,DWI,FLAIR,9,8,Visually Similar,Retain - Shows Structural Variation
data/raw/mri_images/DWI/MRI00127.png,data/raw/mri_images/FLAIR/MRI00120.png,mri,DWI,FLAIR,5,6,Visually Similar,Retain - Shows Structural Variation
data/raw/mri_images/DWI/MRI00127.png,data/raw/mri_images/T2/MRI00041.png,mri,DWI,T2,10,10,Visually Similar,Retain - Shows Structural Variation
data/raw/mri_images/DWI/MRI00127.png,data/raw/mri_images/T2/MRI00045.png,mri,DWI,T2,9,10,Visually Similar,Retain - Shows Structural Variation
data/raw/mri_images/DWI/MRI00127.png,data/raw/mri_images/T2/MRI00052.png,mri,DWI,T2,8,11,Visually Similar,Retain - Shows Structural Variation
data/raw/mri_images/DWI/MRI00127.png,data/raw/mri_images/T2/MRI00058.png,mri,DWI,T2,10,13,Visually Similar,Retain - Shows Structural Variation
data/raw/mri_images/DWI/MRI00127.png,data/raw/mri_images/T2/MRI00063.png,mri,DWI,T2,8,11,Visually Similar,Retain - Shows Structural Variation
data/raw/mri_images/DWI/MRI00127.png,data/raw/mri_images/T2/MRI00072.png,mri,DWI,T2,10,8,Visually Similar,Retain - Shows Structural Variation
data/raw/mri_images/DWI/MRI00127.png,data/raw/mri_images/T2/MRI00075.png,mri,DWI,T2,10,9,Visually Similar,Retain - Shows Structural Variation
data/raw/mri_images/DWI/MRI00128.png,data/raw/mri_images/DWI/MRI00129.png,mri,DWI,DWI,4,2,Near Duplicate,Document & Evaluate Similarity Threshold
data/raw/mri_images/DWI/MRI00128.png,data/raw/mri_images/DWI/MRI00131.png,mri,DWI,DWI,9,5,Visually Similar,Retain - Shows Structural Variation
data/raw/mri_images/DWI/MRI00128.png,data/raw/mri_images/DWI/MRI00132.png,mri,DWI,DWI,7,5,Visually Similar,Retain - Shows Structural Variation
data/raw/mri_images/DWI/MRI00128.png,data/raw/mri_images/DWI/MRI00135.png,mri,DWI,DWI,8,3,Visually Similar,Retain - Shows Structural Variation
data/raw/mri_images/DWI/MRI00128.png,data/raw/mri_images/DWI/MRI00136.png,mri,DWI,DWI,9,5,Visually Similar,Retain - Shows Structural Variation
data/raw/mri_images/DWI/MRI00128.png,data/raw/mri_images/DWI/MRI00138.png,mri,DWI,DWI,9,4,Visually Similar,Retain - Shows Structural Variation
data/raw/mri_images/DWI/MRI00128.png,data/raw/mri_images/DWI/MRI00139.png,mri,DWI,DWI,10,6,Visually Similar,Retain - Shows Structural Variation
data/raw/mri_images/DWI/MRI00128.png,data/raw/mri_images/DWI/MRI00140.png,mri,DWI,DWI,0,7,Exact Duplicate,Keep Representative / Purge Duplicate
data/raw/mri_images/DWI/MRI00128.png,data/raw/mri_images/DWI/MRI00143.png,mri,DWI,DWI,0,7,Exact Duplicate,Keep Representative / Purge Duplicate
data/raw/mri_images/DWI/MRI00128.png,data/raw/mri_images/DWI/MRI00144.png,mri,DWI,DWI,8,4,Visually Similar,Retain - Shows Structural Variation
data/raw/mri_images/DWI/MRI00128.png,data/raw/mri_images/DWI/MRI00145.png,mri,DWI,DWI,0,7,Exact Duplicate,Keep Representative / Purge Duplicate
data/raw/mri_images/DWI/MRI00128.png,data/raw/mri_images/DWI/MRI00148.png,mri,DWI,DWI,7,4,Visually Similar,Retain - Shows Structural Variation
data/raw/mri_images/DWI/MRI00128.png,data/raw/mri_images/DWI/MRI00150.png,mri,DWI,DWI,10,6,Visually Similar,Retain - Shows Structural Variation
data/raw/mri_images/DWI/MRI00128.png,data/raw/mri_images/DWI/MRI00151.png,mri,DWI,DWI,9,3,Visually Similar,Retain - Shows Structural Variation
data/raw/mri_images/DWI/MRI00128.png,data/raw/mri_images/DWI/MRI00153.png,mri,DWI,DWI,9,3,Visually Similar,Retain - Shows Structural Variation
data/raw/mri_images/DWI/MRI00128.png,data/raw/mri_images/DWI/MRI00154.png,mri,DWI,DWI,9,8,Visually Similar,Retain - Shows Structural Variation
data/raw/mri_images/DWI/MRI00128.png,data/raw/mri_images/DWI/MRI00155.png,mri,DWI,DWI,7,6,Visually Similar,Retain - Shows Structural Variation
data/raw/mri_images/DWI/MRI00128.png,data/raw/mri_images/DWI/MRI00156.png,mri,DWI,DWI,9,2,Visually Similar,Retain - Shows Structural Variation
data/raw/mri_images/DWI/MRI00128.png,data/raw/mri_images/DWI/MRI00157.png,mri,DWI,DWI,9,3,Visually Similar,Retain - Shows Structural Variation
data/raw/mri_images/DWI/MRI00128.png,data/raw/mri_images/DWI/MRI00158.png,mri,DWI,DWI,1,6,Near Duplicate,Document & Evaluate Similarity Threshold
data/raw/mri_images/DWI/MRI00128.png,data/raw/mri_images/FLAIR/MRI00081.png,mri,DWI,FLAIR,0,5,Exact Duplicate,Keep Representative / Purge Duplicate
data/raw/mri_images/DWI/MRI00128.png,data/raw/mri_images/FLAIR/MRI00085.png,mri,DWI,FLAIR,10,7,Visually Similar,Retain - Shows Structural Variation
data/raw/mri_images/DWI/MRI00128.png,data/raw/mri_images/FLAIR/MRI00086.png,mri,DWI,FLAIR,8,8,Visually Similar,Retain - Shows Structural Variation
data/raw/mri_images/DWI/MRI00128.png,data/raw/mri_images/FLAIR/MRI00089.png,mri,DWI,FLAIR,9,5,Visually Similar,Retain - Shows Structural Variation
data/raw/mri_images/DWI/MRI00128.png,data/raw/mri_images/FLAIR/MRI00090.png,mri,DWI,FLAIR,0,4,Exact Duplicate,Keep Representative / Purge Duplicate
data/raw/mri_images/DWI/MRI00128.png,data/raw/mri_images/FLAIR/MRI00093.png,mri,DWI,FLAIR,8,11,Visually Similar,Retain - Shows Structural Variation
data/raw/mri_images/DWI/MRI00128.png,data/raw/mri_images/FLAIR/MRI00094.png,mri,DWI,FLAIR,9,6,Visually Similar,Retain - Shows Structural Variation
data/raw/mri_images/DWI/MRI00128.png,data/raw/mri_images/FLAIR/MRI00095.png,mri,DWI,FLAIR,5,5,Visually Similar,Retain - Shows Structural Variation
data/raw/mri_images/DWI/MRI00128.png,data/raw/mri_images/FLAIR/MRI00097.png,mri,DWI,FLAIR,2,6,Near Duplicate,Document & Evaluate Similarity Threshold
data/raw/mri_images/DWI/MRI00128.png,data/raw/mri_images/FLAIR/MRI00098.png,mri,DWI,FLAIR,7,8,Visually Similar,Retain - Shows Structural Variation
data/raw/mri_images/DWI/MRI00128.png,data/raw/mri_images/FLAIR/MRI00099.png,mri,DWI,FLAIR,9,7,Visually Similar,Retain - Shows Structural Variation
data/raw/mri_images/DWI/MRI00128.png,data/raw/mri_images/FLAIR/MRI00101.png,mri,DWI,FLAIR,2,7,Near Duplicate,Document & Evaluate Similarity Threshold
data/raw/mri_images/DWI/MRI00128.png,data/raw/mri_images/FLAIR/MRI00104.png,mri,DWI,FLAIR,9,7,Visually Similar,Retain - Shows Structural Variation
data/raw/mri_images/DWI/MRI00128.png,data/raw/mri_images/FLAIR/MRI00105.png,mri,DWI,FLAIR,10,10,Visually Similar,Retain - Shows Structural Variation
data/raw/mri_images/DWI/MRI00128.png,data/raw/mri_images/FLAIR/MRI00106.png,mri,DWI,FLAIR,6,5,Visually Similar,Retain - Shows Structural Variation
data/raw/mri_images/DWI/MRI00128.png,data/raw/mri_images/FLAIR/MRI00108.png,mri,DWI,FLAIR,9,7,Visually Similar,Retain - Shows Structural Variation
data/raw/mri_images/DWI/MRI00128.png,data/raw/mri_images/FLAIR/MRI00109.png,mri,DWI,FLAIR,1,9,Near Duplicate,Document & Evaluate Similarity Threshold
data/raw/mri_images/DWI/MRI00128.png,data/raw/mri_images/FLAIR/MRI00110.png,mri,DWI,FLAIR,7,6,Visually Similar,Retain - Shows Structural Variation
data/raw/mri_images/DWI/MRI00128.png,data/raw/mri_images/FLAIR/MRI00116.png,mri,DWI,FLAIR,9,7,Visually Similar,Retain - Shows Structural Variation
data/raw/mri_images/DWI/MRI00128.png,data/raw/mri_images/FLAIR/MRI00118.png,mri,DWI,FLAIR,9,9,Visually Similar,Retain - Shows Structural Variation
data/raw/mri_images/DWI/MRI00128.png,data/raw/mri_images/FLAIR/MRI00120.png,mri,DWI,FLAIR,5,5,Visually Similar,Retain - Shows Structural Variation
data/raw/mri_images/DWI/MRI00128.png,data/raw/mri_images/T2/MRI00041.png,mri,DWI,T2,10,13,Visually Similar,Retain - Shows Structural Variation
data/raw/mri_images/DWI/MRI00128.png,data/raw/mri_images/T2/MRI00045.png,mri,DWI,T2,9,9,Visually Similar,Retain - Shows Structural Variation
data/raw/mri_images/DWI/MRI00128.png,data/raw/mri_images/T2/MRI00052.png,mri,DWI,T2,8,12,Visually Similar,Retain - Shows Structural Variation
data/raw/mri_images/DWI/MRI00128.png,data/raw/mri_images/T2/MRI00058.png,mri,DWI,T2,10,16,Visually Similar,Retain - Shows Structural Variation
data/raw/mri_images/DWI/MRI00128.png,data/raw/mri_images/T2/MRI00063.png,mri,DWI,T2,8,14,Visually Similar,Retain - Shows Structural Variation
data/raw/mri_images/DWI/MRI00128.png,data/raw/mri_images/T2/MRI00072.png,mri,DWI,T2,10,11,Visually Similar,Retain - Shows Structural Variation
data/raw/mri_images/DWI/MRI00128.png,data/raw/mri_images/T2/MRI00075.png,mri,DWI,T2,10,12,Visually Similar,Retain - Shows Structural Variation
data/raw/mri_images/DWI/MRI00129.png,data/raw/mri_images/DWI/MRI00131.png,mri,DWI,DWI,9,5,Visually Similar,Retain - Shows Structural Variation
data/raw/mri_images/DWI/MRI00129.png,data/raw/mri_images/DWI/MRI00132.png,mri,DWI,DWI,7,5,Visually Similar,Retain - Shows Structural Variation
data/raw/mri_images/DWI/MRI00129.png,data/raw/mri_images/DWI/MRI00134.png,mri,DWI,DWI,10,1,Visually Similar,Retain - Shows Structural Variation
data/raw/mri_images/DWI/MRI00129.png,data/raw/mri_images/DWI/MRI00135.png,mri,DWI,DWI,4,3,Near Duplicate,Document & Evaluate Similarity Threshold
data/raw/mri_images/DWI/MRI00129.png,data/raw/mri_images/DWI/MRI00136.png,mri,DWI,DWI,7,3,Visually Similar,Retain - Shows Structural Variation
data/raw/mri_images/DWI/MRI00129.png,data/raw/mri_images/DWI/MRI00137.png,mri,DWI,DWI,10,3,Visually Similar,Retain - Shows Structural Variation
data/raw/mri_images/DWI/MRI00129.png,data/raw/mri_images/DWI/MRI00138.png,mri,DWI,DWI,7,6,Visually Similar,Retain - Shows Structural Variation
data/raw/mri_images/DWI/MRI00129.png,data/raw/mri_images/DWI/MRI00139.png,mri,DWI,DWI,8,6,Visually Similar,Retain - Shows Structural Variation
data/raw/mri_images/DWI/MRI00129.png,data/raw/mri_images/DWI/MRI00140.png,mri,DWI,DWI,4,7,Near Duplicate,Document & Evaluate Similarity Threshold
data/raw/mri_images/DWI/MRI00129.png,data/raw/mri_images/DWI/MRI00141.png,mri,DWI,DWI,8,9,Visually Similar,Retain - Shows Structural Variation
data/raw/mri_images/DWI/MRI00129.png,data/raw/mri_images/DWI/MRI00142.png,mri,DWI,DWI,9,2,Visually Similar,Retain - Shows Structural Variation
data/raw/mri_images/DWI/MRI00129.png,data/raw/mri_images/DWI/MRI00143.png,mri,DWI,DWI,4,7,Near Duplicate,Document & Evaluate Similarity Threshold
data/raw/mri_images/DWI/MRI00129.png,data/raw/mri_images/DWI/MRI00144.png,mri,DWI,DWI,8,2,Visually Similar,Retain - Shows Structural Variation
data/raw/mri_images/DWI/MRI00129.png,data/raw/mri_images/DWI/MRI00145.png,mri,DWI,DWI,4,7,Near Duplicate,Document & Evaluate Similarity Threshold
data/raw/mri_images/DWI/MRI00129.png,data/raw/mri_images/DWI/MRI00146.png,mri,DWI,DWI,10,3,Visually Similar,Retain - Shows Structural Variation
data/raw/mri_images/DWI/MRI00129.png,data/raw/mri_images/DWI/MRI00148.png,mri,DWI,DWI,5,6,Visually Similar,Retain - Shows Structural Variation
data/raw/mri_images/DWI/MRI00129.png,data/raw/mri_images/DWI/MRI00150.png,mri,DWI,DWI,6,6,Visually Similar,Retain - Shows Structural Variation
data/raw/mri_images/DWI/MRI00129.png,data/raw/mri_images/DWI/MRI00151.png,mri,DWI,DWI,5,3,Visually Similar,Retain - Shows Structural Variation
data/raw/mri_images/DWI/MRI00129.png,data/raw/mri_images/DWI/MRI00153.png,mri,DWI,DWI,7,3,Visually Similar,Retain - Shows Structural Variation
data/raw/mri_images/DWI/MRI00129.png,data/raw/mri_images/DWI/MRI00154.png,mri,DWI,DWI,9,8,Visually Similar,Retain - Shows Structural Variation
data/raw/mri_images/DWI/MRI00129.png,data/raw/mri_images/DWI/MRI00155.png,mri,DWI,DWI,7,6,Visually Similar,Retain - Shows Structural Variation
data/raw/mri_images/DWI/MRI00129.png,data/raw/mri_images/DWI/MRI00156.png,mri,DWI,DWI,9,2,Visually Similar,Retain - Shows Structural Variation
data/raw/mri_images/DWI/MRI00129.png,data/raw/mri_images/DWI/MRI00157.png,mri,DWI,DWI,5,3,Visually Similar,Retain - Shows Structural Variation
data/raw/mri_images/DWI/MRI00129.png,data/raw/mri_images/DWI/MRI00158.png,mri,DWI,DWI,5,6,Visually Similar,Retain - Shows Structural Variation
data/raw/mri_images/DWI/MRI00129.png,data/raw/mri_images/DWI/MRI00160.png,mri,DWI,DWI,10,5,Visually Similar,Retain - Shows Structural Variation
data/raw/mri_images/DWI/MRI00129.png,data/raw/mri_images/FLAIR/MRI00081.png,mri,DWI,FLAIR,4,5,Near Duplicate,Document & Evaluate Similarity Threshold
data/raw/mri_images/DWI/MRI00129.png,data/raw/mri_images/FLAIR/MRI00082.png,mri,DWI,FLAIR,9,2,Visually Similar,Retain - Shows Structural Variation
data/raw/mri_images/DWI/MRI00129.png,data/raw/mri_images/FLAIR/MRI00084.png,mri,DWI,FLAIR,10,2,Visually Similar,Retain - Shows Structural Variation
data/raw/mri_images/DWI/MRI00129.png,data/raw/mri_images/FLAIR/MRI00085.png,mri,DWI,FLAIR,8,5,Visually Similar,Retain - Shows Structural Variation
data/raw/mri_images/DWI/MRI00129.png,data/raw/mri_images/FLAIR/MRI00086.png,mri,DWI,FLAIR,4,6,Near Duplicate,Document & Evaluate Similarity Threshold
data/raw/mri_images/DWI/MRI00129.png,data/raw/mri_images/FLAIR/MRI00089.png,mri,DWI,FLAIR,5,5,Visually Similar,Retain - Shows Structural Variation
data/raw/mri_images/DWI/MRI00129.png,data/raw/mri_images/FLAIR/MRI00090.png,mri,DWI,FLAIR,4,4,Near Duplicate,Document & Evaluate Similarity Threshold
data/raw/mri_images/DWI/MRI00129.png,data/raw/mri_images/FLAIR/MRI00092.png,mri,DWI,FLAIR,10,2,Visually Similar,Retain - Shows Structural Variation
data/raw/mri_images/DWI/MRI00129.png,data/raw/mri_images/FLAIR/MRI00093.png,mri,DWI,FLAIR,8,9,Visually Similar,Retain - Shows Structural Variation
data/raw/mri_images/DWI/MRI00129.png,data/raw/mri_images/FLAIR/MRI00094.png,mri,DWI,FLAIR,7,4,Visually Similar,Retain - Shows Structural Variation
data/raw/mri_images/DWI/MRI00129.png,data/raw/mri_images/FLAIR/MRI00095.png,mri,DWI,FLAIR,5,3,Visually Similar,Retain - Shows Structural Variation
data/raw/mri_images/DWI/MRI00129.png,data/raw/mri_images/FLAIR/MRI00096.png,mri,DWI,FLAIR,10,6,Visually Similar,Retain - Shows Structural Variation
data/raw/mri_images/DWI/MRI00129.png,data/raw/mri_images/FLAIR/MRI00097.png,mri,DWI,FLAIR,4,6,Near Duplicate,Document & Evaluate Similarity Threshold
data/raw/mri_images/DWI/MRI00129.png,data/raw/mri_images/FLAIR/MRI00098.png,mri,DWI,FLAIR,7,6,Visually Similar,Retain - Shows Structural Variation
data/raw/mri_images/DWI/MRI00129.png,data/raw/mri_images/FLAIR/MRI00100.png,mri,DWI,FLAIR,10,5,Visually Similar,Retain - Shows Structural Variation
data/raw/mri_images/DWI/MRI00129.png,data/raw/mri_images/FLAIR/MRI00101.png,mri,DWI,FLAIR,2,5,Near Duplicate,Document & Evaluate Similarity Threshold
data/raw/mri_images/DWI/MRI00129.png,data/raw/mri_images/FLAIR/MRI00105.png,mri,DWI,FLAIR,6,10,Visually Similar,Retain - Shows Structural Variation
data/raw/mri_images/DWI/MRI00129.png,data/raw/mri_images/FLAIR/MRI00106.png,mri,DWI,FLAIR,4,3,Near Duplicate,Document & Evaluate Similarity Threshold
data/raw/mri_images/DWI/MRI00129.png,data/raw/mri_images/FLAIR/MRI00108.png,mri,DWI,FLAIR,7,5,Visually Similar,Retain - Shows Structural Variation
data/raw/mri_images/DWI/MRI00129.png,data/raw/mri_images/FLAIR/MRI00109.png,mri,DWI,FLAIR,5,7,Visually Similar,Retain - Shows Structural Variation
data/raw/mri_images/DWI/MRI00129.png,data/raw/mri_images/FLAIR/MRI00110.png,mri,DWI,FLAIR,5,4,Visually Similar,Retain - Shows Structural Variation
data/raw/mri_images/DWI/MRI00129.png,data/raw/mri_images/FLAIR/MRI00115.png,mri,DWI,FLAIR,9,3,Visually Similar,Retain - Shows Structural Variation
data/raw/mri_images/DWI/MRI00129.png,data/raw/mri_images/FLAIR/MRI00116.png,mri,DWI,FLAIR,5,7,Visually Similar,Retain - Shows Structural Variation
data/raw/mri_images/DWI/MRI00129.png,data/raw/mri_images/FLAIR/MRI00118.png,mri,DWI,FLAIR,5,7,Visually Similar,Retain - Shows Structural Variation
data/raw/mri_images/DWI/MRI00129.png,data/raw/mri_images/FLAIR/MRI00120.png,mri,DWI,FLAIR,5,3,Visually Similar,Retain - Shows Structural Variation
data/raw/mri_images/DWI/MRI00129.png,data/raw/mri_images/T2/MRI00041.png,mri,DWI,T2,10,13,Visually Similar,Retain - Shows Structural Variation
data/raw/mri_images/DWI/MRI00129.png,data/raw/mri_images/T2/MRI00043.png,mri,DWI,T2,10,12,Visually Similar,Retain - Shows Structural Variation
data/raw/mri_images/DWI/MRI00129.png,data/raw/mri_images/T2/MRI00052.png,mri,DWI,T2,8,12,Visually Similar,Retain - Shows Structural Variation
data/raw/mri_images/DWI/MRI00129.png,data/raw/mri_images/T2/MRI00063.png,mri,DWI,T2,10,14,Visually Similar,Retain - Shows Structural Variation
data/raw/mri_images/DWI/MRI00129.png,data/raw/mri_images/T2/MRI00066.png,mri,DWI,T2,10,11,Visually Similar,Retain - Shows Structural Variation
data/raw/mri_images/DWI/MRI00129.png,data/raw/mri_images/T2/MRI00073.png,mri,DWI,T2,10,12,Visually Similar,Retain - Shows Structural Variation
data/raw/mri_images/DWI/MRI00130.png,data/raw/mri_images/DWI/MRI00131.png,mri,DWI,DWI,2,2,Near Duplicate,Document & Evaluate Similarity Threshold
data/raw/mri_images/DWI/MRI00130.png,data/raw/mri_images/DWI/MRI00132.png,mri,DWI,DWI,4,2,Near Duplicate,Document & Evaluate Similarity Threshold
data/raw/mri_images/DWI/MRI00130.png,data/raw/mri_images/DWI/MRI00134.png,mri,DWI,DWI,9,6,Visually Similar,Retain - Shows Structural Variation
data/raw/mri_images/DWI/MRI00130.png,data/raw/mri_images/DWI/MRI00136.png,mri,DWI,DWI,4,4,Near Duplicate,Document & Evaluate Similarity Threshold
data/raw/mri_images/DWI/MRI00130.png,data/raw/mri_images/DWI/MRI00142.png,mri,DWI,DWI,8,7,Visually Similar,Retain - Shows Structural Variation
data/raw/mri_images/DWI/MRI00130.png,data/raw/mri_images/DWI/MRI00144.png,mri,DWI,DWI,7,5,Visually Similar,Retain - Shows Structural Variation
data/raw/mri_images/DWI/MRI00130.png,data/raw/mri_images/DWI/MRI00148.png,mri,DWI,DWI,6,9,Visually Similar,Retain - Shows Structural Variation
data/raw/mri_images/DWI/MRI00130.png,data/raw/mri_images/DWI/MRI00153.png,mri,DWI,DWI,4,6,Near Duplicate,Document & Evaluate Similarity Threshold
data/raw/mri_images/DWI/MRI00130.png,data/raw/mri_images/DWI/MRI00154.png,mri,DWI,DWI,2,5,Near Duplicate,Document & Evaluate Similarity Threshold
data/raw/mri_images/DWI/MRI00130.png,data/raw/mri_images/DWI/MRI00156.png,mri,DWI,DWI,4,5,Near Duplicate,Document & Evaluate Similarity Threshold
data/raw/mri_images/DWI/MRI00130.png,data/raw/mri_images/FLAIR/MRI00082.png,mri,DWI,FLAIR,10,7,Visually Similar,Retain - Shows Structural Variation
data/raw/mri_images/DWI/MRI00130.png,data/raw/mri_images/FLAIR/MRI00085.png,mri,DWI,FLAIR,9,8,Visually Similar,Retain - Shows Structural Variation
data/raw/mri_images/DWI/MRI00130.png,data/raw/mri_images/FLAIR/MRI00088.png,mri,DWI,FLAIR,9,6,Visually Similar,Retain - Shows Structural Variation
data/raw/mri_images/DWI/MRI00130.png,data/raw/mri_images/FLAIR/MRI00093.png,mri,DWI,FLAIR,9,8,Visually Similar,Retain - Shows Structural Variation
data/raw/mri_images/DWI/MRI00130.png,data/raw/mri_images/FLAIR/MRI00094.png,mri,DWI,FLAIR,4,5,Near Duplicate,Document & Evaluate Similarity Threshold
data/raw/mri_images/DWI/MRI00130.png,data/raw/mri_images/FLAIR/MRI00095.png,mri,DWI,FLAIR,6,6,Visually Similar,Retain - Shows Structural Variation
data/raw/mri_images/DWI/MRI00130.png,data/raw/mri_images/FLAIR/MRI00101.png,mri,DWI,FLAIR,9,8,Visually Similar,Retain - Shows Structural Variation
data/raw/mri_images/DWI/MRI00130.png,data/raw/mri_images/FLAIR/MRI00102.png,mri,DWI,FLAIR,8,5,Visually Similar,Retain - Shows Structural Variation
data/raw/mri_images/DWI/MRI00130.png,data/raw/mri_images/FLAIR/MRI00108.png,mri,DWI,FLAIR,4,6,Near Duplicate,Document & Evaluate Similarity Threshold
data/raw/mri_images/DWI/MRI00130.png,data/raw/mri_images/FLAIR/MRI00110.png,mri,DWI,FLAIR,6,7,Visually Similar,Retain - Shows Structural Variation
data/raw/mri_images/DWI/MRI00130.png,data/raw/mri_images/FLAIR/MRI00115.png,mri,DWI,FLAIR,10,6,Visually Similar,Retain - Shows Structural Variation
data/raw/mri_images/DWI/MRI00130.png,data/raw/mri_images/FLAIR/MRI00120.png,mri,DWI,FLAIR,6,6,Visually Similar,Retain - Shows Structural Variation
data/raw/mri_images/DWI/MRI00130.png,data/raw/mri_images/T2/MRI00045.png,mri,DWI,T2,10,8,Visually Similar,Retain - Shows Structural Variation
data/raw/mri_images/DWI/MRI00130.png,data/raw/mri_images/T2/MRI00062.png,mri,DWI,T2,9,8,Visually Similar,Retain - Shows Structural Variation
data/raw/mri_images/DWI/MRI00131.png,data/raw/mri_images/DWI/MRI00132.png,mri,DWI,DWI,2,0,Near Duplicate,Document & Evaluate Similarity Threshold
data/raw/mri_images/DWI/MRI00131.png,data/raw/mri_images/DWI/MRI00134.png,mri,DWI,DWI,7,6,Visually Similar,Retain - Shows Structural Variation
data/raw/mri_images/DWI/MRI00131.png,data/raw/mri_images/DWI/MRI00136.png,mri,DWI,DWI,2,4,Near Duplicate,Document & Evaluate Similarity Threshold
data/raw/mri_images/DWI/MRI00131.png,data/raw/mri_images/DWI/MRI00140.png,mri,DWI,DWI,9,6,Visually Similar,Retain - Shows Structural Variation
data/raw/mri_images/DWI/MRI00131.png,data/raw/mri_images/DWI/MRI00142.png,mri,DWI,DWI,6,5,Visually Similar,Retain - Shows Structural Variation
data/raw/mri_images/DWI/MRI00131.png,data/raw/mri_images/DWI/MRI00143.png,mri,DWI,DWI,9,6,Visually Similar,Retain - Shows Structural Variation
data/raw/mri_images/DWI/MRI00131.png,data/raw/mri_images/DWI/MRI00144.png,mri,DWI,DWI,5,5,Visually Similar,Retain - Shows Structural Variation
data/raw/mri_images/DWI/MRI00131.png,data/raw/mri_images/DWI/MRI00145.png,mri,DWI,DWI,9,4,Visually Similar,Retain - Shows Structural Variation
data/raw/mri_images/DWI/MRI00131.png,data/raw/mri_images/DWI/MRI00148.png,mri,DWI,DWI,4,7,Near Duplicate,Document & Evaluate Similarity Threshold
data/raw/mri_images/DWI/MRI00131.png,data/raw/mri_images/DWI/MRI00149.png,mri,DWI,DWI,9,5,Visually Similar,Retain - Shows Structural Variation
data/raw/mri_images/DWI/MRI00131.png,data/raw/mri_images/DWI/MRI00153.png,mri,DWI,DWI,2,4,Near Duplicate,Document & Evaluate Similarity Threshold
data/raw/mri_images/DWI/MRI00131.png,data/raw/mri_images/DWI/MRI00154.png,mri,DWI,DWI,0,3,Exact Duplicate,Keep Representative / Purge Duplicate
data/raw/mri_images/DWI/MRI00131.png,data/raw/mri_images/DWI/MRI00156.png,mri,DWI,DWI,2,3,Near Duplicate,Document & Evaluate Similarity Threshold
data/raw/mri_images/DWI/MRI00131.png,data/raw/mri_images/DWI/MRI00158.png,mri,DWI,DWI,10,3,Visually Similar,Retain - Shows Structural Variation
data/raw/mri_images/DWI/MRI00131.png,data/raw/mri_images/FLAIR/MRI00081.png,mri,DWI,FLAIR,9,6,Visually Similar,Retain - Shows Structural Variation
data/raw/mri_images/DWI/MRI00131.png,data/raw/mri_images/FLAIR/MRI00082.png,mri,DWI,FLAIR,8,7,Visually Similar,Retain - Shows Structural Variation
data/raw/mri_images/DWI/MRI00131.png,data/raw/mri_images/FLAIR/MRI00083.png,mri,DWI,FLAIR,9,6,Visually Similar,Retain - Shows Structural Variation
data/raw/mri_images/DWI/MRI00131.png,data/raw/mri_images/FLAIR/MRI00085.png,mri,DWI,FLAIR,7,8,Visually Similar,Retain - Shows Structural Variation
data/raw/mri_images/DWI/MRI00131.png,data/raw/mri_images/FLAIR/MRI00086.png,mri,DWI,FLAIR,9,7,Visually Similar,Retain - Shows Structural Variation
data/raw/mri_images/DWI/MRI00131.png,data/raw/mri_images/FLAIR/MRI00090.png,mri,DWI,FLAIR,9,5,Visually Similar,Retain - Shows Structural Variation
data/raw/mri_images/DWI/MRI00131.png,data/raw/mri_images/FLAIR/MRI00093.png,mri,DWI,FLAIR,7,8,Visually Similar,Retain - Shows Structural Variation
data/raw/mri_images/DWI/MRI00131.png,data/raw/mri_images/FLAIR/MRI00094.png,mri,DWI,FLAIR,4,5,Near Duplicate,Document & Evaluate Similarity Threshold
data/raw/mri_images/DWI/MRI00131.png,data/raw/mri_images/FLAIR/MRI00095.png,mri,DWI,FLAIR,4,6,Near Duplicate,Document & Evaluate Similarity Threshold
data/raw/mri_images/DWI/MRI00131.png,data/raw/mri_images/FLAIR/MRI00097.png,mri,DWI,FLAIR,9,5,Visually Similar,Retain - Shows Structural Variation
data/raw/mri_images/DWI/MRI00131.png,data/raw/mri_images/FLAIR/MRI00101.png,mri,DWI,FLAIR,7,8,Visually Similar,Retain - Shows Structural Variation
data/raw/mri_images/DWI/MRI00131.png,data/raw/mri_images/FLAIR/MRI00102.png,mri,DWI,FLAIR,6,5,Visually Similar,Retain - Shows Structural Variation
data/raw/mri_images/DWI/MRI00131.png,data/raw/mri_images/FLAIR/MRI00103.png,mri,DWI,FLAIR,10,8,Visually Similar,Retain - Shows Structural Variation
data/raw/mri_images/DWI/MRI00131.png,data/raw/mri_images/FLAIR/MRI00106.png,mri,DWI,FLAIR,9,8,Visually Similar,Retain - Shows Structural Variation
data/raw/mri_images/DWI/MRI00131.png,data/raw/mri_images/FLAIR/MRI00108.png,mri,DWI,FLAIR,2,6,Near Duplicate,Document & Evaluate Similarity Threshold
data/raw/mri_images/DWI/MRI00131.png,data/raw/mri_images/FLAIR/MRI00109.png,mri,DWI,FLAIR,10,8,Visually Similar,Retain - Shows Structural Variation
data/raw/mri_images/DWI/MRI00131.png,data/raw/mri_images/FLAIR/MRI00110.png,mri,DWI,FLAIR,4,7,Near Duplicate,Document & Evaluate Similarity Threshold
data/raw/mri_images/DWI/MRI00131.png,data/raw/mri_images/FLAIR/MRI00115.png,mri,DWI,FLAIR,8,6,Visually Similar,Retain - Shows Structural Variation
data/raw/mri_images/DWI/MRI00131.png,data/raw/mri_images/FLAIR/MRI00118.png,mri,DWI,FLAIR,10,10,Visually Similar,Retain - Shows Structural Variation
data/raw/mri_images/DWI/MRI00131.png,data/raw/mri_images/FLAIR/MRI00120.png,mri,DWI,FLAIR,4,6,Near Duplicate,Document & Evaluate Similarity Threshold
data/raw/mri_images/DWI/MRI00131.png,data/raw/mri_images/T2/MRI00045.png,mri,DWI,T2,10,8,Visually Similar,Retain - Shows Structural Variation
data/raw/mri_images/DWI/MRI00131.png,data/raw/mri_images/T2/MRI00062.png,mri,DWI,T2,9,8,Visually Similar,Retain - Shows Structural Variation
data/raw/mri_images/DWI/MRI00132.png,data/raw/mri_images/DWI/MRI00133.png,mri,DWI,DWI,9,3,Visually Similar,Retain - Shows Structural Variation
data/raw/mri_images/DWI/MRI00132.png,data/raw/mri_images/DWI/MRI00134.png,mri,DWI,DWI,7,6,Visually Similar,Retain - Shows Structural Variation
data/raw/mri_images/DWI/MRI00132.png,data/raw/mri_images/DWI/MRI00136.png,mri,DWI,DWI,4,4,Near Duplicate,Document & Evaluate Similarity Threshold
data/raw/mri_images/DWI/MRI00132.png,data/raw/mri_images/DWI/MRI00140.png,mri,DWI,DWI,7,6,Visually Similar,Retain - Shows Structural Variation
data/raw/mri_images/DWI/MRI00132.png,data/raw/mri_images/DWI/MRI00142.png,mri,DWI,DWI,6,5,Visually Similar,Retain - Shows Structural Variation
data/raw/mri_images/DWI/MRI00132.png,data/raw/mri_images/DWI/MRI00143.png,mri,DWI,DWI,7,6,Visually Similar,Retain - Shows Structural Variation
data/raw/mri_images/DWI/MRI00132.png,data/raw/mri_images/DWI/MRI00144.png,mri,DWI,DWI,5,5,Visually Similar,Retain - Shows Structural Variation
data/raw/mri_images/DWI/MRI00132.png,data/raw/mri_images/DWI/MRI00145.png,mri,DWI,DWI,7,4,Visually Similar,Retain - Shows Structural Variation
data/raw/mri_images/DWI/MRI00132.png,data/raw/mri_images/DWI/MRI00148.png,mri,DWI,DWI,4,7,Near Duplicate,Document & Evaluate Similarity Threshold
data/raw/mri_images/DWI/MRI00132.png,data/raw/mri_images/DWI/MRI00149.png,mri,DWI,DWI,9,5,Visually Similar,Retain - Shows Structural Variation
data/raw/mri_images/DWI/MRI00132.png,data/raw/mri_images/DWI/MRI00153.png,mri,DWI,DWI,2,4,Near Duplicate,Document & Evaluate Similarity Threshold
data/raw/mri_images/DWI/MRI00132.png,data/raw/mri_images/DWI/MRI00154.png,mri,DWI,DWI,2,3,Near Duplicate,Document & Evaluate Similarity Threshold
data/raw/mri_images/DWI/MRI00132.png,data/raw/mri_images/DWI/MRI00156.png,mri,DWI,DWI,2,3,Near Duplicate,Document & Evaluate Similarity Threshold
data/raw/mri_images/DWI/MRI00132.png,data/raw/mri_images/DWI/MRI00158.png,mri,DWI,DWI,8,3,Visually Similar,Retain - Shows Structural Variation
data/raw/mri_images/DWI/MRI00132.png,data/raw/mri_images/FLAIR/MRI00081.png,mri,DWI,FLAIR,7,6,Visually Similar,Retain - Shows Structural Variation
data/raw/mri_images/DWI/MRI00132.png,data/raw/mri_images/FLAIR/MRI00082.png,mri,DWI,FLAIR,8,7,Visually Similar,Retain - Shows Structural Variation
data/raw/mri_images/DWI/MRI00132.png,data/raw/mri_images/FLAIR/MRI00083.png,mri,DWI,FLAIR,9,6,Visually Similar,Retain - Shows Structural Variation
data/raw/mri_images/DWI/MRI00132.png,data/raw/mri_images/FLAIR/MRI00085.png,mri,DWI,FLAIR,7,8,Visually Similar,Retain - Shows Structural Variation
data/raw/mri_images/DWI/MRI00132.png,data/raw/mri_images/FLAIR/MRI00086.png,mri,DWI,FLAIR,9,7,Visually Similar,Retain - Shows Structural Variation
data/raw/mri_images/DWI/MRI00132.png,data/raw/mri_images/FLAIR/MRI00090.png,mri,DWI,FLAIR,7,5,Visually Similar,Retain - Shows Structural Variation
data/raw/mri_images/DWI/MRI00132.png,data/raw/mri_images/FLAIR/MRI00093.png,mri,DWI,FLAIR,5,8,Visually Similar,Retain - Shows Structural Variation
data/raw/mri_images/DWI/MRI00132.png,data/raw/mri_images/FLAIR/MRI00094.png,mri,DWI,FLAIR,4,5,Near Duplicate,Document & Evaluate Similarity Threshold
data/raw/mri_images/DWI/MRI00132.png,data/raw/mri_images/FLAIR/MRI00095.png,mri,DWI,FLAIR,4,6,Near Duplicate,Document & Evaluate Similarity Threshold
data/raw/mri_images/DWI/MRI00132.png,data/raw/mri_images/FLAIR/MRI00097.png,mri,DWI,FLAIR,7,5,Visually Similar,Retain - Shows Structural Variation
data/raw/mri_images/DWI/MRI00132.png,data/raw/mri_images/FLAIR/MRI00101.png,mri,DWI,FLAIR,5,8,Visually Similar,Retain - Shows Structural Variation
data/raw/mri_images/DWI/MRI00132.png,data/raw/mri_images/FLAIR/MRI00102.png,mri,DWI,FLAIR,6,5,Visually Similar,Retain - Shows Structural Variation
data/raw/mri_images/DWI/MRI00132.png,data/raw/mri_images/FLAIR/MRI00103.png,mri,DWI,FLAIR,10,8,Visually Similar,Retain - Shows Structural Variation
data/raw/mri_images/DWI/MRI00132.png,data/raw/mri_images/FLAIR/MRI00106.png,mri,DWI,FLAIR,9,8,Visually Similar,Retain - Shows Structural Variation
data/raw/mri_images/DWI/MRI00132.png,data/raw/mri_images/FLAIR/MRI00108.png,mri,DWI,FLAIR,2,6,Near Duplicate,Document & Evaluate Similarity Threshold
data/raw/mri_images/DWI/MRI00132.png,data/raw/mri_images/FLAIR/MRI00109.png,mri,DWI,FLAIR,8,8,Visually Similar,Retain - Shows Structural Variation
data/raw/mri_images/DWI/MRI00132.png,data/raw/mri_images/FLAIR/MRI00110.png,mri,DWI,FLAIR,4,7,Near Duplicate,Document & Evaluate Similarity Threshold
data/raw/mri_images/DWI/MRI00132.png,data/raw/mri_images/FLAIR/MRI00115.png,mri,DWI,FLAIR,8,6,Visually Similar,Retain - Shows Structural Variation
data/raw/mri_images/DWI/MRI00132.png,data/raw/mri_images/FLAIR/MRI00118.png,mri,DWI,FLAIR,10,10,Visually Similar,Retain - Shows Structural Variation
data/raw/mri_images/DWI/MRI00132.png,data/raw/mri_images/FLAIR/MRI00120.png,mri,DWI,FLAIR,2,6,Near Duplicate,Document & Evaluate Similarity Threshold
data/raw/mri_images/DWI/MRI00132.png,data/raw/mri_images/T2/MRI00045.png,mri,DWI,T2,10,8,Visually Similar,Retain - Shows Structural Variation
data/raw/mri_images/DWI/MRI00132.png,data/raw/mri_images/T2/MRI00052.png,mri,DWI,T2,9,11,Visually Similar,Retain - Shows Structural Variation
data/raw/mri_images/DWI/MRI00133.png,data/raw/mri_images/DWI/MRI00147.png,mri,DWI,DWI,2,2,Near Duplicate,Document & Evaluate Similarity Threshold
data/raw/mri_images/DWI/MRI00133.png,data/raw/mri_images/DWI/MRI00156.png,mri,DWI,DWI,9,6,Visually Similar,Retain - Shows Structural Variation
data/raw/mri_images/DWI/MRI00133.png,data/raw/mri_images/DWI/MRI00159.png,mri,DWI,DWI,5,5,Visually Similar,Retain - Shows Structural Variation
data/raw/mri_images/DWI/MRI00133.png,data/raw/mri_images/FLAIR/MRI00083.png,mri,DWI,FLAIR,6,7,Visually Similar,Retain - Shows Structural Variation
data/raw/mri_images/DWI/MRI00133.png,data/raw/mri_images/FLAIR/MRI00087.png,mri,DWI,FLAIR,9,5,Visually Similar,Retain - Shows Structural Variation
data/raw/mri_images/DWI/MRI00133.png,data/raw/mri_images/FLAIR/MRI00088.png,mri,DWI,FLAIR,4,5,Near Duplicate,Document & Evaluate Similarity Threshold
data/raw/mri_images/DWI/MRI00133.png,data/raw/mri_images/FLAIR/MRI00099.png,mri,DWI,FLAIR,7,3,Visually Similar,Retain - Shows Structural Variation
data/raw/mri_images/DWI/MRI00133.png,data/raw/mri_images/FLAIR/MRI00102.png,mri,DWI,FLAIR,7,6,Visually Similar,Retain - Shows Structural Variation
data/raw/mri_images/DWI/MRI00133.png,data/raw/mri_images/FLAIR/MRI00104.png,mri,DWI,FLAIR,7,3,Visually Similar,Retain - Shows Structural Variation
data/raw/mri_images/DWI/MRI00133.png,data/raw/mri_images/FLAIR/MRI00107.png,mri,DWI,FLAIR,10,4,Visually Similar,Retain - Shows Structural Variation
data/raw/mri_images/DWI/MRI00133.png,data/raw/mri_images/FLAIR/MRI00111.png,mri,DWI,FLAIR,9,7,Visually Similar,Retain - Shows Structural Variation
data/raw/mri_images/DWI/MRI00133.png,data/raw/mri_images/FLAIR/MRI00113.png,mri,DWI,FLAIR,9,6,Visually Similar,Retain - Shows Structural Variation
data/raw/mri_images/DWI/MRI00133.png,data/raw/mri_images/FLAIR/MRI00114.png,mri,DWI,FLAIR,7,5,Visually Similar,Retain - Shows Structural Variation
data/raw/mri_images/DWI/MRI00133.png,data/raw/mri_images/FLAIR/MRI00117.png,mri,DWI,FLAIR,4,2,Near Duplicate,Document & Evaluate Similarity Threshold
data/raw/mri_images/DWI/MRI00133.png,data/raw/mri_images/FLAIR/MRI00119.png,mri,DWI,FLAIR,4,5,Near Duplicate,Document & Evaluate Similarity Threshold
data/raw/mri_images/DWI/MRI00133.png,data/raw/mri_images/FLAIR/MRI00120.png,mri,DWI,FLAIR,9,7,Visually Similar,Retain - Shows Structural Variation
data/raw/mri_images/DWI/MRI00133.png,data/raw/mri_images/T2/MRI00049.png,mri,DWI,T2,10,11,Visually Similar,Retain - Shows Structural Variation
data/raw/mri_images/DWI/MRI00133.png,data/raw/mri_images/T2/MRI00057.png,mri,DWI,T2,10,10,Visually Similar,Retain - Shows Structural Variation
data/raw/mri_images/DWI/MRI00133.png,data/raw/mri_images/T2/MRI00061.png,mri,DWI,T2,10,9,Visually Similar,Retain - Shows Structural Variation
data/raw/mri_images/DWI/MRI00133.png,data/raw/mri_images/T2/MRI00072.png,mri,DWI,T2,10,9,Visually Similar,Retain - Shows Structural Variation
data/raw/mri_images/DWI/MRI00133.png,data/raw/mri_images/T2/MRI00075.png,mri,DWI,T2,10,8,Visually Similar,Retain - Shows Structural Variation
data/raw/mri_images/DWI/MRI00134.png,data/raw/mri_images/DWI/MRI00135.png,mri,DWI,DWI,6,4,Visually Similar,Retain - Shows Structural Variation
data/raw/mri_images/DWI/MRI00134.png,data/raw/mri_images/DWI/MRI00136.png,mri,DWI,DWI,5,4,Visually Similar,Retain - Shows Structural Variation
data/raw/mri_images/DWI/MRI00134.png,data/raw/mri_images/DWI/MRI00137.png,mri,DWI,DWI,4,2,Near Duplicate,Document & Evaluate Similarity Threshold
data/raw/mri_images/DWI/MRI00134.png,data/raw/mri_images/DWI/MRI00138.png,mri,DWI,DWI,9,7,Visually Similar,Retain - Shows Structural Variation
data/raw/mri_images/DWI/MRI00134.png,data/raw/mri_images/DWI/MRI00139.png,mri,DWI,DWI,8,5,Visually Similar,Retain - Shows Structural Variation
data/raw/mri_images/DWI/MRI00134.png,data/raw/mri_images/DWI/MRI00141.png,mri,DWI,DWI,10,8,Visually Similar,Retain - Shows Structural Variation
data/raw/mri_images/DWI/MRI00134.png,data/raw/mri_images/DWI/MRI00142.png,mri,DWI,DWI,1,3,Near Duplicate,Document & Evaluate Similarity Threshold
data/raw/mri_images/DWI/MRI00134.png,data/raw/mri_images/DWI/MRI00144.png,mri,DWI,DWI,4,1,Near Duplicate,Document & Evaluate Similarity Threshold
data/raw/mri_images/DWI/MRI00134.png,data/raw/mri_images/DWI/MRI00146.png,mri,DWI,DWI,4,2,Near Duplicate,Document & Evaluate Similarity Threshold
data/raw/mri_images/DWI/MRI00134.png,data/raw/mri_images/DWI/MRI00148.png,mri,DWI,DWI,5,7,Visually Similar,Retain - Shows Structural Variation
data/raw/mri_images/DWI/MRI00134.png,data/raw/mri_images/DWI/MRI00149.png,mri,DWI,DWI,2,3,Near Duplicate,Document & Evaluate Similarity Threshold
data/raw/mri_images/DWI/MRI00134.png,data/raw/mri_images/DWI/MRI00150.png,mri,DWI,DWI,8,5,Visually Similar,Retain - Shows Structural Variation
data/raw/mri_images/DWI/MRI00134.png,data/raw/mri_images/DWI/MRI00151.png,mri,DWI,DWI,7,4,Visually Similar,Retain - Shows Structural Variation
data/raw/mri_images/DWI/MRI00134.png,data/raw/mri_images/DWI/MRI00152.png,mri,DWI,DWI,4,2,Near Duplicate,Document & Evaluate Similarity Threshold
data/raw/mri_images/DWI/MRI00134.png,data/raw/mri_images/DWI/MRI00153.png,mri,DWI,DWI,5,4,Visually Similar,Retain - Shows Structural Variation
data/raw/mri_images/DWI/MRI00134.png,data/raw/mri_images/DWI/MRI00154.png,mri,DWI,DWI,7,9,Visually Similar,Retain - Shows Structural Variation
data/raw/mri_images/DWI/MRI00134.png,data/raw/mri_images/DWI/MRI00155.png,mri,DWI,DWI,7,5,Visually Similar,Retain - Shows Structural Variation
data/raw/mri_images/DWI/MRI00134.png,data/raw/mri_images/DWI/MRI00156.png,mri,DWI,DWI,7,3,Visually Similar,Retain - Shows Structural Variation
data/raw/mri_images/DWI/MRI00134.png,data/raw/mri_images/DWI/MRI00157.png,mri,DWI,DWI,7,2,Visually Similar,Retain - Shows Structural Variation
data/raw/mri_images/DWI/MRI00134.png,data/raw/mri_images/DWI/MRI00160.png,mri,DWI,DWI,4,4,Near Duplicate,Document & Evaluate Similarity Threshold
data/raw/mri_images/DWI/MRI00134.png,data/raw/mri_images/FLAIR/MRI00082.png,mri,DWI,FLAIR,3,1,Near Duplicate,Document & Evaluate Similarity Threshold
data/raw/mri_images/DWI/MRI00134.png,data/raw/mri_images/FLAIR/MRI00084.png,mri,DWI,FLAIR,4,1,Near Duplicate,Document & Evaluate Similarity Threshold
data/raw/mri_images/DWI/MRI00134.png,data/raw/mri_images/FLAIR/MRI00085.png,mri,DWI,FLAIR,8,4,Visually Similar,Retain - Shows Structural Variation
data/raw/mri_images/DWI/MRI00134.png,data/raw/mri_images/FLAIR/MRI00086.png,mri,DWI,FLAIR,10,5,Visually Similar,Retain - Shows Structural Variation
data/raw/mri_images/DWI/MRI00134.png,data/raw/mri_images/FLAIR/MRI00089.png,mri,DWI,FLAIR,7,4,Visually Similar,Retain - Shows Structural Variation
data/raw/mri_images/DWI/MRI00134.png,data/raw/mri_images/FLAIR/MRI00091.png,mri,DWI,FLAIR,10,5,Visually Similar,Retain - Shows Structural Variation
data/raw/mri_images/DWI/MRI00134.png,data/raw/mri_images/FLAIR/MRI00092.png,mri,DWI,FLAIR,4,1,Near Duplicate,Document & Evaluate Similarity Threshold
data/raw/mri_images/DWI/MRI00134.png,data/raw/mri_images/FLAIR/MRI00093.png,mri,DWI,FLAIR,10,8,Visually Similar,Retain - Shows Structural Variation
data/raw/mri_images/DWI/MRI00134.png,data/raw/mri_images/FLAIR/MRI00094.png,mri,DWI,FLAIR,7,5,Visually Similar,Retain - Shows Structural Variation
data/raw/mri_images/DWI/MRI00134.png,data/raw/mri_images/FLAIR/MRI00095.png,mri,DWI,FLAIR,7,4,Visually Similar,Retain - Shows Structural Variation
data/raw/mri_images/DWI/MRI00134.png,data/raw/mri_images/FLAIR/MRI00096.png,mri,DWI,FLAIR,4,5,Near Duplicate,Document & Evaluate Similarity Threshold
data/raw/mri_images/DWI/MRI00134.png,data/raw/mri_images/FLAIR/MRI00100.png,mri,DWI,FLAIR,6,4,Visually Similar,Retain - Shows Structural Variation
data/raw/mri_images/DWI/MRI00134.png,data/raw/mri_images/FLAIR/MRI00101.png,mri,DWI,FLAIR,10,4,Visually Similar,Retain - Shows Structural Variation
data/raw/mri_images/DWI/MRI00134.png,data/raw/mri_images/FLAIR/MRI00105.png,mri,DWI,FLAIR,10,9,Visually Similar,Retain - Shows Structural Variation
data/raw/mri_images/DWI/MRI00134.png,data/raw/mri_images/FLAIR/MRI00106.png,mri,DWI,FLAIR,10,2,Visually Similar,Retain - Shows Structural Variation
data/raw/mri_images/DWI/MRI00134.png,data/raw/mri_images/FLAIR/MRI00108.png,mri,DWI,FLAIR,5,4,Visually Similar,Retain - Shows Structural Variation
data/raw/mri_images/DWI/MRI00134.png,data/raw/mri_images/FLAIR/MRI00110.png,mri,DWI,FLAIR,5,3,Visually Similar,Retain - Shows Structural Variation
data/raw/mri_images/DWI/MRI00134.png,data/raw/mri_images/FLAIR/MRI00115.png,mri,DWI,FLAIR,3,2,Near Duplicate,Document & Evaluate Similarity Threshold
data/raw/mri_images/DWI/MRI00134.png,data/raw/mri_images/FLAIR/MRI00116.png,mri,DWI,FLAIR,7,6,Visually Similar,Retain - Shows Structural Variation
data/raw/mri_images/DWI/MRI00134.png,data/raw/mri_images/FLAIR/MRI00120.png,mri,DWI,FLAIR,7,4,Visually Similar,Retain - Shows Structural Variation
data/raw/mri_images/DWI/MRI00134.png,data/raw/mri_images/T2/MRI00041.png,mri,DWI,T2,10,14,Visually Similar,Retain - Shows Structural Variation
data/raw/mri_images/DWI/MRI00134.png,data/raw/mri_images/T2/MRI00043.png,mri,DWI,T2,10,13,Visually Similar,Retain - Shows Structural Variation
data/raw/mri_images/DWI/MRI00134.png,data/raw/mri_images/T2/MRI00046.png,mri,DWI,T2,10,12,Visually Similar,Retain - Shows Structural Variation
data/raw/mri_images/DWI/MRI00134.png,data/raw/mri_images/T2/MRI00056.png,mri,DWI,T2,7,10,Visually Similar,Retain - Shows Structural Variation
data/raw/mri_images/DWI/MRI00134.png,data/raw/mri_images/T2/MRI00065.png,mri,DWI,T2,10,12,Visually Similar,Retain - Shows Structural Variation
data/raw/mri_images/DWI/MRI00134.png,data/raw/mri_images/T2/MRI00073.png,mri,DWI,T2,10,13,Visually Similar,Retain - Shows Structural Variation
data/raw/mri_images/DWI/MRI00134.png,data/raw/mri_images/T2/MRI00078.png,mri,DWI,T2,9,12,Visually Similar,Retain - Shows Structural Variation
data/raw/mri_images/DWI/MRI00135.png,data/raw/mri_images/DWI/MRI00136.png,mri,DWI,DWI,9,4,Visually Similar,Retain - Shows Structural Variation
data/raw/mri_images/DWI/MRI00135.png,data/raw/mri_images/DWI/MRI00137.png,mri,DWI,DWI,6,4,Visually Similar,Retain - Shows Structural Variation
data/raw/mri_images/DWI/MRI00135.png,data/raw/mri_images/DWI/MRI00138.png,mri,DWI,DWI,5,3,Visually Similar,Retain - Shows Structural Variation
data/raw/mri_images/DWI/MRI00135.png,data/raw/mri_images/DWI/MRI00139.png,mri,DWI,DWI,6,5,Visually Similar,Retain - Shows Structural Variation
data/raw/mri_images/DWI/MRI00135.png,data/raw/mri_images/DWI/MRI00140.png,mri,DWI,DWI,8,8,Visually Similar,Retain - Shows Structural Variation
data/raw/mri_images/DWI/MRI00135.png,data/raw/mri_images/DWI/MRI00141.png,mri,DWI,DWI,6,6,Visually Similar,Retain - Shows Structural Variation
data/raw/mri_images/DWI/MRI00135.png,data/raw/mri_images/DWI/MRI00142.png,mri,DWI,DWI,5,3,Visually Similar,Retain - Shows Structural Variation
data/raw/mri_images/DWI/MRI00135.png,data/raw/mri_images/DWI/MRI00143.png,mri,DWI,DWI,8,8,Visually Similar,Retain - Shows Structural Variation
data/raw/mri_images/DWI/MRI00135.png,data/raw/mri_images/DWI/MRI00144.png,mri,DWI,DWI,10,3,Visually Similar,Retain - Shows Structural Variation
data/raw/mri_images/DWI/MRI00135.png,data/raw/mri_images/DWI/MRI00145.png,mri,DWI,DWI,8,8,Visually Similar,Retain - Shows Structural Variation
data/raw/mri_images/DWI/MRI00135.png,data/raw/mri_images/DWI/MRI00146.png,mri,DWI,DWI,6,4,Visually Similar,Retain - Shows Structural Variation
data/raw/mri_images/DWI/MRI00135.png,data/raw/mri_images/DWI/MRI00148.png,mri,DWI,DWI,7,3,Visually Similar,Retain - Shows Structural Variation
data/raw/mri_images/DWI/MRI00135.png,data/raw/mri_images/DWI/MRI00149.png,mri,DWI,DWI,8,3,Visually Similar,Retain - Shows Structural Variation
data/raw/mri_images/DWI/MRI00135.png,data/raw/mri_images/DWI/MRI00150.png,mri,DWI,DWI,4,3,Near Duplicate,Document & Evaluate Similarity Threshold
data/raw/mri_images/DWI/MRI00135.png,data/raw/mri_images/DWI/MRI00151.png,mri,DWI,DWI,3,2,Near Duplicate,Document & Evaluate Similarity Threshold
data/raw/mri_images/DWI/MRI00135.png,data/raw/mri_images/DWI/MRI00152.png,mri,DWI,DWI,8,4,Visually Similar,Retain - Shows Structural Variation
data/raw/mri_images/DWI/MRI00135.png,data/raw/mri_images/DWI/MRI00153.png,mri,DWI,DWI,9,4,Visually Similar,Retain - Shows Structural Variation
data/raw/mri_images/DWI/MRI00135.png,data/raw/mri_images/DWI/MRI00155.png,mri,DWI,DWI,5,7,Visually Similar,Retain - Shows Structural Variation
data/raw/mri_images/DWI/MRI00135.png,data/raw/mri_images/DWI/MRI00157.png,mri,DWI,DWI,3,4,Near Duplicate,Document & Evaluate Similarity Threshold
data/raw/mri_images/DWI/MRI00135.png,data/raw/mri_images/DWI/MRI00158.png,mri,DWI,DWI,9,7,Visually Similar,Retain - Shows Structural Variation
data/raw/mri_images/DWI/MRI00135.png,data/raw/mri_images/DWI/MRI00160.png,mri,DWI,DWI,6,2,Visually Similar,Retain - Shows Structural Variation
data/raw/mri_images/DWI/MRI00135.png,data/raw/mri_images/FLAIR/MRI00081.png,mri,DWI,FLAIR,8,8,Visually Similar,Retain - Shows Structural Variation
data/raw/mri_images/DWI/MRI00135.png,data/raw/mri_images/FLAIR/MRI00082.png,mri,DWI,FLAIR,5,5,Visually Similar,Retain - Shows Structural Variation
data/raw/mri_images/DWI/MRI00135.png,data/raw/mri_images/FLAIR/MRI00084.png,mri,DWI,FLAIR,6,5,Visually Similar,Retain - Shows Structural Variation
data/raw/mri_images/DWI/MRI00135.png,data/raw/mri_images/FLAIR/MRI00085.png,mri,DWI,FLAIR,10,8,Visually Similar,Retain - Shows Structural Variation
data/raw/mri_images/DWI/MRI00135.png,data/raw/mri_images/FLAIR/MRI00086.png,mri,DWI,FLAIR,6,5,Visually Similar,Retain - Shows Structural Variation
data/raw/mri_images/DWI/MRI00135.png,data/raw/mri_images/FLAIR/MRI00089.png,mri,DWI,FLAIR,3,4,Near Duplicate,Document & Evaluate Similarity Threshold
data/raw/mri_images/DWI/MRI00135.png,data/raw/mri_images/FLAIR/MRI00090.png,mri,DWI,FLAIR,8,7,Visually Similar,Retain - Shows Structural Variation
data/raw/mri_images/DWI/MRI00135.png,data/raw/mri_images/FLAIR/MRI00092.png,mri,DWI,FLAIR,6,5,Visually Similar,Retain - Shows Structural Variation
data/raw/mri_images/DWI/MRI00135.png,data/raw/mri_images/FLAIR/MRI00095.png,mri,DWI,FLAIR,7,6,Visually Similar,Retain - Shows Structural Variation
data/raw/mri_images/DWI/MRI00135.png,data/raw/mri_images/FLAIR/MRI00096.png,mri,DWI,FLAIR,6,7,Visually Similar,Retain - Shows Structural Variation
data/raw/mri_images/DWI/MRI00135.png,data/raw/mri_images/FLAIR/MRI00097.png,mri,DWI,FLAIR,8,7,Visually Similar,Retain - Shows Structural Variation
data/raw/mri_images/DWI/MRI00135.png,data/raw/mri_images/FLAIR/MRI00098.png,mri,DWI,FLAIR,9,7,Visually Similar,Retain - Shows Structural Variation
data/raw/mri_images/DWI/MRI00135.png,data/raw/mri_images/FLAIR/MRI00100.png,mri,DWI,FLAIR,8,6,Visually Similar,Retain - Shows Structural Variation
data/raw/mri_images/DWI/MRI00135.png,data/raw/mri_images/FLAIR/MRI00101.png,mri,DWI,FLAIR,6,6,Visually Similar,Retain - Shows Structural Variation
data/raw/mri_images/DWI/MRI00135.png,data/raw/mri_images/FLAIR/MRI00105.png,mri,DWI,FLAIR,6,7,Visually Similar,Retain - Shows Structural Variation
data/raw/mri_images/DWI/MRI00135.png,data/raw/mri_images/FLAIR/MRI00106.png,mri,DWI,FLAIR,6,6,Visually Similar,Retain - Shows Structural Variation
data/raw/mri_images/DWI/MRI00135.png,data/raw/mri_images/FLAIR/MRI00108.png,mri,DWI,FLAIR,9,4,Visually Similar,Retain - Shows Structural Variation
data/raw/mri_images/DWI/MRI00135.png,data/raw/mri_images/FLAIR/MRI00109.png,mri,DWI,FLAIR,9,8,Visually Similar,Retain - Shows Structural Variation
data/raw/mri_images/DWI/MRI00135.png,data/raw/mri_images/FLAIR/MRI00110.png,mri,DWI,FLAIR,7,7,Visually Similar,Retain - Shows Structural Variation
data/raw/mri_images/DWI/MRI00135.png,data/raw/mri_images/FLAIR/MRI00115.png,mri,DWI,FLAIR,5,6,Visually Similar,Retain - Shows Structural Variation
data/raw/mri_images/DWI/MRI00135.png,data/raw/mri_images/FLAIR/MRI00116.png,mri,DWI,FLAIR,3,6,Near Duplicate,Document & Evaluate Similarity Threshold
data/raw/mri_images/DWI/MRI00135.png,data/raw/mri_images/FLAIR/MRI00118.png,mri,DWI,FLAIR,7,6,Visually Similar,Retain - Shows Structural Variation
data/raw/mri_images/DWI/MRI00135.png,data/raw/mri_images/FLAIR/MRI00120.png,mri,DWI,FLAIR,9,6,Visually Similar,Retain - Shows Structural Variation
data/raw/mri_images/DWI/MRI00135.png,data/raw/mri_images/T2/MRI00041.png,mri,DWI,T2,8,14,Visually Similar,Retain - Shows Structural Variation
data/raw/mri_images/DWI/MRI00135.png,data/raw/mri_images/T2/MRI00043.png,mri,DWI,T2,10,15,Visually Similar,Retain - Shows Structural Variation
data/raw/mri_images/DWI/MRI00135.png,data/raw/mri_images/T2/MRI00056.png,mri,DWI,T2,7,12,Visually Similar,Retain - Shows Structural Variation
data/raw/mri_images/DWI/MRI00135.png,data/raw/mri_images/T2/MRI00067.png,mri,DWI,T2,9,16,Visually Similar,Retain - Shows Structural Variation
data/raw/mri_images/DWI/MRI00135.png,data/raw/mri_images/T2/MRI00073.png,mri,DWI,T2,8,15,Visually Similar,Retain - Shows Structural Variation
data/raw/mri_images/DWI/MRI00135.png,data/raw/mri_images/T2/MRI00077.png,mri,DWI,T2,10,12,Visually Similar,Retain - Shows Structural Variation
data/raw/mri_images/DWI/MRI00135.png,data/raw/mri_images/T2/MRI00078.png,mri,DWI,T2,7,10,Visually Similar,Retain - Shows Structural Variation
data/raw/mri_images/DWI/MRI00136.png,data/raw/mri_images/DWI/MRI00137.png,mri,DWI,DWI,9,4,Visually Similar,Retain - Shows Structural Variation
data/raw/mri_images/DWI/MRI00136.png,data/raw/mri_images/DWI/MRI00140.png,mri,DWI,DWI,9,4,Visually Similar,Retain - Shows Structural Variation
data/raw/mri_images/DWI/MRI00136.png,data/raw/mri_images/DWI/MRI00142.png,mri,DWI,DWI,4,5,Near Duplicate,Document & Evaluate Similarity Threshold
data/raw/mri_images/DWI/MRI00136.png,data/raw/mri_images/DWI/MRI00143.png,mri,DWI,DWI,9,4,Visually Similar,Retain - Shows Structural Variation
data/raw/mri_images/DWI/MRI00136.png,data/raw/mri_images/DWI/MRI00144.png,mri,DWI,DWI,3,3,Near Duplicate,Document & Evaluate Similarity Threshold
data/raw/mri_images/DWI/MRI00136.png,data/raw/mri_images/DWI/MRI00145.png,mri,DWI,DWI,9,6,Visually Similar,Retain - Shows Structural Variation
data/raw/mri_images/DWI/MRI00136.png,data/raw/mri_images/DWI/MRI00146.png,mri,DWI,DWI,9,2,Visually Similar,Retain - Shows Structural Variation
data/raw/mri_images/DWI/MRI00136.png,data/raw/mri_images/DWI/MRI00148.png,mri,DWI,DWI,2,7,Near Duplicate,Document & Evaluate Similarity Threshold
data/raw/mri_images/DWI/MRI00136.png,data/raw/mri_images/DWI/MRI00149.png,mri,DWI,DWI,7,3,Visually Similar,Retain - Shows Structural Variation
data/raw/mri_images/DWI/MRI00136.png,data/raw/mri_images/DWI/MRI00152.png,mri,DWI,DWI,9,6,Visually Similar,Retain - Shows Structural Variation
data/raw/mri_images/DWI/MRI00136.png,data/raw/mri_images/DWI/MRI00153.png,mri,DWI,DWI,2,6,Near Duplicate,Document & Evaluate Similarity Threshold
data/raw/mri_images/DWI/MRI00136.png,data/raw/mri_images/DWI/MRI00154.png,mri,DWI,DWI,2,7,Near Duplicate,Document & Evaluate Similarity Threshold
data/raw/mri_images/DWI/MRI00136.png,data/raw/mri_images/DWI/MRI00156.png,mri,DWI,DWI,4,5,Near Duplicate,Document & Evaluate Similarity Threshold
data/raw/mri_images/DWI/MRI00136.png,data/raw/mri_images/DWI/MRI00158.png,mri,DWI,DWI,10,5,Visually Similar,Retain - Shows Structural Variation
data/raw/mri_images/DWI/MRI00136.png,data/raw/mri_images/DWI/MRI00160.png,mri,DWI,DWI,9,6,Visually Similar,Retain - Shows Structural Variation
data/raw/mri_images/DWI/MRI00136.png,data/raw/mri_images/FLAIR/MRI00081.png,mri,DWI,FLAIR,9,4,Visually Similar,Retain - Shows Structural Variation
data/raw/mri_images/DWI/MRI00136.png,data/raw/mri_images/FLAIR/MRI00082.png,mri,DWI,FLAIR,6,5,Visually Similar,Retain - Shows Structural Variation
data/raw/mri_images/DWI/MRI00136.png,data/raw/mri_images/FLAIR/MRI00083.png,mri,DWI,FLAIR,9,6,Visually Similar,Retain - Shows Structural Variation
data/raw/mri_images/DWI/MRI00136.png,data/raw/mri_images/FLAIR/MRI00084.png,mri,DWI,FLAIR,9,5,Visually Similar,Retain - Shows Structural Variation
data/raw/mri_images/DWI/MRI00136.png,data/raw/mri_images/FLAIR/MRI00085.png,mri,DWI,FLAIR,5,4,Visually Similar,Retain - Shows Structural Variation
data/raw/mri_images/DWI/MRI00136.png,data/raw/mri_images/FLAIR/MRI00086.png,mri,DWI,FLAIR,7,7,Visually Similar,Retain - Shows Structural Variation
data/raw/mri_images/DWI/MRI00136.png,data/raw/mri_images/FLAIR/MRI00090.png,mri,DWI,FLAIR,9,5,Visually Similar,Retain - Shows Structural Variation
data/raw/mri_images/DWI/MRI00136.png,data/raw/mri_images/FLAIR/MRI00092.png,mri,DWI,FLAIR,9,5,Visually Similar,Retain - Shows Structural Variation
data/raw/mri_images/DWI/MRI00136.png,data/raw/mri_images/FLAIR/MRI00093.png,mri,DWI,FLAIR,7,8,Visually Similar,Retain - Shows Structural Variation
data/raw/mri_images/DWI/MRI00136.png,data/raw/mri_images/FLAIR/MRI00094.png,mri,DWI,FLAIR,2,1,Near Duplicate,Document & Evaluate Similarity Threshold
data/raw/mri_images/DWI/MRI00136.png,data/raw/mri_images/FLAIR/MRI00095.png,mri,DWI,FLAIR,4,4,Near Duplicate,Document & Evaluate Similarity Threshold
data/raw/mri_images/DWI/MRI00136.png,data/raw/mri_images/FLAIR/MRI00096.png,mri,DWI,FLAIR,9,7,Visually Similar,Retain - Shows Structural Variation
data/raw/mri_images/DWI/MRI00136.png,data/raw/mri_images/FLAIR/MRI00097.png,mri,DWI,FLAIR,9,3,Visually Similar,Retain - Shows Structural Variation
data/raw/mri_images/DWI/MRI00136.png,data/raw/mri_images/FLAIR/MRI00101.png,mri,DWI,FLAIR,7,6,Visually Similar,Retain - Shows Structural Variation
data/raw/mri_images/DWI/MRI00136.png,data/raw/mri_images/FLAIR/MRI00102.png,mri,DWI,FLAIR,8,3,Visually Similar,Retain - Shows Structural Variation
data/raw/mri_images/DWI/MRI00136.png,data/raw/mri_images/FLAIR/MRI00103.png,mri,DWI,FLAIR,8,6,Visually Similar,Retain - Shows Structural Variation
data/raw/mri_images/DWI/MRI00136.png,data/raw/mri_images/FLAIR/MRI00106.png,mri,DWI,FLAIR,7,6,Visually Similar,Retain - Shows Structural Variation
data/raw/mri_images/DWI/MRI00136.png,data/raw/mri_images/FLAIR/MRI00108.png,mri,DWI,FLAIR,2,4,Near Duplicate,Document & Evaluate Similarity Threshold
data/raw/mri_images/DWI/MRI00136.png,data/raw/mri_images/FLAIR/MRI00109.png,mri,DWI,FLAIR,10,4,Visually Similar,Retain - Shows Structural Variation
data/raw/mri_images/DWI/MRI00136.png,data/raw/mri_images/FLAIR/MRI00110.png,mri,DWI,FLAIR,2,3,Near Duplicate,Document & Evaluate Similarity Threshold
data/raw/mri_images/DWI/MRI00136.png,data/raw/mri_images/FLAIR/MRI00115.png,mri,DWI,FLAIR,6,4,Visually Similar,Retain - Shows Structural Variation
data/raw/mri_images/DWI/MRI00136.png,data/raw/mri_images/FLAIR/MRI00118.png,mri,DWI,FLAIR,8,8,Visually Similar,Retain - Shows Structural Variation
data/raw/mri_images/DWI/MRI00136.png,data/raw/mri_images/FLAIR/MRI00120.png,mri,DWI,FLAIR,4,2,Near Duplicate,Document & Evaluate Similarity Threshold
data/raw/mri_images/DWI/MRI00136.png,data/raw/mri_images/T2/MRI00043.png,mri,DWI,T2,9,13,Visually Similar,Retain - Shows Structural Variation
data/raw/mri_images/DWI/MRI00136.png,data/raw/mri_images/T2/MRI00045.png,mri,DWI,T2,10,10,Visually Similar,Retain - Shows Structural Variation
data/raw/mri_images/DWI/MRI00136.png,data/raw/mri_images/T2/MRI00047.png,mri,DWI,T2,9,11,Visually Similar,Retain - Shows Structural Variation
data/raw/mri_images/DWI/MRI00136.png,data/raw/mri_images/T2/MRI00052.png,mri,DWI,T2,9,13,Visually Similar,Retain - Shows Structural Variation
data/raw/mri_images/DWI/MRI00136.png,data/raw/mri_images/T2/MRI00053.png,mri,DWI,T2,9,14,Visually Similar,Retain - Shows Structural Variation
data/raw/mri_images/DWI/MRI00136.png,data/raw/mri_images/T2/MRI00056.png,mri,DWI,T2,10,10,Visually Similar,Retain - Shows Structural Variation
data/raw/mri_images/DWI/MRI00136.png,data/raw/mri_images/T2/MRI00062.png,mri,DWI,T2,9,8,Visually Similar,Retain - Shows Structural Variation
data/raw/mri_images/DWI/MRI00136.png,data/raw/mri_images/T2/MRI00065.png,mri,DWI,T2,9,12,Visually Similar,Retain - Shows Structural Variation
data/raw/mri_images/DWI/MRI00136.png,data/raw/mri_images/T2/MRI00066.png,mri,DWI,T2,9,12,Visually Similar,Retain - Shows Structural Variation
data/raw/mri_images/DWI/MRI00137.png,data/raw/mri_images/DWI/MRI00138.png,mri,DWI,DWI,7,7,Visually Similar,Retain - Shows Structural Variation
data/raw/mri_images/DWI/MRI00137.png,data/raw/mri_images/DWI/MRI00139.png,mri,DWI,DWI,8,5,Visually Similar,Retain - Shows Structural Variation
data/raw/mri_images/DWI/MRI00137.png,data/raw/mri_images/DWI/MRI00141.png,mri,DWI,DWI,8,6,Visually Similar,Retain - Shows Structural Variation
data/raw/mri_images/DWI/MRI00137.png,data/raw/mri_images/DWI/MRI00142.png,mri,DWI,DWI,5,5,Visually Similar,Retain - Shows Structural Variation
data/raw/mri_images/DWI/MRI00137.png,data/raw/mri_images/DWI/MRI00144.png,mri,DWI,DWI,6,1,Visually Similar,Retain - Shows Structural Variation
data/raw/mri_images/DWI/MRI00137.png,data/raw/mri_images/DWI/MRI00146.png,mri,DWI,DWI,0,2,Exact Duplicate,Keep Representative / Purge Duplicate
data/raw/mri_images/DWI/MRI00137.png,data/raw/mri_images/DWI/MRI00148.png,mri,DWI,DWI,7,7,Visually Similar,Retain - Shows Structural Variation
data/raw/mri_images/DWI/MRI00137.png,data/raw/mri_images/DWI/MRI00149.png,mri,DWI,DWI,2,3,Near Duplicate,Document & Evaluate Similarity Threshold
data/raw/mri_images/DWI/MRI00137.png,data/raw/mri_images/DWI/MRI00150.png,mri,DWI,DWI,6,3,Visually Similar,Retain - Shows Structural Variation
data/raw/mri_images/DWI/MRI00137.png,data/raw/mri_images/DWI/MRI00151.png,mri,DWI,DWI,5,2,Visually Similar,Retain - Shows Structural Variation
data/raw/mri_images/DWI/MRI00137.png,data/raw/mri_images/DWI/MRI00152.png,mri,DWI,DWI,2,4,Near Duplicate,Document & Evaluate Similarity Threshold
data/raw/mri_images/DWI/MRI00137.png,data/raw/mri_images/DWI/MRI00153.png,mri,DWI,DWI,9,6,Visually Similar,Retain - Shows Structural Variation
data/raw/mri_images/DWI/MRI00137.png,data/raw/mri_images/DWI/MRI00155.png,mri,DWI,DWI,7,5,Visually Similar,Retain - Shows Structural Variation
data/raw/mri_images/DWI/MRI00137.png,data/raw/mri_images/DWI/MRI00157.png,mri,DWI,DWI,5,2,Visually Similar,Retain - Shows Structural Variation
data/raw/mri_images/DWI/MRI00137.png,data/raw/mri_images/DWI/MRI00160.png,mri,DWI,DWI,0,4,Exact Duplicate,Keep Representative / Purge Duplicate
data/raw/mri_images/DWI/MRI00137.png,data/raw/mri_images/FLAIR/MRI00082.png,mri,DWI,FLAIR,5,1,Visually Similar,Retain - Shows Structural Variation
data/raw/mri_images/DWI/MRI00137.png,data/raw/mri_images/FLAIR/MRI00084.png,mri,DWI,FLAIR,2,1,Near Duplicate,Document & Evaluate Similarity Threshold
data/raw/mri_images/DWI/MRI00137.png,data/raw/mri_images/FLAIR/MRI00085.png,mri,DWI,FLAIR,10,4,Visually Similar,Retain - Shows Structural Variation
data/raw/mri_images/DWI/MRI00137.png,data/raw/mri_images/FLAIR/MRI00086.png,mri,DWI,FLAIR,10,3,Visually Similar,Retain - Shows Structural Variation
data/raw/mri_images/DWI/MRI00137.png,data/raw/mri_images/FLAIR/MRI00089.png,mri,DWI,FLAIR,5,4,Visually Similar,Retain - Shows Structural Variation
data/raw/mri_images/DWI/MRI00137.png,data/raw/mri_images/FLAIR/MRI00091.png,mri,DWI,FLAIR,6,3,Visually Similar,Retain - Shows Structural Variation
data/raw/mri_images/DWI/MRI00137.png,data/raw/mri_images/FLAIR/MRI00092.png,mri,DWI,FLAIR,0,1,Exact Duplicate,Keep Representative / Purge Duplicate
data/raw/mri_images/DWI/MRI00137.png,data/raw/mri_images/FLAIR/MRI00093.png,mri,DWI,FLAIR,10,6,Visually Similar,Retain - Shows Structural Variation
data/raw/mri_images/DWI/MRI00137.png,data/raw/mri_images/FLAIR/MRI00095.png,mri,DWI,FLAIR,9,4,Visually Similar,Retain - Shows Structural Variation
data/raw/mri_images/DWI/MRI00137.png,data/raw/mri_images/FLAIR/MRI00096.png,mri,DWI,FLAIR,0,3,Exact Duplicate,Keep Representative / Purge Duplicate
data/raw/mri_images/DWI/MRI00137.png,data/raw/mri_images/FLAIR/MRI00098.png,mri,DWI,FLAIR,9,3,Visually Similar,Retain - Shows Structural Variation
data/raw/mri_images/DWI/MRI00137.png,data/raw/mri_images/FLAIR/MRI00100.png,mri,DWI,FLAIR,2,4,Near Duplicate,Document & Evaluate Similarity Threshold
data/raw/mri_images/DWI/MRI00137.png,data/raw/mri_images/FLAIR/MRI00105.png,mri,DWI,FLAIR,8,7,Visually Similar,Retain - Shows Structural Variation
data/raw/mri_images/DWI/MRI00137.png,data/raw/mri_images/FLAIR/MRI00108.png,mri,DWI,FLAIR,9,2,Visually Similar,Retain - Shows Structural Variation
data/raw/mri_images/DWI/MRI00137.png,data/raw/mri_images/FLAIR/MRI00110.png,mri,DWI,FLAIR,7,5,Visually Similar,Retain - Shows Structural Variation
data/raw/mri_images/DWI/MRI00137.png,data/raw/mri_images/FLAIR/MRI00115.png,mri,DWI,FLAIR,5,2,Visually Similar,Retain - Shows Structural Variation
data/raw/mri_images/DWI/MRI00137.png,data/raw/mri_images/FLAIR/MRI00116.png,mri,DWI,FLAIR,5,4,Visually Similar,Retain - Shows Structural Variation
data/raw/mri_images/DWI/MRI00137.png,data/raw/mri_images/FLAIR/MRI00120.png,mri,DWI,FLAIR,9,4,Visually Similar,Retain - Shows Structural Variation
data/raw/mri_images/DWI/MRI00137.png,data/raw/mri_images/T2/MRI00041.png,mri,DWI,T2,10,14,Visually Similar,Retain - Shows Structural Variation
data/raw/mri_images/DWI/MRI00137.png,data/raw/mri_images/T2/MRI00056.png,mri,DWI,T2,9,12,Visually Similar,Retain - Shows Structural Variation
data/raw/mri_images/DWI/MRI00138.png,data/raw/mri_images/DWI/MRI00139.png,mri,DWI,DWI,5,8,Visually Similar,Retain - Shows Structural Variation
data/raw/mri_images/DWI/MRI00138.png,data/raw/mri_images/DWI/MRI00140.png,mri,DWI,DWI,9,9,Visually Similar,Retain - Shows Structural Variation
data/raw/mri_images/DWI/MRI00138.png,data/raw/mri_images/DWI/MRI00141.png,mri,DWI,DWI,3,7,Near Duplicate,Document & Evaluate Similarity Threshold
data/raw/mri_images/DWI/MRI00138.png,data/raw/mri_images/DWI/MRI00142.png,mri,DWI,DWI,10,4,Visually Similar,Retain - Shows Structural Variation
data/raw/mri_images/DWI/MRI00138.png,data/raw/mri_images/DWI/MRI00143.png,mri,DWI,DWI,9,9,Visually Similar,Retain - Shows Structural Variation
data/raw/mri_images/DWI/MRI00138.png,data/raw/mri_images/DWI/MRI00145.png,mri,DWI,DWI,9,5,Visually Similar,Retain - Shows Structural Variation
data/raw/mri_images/DWI/MRI00138.png,data/raw/mri_images/DWI/MRI00146.png,mri,DWI,DWI,7,7,Visually Similar,Retain - Shows Structural Variation
data/raw/mri_images/DWI/MRI00138.png,data/raw/mri_images/DWI/MRI00149.png,mri,DWI,DWI,9,6,Visually Similar,Retain - Shows Structural Variation
data/raw/mri_images/DWI/MRI00138.png,data/raw/mri_images/DWI/MRI00150.png,mri,DWI,DWI,3,6,Near Duplicate,Document & Evaluate Similarity Threshold
data/raw/mri_images/DWI/MRI00138.png,data/raw/mri_images/DWI/MRI00151.png,mri,DWI,DWI,2,5,Near Duplicate,Document & Evaluate Similarity Threshold
data/raw/mri_images/DWI/MRI00138.png,data/raw/mri_images/DWI/MRI00152.png,mri,DWI,DWI,9,7,Visually Similar,Retain - Shows Structural Variation
data/raw/mri_images/DWI/MRI00138.png,data/raw/mri_images/DWI/MRI00155.png,mri,DWI,DWI,2,10,Near Duplicate,Document & Evaluate Similarity Threshold
data/raw/mri_images/DWI/MRI00138.png,data/raw/mri_images/DWI/MRI00157.png,mri,DWI,DWI,2,7,Near Duplicate,Document & Evaluate Similarity Threshold
data/raw/mri_images/DWI/MRI00138.png,data/raw/mri_images/DWI/MRI00158.png,mri,DWI,DWI,10,6,Visually Similar,Retain - Shows Structural Variation
data/raw/mri_images/DWI/MRI00138.png,data/raw/mri_images/DWI/MRI00160.png,mri,DWI,DWI,7,3,Visually Similar,Retain - Shows Structural Variation
data/raw/mri_images/DWI/MRI00138.png,data/raw/mri_images/FLAIR/MRI00081.png,mri,DWI,FLAIR,9,9,Visually Similar,Retain - Shows Structural Variation
data/raw/mri_images/DWI/MRI00138.png,data/raw/mri_images/FLAIR/MRI00082.png,mri,DWI,FLAIR,10,8,Visually Similar,Retain - Shows Structural Variation
data/raw/mri_images/DWI/MRI00138.png,data/raw/mri_images/FLAIR/MRI00084.png,mri,DWI,FLAIR,7,8,Visually Similar,Retain - Shows Structural Variation
data/raw/mri_images/DWI/MRI00138.png,data/raw/mri_images/FLAIR/MRI00086.png,mri,DWI,FLAIR,9,6,Visually Similar,Retain - Shows Structural Variation
data/raw/mri_images/DWI/MRI00138.png,data/raw/mri_images/FLAIR/MRI00089.png,mri,DWI,FLAIR,2,7,Near Duplicate,Document & Evaluate Similarity Threshold
data/raw/mri_images/DWI/MRI00138.png,data/raw/mri_images/FLAIR/MRI00090.png,mri,DWI,FLAIR,9,8,Visually Similar,Retain - Shows Structural Variation
data/raw/mri_images/DWI/MRI00138.png,data/raw/mri_images/FLAIR/MRI00092.png,mri,DWI,FLAIR,7,8,Visually Similar,Retain - Shows Structural Variation
data/raw/mri_images/DWI/MRI00138.png,data/raw/mri_images/FLAIR/MRI00096.png,mri,DWI,FLAIR,7,6,Visually Similar,Retain - Shows Structural Variation
data/raw/mri_images/DWI/MRI00138.png,data/raw/mri_images/FLAIR/MRI00098.png,mri,DWI,FLAIR,8,10,Visually Similar,Retain - Shows Structural Variation
data/raw/mri_images/DWI/MRI00138.png,data/raw/mri_images/FLAIR/MRI00100.png,mri,DWI,FLAIR,7,5,Visually Similar,Retain - Shows Structural Variation
data/raw/mri_images/DWI/MRI00138.png,data/raw/mri_images/FLAIR/MRI00101.png,mri,DWI,FLAIR,9,9,Visually Similar,Retain - Shows Structural Variation
data/raw/mri_images/DWI/MRI00138.png,data/raw/mri_images/FLAIR/MRI00105.png,mri,DWI,FLAIR,3,6,Near Duplicate,Document & Evaluate Similarity Threshold
data/raw/mri_images/DWI/MRI00138.png,data/raw/mri_images/FLAIR/MRI00109.png,mri,DWI,FLAIR,8,11,Visually Similar,Retain - Shows Structural Variation
data/raw/mri_images/DWI/MRI00138.png,data/raw/mri_images/FLAIR/MRI00115.png,mri,DWI,FLAIR,10,9,Visually Similar,Retain - Shows Structural Variation
data/raw/mri_images/DWI/MRI00138.png,data/raw/mri_images/FLAIR/MRI00116.png,mri,DWI,FLAIR,2,9,Near Duplicate,Document & Evaluate Similarity Threshold
data/raw/mri_images/DWI/MRI00138.png,data/raw/mri_images/FLAIR/MRI00118.png,mri,DWI,FLAIR,10,9,Visually Similar,Retain - Shows Structural Variation
data/raw/mri_images/DWI/MRI00138.png,data/raw/mri_images/T2/MRI00041.png,mri,DWI,T2,7,11,Visually Similar,Retain - Shows Structural Variation
data/raw/mri_images/DWI/MRI00138.png,data/raw/mri_images/T2/MRI00078.png,mri,DWI,T2,10,11,Visually Similar,Retain - Shows Structural Variation
data/raw/mri_images/DWI/MRI00139.png,data/raw/mri_images/DWI/MRI00140.png,mri,DWI,DWI,10,7,Visually Similar,Retain - Shows Structural Variation
data/raw/mri_images/DWI/MRI00139.png,data/raw/mri_images/DWI/MRI00141.png,mri,DWI,DWI,6,7,Visually Similar,Retain - Shows Structural Variation
data/raw/mri_images/DWI/MRI00139.png,data/raw/mri_images/DWI/MRI00142.png,mri,DWI,DWI,9,6,Visually Similar,Retain - Shows Structural Variation
data/raw/mri_images/DWI/MRI00139.png,data/raw/mri_images/DWI/MRI00143.png,mri,DWI,DWI,10,7,Visually Similar,Retain - Shows Structural Variation
data/raw/mri_images/DWI/MRI00139.png,data/raw/mri_images/DWI/MRI00145.png,mri,DWI,DWI,10,9,Visually Similar,Retain - Shows Structural Variation
data/raw/mri_images/DWI/MRI00139.png,data/raw/mri_images/DWI/MRI00146.png,mri,DWI,DWI,8,3,Visually Similar,Retain - Shows Structural Variation
data/raw/mri_images/DWI/MRI00139.png,data/raw/mri_images/DWI/MRI00149.png,mri,DWI,DWI,8,6,Visually Similar,Retain - Shows Structural Variation
data/raw/mri_images/DWI/MRI00139.png,data/raw/mri_images/DWI/MRI00150.png,mri,DWI,DWI,2,6,Near Duplicate,Document & Evaluate Similarity Threshold
data/raw/mri_images/DWI/MRI00139.png,data/raw/mri_images/DWI/MRI00151.png,mri,DWI,DWI,3,5,Near Duplicate,Document & Evaluate Similarity Threshold
data/raw/mri_images/DWI/MRI00139.png,data/raw/mri_images/DWI/MRI00152.png,mri,DWI,DWI,10,7,Visually Similar,Retain - Shows Structural Variation
data/raw/mri_images/DWI/MRI00139.png,data/raw/mri_images/DWI/MRI00155.png,mri,DWI,DWI,3,4,Near Duplicate,Document & Evaluate Similarity Threshold
data/raw/mri_images/DWI/MRI00139.png,data/raw/mri_images/DWI/MRI00157.png,mri,DWI,DWI,3,5,Near Duplicate,Document & Evaluate Similarity Threshold
data/raw/mri_images/DWI/MRI00139.png,data/raw/mri_images/DWI/MRI00160.png,mri,DWI,DWI,8,5,Visually Similar,Retain - Shows Structural Variation
data/raw/mri_images/DWI/MRI00139.png,data/raw/mri_images/FLAIR/MRI00081.png,mri,DWI,FLAIR,10,7,Visually Similar,Retain - Shows Structural Variation
data/raw/mri_images/DWI/MRI00139.png,data/raw/mri_images/FLAIR/MRI00082.png,mri,DWI,FLAIR,9,6,Visually Similar,Retain - Shows Structural Variation
data/raw/mri_images/DWI/MRI00139.png,data/raw/mri_images/FLAIR/MRI00084.png,mri,DWI,FLAIR,8,6,Visually Similar,Retain - Shows Structural Variation
data/raw/mri_images/DWI/MRI00139.png,data/raw/mri_images/FLAIR/MRI00089.png,mri,DWI,FLAIR,3,5,Near Duplicate,Document & Evaluate Similarity Threshold
data/raw/mri_images/DWI/MRI00139.png,data/raw/mri_images/FLAIR/MRI00090.png,mri,DWI,FLAIR,10,8,Visually Similar,Retain - Shows Structural Variation
data/raw/mri_images/DWI/MRI00139.png,data/raw/mri_images/FLAIR/MRI00092.png,mri,DWI,FLAIR,8,6,Visually Similar,Retain - Shows Structural Variation
data/raw/mri_images/DWI/MRI00139.png,data/raw/mri_images/FLAIR/MRI00096.png,mri,DWI,FLAIR,8,8,Visually Similar,Retain - Shows Structural Variation
data/raw/mri_images/DWI/MRI00139.png,data/raw/mri_images/FLAIR/MRI00097.png,mri,DWI,FLAIR,10,6,Visually Similar,Retain - Shows Structural Variation
data/raw/mri_images/DWI/MRI00139.png,data/raw/mri_images/FLAIR/MRI00098.png,mri,DWI,FLAIR,9,4,Visually Similar,Retain - Shows Structural Variation
data/raw/mri_images/DWI/MRI00139.png,data/raw/mri_images/FLAIR/MRI00100.png,mri,DWI,FLAIR,8,7,Visually Similar,Retain - Shows Structural Variation
data/raw/mri_images/DWI/MRI00139.png,data/raw/mri_images/FLAIR/MRI00101.png,mri,DWI,FLAIR,8,7,Visually Similar,Retain - Shows Structural Variation
data/raw/mri_images/DWI/MRI00139.png,data/raw/mri_images/FLAIR/MRI00105.png,mri,DWI,FLAIR,6,6,Visually Similar,Retain - Shows Structural Variation
data/raw/mri_images/DWI/MRI00139.png,data/raw/mri_images/FLAIR/MRI00106.png,mri,DWI,FLAIR,10,5,Visually Similar,Retain - Shows Structural Variation
data/raw/mri_images/DWI/MRI00139.png,data/raw/mri_images/FLAIR/MRI00109.png,mri,DWI,FLAIR,9,3,Visually Similar,Retain - Shows Structural Variation
data/raw/mri_images/DWI/MRI00139.png,data/raw/mri_images/FLAIR/MRI00116.png,mri,DWI,FLAIR,3,3,Near Duplicate,Document & Evaluate Similarity Threshold
data/raw/mri_images/DWI/MRI00139.png,data/raw/mri_images/T2/MRI00041.png,mri,DWI,T2,10,15,Visually Similar,Retain - Shows Structural Variation
data/raw/mri_images/DWI/MRI00139.png,data/raw/mri_images/T2/MRI00073.png,mri,DWI,T2,10,14,Visually Similar,Retain - Shows Structural Variation
data/raw/mri_images/DWI/MRI00140.png,data/raw/mri_images/DWI/MRI00143.png,mri,DWI,DWI,0,2,Exact Duplicate,Keep Representative / Purge Duplicate
data/raw/mri_images/DWI/MRI00140.png,data/raw/mri_images/DWI/MRI00144.png,mri,DWI,DWI,8,7,Visually Similar,Retain - Shows Structural Variation
data/raw/mri_images/DWI/MRI00140.png,data/raw/mri_images/DWI/MRI00145.png,mri,DWI,DWI,0,4,Exact Duplicate,Keep Representative / Purge Duplicate
data/raw/mri_images/DWI/MRI00140.png,data/raw/mri_images/DWI/MRI00148.png,mri,DWI,DWI,7,9,Visually Similar,Retain - Shows Structural Variation
data/raw/mri_images/DWI/MRI00140.png,data/raw/mri_images/DWI/MRI00150.png,mri,DWI,DWI,10,11,Visually Similar,Retain - Shows Structural Variation
data/raw/mri_images/DWI/MRI00140.png,data/raw/mri_images/DWI/MRI00151.png,mri,DWI,DWI,9,8,Visually Similar,Retain - Shows Structural Variation
data/raw/mri_images/DWI/MRI00140.png,data/raw/mri_images/DWI/MRI00153.png,mri,DWI,DWI,9,8,Visually Similar,Retain - Shows Structural Variation
data/raw/mri_images/DWI/MRI00140.png,data/raw/mri_images/DWI/MRI00154.png,mri,DWI,DWI,9,7,Visually Similar,Retain - Shows Structural Variation
data/raw/mri_images/DWI/MRI00140.png,data/raw/mri_images/DWI/MRI00155.png,mri,DWI,DWI,7,11,Visually Similar,Retain - Shows Structural Variation
data/raw/mri_images/DWI/MRI00140.png,data/raw/mri_images/DWI/MRI00156.png,mri,DWI,DWI,9,7,Visually Similar,Retain - Shows Structural Variation
data/raw/mri_images/DWI/MRI00140.png,data/raw/mri_images/DWI/MRI00157.png,mri,DWI,DWI,9,10,Visually Similar,Retain - Shows Structural Variation
data/raw/mri_images/DWI/MRI00140.png,data/raw/mri_images/DWI/MRI00158.png,mri,DWI,DWI,1,3,Near Duplicate,Document & Evaluate Similarity Threshold
data/raw/mri_images/DWI/MRI00140.png,data/raw/mri_images/FLAIR/MRI00081.png,mri,DWI,FLAIR,0,4,Exact Duplicate,Keep Representative / Purge Duplicate
data/raw/mri_images/DWI/MRI00140.png,data/raw/mri_images/FLAIR/MRI00085.png,mri,DWI,FLAIR,10,6,Visually Similar,Retain - Shows Structural Variation
data/raw/mri_images/DWI/MRI00140.png,data/raw/mri_images/FLAIR/MRI00086.png,mri,DWI,FLAIR,8,11,Visually Similar,Retain - Shows Structural Variation
data/raw/mri_images/DWI/MRI00140.png,data/raw/mri_images/FLAIR/MRI00089.png,mri,DWI,FLAIR,9,10,Visually Similar,Retain - Shows Structural Variation
data/raw/mri_images/DWI/MRI00140.png,data/raw/mri_images/FLAIR/MRI00090.png,mri,DWI,FLAIR,0,5,Exact Duplicate,Keep Representative / Purge Duplicate
data/raw/mri_images/DWI/MRI00140.png,data/raw/mri_images/FLAIR/MRI00093.png,mri,DWI,FLAIR,8,10,Visually Similar,Retain - Shows Structural Variation
data/raw/mri_images/DWI/MRI00140.png,data/raw/mri_images/FLAIR/MRI00094.png,mri,DWI,FLAIR,9,3,Visually Similar,Retain - Shows Structural Variation
data/raw/mri_images/DWI/MRI00140.png,data/raw/mri_images/FLAIR/MRI00095.png,mri,DWI,FLAIR,5,6,Visually Similar,Retain - Shows Structural Variation
data/raw/mri_images/DWI/MRI00140.png,data/raw/mri_images/FLAIR/MRI00097.png,mri,DWI,FLAIR,2,3,Near Duplicate,Document & Evaluate Similarity Threshold
data/raw/mri_images/DWI/MRI00140.png,data/raw/mri_images/FLAIR/MRI00098.png,mri,DWI,FLAIR,7,5,Visually Similar,Retain - Shows Structural Variation
data/raw/mri_images/DWI/MRI00140.png,data/raw/mri_images/FLAIR/MRI00099.png,mri,DWI,FLAIR,9,2,Visually Similar,Retain - Shows Structural Variation
data/raw/mri_images/DWI/MRI00140.png,data/raw/mri_images/FLAIR/MRI00101.png,mri,DWI,FLAIR,2,8,Near Duplicate,Document & Evaluate Similarity Threshold
data/raw/mri_images/DWI/MRI00140.png,data/raw/mri_images/FLAIR/MRI00104.png,mri,DWI,FLAIR,9,2,Visually Similar,Retain - Shows Structural Variation
data/raw/mri_images/DWI/MRI00140.png,data/raw/mri_images/FLAIR/MRI00105.png,mri,DWI,FLAIR,10,13,Visually Similar,Retain - Shows Structural Variation
data/raw/mri_images/DWI/MRI00140.png,data/raw/mri_images/FLAIR/MRI00106.png,mri,DWI,FLAIR,6,8,Visually Similar,Retain - Shows Structural Variation
data/raw/mri_images/DWI/MRI00140.png,data/raw/mri_images/FLAIR/MRI00108.png,mri,DWI,FLAIR,9,8,Visually Similar,Retain - Shows Structural Variation
data/raw/mri_images/DWI/MRI00140.png,data/raw/mri_images/FLAIR/MRI00109.png,mri,DWI,FLAIR,1,6,Near Duplicate,Document & Evaluate Similarity Threshold
data/raw/mri_images/DWI/MRI00140.png,data/raw/mri_images/FLAIR/MRI00110.png,mri,DWI,FLAIR,7,5,Visually Similar,Retain - Shows Structural Variation
data/raw/mri_images/DWI/MRI00140.png,data/raw/mri_images/FLAIR/MRI00116.png,mri,DWI,FLAIR,9,8,Visually Similar,Retain - Shows Structural Variation
data/raw/mri_images/DWI/MRI00140.png,data/raw/mri_images/FLAIR/MRI00118.png,mri,DWI,FLAIR,9,10,Visually Similar,Retain - Shows Structural Variation
data/raw/mri_images/DWI/MRI00140.png,data/raw/mri_images/FLAIR/MRI00120.png,mri,DWI,FLAIR,5,6,Visually Similar,Retain - Shows Structural Variation
data/raw/mri_images/DWI/MRI00140.png,data/raw/mri_images/T2/MRI00041.png,mri,DWI,T2,10,12,Visually Similar,Retain - Shows Structural Variation
data/raw/mri_images/DWI/MRI00140.png,data/raw/mri_images/T2/MRI00045.png,mri,DWI,T2,9,12,Visually Similar,Retain - Shows Structural Variation
data/raw/mri_images/DWI/MRI00140.png,data/raw/mri_images/T2/MRI00052.png,mri,DWI,T2,8,13,Visually Similar,Retain - Shows Structural Variation
data/raw/mri_images/DWI/MRI00140.png,data/raw/mri_images/T2/MRI00058.png,mri,DWI,T2,10,15,Visually Similar,Retain - Shows Structural Variation
data/raw/mri_images/DWI/MRI00140.png,data/raw/mri_images/T2/MRI00063.png,mri,DWI,T2,8,13,Visually Similar,Retain - Shows Structural Variation
data/raw/mri_images/DWI/MRI00140.png,data/raw/mri_images/T2/MRI00072.png,mri,DWI,T2,10,10,Visually Similar,Retain - Shows Structural Variation
data/raw/mri_images/DWI/MRI00140.png,data/raw/mri_images/T2/MRI00075.png,mri,DWI,T2,10,9,Visually Similar,Retain - Shows Structural Variation
data/raw/mri_images/DWI/MRI00141.png,data/raw/mri_images/DWI/MRI00146.png,mri,DWI,DWI,8,8,Visually Similar,Retain - Shows Structural Variation
data/raw/mri_images/DWI/MRI00141.png,data/raw/mri_images/DWI/MRI00149.png,mri,DWI,DWI,10,9,Visually Similar,Retain - Shows Structural Variation
data/raw/mri_images/DWI/MRI00141.png,data/raw/mri_images/DWI/MRI00150.png,mri,DWI,DWI,4,3,Near Duplicate,Document & Evaluate Similarity Threshold
data/raw/mri_images/DWI/MRI00141.png,data/raw/mri_images/DWI/MRI00151.png,mri,DWI,DWI,3,6,Near Duplicate,Document & Evaluate Similarity Threshold
data/raw/mri_images/DWI/MRI00141.png,data/raw/mri_images/DWI/MRI00152.png,mri,DWI,DWI,10,8,Visually Similar,Retain - Shows Structural Variation
data/raw/mri_images/DWI/MRI00141.png,data/raw/mri_images/DWI/MRI00155.png,mri,DWI,DWI,5,5,Visually Similar,Retain - Shows Structural Variation
data/raw/mri_images/DWI/MRI00141.png,data/raw/mri_images/DWI/MRI00157.png,mri,DWI,DWI,3,6,Near Duplicate,Document & Evaluate Similarity Threshold
data/raw/mri_images/DWI/MRI00141.png,data/raw/mri_images/DWI/MRI00160.png,mri,DWI,DWI,8,4,Visually Similar,Retain - Shows Structural Variation
data/raw/mri_images/DWI/MRI00141.png,data/raw/mri_images/FLAIR/MRI00084.png,mri,DWI,FLAIR,8,7,Visually Similar,Retain - Shows Structural Variation
data/raw/mri_images/DWI/MRI00141.png,data/raw/mri_images/FLAIR/MRI00086.png,mri,DWI,FLAIR,8,3,Visually Similar,Retain - Shows Structural Variation
data/raw/mri_images/DWI/MRI00141.png,data/raw/mri_images/FLAIR/MRI00089.png,mri,DWI,FLAIR,3,4,Near Duplicate,Document & Evaluate Similarity Threshold
data/raw/mri_images/DWI/MRI00141.png,data/raw/mri_images/FLAIR/MRI00091.png,mri,DWI,FLAIR,10,7,Visually Similar,Retain - Shows Structural Variation
data/raw/mri_images/DWI/MRI00141.png,data/raw/mri_images/FLAIR/MRI00092.png,mri,DWI,FLAIR,8,7,Visually Similar,Retain - Shows Structural Variation
data/raw/mri_images/DWI/MRI00141.png,data/raw/mri_images/FLAIR/MRI00093.png,mri,DWI,FLAIR,10,6,Visually Similar,Retain - Shows Structural Variation
data/raw/mri_images/DWI/MRI00141.png,data/raw/mri_images/FLAIR/MRI00096.png,mri,DWI,FLAIR,8,7,Visually Similar,Retain - Shows Structural Variation
data/raw/mri_images/DWI/MRI00141.png,data/raw/mri_images/FLAIR/MRI00098.png,mri,DWI,FLAIR,9,7,Visually Similar,Retain - Shows Structural Variation
data/raw/mri_images/DWI/MRI00141.png,data/raw/mri_images/FLAIR/MRI00100.png,mri,DWI,FLAIR,6,8,Visually Similar,Retain - Shows Structural Variation
data/raw/mri_images/DWI/MRI00141.png,data/raw/mri_images/FLAIR/MRI00101.png,mri,DWI,FLAIR,10,6,Visually Similar,Retain - Shows Structural Variation
data/raw/mri_images/DWI/MRI00141.png,data/raw/mri_images/FLAIR/MRI00105.png,mri,DWI,FLAIR,2,3,Near Duplicate,Document & Evaluate Similarity Threshold
data/raw/mri_images/DWI/MRI00141.png,data/raw/mri_images/FLAIR/MRI00116.png,mri,DWI,FLAIR,3,6,Near Duplicate,Document & Evaluate Similarity Threshold
data/raw/mri_images/DWI/MRI00141.png,data/raw/mri_images/FLAIR/MRI00118.png,mri,DWI,FLAIR,9,4,Visually Similar,Retain - Shows Structural Variation
data/raw/mri_images/DWI/MRI00141.png,data/raw/mri_images/T2/MRI00041.png,mri,DWI,T2,8,16,Visually Similar,Retain - Shows Structural Variation
data/raw/mri_images/DWI/MRI00141.png,data/raw/mri_images/T2/MRI00046.png,mri,DWI,T2,10,14,Visually Similar,Retain - Shows Structural Variation
data/raw/mri_images/DWI/MRI00141.png,data/raw/mri_images/T2/MRI00077.png,mri,DWI,T2,10,14,Visually Similar,Retain - Shows Structural Variation
data/raw/mri_images/DWI/MRI00142.png,data/raw/mri_images/DWI/MRI00144.png,mri,DWI,DWI,5,4,Visually Similar,Retain - Shows Structural Variation
data/raw/mri_images/DWI/MRI00142.png,data/raw/mri_images/DWI/MRI00146.png,mri,DWI,DWI,5,5,Visually Similar,Retain - Shows Structural Variation
data/raw/mri_images/DWI/MRI00142.png,data/raw/mri_images/DWI/MRI00148.png,mri,DWI,DWI,4,4,Near Duplicate,Document & Evaluate Similarity Threshold
data/raw/mri_images/DWI/MRI00142.png,data/raw/mri_images/DWI/MRI00149.png,mri,DWI,DWI,3,4,Near Duplicate,Document & Evaluate Similarity Threshold
data/raw/mri_images/DWI/MRI00142.png,data/raw/mri_images/DWI/MRI00150.png,mri,DWI,DWI,9,6,Visually Similar,Retain - Shows Structural Variation
data/raw/mri_images/DWI/MRI00142.png,data/raw/mri_images/DWI/MRI00151.png,mri,DWI,DWI,8,3,Visually Similar,Retain - Shows Structural Variation
data/raw/mri_images/DWI/MRI00142.png,data/raw/mri_images/DWI/MRI00152.png,mri,DWI,DWI,5,5,Visually Similar,Retain - Shows Structural Variation
data/raw/mri_images/DWI/MRI00142.png,data/raw/mri_images/DWI/MRI00153.png,mri,DWI,DWI,4,3,Near Duplicate,Document & Evaluate Similarity Threshold
data/raw/mri_images/DWI/MRI00142.png,data/raw/mri_images/DWI/MRI00154.png,mri,DWI,DWI,6,8,Visually Similar,Retain - Shows Structural Variation
data/raw/mri_images/DWI/MRI00142.png,data/raw/mri_images/DWI/MRI00155.png,mri,DWI,DWI,8,6,Visually Similar,Retain - Shows Structural Variation
data/raw/mri_images/DWI/MRI00142.png,data/raw/mri_images/DWI/MRI00156.png,mri,DWI,DWI,6,2,Visually Similar,Retain - Shows Structural Variation
data/raw/mri_images/DWI/MRI00142.png,data/raw/mri_images/DWI/MRI00157.png,mri,DWI,DWI,8,3,Visually Similar,Retain - Shows Structural Variation
data/raw/mri_images/DWI/MRI00142.png,data/raw/mri_images/DWI/MRI00160.png,mri,DWI,DWI,5,5,Visually Similar,Retain - Shows Structural Variation
data/raw/mri_images/DWI/MRI00142.png,data/raw/mri_images/FLAIR/MRI00082.png,mri,DWI,FLAIR,2,4,Near Duplicate,Document & Evaluate Similarity Threshold
data/raw/mri_images/DWI/MRI00142.png,data/raw/mri_images/FLAIR/MRI00084.png,mri,DWI,FLAIR,5,4,Visually Similar,Retain - Shows Structural Variation
data/raw/mri_images/DWI/MRI00142.png,data/raw/mri_images/FLAIR/MRI00085.png,mri,DWI,FLAIR,7,7,Visually Similar,Retain - Shows Structural Variation
data/raw/mri_images/DWI/MRI00142.png,data/raw/mri_images/FLAIR/MRI00086.png,mri,DWI,FLAIR,9,8,Visually Similar,Retain - Shows Structural Variation
data/raw/mri_images/DWI/MRI00142.png,data/raw/mri_images/FLAIR/MRI00089.png,mri,DWI,FLAIR,8,5,Visually Similar,Retain - Shows Structural Variation
data/raw/mri_images/DWI/MRI00142.png,data/raw/mri_images/FLAIR/MRI00092.png,mri,DWI,FLAIR,5,4,Visually Similar,Retain - Shows Structural Variation
data/raw/mri_images/DWI/MRI00142.png,data/raw/mri_images/FLAIR/MRI00093.png,mri,DWI,FLAIR,9,11,Visually Similar,Retain - Shows Structural Variation
data/raw/mri_images/DWI/MRI00142.png,data/raw/mri_images/FLAIR/MRI00094.png,mri,DWI,FLAIR,6,6,Visually Similar,Retain - Shows Structural Variation
data/raw/mri_images/DWI/MRI00142.png,data/raw/mri_images/FLAIR/MRI00095.png,mri,DWI,FLAIR,6,5,Visually Similar,Retain - Shows Structural Variation
data/raw/mri_images/DWI/MRI00142.png,data/raw/mri_images/FLAIR/MRI00096.png,mri,DWI,FLAIR,5,8,Visually Similar,Retain - Shows Structural Variation
data/raw/mri_images/DWI/MRI00142.png,data/raw/mri_images/FLAIR/MRI00100.png,mri,DWI,FLAIR,7,7,Visually Similar,Retain - Shows Structural Variation
data/raw/mri_images/DWI/MRI00142.png,data/raw/mri_images/FLAIR/MRI00101.png,mri,DWI,FLAIR,9,7,Visually Similar,Retain - Shows Structural Variation
data/raw/mri_images/DWI/MRI00142.png,data/raw/mri_images/FLAIR/MRI00102.png,mri,DWI,FLAIR,10,4,Visually Similar,Retain - Shows Structural Variation
data/raw/mri_images/DWI/MRI00142.png,data/raw/mri_images/FLAIR/MRI00103.png,mri,DWI,FLAIR,10,9,Visually Similar,Retain - Shows Structural Variation
data/raw/mri_images/DWI/MRI00142.png,data/raw/mri_images/FLAIR/MRI00106.png,mri,DWI,FLAIR,9,5,Visually Similar,Retain - Shows Structural Variation
data/raw/mri_images/DWI/MRI00142.png,data/raw/mri_images/FLAIR/MRI00108.png,mri,DWI,FLAIR,4,7,Near Duplicate,Document & Evaluate Similarity Threshold
data/raw/mri_images/DWI/MRI00142.png,data/raw/mri_images/FLAIR/MRI00110.png,mri,DWI,FLAIR,4,6,Near Duplicate,Document & Evaluate Similarity Threshold
data/raw/mri_images/DWI/MRI00142.png,data/raw/mri_images/FLAIR/MRI00115.png,mri,DWI,FLAIR,2,5,Near Duplicate,Document & Evaluate Similarity Threshold
data/raw/mri_images/DWI/MRI00142.png,data/raw/mri_images/FLAIR/MRI00116.png,mri,DWI,FLAIR,8,7,Visually Similar,Retain - Shows Structural Variation
data/raw/mri_images/DWI/MRI00142.png,data/raw/mri_images/FLAIR/MRI00118.png,mri,DWI,FLAIR,10,9,Visually Similar,Retain - Shows Structural Variation
data/raw/mri_images/DWI/MRI00142.png,data/raw/mri_images/FLAIR/MRI00120.png,mri,DWI,FLAIR,6,5,Visually Similar,Retain - Shows Structural Variation
data/raw/mri_images/DWI/MRI00142.png,data/raw/mri_images/T2/MRI00043.png,mri,DWI,T2,9,12,Visually Similar,Retain - Shows Structural Variation
data/raw/mri_images/DWI/MRI00142.png,data/raw/mri_images/T2/MRI00045.png,mri,DWI,T2,10,9,Visually Similar,Retain - Shows Structural Variation
data/raw/mri_images/DWI/MRI00142.png,data/raw/mri_images/T2/MRI00056.png,mri,DWI,T2,6,9,Visually Similar,Retain - Shows Structural Variation
data/raw/mri_images/DWI/MRI00142.png,data/raw/mri_images/T2/MRI00065.png,mri,DWI,T2,9,11,Visually Similar,Retain - Shows Structural Variation
data/raw/mri_images/DWI/MRI00142.png,data/raw/mri_images/T2/MRI00067.png,mri,DWI,T2,10,13,Visually Similar,Retain - Shows Structural Variation
data/raw/mri_images/DWI/MRI00142.png,data/raw/mri_images/T2/MRI00073.png,mri,DWI,T2,9,12,Visually Similar,Retain - Shows Structural Variation
data/raw/mri_images/DWI/MRI00142.png,data/raw/mri_images/T2/MRI00078.png,mri,DWI,T2,8,11,Visually Similar,Retain - Shows Structural Variation
data/raw/mri_images/DWI/MRI00143.png,data/raw/mri_images/DWI/MRI00144.png,mri,DWI,DWI,8,7,Visually Similar,Retain - Shows Structural Variation
data/raw/mri_images/DWI/MRI00143.png,data/raw/mri_images/DWI/MRI00145.png,mri,DWI,DWI,0,4,Exact Duplicate,Keep Representative / Purge Duplicate
data/raw/mri_images/DWI/MRI00143.png,data/raw/mri_images/DWI/MRI00148.png,mri,DWI,DWI,7,9,Visually Similar,Retain - Shows Structural Variation
data/raw/mri_images/DWI/MRI00143.png,data/raw/mri_images/DWI/MRI00150.png,mri,DWI,DWI,10,9,Visually Similar,Retain - Shows Structural Variation
data/raw/mri_images/DWI/MRI00143.png,data/raw/mri_images/DWI/MRI00151.png,mri,DWI,DWI,9,6,Visually Similar,Retain - Shows Structural Variation
data/raw/mri_images/DWI/MRI00143.png,data/raw/mri_images/DWI/MRI00153.png,mri,DWI,DWI,9,8,Visually Similar,Retain - Shows Structural Variation
data/raw/mri_images/DWI/MRI00143.png,data/raw/mri_images/DWI/MRI00154.png,mri,DWI,DWI,9,7,Visually Similar,Retain - Shows Structural Variation
data/raw/mri_images/DWI/MRI00143.png,data/raw/mri_images/DWI/MRI00155.png,mri,DWI,DWI,7,9,Visually Similar,Retain - Shows Structural Variation
data/raw/mri_images/DWI/MRI00143.png,data/raw/mri_images/DWI/MRI00156.png,mri,DWI,DWI,9,7,Visually Similar,Retain - Shows Structural Variation
data/raw/mri_images/DWI/MRI00143.png,data/raw/mri_images/DWI/MRI00157.png,mri,DWI,DWI,9,8,Visually Similar,Retain - Shows Structural Variation
data/raw/mri_images/DWI/MRI00143.png,data/raw/mri_images/DWI/MRI00158.png,mri,DWI,DWI,1,3,Near Duplicate,Document & Evaluate Similarity Threshold
data/raw/mri_images/DWI/MRI00143.png,data/raw/mri_images/FLAIR/MRI00081.png,mri,DWI,FLAIR,0,2,Exact Duplicate,Keep Representative / Purge Duplicate
data/raw/mri_images/DWI/MRI00143.png,data/raw/mri_images/FLAIR/MRI00085.png,mri,DWI,FLAIR,10,4,Visually Similar,Retain - Shows Structural Variation
data/raw/mri_images/DWI/MRI00143.png,data/raw/mri_images/FLAIR/MRI00086.png,mri,DWI,FLAIR,8,9,Visually Similar,Retain - Shows Structural Variation
data/raw/mri_images/DWI/MRI00143.png,data/raw/mri_images/FLAIR/MRI00089.png,mri,DWI,FLAIR,9,8,Visually Similar,Retain - Shows Structural Variation
data/raw/mri_images/DWI/MRI00143.png,data/raw/mri_images/FLAIR/MRI00090.png,mri,DWI,FLAIR,0,3,Exact Duplicate,Keep Representative / Purge Duplicate
data/raw/mri_images/DWI/MRI00143.png,data/raw/mri_images/FLAIR/MRI00093.png,mri,DWI,FLAIR,8,8,Visually Similar,Retain - Shows Structural Variation
data/raw/mri_images/DWI/MRI00143.png,data/raw/mri_images/FLAIR/MRI00094.png,mri,DWI,FLAIR,9,3,Visually Similar,Retain - Shows Structural Variation
data/raw/mri_images/DWI/MRI00143.png,data/raw/mri_images/FLAIR/MRI00095.png,mri,DWI,FLAIR,5,4,Visually Similar,Retain - Shows Structural Variation
data/raw/mri_images/DWI/MRI00143.png,data/raw/mri_images/FLAIR/MRI00097.png,mri,DWI,FLAIR,2,1,Near Duplicate,Document & Evaluate Similarity Threshold
data/raw/mri_images/DWI/MRI00143.png,data/raw/mri_images/FLAIR/MRI00098.png,mri,DWI,FLAIR,7,3,Visually Similar,Retain - Shows Structural Variation
data/raw/mri_images/DWI/MRI00143.png,data/raw/mri_images/FLAIR/MRI00099.png,mri,DWI,FLAIR,9,0,Visually Similar,Retain - Shows Structural Variation
data/raw/mri_images/DWI/MRI00143.png,data/raw/mri_images/FLAIR/MRI00101.png,mri,DWI,FLAIR,2,6,Near Duplicate,Document & Evaluate Similarity Threshold
data/raw/mri_images/DWI/MRI00143.png,data/raw/mri_images/FLAIR/MRI00104.png,mri,DWI,FLAIR,9,0,Visually Similar,Retain - Shows Structural Variation
data/raw/mri_images/DWI/MRI00143.png,data/raw/mri_images/FLAIR/MRI00105.png,mri,DWI,FLAIR,10,11,Visually Similar,Retain - Shows Structural Variation
data/raw/mri_images/DWI/MRI00143.png,data/raw/mri_images/FLAIR/MRI00106.png,mri,DWI,FLAIR,6,6,Visually Similar,Retain - Shows Structural Variation
data/raw/mri_images/DWI/MRI00143.png,data/raw/mri_images/FLAIR/MRI00108.png,mri,DWI,FLAIR,9,6,Visually Similar,Retain - Shows Structural Variation
data/raw/mri_images/DWI/MRI00143.png,data/raw/mri_images/FLAIR/MRI00109.png,mri,DWI,FLAIR,1,4,Near Duplicate,Document & Evaluate Similarity Threshold
data/raw/mri_images/DWI/MRI00143.png,data/raw/mri_images/FLAIR/MRI00110.png,mri,DWI,FLAIR,7,5,Visually Similar,Retain - Shows Structural Variation
data/raw/mri_images/DWI/MRI00143.png,data/raw/mri_images/FLAIR/MRI00116.png,mri,DWI,FLAIR,9,6,Visually Similar,Retain - Shows Structural Variation
data/raw/mri_images/DWI/MRI00143.png,data/raw/mri_images/FLAIR/MRI00118.png,mri,DWI,FLAIR,9,8,Visually Similar,Retain - Shows Structural Variation
data/raw/mri_images/DWI/MRI00143.png,data/raw/mri_images/FLAIR/MRI00120.png,mri,DWI,FLAIR,5,4,Visually Similar,Retain - Shows Structural Variation
data/raw/mri_images/DWI/MRI00143.png,data/raw/mri_images/T2/MRI00041.png,mri,DWI,T2,10,12,Visually Similar,Retain - Shows Structural Variation
data/raw/mri_images/DWI/MRI00143.png,data/raw/mri_images/T2/MRI00045.png,mri,DWI,T2,9,12,Visually Similar,Retain - Shows Structural Variation
data/raw/mri_images/DWI/MRI00143.png,data/raw/mri_images/T2/MRI00052.png,mri,DWI,T2,8,13,Visually Similar,Retain - Shows Structural Variation
data/raw/mri_images/DWI/MRI00143.png,data/raw/mri_images/T2/MRI00058.png,mri,DWI,T2,10,15,Visually Similar,Retain - Shows Structural Variation
data/raw/mri_images/DWI/MRI00143.png,data/raw/mri_images/T2/MRI00063.png,mri,DWI,T2,8,13,Visually Similar,Retain - Shows Structural Variation
data/raw/mri_images/DWI/MRI00143.png,data/raw/mri_images/T2/MRI00072.png,mri,DWI,T2,10,10,Visually Similar,Retain - Shows Structural Variation
data/raw/mri_images/DWI/MRI00143.png,data/raw/mri_images/T2/MRI00075.png,mri,DWI,T2,10,9,Visually Similar,Retain - Shows Structural Variation
data/raw/mri_images/DWI/MRI00144.png,data/raw/mri_images/DWI/MRI00145.png,mri,DWI,DWI,8,7,Visually Similar,Retain - Shows Structural Variation
data/raw/mri_images/DWI/MRI00144.png,data/raw/mri_images/DWI/MRI00146.png,mri,DWI,DWI,6,1,Visually Similar,Retain - Shows Structural Variation
data/raw/mri_images/DWI/MRI00144.png,data/raw/mri_images/DWI/MRI00148.png,mri,DWI,DWI,3,6,Near Duplicate,Document & Evaluate Similarity Threshold
data/raw/mri_images/DWI/MRI00144.png,data/raw/mri_images/DWI/MRI00149.png,mri,DWI,DWI,4,2,Near Duplicate,Document & Evaluate Similarity Threshold
data/raw/mri_images/DWI/MRI00144.png,data/raw/mri_images/DWI/MRI00152.png,mri,DWI,DWI,6,3,Visually Similar,Retain - Shows Structural Variation
data/raw/mri_images/DWI/MRI00144.png,data/raw/mri_images/DWI/MRI00153.png,mri,DWI,DWI,3,5,Near Duplicate,Document & Evaluate Similarity Threshold
data/raw/mri_images/DWI/MRI00144.png,data/raw/mri_images/DWI/MRI00154.png,mri,DWI,DWI,5,8,Visually Similar,Retain - Shows Structural Variation
data/raw/mri_images/DWI/MRI00144.png,data/raw/mri_images/DWI/MRI00156.png,mri,DWI,DWI,5,4,Visually Similar,Retain - Shows Structural Variation
data/raw/mri_images/DWI/MRI00144.png,data/raw/mri_images/DWI/MRI00158.png,mri,DWI,DWI,9,6,Visually Similar,Retain - Shows Structural Variation
data/raw/mri_images/DWI/MRI00144.png,data/raw/mri_images/DWI/MRI00160.png,mri,DWI,DWI,6,3,Visually Similar,Retain - Shows Structural Variation
data/raw/mri_images/DWI/MRI00144.png,data/raw/mri_images/FLAIR/MRI00081.png,mri,DWI,FLAIR,8,7,Visually Similar,Retain - Shows Structural Variation
data/raw/mri_images/DWI/MRI00144.png,data/raw/mri_images/FLAIR/MRI00082.png,mri,DWI,FLAIR,7,2,Visually Similar,Retain - Shows Structural Variation
data/raw/mri_images/DWI/MRI00144.png,data/raw/mri_images/FLAIR/MRI00083.png,mri,DWI,FLAIR,10,7,Visually Similar,Retain - Shows Structural Variation
data/raw/mri_images/DWI/MRI00144.png,data/raw/mri_images/FLAIR/MRI00084.png,mri,DWI,FLAIR,8,2,Visually Similar,Retain - Shows Structural Variation
data/raw/mri_images/DWI/MRI00144.png,data/raw/mri_images/FLAIR/MRI00085.png,mri,DWI,FLAIR,6,5,Visually Similar,Retain - Shows Structural Variation
data/raw/mri_images/DWI/MRI00144.png,data/raw/mri_images/FLAIR/MRI00086.png,mri,DWI,FLAIR,8,4,Visually Similar,Retain - Shows Structural Variation
data/raw/mri_images/DWI/MRI00144.png,data/raw/mri_images/FLAIR/MRI00090.png,mri,DWI,FLAIR,8,6,Visually Similar,Retain - Shows Structural Variation
data/raw/mri_images/DWI/MRI00144.png,data/raw/mri_images/FLAIR/MRI00092.png,mri,DWI,FLAIR,6,2,Visually Similar,Retain - Shows Structural Variation
data/raw/mri_images/DWI/MRI00144.png,data/raw/mri_images/FLAIR/MRI00093.png,mri,DWI,FLAIR,8,7,Visually Similar,Retain - Shows Structural Variation
data/raw/mri_images/DWI/MRI00144.png,data/raw/mri_images/FLAIR/MRI00094.png,mri,DWI,FLAIR,5,4,Visually Similar,Retain - Shows Structural Variation
data/raw/mri_images/DWI/MRI00144.png,data/raw/mri_images/FLAIR/MRI00095.png,mri,DWI,FLAIR,5,5,Visually Similar,Retain - Shows Structural Variation
data/raw/mri_images/DWI/MRI00144.png,data/raw/mri_images/FLAIR/MRI00096.png,mri,DWI,FLAIR,6,4,Visually Similar,Retain - Shows Structural Variation
data/raw/mri_images/DWI/MRI00144.png,data/raw/mri_images/FLAIR/MRI00097.png,mri,DWI,FLAIR,8,6,Visually Similar,Retain - Shows Structural Variation
data/raw/mri_images/DWI/MRI00144.png,data/raw/mri_images/FLAIR/MRI00100.png,mri,DWI,FLAIR,8,3,Visually Similar,Retain - Shows Structural Variation
data/raw/mri_images/DWI/MRI00144.png,data/raw/mri_images/FLAIR/MRI00101.png,mri,DWI,FLAIR,8,5,Visually Similar,Retain - Shows Structural Variation
data/raw/mri_images/DWI/MRI00144.png,data/raw/mri_images/FLAIR/MRI00102.png,mri,DWI,FLAIR,9,4,Visually Similar,Retain - Shows Structural Variation
data/raw/mri_images/DWI/MRI00144.png,data/raw/mri_images/FLAIR/MRI00103.png,mri,DWI,FLAIR,9,7,Visually Similar,Retain - Shows Structural Variation
data/raw/mri_images/DWI/MRI00144.png,data/raw/mri_images/FLAIR/MRI00106.png,mri,DWI,FLAIR,8,3,Visually Similar,Retain - Shows Structural Variation
data/raw/mri_images/DWI/MRI00144.png,data/raw/mri_images/FLAIR/MRI00108.png,mri,DWI,FLAIR,3,3,Near Duplicate,Document & Evaluate Similarity Threshold
data/raw/mri_images/DWI/MRI00144.png,data/raw/mri_images/FLAIR/MRI00109.png,mri,DWI,FLAIR,7,5,Visually Similar,Retain - Shows Structural Variation
data/raw/mri_images/DWI/MRI00144.png,data/raw/mri_images/FLAIR/MRI00110.png,mri,DWI,FLAIR,3,4,Near Duplicate,Document & Evaluate Similarity Threshold
data/raw/mri_images/DWI/MRI00144.png,data/raw/mri_images/FLAIR/MRI00115.png,mri,DWI,FLAIR,7,3,Visually Similar,Retain - Shows Structural Variation
data/raw/mri_images/DWI/MRI00144.png,data/raw/mri_images/FLAIR/MRI00118.png,mri,DWI,FLAIR,9,5,Visually Similar,Retain - Shows Structural Variation
data/raw/mri_images/DWI/MRI00144.png,data/raw/mri_images/FLAIR/MRI00120.png,mri,DWI,FLAIR,5,5,Visually Similar,Retain - Shows Structural Variation
data/raw/mri_images/DWI/MRI00144.png,data/raw/mri_images/T2/MRI00043.png,mri,DWI,T2,10,14,Visually Similar,Retain - Shows Structural Variation
data/raw/mri_images/DWI/MRI00144.png,data/raw/mri_images/T2/MRI00045.png,mri,DWI,T2,9,11,Visually Similar,Retain - Shows Structural Variation
data/raw/mri_images/DWI/MRI00144.png,data/raw/mri_images/T2/MRI00052.png,mri,DWI,T2,8,14,Visually Similar,Retain - Shows Structural Variation
data/raw/mri_images/DWI/MRI00144.png,data/raw/mri_images/T2/MRI00053.png,mri,DWI,T2,10,15,Visually Similar,Retain - Shows Structural Variation
data/raw/mri_images/DWI/MRI00144.png,data/raw/mri_images/T2/MRI00056.png,mri,DWI,T2,9,11,Visually Similar,Retain - Shows Structural Variation
data/raw/mri_images/DWI/MRI00144.png,data/raw/mri_images/T2/MRI00062.png,mri,DWI,T2,10,11,Visually Similar,Retain - Shows Structural Variation
data/raw/mri_images/DWI/MRI00144.png,data/raw/mri_images/T2/MRI00065.png,mri,DWI,T2,10,13,Visually Similar,Retain - Shows Structural Variation
data/raw/mri_images/DWI/MRI00144.png,data/raw/mri_images/T2/MRI00066.png,mri,DWI,T2,10,13,Visually Similar,Retain - Shows Structural Variation
data/raw/mri_images/DWI/MRI00145.png,data/raw/mri_images/DWI/MRI00148.png,mri,DWI,DWI,7,9,Visually Similar,Retain - Shows Structural Variation
data/raw/mri_images/DWI/MRI00145.png,data/raw/mri_images/DWI/MRI00150.png,mri,DWI,DWI,10,11,Visually Similar,Retain - Shows Structural Variation
data/raw/mri_images/DWI/MRI00145.png,data/raw/mri_images/DWI/MRI00151.png,mri,DWI,DWI,9,8,Visually Similar,Retain - Shows Structural Variation
data/raw/mri_images/DWI/MRI00145.png,data/raw/mri_images/DWI/MRI00153.png,mri,DWI,DWI,9,8,Visually Similar,Retain - Shows Structural Variation
data/raw/mri_images/DWI/MRI00145.png,data/raw/mri_images/DWI/MRI00154.png,mri,DWI,DWI,9,3,Visually Similar,Retain - Shows Structural Variation
data/raw/mri_images/DWI/MRI00145.png,data/raw/mri_images/DWI/MRI00155.png,mri,DWI,DWI,7,11,Visually Similar,Retain - Shows Structural Variation
data/raw/mri_images/DWI/MRI00145.png,data/raw/mri_images/DWI/MRI00156.png,mri,DWI,DWI,9,7,Visually Similar,Retain - Shows Structural Variation
data/raw/mri_images/DWI/MRI00145.png,data/raw/mri_images/DWI/MRI00157.png,mri,DWI,DWI,9,10,Visually Similar,Retain - Shows Structural Variation
data/raw/mri_images/DWI/MRI00145.png,data/raw/mri_images/DWI/MRI00158.png,mri,DWI,DWI,1,1,Near Duplicate,Document & Evaluate Similarity Threshold
data/raw/mri_images/DWI/MRI00145.png,data/raw/mri_images/FLAIR/MRI00081.png,mri,DWI,FLAIR,0,6,Exact Duplicate,Keep Representative / Purge Duplicate
data/raw/mri_images/DWI/MRI00145.png,data/raw/mri_images/FLAIR/MRI00085.png,mri,DWI,FLAIR,10,8,Visually Similar,Retain - Shows Structural Variation
data/raw/mri_images/DWI/MRI00145.png,data/raw/mri_images/FLAIR/MRI00086.png,mri,DWI,FLAIR,8,9,Visually Similar,Retain - Shows Structural Variation
data/raw/mri_images/DWI/MRI00145.png,data/raw/mri_images/FLAIR/MRI00089.png,mri,DWI,FLAIR,9,10,Visually Similar,Retain - Shows Structural Variation
data/raw/mri_images/DWI/MRI00145.png,data/raw/mri_images/FLAIR/MRI00090.png,mri,DWI,FLAIR,0,5,Exact Duplicate,Keep Representative / Purge Duplicate
data/raw/mri_images/DWI/MRI00145.png,data/raw/mri_images/FLAIR/MRI00093.png,mri,DWI,FLAIR,8,6,Visually Similar,Retain - Shows Structural Variation
data/raw/mri_images/DWI/MRI00145.png,data/raw/mri_images/FLAIR/MRI00094.png,mri,DWI,FLAIR,9,5,Visually Similar,Retain - Shows Structural Variation
data/raw/mri_images/DWI/MRI00145.png,data/raw/mri_images/FLAIR/MRI00095.png,mri,DWI,FLAIR,5,6,Visually Similar,Retain - Shows Structural Variation
data/raw/mri_images/DWI/MRI00145.png,data/raw/mri_images/FLAIR/MRI00097.png,mri,DWI,FLAIR,2,5,Near Duplicate,Document & Evaluate Similarity Threshold
data/raw/mri_images/DWI/MRI00145.png,data/raw/mri_images/FLAIR/MRI00098.png,mri,DWI,FLAIR,7,7,Visually Similar,Retain - Shows Structural Variation
data/raw/mri_images/DWI/MRI00145.png,data/raw/mri_images/FLAIR/MRI00099.png,mri,DWI,FLAIR,9,4,Visually Similar,Retain - Shows Structural Variation
data/raw/mri_images/DWI/MRI00145.png,data/raw/mri_images/FLAIR/MRI00101.png,mri,DWI,FLAIR,2,8,Near Duplicate,Document & Evaluate Similarity Threshold
data/raw/mri_images/DWI/MRI00145.png,data/raw/mri_images/FLAIR/MRI00104.png,mri,DWI,FLAIR,9,4,Visually Similar,Retain - Shows Structural Variation
data/raw/mri_images/DWI/MRI00145.png,data/raw/mri_images/FLAIR/MRI00105.png,mri,DWI,FLAIR,10,9,Visually Similar,Retain - Shows Structural Variation
data/raw/mri_images/DWI/MRI00145.png,data/raw/mri_images/FLAIR/MRI00106.png,mri,DWI,FLAIR,6,8,Visually Similar,Retain - Shows Structural Variation
data/raw/mri_images/DWI/MRI00145.png,data/raw/mri_images/FLAIR/MRI00108.png,mri,DWI,FLAIR,9,8,Visually Similar,Retain - Shows Structural Variation
data/raw/mri_images/DWI/MRI00145.png,data/raw/mri_images/FLAIR/MRI00109.png,mri,DWI,FLAIR,1,8,Near Duplicate,Document & Evaluate Similarity Threshold
data/raw/mri_images/DWI/MRI00145.png,data/raw/mri_images/FLAIR/MRI00110.png,mri,DWI,FLAIR,7,7,Visually Similar,Retain - Shows Structural Variation
data/raw/mri_images/DWI/MRI00145.png,data/raw/mri_images/FLAIR/MRI00116.png,mri,DWI,FLAIR,9,8,Visually Similar,Retain - Shows Structural Variation
data/raw/mri_images/DWI/MRI00145.png,data/raw/mri_images/FLAIR/MRI00118.png,mri,DWI,FLAIR,9,10,Visually Similar,Retain - Shows Structural Variation
data/raw/mri_images/DWI/MRI00145.png,data/raw/mri_images/FLAIR/MRI00120.png,mri,DWI,FLAIR,5,8,Visually Similar,Retain - Shows Structural Variation
data/raw/mri_images/DWI/MRI00145.png,data/raw/mri_images/T2/MRI00041.png,mri,DWI,T2,10,8,Visually Similar,Retain - Shows Structural Variation
data/raw/mri_images/DWI/MRI00145.png,data/raw/mri_images/T2/MRI00045.png,mri,DWI,T2,9,12,Visually Similar,Retain - Shows Structural Variation
data/raw/mri_images/DWI/MRI00145.png,data/raw/mri_images/T2/MRI00052.png,mri,DWI,T2,8,13,Visually Similar,Retain - Shows Structural Variation
data/raw/mri_images/DWI/MRI00145.png,data/raw/mri_images/T2/MRI00058.png,mri,DWI,T2,10,13,Visually Similar,Retain - Shows Structural Variation
data/raw/mri_images/DWI/MRI00145.png,data/raw/mri_images/T2/MRI00063.png,mri,DWI,T2,8,9,Visually Similar,Retain - Shows Structural Variation
data/raw/mri_images/DWI/MRI00145.png,data/raw/mri_images/T2/MRI00072.png,mri,DWI,T2,10,10,Visually Similar,Retain - Shows Structural Variation
data/raw/mri_images/DWI/MRI00145.png,data/raw/mri_images/T2/MRI00075.png,mri,DWI,T2,10,11,Visually Similar,Retain - Shows Structural Variation
data/raw/mri_images/DWI/MRI00146.png,data/raw/mri_images/DWI/MRI00148.png,mri,DWI,DWI,7,7,Visually Similar,Retain - Shows Structural Variation
data/raw/mri_images/DWI/MRI00146.png,data/raw/mri_images/DWI/MRI00149.png,mri,DWI,DWI,2,3,Near Duplicate,Document & Evaluate Similarity Threshold
data/raw/mri_images/DWI/MRI00146.png,data/raw/mri_images/DWI/MRI00150.png,mri,DWI,DWI,6,5,Visually Similar,Retain - Shows Structural Variation
data/raw/mri_images/DWI/MRI00146.png,data/raw/mri_images/DWI/MRI00151.png,mri,DWI,DWI,5,4,Visually Similar,Retain - Shows Structural Variation
data/raw/mri_images/DWI/MRI00146.png,data/raw/mri_images/DWI/MRI00152.png,mri,DWI,DWI,2,4,Near Duplicate,Document & Evaluate Similarity Threshold
data/raw/mri_images/DWI/MRI00146.png,data/raw/mri_images/DWI/MRI00153.png,mri,DWI,DWI,9,6,Visually Similar,Retain - Shows Structural Variation
data/raw/mri_images/DWI/MRI00146.png,data/raw/mri_images/DWI/MRI00155.png,mri,DWI,DWI,7,7,Visually Similar,Retain - Shows Structural Variation
data/raw/mri_images/DWI/MRI00146.png,data/raw/mri_images/DWI/MRI00157.png,mri,DWI,DWI,5,4,Visually Similar,Retain - Shows Structural Variation
data/raw/mri_images/DWI/MRI00146.png,data/raw/mri_images/DWI/MRI00160.png,mri,DWI,DWI,0,4,Exact Duplicate,Keep Representative / Purge Duplicate
data/raw/mri_images/DWI/MRI00146.png,data/raw/mri_images/FLAIR/MRI00082.png,mri,DWI,FLAIR,5,3,Visually Similar,Retain - Shows Structural Variation
data/raw/mri_images/DWI/MRI00146.png,data/raw/mri_images/FLAIR/MRI00084.png,mri,DWI,FLAIR,2,3,Near Duplicate,Document & Evaluate Similarity Threshold
data/raw/mri_images/DWI/MRI00146.png,data/raw/mri_images/FLAIR/MRI00085.png,mri,DWI,FLAIR,10,4,Visually Similar,Retain - Shows Structural Variation
data/raw/mri_images/DWI/MRI00146.png,data/raw/mri_images/FLAIR/MRI00086.png,mri,DWI,FLAIR,10,5,Visually Similar,Retain - Shows Structural Variation
data/raw/mri_images/DWI/MRI00146.png,data/raw/mri_images/FLAIR/MRI00089.png,mri,DWI,FLAIR,5,6,Visually Similar,Retain - Shows Structural Variation
data/raw/mri_images/DWI/MRI00146.png,data/raw/mri_images/FLAIR/MRI00091.png,mri,DWI,FLAIR,6,5,Visually Similar,Retain - Shows Structural Variation
data/raw/mri_images/DWI/MRI00146.png,data/raw/mri_images/FLAIR/MRI00092.png,mri,DWI,FLAIR,0,3,Exact Duplicate,Keep Representative / Purge Duplicate
data/raw/mri_images/DWI/MRI00146.png,data/raw/mri_images/FLAIR/MRI00093.png,mri,DWI,FLAIR,10,8,Visually Similar,Retain - Shows Structural Variation
data/raw/mri_images/DWI/MRI00146.png,data/raw/mri_images/FLAIR/MRI00095.png,mri,DWI,FLAIR,9,6,Visually Similar,Retain - Shows Structural Variation
data/raw/mri_images/DWI/MRI00146.png,data/raw/mri_images/FLAIR/MRI00096.png,mri,DWI,FLAIR,0,5,Exact Duplicate,Keep Representative / Purge Duplicate
data/raw/mri_images/DWI/MRI00146.png,data/raw/mri_images/FLAIR/MRI00098.png,mri,DWI,FLAIR,9,3,Visually Similar,Retain - Shows Structural Variation
data/raw/mri_images/DWI/MRI00146.png,data/raw/mri_images/FLAIR/MRI00100.png,mri,DWI,FLAIR,2,4,Near Duplicate,Document & Evaluate Similarity Threshold
data/raw/mri_images/DWI/MRI00146.png,data/raw/mri_images/FLAIR/MRI00105.png,mri,DWI,FLAIR,8,9,Visually Similar,Retain - Shows Structural Variation
data/raw/mri_images/DWI/MRI00146.png,data/raw/mri_images/FLAIR/MRI00108.png,mri,DWI,FLAIR,9,4,Visually Similar,Retain - Shows Structural Variation
data/raw/mri_images/DWI/MRI00146.png,data/raw/mri_images/FLAIR/MRI00110.png,mri,DWI,FLAIR,7,3,Visually Similar,Retain - Shows Structural Variation
data/raw/mri_images/DWI/MRI00146.png,data/raw/mri_images/FLAIR/MRI00115.png,mri,DWI,FLAIR,5,4,Visually Similar,Retain - Shows Structural Variation
data/raw/mri_images/DWI/MRI00146.png,data/raw/mri_images/FLAIR/MRI00116.png,mri,DWI,FLAIR,5,6,Visually Similar,Retain - Shows Structural Variation
data/raw/mri_images/DWI/MRI00146.png,data/raw/mri_images/FLAIR/MRI00120.png,mri,DWI,FLAIR,9,4,Visually Similar,Retain - Shows Structural Variation
data/raw/mri_images/DWI/MRI00146.png,data/raw/mri_images/T2/MRI00041.png,mri,DWI,T2,10,14,Visually Similar,Retain - Shows Structural Variation
data/raw/mri_images/DWI/MRI00146.png,data/raw/mri_images/T2/MRI00056.png,mri,DWI,T2,9,12,Visually Similar,Retain - Shows Structural Variation
data/raw/mri_images/DWI/MRI00147.png,data/raw/mri_images/DWI/MRI00159.png,mri,DWI,DWI,5,5,Visually Similar,Retain - Shows Structural Variation
data/raw/mri_images/DWI/MRI00147.png,data/raw/mri_images/FLAIR/MRI00083.png,mri,DWI,FLAIR,6,7,Visually Similar,Retain - Shows Structural Variation
data/raw/mri_images/DWI/MRI00147.png,data/raw/mri_images/FLAIR/MRI00087.png,mri,DWI,FLAIR,9,7,Visually Similar,Retain - Shows Structural Variation
data/raw/mri_images/DWI/MRI00147.png,data/raw/mri_images/FLAIR/MRI00088.png,mri,DWI,FLAIR,4,5,Near Duplicate,Document & Evaluate Similarity Threshold
data/raw/mri_images/DWI/MRI00147.png,data/raw/mri_images/FLAIR/MRI00099.png,mri,DWI,FLAIR,5,3,Visually Similar,Retain - Shows Structural Variation
data/raw/mri_images/DWI/MRI00147.png,data/raw/mri_images/FLAIR/MRI00102.png,mri,DWI,FLAIR,7,6,Visually Similar,Retain - Shows Structural Variation
data/raw/mri_images/DWI/MRI00147.png,data/raw/mri_images/FLAIR/MRI00104.png,mri,DWI,FLAIR,5,3,Visually Similar,Retain - Shows Structural Variation
data/raw/mri_images/DWI/MRI00147.png,data/raw/mri_images/FLAIR/MRI00107.png,mri,DWI,FLAIR,10,6,Visually Similar,Retain - Shows Structural Variation
data/raw/mri_images/DWI/MRI00147.png,data/raw/mri_images/FLAIR/MRI00111.png,mri,DWI,FLAIR,9,9,Visually Similar,Retain - Shows Structural Variation
data/raw/mri_images/DWI/MRI00147.png,data/raw/mri_images/FLAIR/MRI00113.png,mri,DWI,FLAIR,9,8,Visually Similar,Retain - Shows Structural Variation
data/raw/mri_images/DWI/MRI00147.png,data/raw/mri_images/FLAIR/MRI00114.png,mri,DWI,FLAIR,5,5,Visually Similar,Retain - Shows Structural Variation
data/raw/mri_images/DWI/MRI00147.png,data/raw/mri_images/FLAIR/MRI00117.png,mri,DWI,FLAIR,2,2,Near Duplicate,Document & Evaluate Similarity Threshold
data/raw/mri_images/DWI/MRI00147.png,data/raw/mri_images/FLAIR/MRI00119.png,mri,DWI,FLAIR,2,5,Near Duplicate,Document & Evaluate Similarity Threshold
data/raw/mri_images/DWI/MRI00147.png,data/raw/mri_images/FLAIR/MRI00120.png,mri,DWI,FLAIR,9,7,Visually Similar,Retain - Shows Structural Variation
data/raw/mri_images/DWI/MRI00147.png,data/raw/mri_images/T2/MRI00049.png,mri,DWI,T2,10,11,Visually Similar,Retain - Shows Structural Variation
data/raw/mri_images/DWI/MRI00147.png,data/raw/mri_images/T2/MRI00057.png,mri,DWI,T2,10,10,Visually Similar,Retain - Shows Structural Variation
data/raw/mri_images/DWI/MRI00148.png,data/raw/mri_images/DWI/MRI00149.png,mri,DWI,DWI,7,4,Visually Similar,Retain - Shows Structural Variation
data/raw/mri_images/DWI/MRI00148.png,data/raw/mri_images/DWI/MRI00151.png,mri,DWI,DWI,10,5,Visually Similar,Retain - Shows Structural Variation
data/raw/mri_images/DWI/MRI00148.png,data/raw/mri_images/DWI/MRI00152.png,mri,DWI,DWI,9,5,Visually Similar,Retain - Shows Structural Variation
data/raw/mri_images/DWI/MRI00148.png,data/raw/mri_images/DWI/MRI00153.png,mri,DWI,DWI,2,5,Near Duplicate,Document & Evaluate Similarity Threshold
data/raw/mri_images/DWI/MRI00148.png,data/raw/mri_images/DWI/MRI00154.png,mri,DWI,DWI,4,8,Near Duplicate,Document & Evaluate Similarity Threshold
data/raw/mri_images/DWI/MRI00148.png,data/raw/mri_images/DWI/MRI00155.png,mri,DWI,DWI,10,10,Visually Similar,Retain - Shows Structural Variation
data/raw/mri_images/DWI/MRI00148.png,data/raw/mri_images/DWI/MRI00156.png,mri,DWI,DWI,4,6,Near Duplicate,Document & Evaluate Similarity Threshold
data/raw/mri_images/DWI/MRI00148.png,data/raw/mri_images/DWI/MRI00157.png,mri,DWI,DWI,10,7,Visually Similar,Retain - Shows Structural Variation
data/raw/mri_images/DWI/MRI00148.png,data/raw/mri_images/DWI/MRI00158.png,mri,DWI,DWI,8,8,Visually Similar,Retain - Shows Structural Variation
data/raw/mri_images/DWI/MRI00148.png,data/raw/mri_images/DWI/MRI00159.png,mri,DWI,DWI,10,7,Visually Similar,Retain - Shows Structural Variation
data/raw/mri_images/DWI/MRI00148.png,data/raw/mri_images/DWI/MRI00160.png,mri,DWI,DWI,7,5,Visually Similar,Retain - Shows Structural Variation
data/raw/mri_images/DWI/MRI00148.png,data/raw/mri_images/FLAIR/MRI00081.png,mri,DWI,FLAIR,7,9,Visually Similar,Retain - Shows Structural Variation
data/raw/mri_images/DWI/MRI00148.png,data/raw/mri_images/FLAIR/MRI00082.png,mri,DWI,FLAIR,4,8,Near Duplicate,Document & Evaluate Similarity Threshold
data/raw/mri_images/DWI/MRI00148.png,data/raw/mri_images/FLAIR/MRI00083.png,mri,DWI,FLAIR,7,5,Visually Similar,Retain - Shows Structural Variation
data/raw/mri_images/DWI/MRI00148.png,data/raw/mri_images/FLAIR/MRI00084.png,mri,DWI,FLAIR,7,8,Visually Similar,Retain - Shows Structural Variation
data/raw/mri_images/DWI/MRI00148.png,data/raw/mri_images/FLAIR/MRI00085.png,mri,DWI,FLAIR,3,11,Near Duplicate,Document & Evaluate Similarity Threshold
data/raw/mri_images/DWI/MRI00148.png,data/raw/mri_images/FLAIR/MRI00086.png,mri,DWI,FLAIR,5,6,Visually Similar,Retain - Shows Structural Variation
data/raw/mri_images/DWI/MRI00148.png,data/raw/mri_images/FLAIR/MRI00089.png,mri,DWI,FLAIR,10,7,Visually Similar,Retain - Shows Structural Variation
data/raw/mri_images/DWI/MRI00148.png,data/raw/mri_images/FLAIR/MRI00090.png,mri,DWI,FLAIR,7,8,Visually Similar,Retain - Shows Structural Variation
data/raw/mri_images/DWI/MRI00148.png,data/raw/mri_images/FLAIR/MRI00092.png,mri,DWI,FLAIR,7,8,Visually Similar,Retain - Shows Structural Variation
data/raw/mri_images/DWI/MRI00148.png,data/raw/mri_images/FLAIR/MRI00093.png,mri,DWI,FLAIR,5,11,Visually Similar,Retain - Shows Structural Variation
data/raw/mri_images/DWI/MRI00148.png,data/raw/mri_images/FLAIR/MRI00094.png,mri,DWI,FLAIR,4,8,Near Duplicate,Document & Evaluate Similarity Threshold
data/raw/mri_images/DWI/MRI00148.png,data/raw/mri_images/FLAIR/MRI00095.png,mri,DWI,FLAIR,2,9,Near Duplicate,Document & Evaluate Similarity Threshold
data/raw/mri_images/DWI/MRI00148.png,data/raw/mri_images/FLAIR/MRI00096.png,mri,DWI,FLAIR,7,8,Visually Similar,Retain - Shows Structural Variation
data/raw/mri_images/DWI/MRI00148.png,data/raw/mri_images/FLAIR/MRI00097.png,mri,DWI,FLAIR,7,8,Visually Similar,Retain - Shows Structural Variation
data/raw/mri_images/DWI/MRI00148.png,data/raw/mri_images/FLAIR/MRI00100.png,mri,DWI,FLAIR,9,9,Visually Similar,Retain - Shows Structural Variation
data/raw/mri_images/DWI/MRI00148.png,data/raw/mri_images/FLAIR/MRI00101.png,mri,DWI,FLAIR,5,9,Visually Similar,Retain - Shows Structural Variation
data/raw/mri_images/DWI/MRI00148.png,data/raw/mri_images/FLAIR/MRI00102.png,mri,DWI,FLAIR,6,8,Visually Similar,Retain - Shows Structural Variation
data/raw/mri_images/DWI/MRI00148.png,data/raw/mri_images/FLAIR/MRI00103.png,mri,DWI,FLAIR,6,5,Visually Similar,Retain - Shows Structural Variation
data/raw/mri_images/DWI/MRI00148.png,data/raw/mri_images/FLAIR/MRI00106.png,mri,DWI,FLAIR,5,9,Visually Similar,Retain - Shows Structural Variation
data/raw/mri_images/DWI/MRI00148.png,data/raw/mri_images/FLAIR/MRI00108.png,mri,DWI,FLAIR,2,7,Near Duplicate,Document & Evaluate Similarity Threshold
data/raw/mri_images/DWI/MRI00148.png,data/raw/mri_images/FLAIR/MRI00109.png,mri,DWI,FLAIR,8,11,Visually Similar,Retain - Shows Structural Variation
data/raw/mri_images/DWI/MRI00148.png,data/raw/mri_images/FLAIR/MRI00110.png,mri,DWI,FLAIR,0,10,Exact Duplicate,Keep Representative / Purge Duplicate
data/raw/mri_images/DWI/MRI00148.png,data/raw/mri_images/FLAIR/MRI00115.png,mri,DWI,FLAIR,6,9,Visually Similar,Retain - Shows Structural Variation
data/raw/mri_images/DWI/MRI00148.png,data/raw/mri_images/FLAIR/MRI00116.png,mri,DWI,FLAIR,10,9,Visually Similar,Retain - Shows Structural Variation
data/raw/mri_images/DWI/MRI00148.png,data/raw/mri_images/FLAIR/MRI00118.png,mri,DWI,FLAIR,6,5,Visually Similar,Retain - Shows Structural Variation
data/raw/mri_images/DWI/MRI00148.png,data/raw/mri_images/FLAIR/MRI00120.png,mri,DWI,FLAIR,2,9,Near Duplicate,Document & Evaluate Similarity Threshold
data/raw/mri_images/DWI/MRI00148.png,data/raw/mri_images/T2/MRI00043.png,mri,DWI,T2,9,14,Visually Similar,Retain - Shows Structural Variation
data/raw/mri_images/DWI/MRI00148.png,data/raw/mri_images/T2/MRI00045.png,mri,DWI,T2,10,13,Visually Similar,Retain - Shows Structural Variation
data/raw/mri_images/DWI/MRI00148.png,data/raw/mri_images/T2/MRI00052.png,mri,DWI,T2,9,12,Visually Similar,Retain - Shows Structural Variation
data/raw/mri_images/DWI/MRI00148.png,data/raw/mri_images/T2/MRI00053.png,mri,DWI,T2,9,11,Visually Similar,Retain - Shows Structural Variation
data/raw/mri_images/DWI/MRI00148.png,data/raw/mri_images/T2/MRI00056.png,mri,DWI,T2,10,13,Visually Similar,Retain - Shows Structural Variation
data/raw/mri_images/DWI/MRI00148.png,data/raw/mri_images/T2/MRI00065.png,mri,DWI,T2,9,15,Visually Similar,Retain - Shows Structural Variation
data/raw/mri_images/DWI/MRI00148.png,data/raw/mri_images/T2/MRI00066.png,mri,DWI,T2,9,15,Visually Similar,Retain - Shows Structural Variation
data/raw/mri_images/DWI/MRI00149.png,data/raw/mri_images/DWI/MRI00150.png,mri,DWI,DWI,8,6,Visually Similar,Retain - Shows Structural Variation
data/raw/mri_images/DWI/MRI00149.png,data/raw/mri_images/DWI/MRI00151.png,mri,DWI,DWI,7,3,Visually Similar,Retain - Shows Structural Variation
data/raw/mri_images/DWI/MRI00149.png,data/raw/mri_images/DWI/MRI00152.png,mri,DWI,DWI,2,3,Near Duplicate,Document & Evaluate Similarity Threshold
data/raw/mri_images/DWI/MRI00149.png,data/raw/mri_images/DWI/MRI00153.png,mri,DWI,DWI,7,5,Visually Similar,Retain - Shows Structural Variation
data/raw/mri_images/DWI/MRI00149.png,data/raw/mri_images/DWI/MRI00154.png,mri,DWI,DWI,9,8,Visually Similar,Retain - Shows Structural Variation
data/raw/mri_images/DWI/MRI00149.png,data/raw/mri_images/DWI/MRI00155.png,mri,DWI,DWI,7,8,Visually Similar,Retain - Shows Structural Variation
data/raw/mri_images/DWI/MRI00149.png,data/raw/mri_images/DWI/MRI00156.png,mri,DWI,DWI,9,4,Visually Similar,Retain - Shows Structural Variation
data/raw/mri_images/DWI/MRI00149.png,data/raw/mri_images/DWI/MRI00157.png,mri,DWI,DWI,7,5,Visually Similar,Retain - Shows Structural Variation
data/raw/mri_images/DWI/MRI00149.png,data/raw/mri_images/DWI/MRI00160.png,mri,DWI,DWI,2,5,Near Duplicate,Document & Evaluate Similarity Threshold
data/raw/mri_images/DWI/MRI00149.png,data/raw/mri_images/FLAIR/MRI00082.png,mri,DWI,FLAIR,5,4,Visually Similar,Retain - Shows Structural Variation
data/raw/mri_images/DWI/MRI00149.png,data/raw/mri_images/FLAIR/MRI00084.png,mri,DWI,FLAIR,4,4,Near Duplicate,Document & Evaluate Similarity Threshold
data/raw/mri_images/DWI/MRI00149.png,data/raw/mri_images/FLAIR/MRI00085.png,mri,DWI,FLAIR,10,7,Visually Similar,Retain - Shows Structural Variation
data/raw/mri_images/DWI/MRI00149.png,data/raw/mri_images/FLAIR/MRI00089.png,mri,DWI,FLAIR,7,7,Visually Similar,Retain - Shows Structural Variation
data/raw/mri_images/DWI/MRI00149.png,data/raw/mri_images/FLAIR/MRI00091.png,mri,DWI,FLAIR,8,6,Visually Similar,Retain - Shows Structural Variation
data/raw/mri_images/DWI/MRI00149.png,data/raw/mri_images/FLAIR/MRI00092.png,mri,DWI,FLAIR,2,4,Near Duplicate,Document & Evaluate Similarity Threshold
data/raw/mri_images/DWI/MRI00149.png,data/raw/mri_images/FLAIR/MRI00093.png,mri,DWI,FLAIR,10,9,Visually Similar,Retain - Shows Structural Variation
data/raw/mri_images/DWI/MRI00149.png,data/raw/mri_images/FLAIR/MRI00094.png,mri,DWI,FLAIR,9,4,Visually Similar,Retain - Shows Structural Variation
data/raw/mri_images/DWI/MRI00149.png,data/raw/mri_images/FLAIR/MRI00095.png,mri,DWI,FLAIR,9,5,Visually Similar,Retain - Shows Structural Variation
data/raw/mri_images/DWI/MRI00149.png,data/raw/mri_images/FLAIR/MRI00096.png,mri,DWI,FLAIR,2,4,Near Duplicate,Document & Evaluate Similarity Threshold
data/raw/mri_images/DWI/MRI00149.png,data/raw/mri_images/FLAIR/MRI00100.png,mri,DWI,FLAIR,4,5,Near Duplicate,Document & Evaluate Similarity Threshold
data/raw/mri_images/DWI/MRI00149.png,data/raw/mri_images/FLAIR/MRI00105.png,mri,DWI,FLAIR,10,10,Visually Similar,Retain - Shows Structural Variation
data/raw/mri_images/DWI/MRI00149.png,data/raw/mri_images/FLAIR/MRI00108.png,mri,DWI,FLAIR,7,5,Visually Similar,Retain - Shows Structural Variation
data/raw/mri_images/DWI/MRI00149.png,data/raw/mri_images/FLAIR/MRI00110.png,mri,DWI,FLAIR,7,6,Visually Similar,Retain - Shows Structural Variation
data/raw/mri_images/DWI/MRI00149.png,data/raw/mri_images/FLAIR/MRI00115.png,mri,DWI,FLAIR,5,5,Visually Similar,Retain - Shows Structural Variation
data/raw/mri_images/DWI/MRI00149.png,data/raw/mri_images/FLAIR/MRI00116.png,mri,DWI,FLAIR,7,7,Visually Similar,Retain - Shows Structural Variation
data/raw/mri_images/DWI/MRI00149.png,data/raw/mri_images/FLAIR/MRI00120.png,mri,DWI,FLAIR,9,5,Visually Similar,Retain - Shows Structural Variation
data/raw/mri_images/DWI/MRI00149.png,data/raw/mri_images/T2/MRI00041.png,mri,DWI,T2,10,13,Visually Similar,Retain - Shows Structural Variation
data/raw/mri_images/DWI/MRI00149.png,data/raw/mri_images/T2/MRI00046.png,mri,DWI,T2,10,11,Visually Similar,Retain - Shows Structural Variation
data/raw/mri_images/DWI/MRI00149.png,data/raw/mri_images/T2/MRI00056.png,mri,DWI,T2,7,11,Visually Similar,Retain - Shows Structural Variation
data/raw/mri_images/DWI/MRI00149.png,data/raw/mri_images/T2/MRI00078.png,mri,DWI,T2,9,11,Visually Similar,Retain - Shows Structural Variation
data/raw/mri_images/DWI/MRI00150.png,data/raw/mri_images/DWI/MRI00151.png,mri,DWI,DWI,1,3,Near Duplicate,Document & Evaluate Similarity Threshold
data/raw/mri_images/DWI/MRI00150.png,data/raw/mri_images/DWI/MRI00152.png,mri,DWI,DWI,8,5,Visually Similar,Retain - Shows Structural Variation
data/raw/mri_images/DWI/MRI00150.png,data/raw/mri_images/DWI/MRI00155.png,mri,DWI,DWI,3,4,Near Duplicate,Document & Evaluate Similarity Threshold
data/raw/mri_images/DWI/MRI00150.png,data/raw/mri_images/DWI/MRI00157.png,mri,DWI,DWI,1,3,Near Duplicate,Document & Evaluate Similarity Threshold
data/raw/mri_images/DWI/MRI00150.png,data/raw/mri_images/DWI/MRI00160.png,mri,DWI,DWI,6,3,Visually Similar,Retain - Shows Structural Variation
data/raw/mri_images/DWI/MRI00150.png,data/raw/mri_images/FLAIR/MRI00081.png,mri,DWI,FLAIR,10,9,Visually Similar,Retain - Shows Structural Variation
data/raw/mri_images/DWI/MRI00150.png,data/raw/mri_images/FLAIR/MRI00082.png,mri,DWI,FLAIR,9,4,Visually Similar,Retain - Shows Structural Variation
data/raw/mri_images/DWI/MRI00150.png,data/raw/mri_images/FLAIR/MRI00084.png,mri,DWI,FLAIR,6,4,Visually Similar,Retain - Shows Structural Variation
data/raw/mri_images/DWI/MRI00150.png,data/raw/mri_images/FLAIR/MRI00086.png,mri,DWI,FLAIR,10,4,Visually Similar,Retain - Shows Structural Variation
data/raw/mri_images/DWI/MRI00150.png,data/raw/mri_images/FLAIR/MRI00089.png,mri,DWI,FLAIR,1,3,Near Duplicate,Document & Evaluate Similarity Threshold
data/raw/mri_images/DWI/MRI00150.png,data/raw/mri_images/FLAIR/MRI00090.png,mri,DWI,FLAIR,10,8,Visually Similar,Retain - Shows Structural Variation
data/raw/mri_images/DWI/MRI00150.png,data/raw/mri_images/FLAIR/MRI00092.png,mri,DWI,FLAIR,6,4,Visually Similar,Retain - Shows Structural Variation
data/raw/mri_images/DWI/MRI00150.png,data/raw/mri_images/FLAIR/MRI00096.png,mri,DWI,FLAIR,6,6,Visually Similar,Retain - Shows Structural Variation
data/raw/mri_images/DWI/MRI00150.png,data/raw/mri_images/FLAIR/MRI00097.png,mri,DWI,FLAIR,10,8,Visually Similar,Retain - Shows Structural Variation
data/raw/mri_images/DWI/MRI00150.png,data/raw/mri_images/FLAIR/MRI00098.png,mri,DWI,FLAIR,7,6,Visually Similar,Retain - Shows Structural Variation
data/raw/mri_images/DWI/MRI00150.png,data/raw/mri_images/FLAIR/MRI00100.png,mri,DWI,FLAIR,6,7,Visually Similar,Retain - Shows Structural Variation
data/raw/mri_images/DWI/MRI00150.png,data/raw/mri_images/FLAIR/MRI00101.png,mri,DWI,FLAIR,8,5,Visually Similar,Retain - Shows Structural Variation
data/raw/mri_images/DWI/MRI00150.png,data/raw/mri_images/FLAIR/MRI00105.png,mri,DWI,FLAIR,4,6,Near Duplicate,Document & Evaluate Similarity Threshold
data/raw/mri_images/DWI/MRI00150.png,data/raw/mri_images/FLAIR/MRI00106.png,mri,DWI,FLAIR,10,5,Visually Similar,Retain - Shows Structural Variation
data/raw/mri_images/DWI/MRI00150.png,data/raw/mri_images/FLAIR/MRI00109.png,mri,DWI,FLAIR,9,7,Visually Similar,Retain - Shows Structural Variation
data/raw/mri_images/DWI/MRI00150.png,data/raw/mri_images/FLAIR/MRI00115.png,mri,DWI,FLAIR,9,5,Visually Similar,Retain - Shows Structural Variation
data/raw/mri_images/DWI/MRI00150.png,data/raw/mri_images/FLAIR/MRI00116.png,mri,DWI,FLAIR,1,5,Near Duplicate,Document & Evaluate Similarity Threshold
data/raw/mri_images/DWI/MRI00150.png,data/raw/mri_images/T2/MRI00041.png,mri,DWI,T2,8,17,Visually Similar,Retain - Shows Structural Variation
data/raw/mri_images/DWI/MRI00150.png,data/raw/mri_images/T2/MRI00073.png,mri,DWI,T2,10,18,Visually Similar,Retain - Shows Structural Variation
data/raw/mri_images/DWI/MRI00151.png,data/raw/mri_images/DWI/MRI00152.png,mri,DWI,DWI,7,6,Visually Similar,Retain - Shows Structural Variation
data/raw/mri_images/DWI/MRI00151.png,data/raw/mri_images/DWI/MRI00155.png,mri,DWI,DWI,2,5,Near Duplicate,Document & Evaluate Similarity Threshold
data/raw/mri_images/DWI/MRI00151.png,data/raw/mri_images/DWI/MRI00157.png,mri,DWI,DWI,0,2,Exact Duplicate,Keep Representative / Purge Duplicate
data/raw/mri_images/DWI/MRI00151.png,data/raw/mri_images/DWI/MRI00158.png,mri,DWI,DWI,10,7,Visually Similar,Retain - Shows Structural Variation
data/raw/mri_images/DWI/MRI00151.png,data/raw/mri_images/DWI/MRI00160.png,mri,DWI,DWI,5,4,Visually Similar,Retain - Shows Structural Variation
data/raw/mri_images/DWI/MRI00151.png,data/raw/mri_images/FLAIR/MRI00081.png,mri,DWI,FLAIR,9,6,Visually Similar,Retain - Shows Structural Variation
data/raw/mri_images/DWI/MRI00151.png,data/raw/mri_images/FLAIR/MRI00082.png,mri,DWI,FLAIR,8,3,Visually Similar,Retain - Shows Structural Variation
data/raw/mri_images/DWI/MRI00151.png,data/raw/mri_images/FLAIR/MRI00084.png,mri,DWI,FLAIR,5,3,Visually Similar,Retain - Shows Structural Variation
data/raw/mri_images/DWI/MRI00151.png,data/raw/mri_images/FLAIR/MRI00086.png,mri,DWI,FLAIR,9,5,Visually Similar,Retain - Shows Structural Variation
data/raw/mri_images/DWI/MRI00151.png,data/raw/mri_images/FLAIR/MRI00089.png,mri,DWI,FLAIR,0,4,Exact Duplicate,Keep Representative / Purge Duplicate
data/raw/mri_images/DWI/MRI00151.png,data/raw/mri_images/FLAIR/MRI00090.png,mri,DWI,FLAIR,9,5,Visually Similar,Retain - Shows Structural Variation
data/raw/mri_images/DWI/MRI00151.png,data/raw/mri_images/FLAIR/MRI00092.png,mri,DWI,FLAIR,5,3,Visually Similar,Retain - Shows Structural Variation
data/raw/mri_images/DWI/MRI00151.png,data/raw/mri_images/FLAIR/MRI00095.png,mri,DWI,FLAIR,10,4,Visually Similar,Retain - Shows Structural Variation
data/raw/mri_images/DWI/MRI00151.png,data/raw/mri_images/FLAIR/MRI00096.png,mri,DWI,FLAIR,5,5,Visually Similar,Retain - Shows Structural Variation
data/raw/mri_images/DWI/MRI00151.png,data/raw/mri_images/FLAIR/MRI00097.png,mri,DWI,FLAIR,9,5,Visually Similar,Retain - Shows Structural Variation
data/raw/mri_images/DWI/MRI00151.png,data/raw/mri_images/FLAIR/MRI00098.png,mri,DWI,FLAIR,6,5,Visually Similar,Retain - Shows Structural Variation
data/raw/mri_images/DWI/MRI00151.png,data/raw/mri_images/FLAIR/MRI00100.png,mri,DWI,FLAIR,5,6,Visually Similar,Retain - Shows Structural Variation
data/raw/mri_images/DWI/MRI00151.png,data/raw/mri_images/FLAIR/MRI00101.png,mri,DWI,FLAIR,7,6,Visually Similar,Retain - Shows Structural Variation
data/raw/mri_images/DWI/MRI00151.png,data/raw/mri_images/FLAIR/MRI00105.png,mri,DWI,FLAIR,3,7,Near Duplicate,Document & Evaluate Similarity Threshold
data/raw/mri_images/DWI/MRI00151.png,data/raw/mri_images/FLAIR/MRI00106.png,mri,DWI,FLAIR,9,4,Visually Similar,Retain - Shows Structural Variation
data/raw/mri_images/DWI/MRI00151.png,data/raw/mri_images/FLAIR/MRI00109.png,mri,DWI,FLAIR,8,6,Visually Similar,Retain - Shows Structural Variation
data/raw/mri_images/DWI/MRI00151.png,data/raw/mri_images/FLAIR/MRI00110.png,mri,DWI,FLAIR,10,7,Visually Similar,Retain - Shows Structural Variation
data/raw/mri_images/DWI/MRI00151.png,data/raw/mri_images/FLAIR/MRI00115.png,mri,DWI,FLAIR,8,4,Visually Similar,Retain - Shows Structural Variation
data/raw/mri_images/DWI/MRI00151.png,data/raw/mri_images/FLAIR/MRI00116.png,mri,DWI,FLAIR,0,4,Exact Duplicate,Keep Representative / Purge Duplicate
data/raw/mri_images/DWI/MRI00151.png,data/raw/mri_images/FLAIR/MRI00118.png,mri,DWI,FLAIR,10,6,Visually Similar,Retain - Shows Structural Variation
data/raw/mri_images/DWI/MRI00151.png,data/raw/mri_images/FLAIR/MRI00120.png,mri,DWI,FLAIR,10,4,Visually Similar,Retain - Shows Structural Variation
data/raw/mri_images/DWI/MRI00151.png,data/raw/mri_images/T2/MRI00041.png,mri,DWI,T2,7,14,Visually Similar,Retain - Shows Structural Variation
data/raw/mri_images/DWI/MRI00151.png,data/raw/mri_images/T2/MRI00056.png,mri,DWI,T2,10,12,Visually Similar,Retain - Shows Structural Variation
data/raw/mri_images/DWI/MRI00151.png,data/raw/mri_images/T2/MRI00067.png,mri,DWI,T2,10,16,Visually Similar,Retain - Shows Structural Variation
data/raw/mri_images/DWI/MRI00151.png,data/raw/mri_images/T2/MRI00073.png,mri,DWI,T2,9,15,Visually Similar,Retain - Shows Structural Variation
data/raw/mri_images/DWI/MRI00151.png,data/raw/mri_images/T2/MRI00078.png,mri,DWI,T2,10,12,Visually Similar,Retain - Shows Structural Variation
data/raw/mri_images/DWI/MRI00152.png,data/raw/mri_images/DWI/MRI00153.png,mri,DWI,DWI,9,4,Visually Similar,Retain - Shows Structural Variation
data/raw/mri_images/DWI/MRI00152.png,data/raw/mri_images/DWI/MRI00155.png,mri,DWI,DWI,9,7,Visually Similar,Retain - Shows Structural Variation
data/raw/mri_images/DWI/MRI00152.png,data/raw/mri_images/DWI/MRI00157.png,mri,DWI,DWI,7,4,Visually Similar,Retain - Shows Structural Variation
data/raw/mri_images/DWI/MRI00152.png,data/raw/mri_images/DWI/MRI00160.png,mri,DWI,DWI,2,4,Near Duplicate,Document & Evaluate Similarity Threshold
data/raw/mri_images/DWI/MRI00152.png,data/raw/mri_images/FLAIR/MRI00082.png,mri,DWI,FLAIR,7,3,Visually Similar,Retain - Shows Structural Variation
data/raw/mri_images/DWI/MRI00152.png,data/raw/mri_images/FLAIR/MRI00084.png,mri,DWI,FLAIR,4,3,Near Duplicate,Document & Evaluate Similarity Threshold
data/raw/mri_images/DWI/MRI00152.png,data/raw/mri_images/FLAIR/MRI00089.png,mri,DWI,FLAIR,7,4,Visually Similar,Retain - Shows Structural Variation
data/raw/mri_images/DWI/MRI00152.png,data/raw/mri_images/FLAIR/MRI00091.png,mri,DWI,FLAIR,8,7,Visually Similar,Retain - Shows Structural Variation
data/raw/mri_images/DWI/MRI00152.png,data/raw/mri_images/FLAIR/MRI00092.png,mri,DWI,FLAIR,2,3,Near Duplicate,Document & Evaluate Similarity Threshold
data/raw/mri_images/DWI/MRI00152.png,data/raw/mri_images/FLAIR/MRI00096.png,mri,DWI,FLAIR,2,5,Near Duplicate,Document & Evaluate Similarity Threshold
data/raw/mri_images/DWI/MRI00152.png,data/raw/mri_images/FLAIR/MRI00100.png,mri,DWI,FLAIR,4,6,Near Duplicate,Document & Evaluate Similarity Threshold
data/raw/mri_images/DWI/MRI00152.png,data/raw/mri_images/FLAIR/MRI00105.png,mri,DWI,FLAIR,10,9,Visually Similar,Retain - Shows Structural Variation
data/raw/mri_images/DWI/MRI00152.png,data/raw/mri_images/FLAIR/MRI00108.png,mri,DWI,FLAIR,9,4,Visually Similar,Retain - Shows Structural Variation
data/raw/mri_images/DWI/MRI00152.png,data/raw/mri_images/FLAIR/MRI00110.png,mri,DWI,FLAIR,9,5,Visually Similar,Retain - Shows Structural Variation
data/raw/mri_images/DWI/MRI00152.png,data/raw/mri_images/FLAIR/MRI00115.png,mri,DWI,FLAIR,5,4,Visually Similar,Retain - Shows Structural Variation
data/raw/mri_images/DWI/MRI00152.png,data/raw/mri_images/FLAIR/MRI00116.png,mri,DWI,FLAIR,7,8,Visually Similar,Retain - Shows Structural Variation
data/raw/mri_images/DWI/MRI00152.png,data/raw/mri_images/T2/MRI00041.png,mri,DWI,T2,10,16,Visually Similar,Retain - Shows Structural Variation
data/raw/mri_images/DWI/MRI00152.png,data/raw/mri_images/T2/MRI00056.png,mri,DWI,T2,9,12,Visually Similar,Retain - Shows Structural Variation
data/raw/mri_images/DWI/MRI00153.png,data/raw/mri_images/DWI/MRI00154.png,mri,DWI,DWI,2,5,Near Duplicate,Document & Evaluate Similarity Threshold
data/raw/mri_images/DWI/MRI00153.png,data/raw/mri_images/DWI/MRI00156.png,mri,DWI,DWI,2,1,Near Duplicate,Document & Evaluate Similarity Threshold
data/raw/mri_images/DWI/MRI00153.png,data/raw/mri_images/DWI/MRI00158.png,mri,DWI,DWI,10,7,Visually Similar,Retain - Shows Structural Variation
data/raw/mri_images/DWI/MRI00153.png,data/raw/mri_images/DWI/MRI00160.png,mri,DWI,DWI,9,6,Visually Similar,Retain - Shows Structural Variation
data/raw/mri_images/DWI/MRI00153.png,data/raw/mri_images/FLAIR/MRI00081.png,mri,DWI,FLAIR,9,6,Visually Similar,Retain - Shows Structural Variation
data/raw/mri_images/DWI/MRI00153.png,data/raw/mri_images/FLAIR/MRI00082.png,mri,DWI,FLAIR,6,5,Visually Similar,Retain - Shows Structural Variation
data/raw/mri_images/DWI/MRI00153.png,data/raw/mri_images/FLAIR/MRI00083.png,mri,DWI,FLAIR,9,6,Visually Similar,Retain - Shows Structural Variation
data/raw/mri_images/DWI/MRI00153.png,data/raw/mri_images/FLAIR/MRI00084.png,mri,DWI,FLAIR,9,5,Visually Similar,Retain - Shows Structural Variation
data/raw/mri_images/DWI/MRI00153.png,data/raw/mri_images/FLAIR/MRI00085.png,mri,DWI,FLAIR,5,8,Visually Similar,Retain - Shows Structural Variation
data/raw/mri_images/DWI/MRI00153.png,data/raw/mri_images/FLAIR/MRI00086.png,mri,DWI,FLAIR,7,7,Visually Similar,Retain - Shows Structural Variation
data/raw/mri_images/DWI/MRI00153.png,data/raw/mri_images/FLAIR/MRI00090.png,mri,DWI,FLAIR,9,5,Visually Similar,Retain - Shows Structural Variation
data/raw/mri_images/DWI/MRI00153.png,data/raw/mri_images/FLAIR/MRI00092.png,mri,DWI,FLAIR,9,5,Visually Similar,Retain - Shows Structural Variation
data/raw/mri_images/DWI/MRI00153.png,data/raw/mri_images/FLAIR/MRI00093.png,mri,DWI,FLAIR,7,10,Visually Similar,Retain - Shows Structural Variation
data/raw/mri_images/DWI/MRI00153.png,data/raw/mri_images/FLAIR/MRI00094.png,mri,DWI,FLAIR,4,7,Near Duplicate,Document & Evaluate Similarity Threshold
data/raw/mri_images/DWI/MRI00153.png,data/raw/mri_images/FLAIR/MRI00095.png,mri,DWI,FLAIR,4,6,Near Duplicate,Document & Evaluate Similarity Threshold
data/raw/mri_images/DWI/MRI00153.png,data/raw/mri_images/FLAIR/MRI00096.png,mri,DWI,FLAIR,9,9,Visually Similar,Retain - Shows Structural Variation
data/raw/mri_images/DWI/MRI00153.png,data/raw/mri_images/FLAIR/MRI00097.png,mri,DWI,FLAIR,9,7,Visually Similar,Retain - Shows Structural Variation
data/raw/mri_images/DWI/MRI00153.png,data/raw/mri_images/FLAIR/MRI00101.png,mri,DWI,FLAIR,7,6,Visually Similar,Retain - Shows Structural Variation
data/raw/mri_images/DWI/MRI00153.png,data/raw/mri_images/FLAIR/MRI00102.png,mri,DWI,FLAIR,6,5,Visually Similar,Retain - Shows Structural Variation
data/raw/mri_images/DWI/MRI00153.png,data/raw/mri_images/FLAIR/MRI00103.png,mri,DWI,FLAIR,8,8,Visually Similar,Retain - Shows Structural Variation
data/raw/mri_images/DWI/MRI00153.png,data/raw/mri_images/FLAIR/MRI00106.png,mri,DWI,FLAIR,7,6,Visually Similar,Retain - Shows Structural Variation
data/raw/mri_images/DWI/MRI00153.png,data/raw/mri_images/FLAIR/MRI00108.png,mri,DWI,FLAIR,0,6,Exact Duplicate,Keep Representative / Purge Duplicate
data/raw/mri_images/DWI/MRI00153.png,data/raw/mri_images/FLAIR/MRI00109.png,mri,DWI,FLAIR,10,10,Visually Similar,Retain - Shows Structural Variation
data/raw/mri_images/DWI/MRI00153.png,data/raw/mri_images/FLAIR/MRI00110.png,mri,DWI,FLAIR,2,7,Near Duplicate,Document & Evaluate Similarity Threshold
data/raw/mri_images/DWI/MRI00153.png,data/raw/mri_images/FLAIR/MRI00115.png,mri,DWI,FLAIR,6,6,Visually Similar,Retain - Shows Structural Variation
data/raw/mri_images/DWI/MRI00153.png,data/raw/mri_images/FLAIR/MRI00118.png,mri,DWI,FLAIR,8,8,Visually Similar,Retain - Shows Structural Variation
data/raw/mri_images/DWI/MRI00153.png,data/raw/mri_images/FLAIR/MRI00120.png,mri,DWI,FLAIR,4,6,Near Duplicate,Document & Evaluate Similarity Threshold
data/raw/mri_images/DWI/MRI00153.png,data/raw/mri_images/T2/MRI00043.png,mri,DWI,T2,9,11,Visually Similar,Retain - Shows Structural Variation
data/raw/mri_images/DWI/MRI00153.png,data/raw/mri_images/T2/MRI00045.png,mri,DWI,T2,10,8,Visually Similar,Retain - Shows Structural Variation
data/raw/mri_images/DWI/MRI00153.png,data/raw/mri_images/T2/MRI00052.png,mri,DWI,T2,9,9,Visually Similar,Retain - Shows Structural Variation
data/raw/mri_images/DWI/MRI00153.png,data/raw/mri_images/T2/MRI00053.png,mri,DWI,T2,9,10,Visually Similar,Retain - Shows Structural Variation
data/raw/mri_images/DWI/MRI00153.png,data/raw/mri_images/T2/MRI00056.png,mri,DWI,T2,10,8,Visually Similar,Retain - Shows Structural Variation
data/raw/mri_images/DWI/MRI00153.png,data/raw/mri_images/T2/MRI00065.png,mri,DWI,T2,9,10,Visually Similar,Retain - Shows Structural Variation
data/raw/mri_images/DWI/MRI00153.png,data/raw/mri_images/T2/MRI00066.png,mri,DWI,T2,9,10,Visually Similar,Retain - Shows Structural Variation
data/raw/mri_images/DWI/MRI00154.png,data/raw/mri_images/DWI/MRI00156.png,mri,DWI,DWI,2,6,Near Duplicate,Document & Evaluate Similarity Threshold
data/raw/mri_images/DWI/MRI00154.png,data/raw/mri_images/DWI/MRI00158.png,mri,DWI,DWI,10,4,Visually Similar,Retain - Shows Structural Variation
data/raw/mri_images/DWI/MRI00154.png,data/raw/mri_images/FLAIR/MRI00081.png,mri,DWI,FLAIR,9,7,Visually Similar,Retain - Shows Structural Variation
data/raw/mri_images/DWI/MRI00154.png,data/raw/mri_images/FLAIR/MRI00082.png,mri,DWI,FLAIR,8,10,Visually Similar,Retain - Shows Structural Variation
data/raw/mri_images/DWI/MRI00154.png,data/raw/mri_images/FLAIR/MRI00083.png,mri,DWI,FLAIR,9,5,Visually Similar,Retain - Shows Structural Variation
data/raw/mri_images/DWI/MRI00154.png,data/raw/mri_images/FLAIR/MRI00085.png,mri,DWI,FLAIR,7,9,Visually Similar,Retain - Shows Structural Variation
data/raw/mri_images/DWI/MRI00154.png,data/raw/mri_images/FLAIR/MRI00086.png,mri,DWI,FLAIR,9,8,Visually Similar,Retain - Shows Structural Variation
data/raw/mri_images/DWI/MRI00154.png,data/raw/mri_images/FLAIR/MRI00090.png,mri,DWI,FLAIR,9,6,Visually Similar,Retain - Shows Structural Variation
data/raw/mri_images/DWI/MRI00154.png,data/raw/mri_images/FLAIR/MRI00093.png,mri,DWI,FLAIR,7,5,Visually Similar,Retain - Shows Structural Variation
data/raw/mri_images/DWI/MRI00154.png,data/raw/mri_images/FLAIR/MRI00094.png,mri,DWI,FLAIR,4,6,Near Duplicate,Document & Evaluate Similarity Threshold
data/raw/mri_images/DWI/MRI00154.png,data/raw/mri_images/FLAIR/MRI00095.png,mri,DWI,FLAIR,4,7,Near Duplicate,Document & Evaluate Similarity Threshold
data/raw/mri_images/DWI/MRI00154.png,data/raw/mri_images/FLAIR/MRI00097.png,mri,DWI,FLAIR,9,6,Visually Similar,Retain - Shows Structural Variation
data/raw/mri_images/DWI/MRI00154.png,data/raw/mri_images/FLAIR/MRI00101.png,mri,DWI,FLAIR,7,7,Visually Similar,Retain - Shows Structural Variation
data/raw/mri_images/DWI/MRI00154.png,data/raw/mri_images/FLAIR/MRI00102.png,mri,DWI,FLAIR,6,6,Visually Similar,Retain - Shows Structural Variation
data/raw/mri_images/DWI/MRI00154.png,data/raw/mri_images/FLAIR/MRI00103.png,mri,DWI,FLAIR,10,7,Visually Similar,Retain - Shows Structural Variation
data/raw/mri_images/DWI/MRI00154.png,data/raw/mri_images/FLAIR/MRI00106.png,mri,DWI,FLAIR,9,9,Visually Similar,Retain - Shows Structural Variation
data/raw/mri_images/DWI/MRI00154.png,data/raw/mri_images/FLAIR/MRI00108.png,mri,DWI,FLAIR,2,7,Near Duplicate,Document & Evaluate Similarity Threshold
data/raw/mri_images/DWI/MRI00154.png,data/raw/mri_images/FLAIR/MRI00109.png,mri,DWI,FLAIR,10,9,Visually Similar,Retain - Shows Structural Variation
data/raw/mri_images/DWI/MRI00154.png,data/raw/mri_images/FLAIR/MRI00110.png,mri,DWI,FLAIR,4,8,Near Duplicate,Document & Evaluate Similarity Threshold
data/raw/mri_images/DWI/MRI00154.png,data/raw/mri_images/FLAIR/MRI00115.png,mri,DWI,FLAIR,8,9,Visually Similar,Retain - Shows Structural Variation
data/raw/mri_images/DWI/MRI00154.png,data/raw/mri_images/FLAIR/MRI00118.png,mri,DWI,FLAIR,10,9,Visually Similar,Retain - Shows Structural Variation
data/raw/mri_images/DWI/MRI00154.png,data/raw/mri_images/FLAIR/MRI00120.png,mri,DWI,FLAIR,4,9,Near Duplicate,Document & Evaluate Similarity Threshold
data/raw/mri_images/DWI/MRI00154.png,data/raw/mri_images/T2/MRI00045.png,mri,DWI,T2,10,11,Visually Similar,Retain - Shows Structural Variation
data/raw/mri_images/DWI/MRI00154.png,data/raw/mri_images/T2/MRI00062.png,mri,DWI,T2,9,11,Visually Similar,Retain - Shows Structural Variation
data/raw/mri_images/DWI/MRI00155.png,data/raw/mri_images/DWI/MRI00157.png,mri,DWI,DWI,2,3,Near Duplicate,Document & Evaluate Similarity Threshold
data/raw/mri_images/DWI/MRI00155.png,data/raw/mri_images/DWI/MRI00158.png,mri,DWI,DWI,8,10,Visually Similar,Retain - Shows Structural Variation
data/raw/mri_images/DWI/MRI00155.png,data/raw/mri_images/DWI/MRI00160.png,mri,DWI,DWI,7,7,Visually Similar,Retain - Shows Structural Variation
data/raw/mri_images/DWI/MRI00155.png,data/raw/mri_images/FLAIR/MRI00081.png,mri,DWI,FLAIR,7,7,Visually Similar,Retain - Shows Structural Variation
data/raw/mri_images/DWI/MRI00155.png,data/raw/mri_images/FLAIR/MRI00082.png,mri,DWI,FLAIR,8,4,Visually Similar,Retain - Shows Structural Variation
data/raw/mri_images/DWI/MRI00155.png,data/raw/mri_images/FLAIR/MRI00084.png,mri,DWI,FLAIR,7,4,Visually Similar,Retain - Shows Structural Variation
data/raw/mri_images/DWI/MRI00155.png,data/raw/mri_images/FLAIR/MRI00089.png,mri,DWI,FLAIR,2,3,Near Duplicate,Document & Evaluate Similarity Threshold
data/raw/mri_images/DWI/MRI00155.png,data/raw/mri_images/FLAIR/MRI00090.png,mri,DWI,FLAIR,7,6,Visually Similar,Retain - Shows Structural Variation
data/raw/mri_images/DWI/MRI00155.png,data/raw/mri_images/FLAIR/MRI00092.png,mri,DWI,FLAIR,7,4,Visually Similar,Retain - Shows Structural Variation
data/raw/mri_images/DWI/MRI00155.png,data/raw/mri_images/FLAIR/MRI00095.png,mri,DWI,FLAIR,10,5,Visually Similar,Retain - Shows Structural Variation
data/raw/mri_images/DWI/MRI00155.png,data/raw/mri_images/FLAIR/MRI00096.png,mri,DWI,FLAIR,7,8,Visually Similar,Retain - Shows Structural Variation
data/raw/mri_images/DWI/MRI00155.png,data/raw/mri_images/FLAIR/MRI00097.png,mri,DWI,FLAIR,9,8,Visually Similar,Retain - Shows Structural Variation
data/raw/mri_images/DWI/MRI00155.png,data/raw/mri_images/FLAIR/MRI00098.png,mri,DWI,FLAIR,8,6,Visually Similar,Retain - Shows Structural Variation
data/raw/mri_images/DWI/MRI00155.png,data/raw/mri_images/FLAIR/MRI00100.png,mri,DWI,FLAIR,7,9,Visually Similar,Retain - Shows Structural Variation
data/raw/mri_images/DWI/MRI00155.png,data/raw/mri_images/FLAIR/MRI00101.png,mri,DWI,FLAIR,7,5,Visually Similar,Retain - Shows Structural Variation
data/raw/mri_images/DWI/MRI00155.png,data/raw/mri_images/FLAIR/MRI00105.png,mri,DWI,FLAIR,5,6,Visually Similar,Retain - Shows Structural Variation
data/raw/mri_images/DWI/MRI00155.png,data/raw/mri_images/FLAIR/MRI00106.png,mri,DWI,FLAIR,9,3,Visually Similar,Retain - Shows Structural Variation
data/raw/mri_images/DWI/MRI00155.png,data/raw/mri_images/FLAIR/MRI00109.png,mri,DWI,FLAIR,6,5,Visually Similar,Retain - Shows Structural Variation
data/raw/mri_images/DWI/MRI00155.png,data/raw/mri_images/FLAIR/MRI00110.png,mri,DWI,FLAIR,10,6,Visually Similar,Retain - Shows Structural Variation
data/raw/mri_images/DWI/MRI00155.png,data/raw/mri_images/FLAIR/MRI00115.png,mri,DWI,FLAIR,10,5,Visually Similar,Retain - Shows Structural Variation
data/raw/mri_images/DWI/MRI00155.png,data/raw/mri_images/FLAIR/MRI00116.png,mri,DWI,FLAIR,2,3,Near Duplicate,Document & Evaluate Similarity Threshold
data/raw/mri_images/DWI/MRI00155.png,data/raw/mri_images/FLAIR/MRI00120.png,mri,DWI,FLAIR,10,7,Visually Similar,Retain - Shows Structural Variation
data/raw/mri_images/DWI/MRI00155.png,data/raw/mri_images/T2/MRI00041.png,mri,DWI,T2,9,17,Visually Similar,Retain - Shows Structural Variation
data/raw/mri_images/DWI/MRI00155.png,data/raw/mri_images/T2/MRI00056.png,mri,DWI,T2,10,15,Visually Similar,Retain - Shows Structural Variation
data/raw/mri_images/DWI/MRI00155.png,data/raw/mri_images/T2/MRI00067.png,mri,DWI,T2,10,17,Visually Similar,Retain - Shows Structural Variation
data/raw/mri_images/DWI/MRI00155.png,data/raw/mri_images/T2/MRI00073.png,mri,DWI,T2,9,14,Visually Similar,Retain - Shows Structural Variation
data/raw/mri_images/DWI/MRI00155.png,data/raw/mri_images/T2/MRI00078.png,mri,DWI,T2,10,17,Visually Similar,Retain - Shows Structural Variation
data/raw/mri_images/DWI/MRI00156.png,data/raw/mri_images/DWI/MRI00158.png,mri,DWI,DWI,10,6,Visually Similar,Retain - Shows Structural Variation
data/raw/mri_images/DWI/MRI00156.png,data/raw/mri_images/DWI/MRI00159.png,mri,DWI,DWI,10,5,Visually Similar,Retain - Shows Structural Variation
data/raw/mri_images/DWI/MRI00156.png,data/raw/mri_images/FLAIR/MRI00081.png,mri,DWI,FLAIR,9,5,Visually Similar,Retain - Shows Structural Variation
data/raw/mri_images/DWI/MRI00156.png,data/raw/mri_images/FLAIR/MRI00082.png,mri,DWI,FLAIR,8,4,Visually Similar,Retain - Shows Structural Variation
data/raw/mri_images/DWI/MRI00156.png,data/raw/mri_images/FLAIR/MRI00083.png,mri,DWI,FLAIR,7,7,Visually Similar,Retain - Shows Structural Variation
data/raw/mri_images/DWI/MRI00156.png,data/raw/mri_images/FLAIR/MRI00085.png,mri,DWI,FLAIR,7,7,Visually Similar,Retain - Shows Structural Variation
data/raw/mri_images/DWI/MRI00156.png,data/raw/mri_images/FLAIR/MRI00086.png,mri,DWI,FLAIR,9,8,Visually Similar,Retain - Shows Structural Variation
data/raw/mri_images/DWI/MRI00156.png,data/raw/mri_images/FLAIR/MRI00090.png,mri,DWI,FLAIR,9,4,Visually Similar,Retain - Shows Structural Variation
data/raw/mri_images/DWI/MRI00156.png,data/raw/mri_images/FLAIR/MRI00093.png,mri,DWI,FLAIR,7,11,Visually Similar,Retain - Shows Structural Variation
data/raw/mri_images/DWI/MRI00156.png,data/raw/mri_images/FLAIR/MRI00094.png,mri,DWI,FLAIR,6,6,Visually Similar,Retain - Shows Structural Variation
data/raw/mri_images/DWI/MRI00156.png,data/raw/mri_images/FLAIR/MRI00095.png,mri,DWI,FLAIR,4,5,Near Duplicate,Document & Evaluate Similarity Threshold
data/raw/mri_images/DWI/MRI00156.png,data/raw/mri_images/FLAIR/MRI00097.png,mri,DWI,FLAIR,9,6,Visually Similar,Retain - Shows Structural Variation
data/raw/mri_images/DWI/MRI00156.png,data/raw/mri_images/FLAIR/MRI00101.png,mri,DWI,FLAIR,7,7,Visually Similar,Retain - Shows Structural Variation
data/raw/mri_images/DWI/MRI00156.png,data/raw/mri_images/FLAIR/MRI00102.png,mri,DWI,FLAIR,4,4,Near Duplicate,Document & Evaluate Similarity Threshold
data/raw/mri_images/DWI/MRI00156.png,data/raw/mri_images/FLAIR/MRI00103.png,mri,DWI,FLAIR,10,9,Visually Similar,Retain - Shows Structural Variation
data/raw/mri_images/DWI/MRI00156.png,data/raw/mri_images/FLAIR/MRI00106.png,mri,DWI,FLAIR,9,5,Visually Similar,Retain - Shows Structural Variation
data/raw/mri_images/DWI/MRI00156.png,data/raw/mri_images/FLAIR/MRI00108.png,mri,DWI,FLAIR,2,7,Near Duplicate,Document & Evaluate Similarity Threshold
data/raw/mri_images/DWI/MRI00156.png,data/raw/mri_images/FLAIR/MRI00109.png,mri,DWI,FLAIR,10,9,Visually Similar,Retain - Shows Structural Variation
data/raw/mri_images/DWI/MRI00156.png,data/raw/mri_images/FLAIR/MRI00110.png,mri,DWI,FLAIR,4,6,Near Duplicate,Document & Evaluate Similarity Threshold
data/raw/mri_images/DWI/MRI00156.png,data/raw/mri_images/FLAIR/MRI00115.png,mri,DWI,FLAIR,8,5,Visually Similar,Retain - Shows Structural Variation
data/raw/mri_images/DWI/MRI00156.png,data/raw/mri_images/FLAIR/MRI00118.png,mri,DWI,FLAIR,10,9,Visually Similar,Retain - Shows Structural Variation
data/raw/mri_images/DWI/MRI00156.png,data/raw/mri_images/FLAIR/MRI00120.png,mri,DWI,FLAIR,4,5,Near Duplicate,Document & Evaluate Similarity Threshold
data/raw/mri_images/DWI/MRI00156.png,data/raw/mri_images/T2/MRI00045.png,mri,DWI,T2,10,7,Visually Similar,Retain - Shows Structural Variation
data/raw/mri_images/DWI/MRI00156.png,data/raw/mri_images/T2/MRI00053.png,mri,DWI,T2,9,11,Visually Similar,Retain - Shows Structural Variation
data/raw/mri_images/DWI/MRI00156.png,data/raw/mri_images/T2/MRI00065.png,mri,DWI,T2,9,9,Visually Similar,Retain - Shows Structural Variation
data/raw/mri_images/DWI/MRI00156.png,data/raw/mri_images/T2/MRI00066.png,mri,DWI,T2,9,9,Visually Similar,Retain - Shows Structural Variation
data/raw/mri_images/DWI/MRI00157.png,data/raw/mri_images/DWI/MRI00158.png,mri,DWI,DWI,10,9,Visually Similar,Retain - Shows Structural Variation
data/raw/mri_images/DWI/MRI00157.png,data/raw/mri_images/DWI/MRI00160.png,mri,DWI,DWI,5,4,Visually Similar,Retain - Shows Structural Variation
data/raw/mri_images/DWI/MRI00157.png,data/raw/mri_images/FLAIR/MRI00081.png,mri,DWI,FLAIR,9,6,Visually Similar,Retain - Shows Structural Variation
data/raw/mri_images/DWI/MRI00157.png,data/raw/mri_images/FLAIR/MRI00082.png,mri,DWI,FLAIR,8,1,Visually Similar,Retain - Shows Structural Variation
data/raw/mri_images/DWI/MRI00157.png,data/raw/mri_images/FLAIR/MRI00084.png,mri,DWI,FLAIR,5,1,Visually Similar,Retain - Shows Structural Variation
data/raw/mri_images/DWI/MRI00157.png,data/raw/mri_images/FLAIR/MRI00086.png,mri,DWI,FLAIR,9,5,Visually Similar,Retain - Shows Structural Variation
data/raw/mri_images/DWI/MRI00157.png,data/raw/mri_images/FLAIR/MRI00089.png,mri,DWI,FLAIR,0,2,Exact Duplicate,Keep Representative / Purge Duplicate
data/raw/mri_images/DWI/MRI00157.png,data/raw/mri_images/FLAIR/MRI00090.png,mri,DWI,FLAIR,9,5,Visually Similar,Retain - Shows Structural Variation
data/raw/mri_images/DWI/MRI00157.png,data/raw/mri_images/FLAIR/MRI00092.png,mri,DWI,FLAIR,5,1,Visually Similar,Retain - Shows Structural Variation
data/raw/mri_images/DWI/MRI00157.png,data/raw/mri_images/FLAIR/MRI00095.png,mri,DWI,FLAIR,10,4,Visually Similar,Retain - Shows Structural Variation
data/raw/mri_images/DWI/MRI00157.png,data/raw/mri_images/FLAIR/MRI00096.png,mri,DWI,FLAIR,5,5,Visually Similar,Retain - Shows Structural Variation
data/raw/mri_images/DWI/MRI00157.png,data/raw/mri_images/FLAIR/MRI00097.png,mri,DWI,FLAIR,9,7,Visually Similar,Retain - Shows Structural Variation
data/raw/mri_images/DWI/MRI00157.png,data/raw/mri_images/FLAIR/MRI00098.png,mri,DWI,FLAIR,6,5,Visually Similar,Retain - Shows Structural Variation
data/raw/mri_images/DWI/MRI00157.png,data/raw/mri_images/FLAIR/MRI00100.png,mri,DWI,FLAIR,5,6,Visually Similar,Retain - Shows Structural Variation
data/raw/mri_images/DWI/MRI00157.png,data/raw/mri_images/FLAIR/MRI00101.png,mri,DWI,FLAIR,7,4,Visually Similar,Retain - Shows Structural Variation
data/raw/mri_images/DWI/MRI00157.png,data/raw/mri_images/FLAIR/MRI00105.png,mri,DWI,FLAIR,3,7,Near Duplicate,Document & Evaluate Similarity Threshold
data/raw/mri_images/DWI/MRI00157.png,data/raw/mri_images/FLAIR/MRI00106.png,mri,DWI,FLAIR,9,2,Visually Similar,Retain - Shows Structural Variation
data/raw/mri_images/DWI/MRI00157.png,data/raw/mri_images/FLAIR/MRI00109.png,mri,DWI,FLAIR,8,6,Visually Similar,Retain - Shows Structural Variation
data/raw/mri_images/DWI/MRI00157.png,data/raw/mri_images/FLAIR/MRI00110.png,mri,DWI,FLAIR,10,5,Visually Similar,Retain - Shows Structural Variation
data/raw/mri_images/DWI/MRI00157.png,data/raw/mri_images/FLAIR/MRI00115.png,mri,DWI,FLAIR,8,2,Visually Similar,Retain - Shows Structural Variation
data/raw/mri_images/DWI/MRI00157.png,data/raw/mri_images/FLAIR/MRI00116.png,mri,DWI,FLAIR,0,4,Exact Duplicate,Keep Representative / Purge Duplicate
data/raw/mri_images/DWI/MRI00157.png,data/raw/mri_images/FLAIR/MRI00118.png,mri,DWI,FLAIR,10,6,Visually Similar,Retain - Shows Structural Variation
data/raw/mri_images/DWI/MRI00157.png,data/raw/mri_images/FLAIR/MRI00120.png,mri,DWI,FLAIR,10,4,Visually Similar,Retain - Shows Structural Variation
data/raw/mri_images/DWI/MRI00157.png,data/raw/mri_images/T2/MRI00041.png,mri,DWI,T2,7,16,Visually Similar,Retain - Shows Structural Variation
data/raw/mri_images/DWI/MRI00157.png,data/raw/mri_images/T2/MRI00056.png,mri,DWI,T2,10,12,Visually Similar,Retain - Shows Structural Variation
data/raw/mri_images/DWI/MRI00157.png,data/raw/mri_images/T2/MRI00067.png,mri,DWI,T2,10,16,Visually Similar,Retain - Shows Structural Variation
data/raw/mri_images/DWI/MRI00157.png,data/raw/mri_images/T2/MRI00073.png,mri,DWI,T2,9,15,Visually Similar,Retain - Shows Structural Variation
data/raw/mri_images/DWI/MRI00157.png,data/raw/mri_images/T2/MRI00078.png,mri,DWI,T2,10,14,Visually Similar,Retain - Shows Structural Variation
data/raw/mri_images/DWI/MRI00158.png,data/raw/mri_images/FLAIR/MRI00081.png,mri,DWI,FLAIR,1,5,Near Duplicate,Document & Evaluate Similarity Threshold
data/raw/mri_images/DWI/MRI00158.png,data/raw/mri_images/FLAIR/MRI00086.png,mri,DWI,FLAIR,7,8,Visually Similar,Retain - Shows Structural Variation
data/raw/mri_images/DWI/MRI00158.png,data/raw/mri_images/FLAIR/MRI00089.png,mri,DWI,FLAIR,10,9,Visually Similar,Retain - Shows Structural Variation
data/raw/mri_images/DWI/MRI00158.png,data/raw/mri_images/FLAIR/MRI00090.png,mri,DWI,FLAIR,1,4,Near Duplicate,Document & Evaluate Similarity Threshold
data/raw/mri_images/DWI/MRI00158.png,data/raw/mri_images/FLAIR/MRI00093.png,mri,DWI,FLAIR,7,7,Visually Similar,Retain - Shows Structural Variation
data/raw/mri_images/DWI/MRI00158.png,data/raw/mri_images/FLAIR/MRI00094.png,mri,DWI,FLAIR,10,4,Visually Similar,Retain - Shows Structural Variation
data/raw/mri_images/DWI/MRI00158.png,data/raw/mri_images/FLAIR/MRI00095.png,mri,DWI,FLAIR,6,5,Visually Similar,Retain - Shows Structural Variation
data/raw/mri_images/DWI/MRI00158.png,data/raw/mri_images/FLAIR/MRI00097.png,mri,DWI,FLAIR,3,4,Near Duplicate,Document & Evaluate Similarity Threshold
data/raw/mri_images/DWI/MRI00158.png,data/raw/mri_images/FLAIR/MRI00098.png,mri,DWI,FLAIR,8,6,Visually Similar,Retain - Shows Structural Variation
data/raw/mri_images/DWI/MRI00158.png,data/raw/mri_images/FLAIR/MRI00099.png,mri,DWI,FLAIR,10,3,Visually Similar,Retain - Shows Structural Variation
data/raw/mri_images/DWI/MRI00158.png,data/raw/mri_images/FLAIR/MRI00101.png,mri,DWI,FLAIR,3,7,Near Duplicate,Document & Evaluate Similarity Threshold
data/raw/mri_images/DWI/MRI00158.png,data/raw/mri_images/FLAIR/MRI00104.png,mri,DWI,FLAIR,10,3,Visually Similar,Retain - Shows Structural Variation
data/raw/mri_images/DWI/MRI00158.png,data/raw/mri_images/FLAIR/MRI00105.png,mri,DWI,FLAIR,9,10,Visually Similar,Retain - Shows Structural Variation
data/raw/mri_images/DWI/MRI00158.png,data/raw/mri_images/FLAIR/MRI00106.png,mri,DWI,FLAIR,7,7,Visually Similar,Retain - Shows Structural Variation
data/raw/mri_images/DWI/MRI00158.png,data/raw/mri_images/FLAIR/MRI00108.png,mri,DWI,FLAIR,10,7,Visually Similar,Retain - Shows Structural Variation
data/raw/mri_images/DWI/MRI00158.png,data/raw/mri_images/FLAIR/MRI00109.png,mri,DWI,FLAIR,2,7,Near Duplicate,Document & Evaluate Similarity Threshold
data/raw/mri_images/DWI/MRI00158.png,data/raw/mri_images/FLAIR/MRI00110.png,mri,DWI,FLAIR,8,6,Visually Similar,Retain - Shows Structural Variation
data/raw/mri_images/DWI/MRI00158.png,data/raw/mri_images/FLAIR/MRI00112.png,mri,DWI,FLAIR,10,4,Visually Similar,Retain - Shows Structural Variation
data/raw/mri_images/DWI/MRI00158.png,data/raw/mri_images/FLAIR/MRI00116.png,mri,DWI,FLAIR,10,7,Visually Similar,Retain - Shows Structural Variation
data/raw/mri_images/DWI/MRI00158.png,data/raw/mri_images/FLAIR/MRI00118.png,mri,DWI,FLAIR,8,9,Visually Similar,Retain - Shows Structural Variation
data/raw/mri_images/DWI/MRI00158.png,data/raw/mri_images/FLAIR/MRI00120.png,mri,DWI,FLAIR,6,7,Visually Similar,Retain - Shows Structural Variation
data/raw/mri_images/DWI/MRI00158.png,data/raw/mri_images/T2/MRI00045.png,mri,DWI,T2,10,11,Visually Similar,Retain - Shows Structural Variation
data/raw/mri_images/DWI/MRI00158.png,data/raw/mri_images/T2/MRI00048.png,mri,DWI,T2,10,10,Visually Similar,Retain - Shows Structural Variation
data/raw/mri_images/DWI/MRI00158.png,data/raw/mri_images/T2/MRI00052.png,mri,DWI,T2,9,12,Visually Similar,Retain - Shows Structural Variation
data/raw/mri_images/DWI/MRI00158.png,data/raw/mri_images/T2/MRI00058.png,mri,DWI,T2,9,12,Visually Similar,Retain - Shows Structural Variation
data/raw/mri_images/DWI/MRI00158.png,data/raw/mri_images/T2/MRI00063.png,mri,DWI,T2,7,10,Visually Similar,Retain - Shows Structural Variation
data/raw/mri_images/DWI/MRI00159.png,data/raw/mri_images/FLAIR/MRI00083.png,mri,DWI,FLAIR,5,4,Visually Similar,Retain - Shows Structural Variation
data/raw/mri_images/DWI/MRI00159.png,data/raw/mri_images/FLAIR/MRI00087.png,mri,DWI,FLAIR,4,4,Near Duplicate,Document & Evaluate Similarity Threshold
data/raw/mri_images/DWI/MRI00159.png,data/raw/mri_images/FLAIR/MRI00088.png,mri,DWI,FLAIR,9,4,Visually Similar,Retain - Shows Structural Variation
data/raw/mri_images/DWI/MRI00159.png,data/raw/mri_images/FLAIR/MRI00095.png,mri,DWI,FLAIR,8,4,Visually Similar,Retain - Shows Structural Variation
data/raw/mri_images/DWI/MRI00159.png,data/raw/mri_images/FLAIR/MRI00097.png,mri,DWI,FLAIR,9,5,Visually Similar,Retain - Shows Structural Variation
data/raw/mri_images/DWI/MRI00159.png,data/raw/mri_images/FLAIR/MRI00099.png,mri,DWI,FLAIR,4,4,Near Duplicate,Document & Evaluate Similarity Threshold
data/raw/mri_images/DWI/MRI00159.png,data/raw/mri_images/FLAIR/MRI00101.png,mri,DWI,FLAIR,9,4,Visually Similar,Retain - Shows Structural Variation
data/raw/mri_images/DWI/MRI00159.png,data/raw/mri_images/FLAIR/MRI00102.png,mri,DWI,FLAIR,6,3,Visually Similar,Retain - Shows Structural Variation
data/raw/mri_images/DWI/MRI00159.png,data/raw/mri_images/FLAIR/MRI00104.png,mri,DWI,FLAIR,4,4,Near Duplicate,Document & Evaluate Similarity Threshold
data/raw/mri_images/DWI/MRI00159.png,data/raw/mri_images/FLAIR/MRI00107.png,mri,DWI,FLAIR,5,5,Visually Similar,Retain - Shows Structural Variation
data/raw/mri_images/DWI/MRI00159.png,data/raw/mri_images/FLAIR/MRI00110.png,mri,DWI,FLAIR,10,5,Visually Similar,Retain - Shows Structural Variation
data/raw/mri_images/DWI/MRI00159.png,data/raw/mri_images/FLAIR/MRI00111.png,mri,DWI,FLAIR,10,6,Visually Similar,Retain - Shows Structural Variation
data/raw/mri_images/DWI/MRI00159.png,data/raw/mri_images/FLAIR/MRI00112.png,mri,DWI,FLAIR,6,3,Visually Similar,Retain - Shows Structural Variation
data/raw/mri_images/DWI/MRI00159.png,data/raw/mri_images/FLAIR/MRI00113.png,mri,DWI,FLAIR,10,7,Visually Similar,Retain - Shows Structural Variation
data/raw/mri_images/DWI/MRI00159.png,data/raw/mri_images/FLAIR/MRI00114.png,mri,DWI,FLAIR,4,4,Near Duplicate,Document & Evaluate Similarity Threshold
data/raw/mri_images/DWI/MRI00159.png,data/raw/mri_images/FLAIR/MRI00117.png,mri,DWI,FLAIR,7,3,Visually Similar,Retain - Shows Structural Variation
data/raw/mri_images/DWI/MRI00159.png,data/raw/mri_images/FLAIR/MRI00119.png,mri,DWI,FLAIR,7,4,Visually Similar,Retain - Shows Structural Variation
data/raw/mri_images/DWI/MRI00159.png,data/raw/mri_images/FLAIR/MRI00120.png,mri,DWI,FLAIR,10,6,Visually Similar,Retain - Shows Structural Variation
data/raw/mri_images/DWI/MRI00159.png,data/raw/mri_images/T2/MRI00049.png,mri,DWI,T2,9,12,Visually Similar,Retain - Shows Structural Variation
data/raw/mri_images/DWI/MRI00159.png,data/raw/mri_images/T2/MRI00055.png,mri,DWI,T2,10,12,Visually Similar,Retain - Shows Structural Variation
data/raw/mri_images/DWI/MRI00159.png,data/raw/mri_images/T2/MRI00072.png,mri,DWI,T2,9,10,Visually Similar,Retain - Shows Structural Variation
data/raw/mri_images/DWI/MRI00160.png,data/raw/mri_images/FLAIR/MRI00082.png,mri,DWI,FLAIR,5,5,Visually Similar,Retain - Shows Structural Variation
data/raw/mri_images/DWI/MRI00160.png,data/raw/mri_images/FLAIR/MRI00084.png,mri,DWI,FLAIR,2,5,Near Duplicate,Document & Evaluate Similarity Threshold
data/raw/mri_images/DWI/MRI00160.png,data/raw/mri_images/FLAIR/MRI00085.png,mri,DWI,FLAIR,10,8,Visually Similar,Retain - Shows Structural Variation
data/raw/mri_images/DWI/MRI00160.png,data/raw/mri_images/FLAIR/MRI00086.png,mri,DWI,FLAIR,10,3,Visually Similar,Retain - Shows Structural Variation
data/raw/mri_images/DWI/MRI00160.png,data/raw/mri_images/FLAIR/MRI00089.png,mri,DWI,FLAIR,5,4,Visually Similar,Retain - Shows Structural Variation
data/raw/mri_images/DWI/MRI00160.png,data/raw/mri_images/FLAIR/MRI00091.png,mri,DWI,FLAIR,6,5,Visually Similar,Retain - Shows Structural Variation
data/raw/mri_images/DWI/MRI00160.png,data/raw/mri_images/FLAIR/MRI00092.png,mri,DWI,FLAIR,0,5,Exact Duplicate,Keep Representative / Purge Duplicate
data/raw/mri_images/DWI/MRI00160.png,data/raw/mri_images/FLAIR/MRI00093.png,mri,DWI,FLAIR,10,6,Visually Similar,Retain - Shows Structural Variation
data/raw/mri_images/DWI/MRI00160.png,data/raw/mri_images/FLAIR/MRI00095.png,mri,DWI,FLAIR,9,8,Visually Similar,Retain - Shows Structural Variation
data/raw/mri_images/DWI/MRI00160.png,data/raw/mri_images/FLAIR/MRI00096.png,mri,DWI,FLAIR,0,5,Exact Duplicate,Keep Representative / Purge Duplicate
data/raw/mri_images/DWI/MRI00160.png,data/raw/mri_images/FLAIR/MRI00098.png,mri,DWI,FLAIR,9,7,Visually Similar,Retain - Shows Structural Variation
data/raw/mri_images/DWI/MRI00160.png,data/raw/mri_images/FLAIR/MRI00100.png,mri,DWI,FLAIR,2,4,Near Duplicate,Document & Evaluate Similarity Threshold
data/raw/mri_images/DWI/MRI00160.png,data/raw/mri_images/FLAIR/MRI00105.png,mri,DWI,FLAIR,8,5,Visually Similar,Retain - Shows Structural Variation
data/raw/mri_images/DWI/MRI00160.png,data/raw/mri_images/FLAIR/MRI00108.png,mri,DWI,FLAIR,9,4,Visually Similar,Retain - Shows Structural Variation
data/raw/mri_images/DWI/MRI00160.png,data/raw/mri_images/FLAIR/MRI00110.png,mri,DWI,FLAIR,7,7,Visually Similar,Retain - Shows Structural Variation
data/raw/mri_images/DWI/MRI00160.png,data/raw/mri_images/FLAIR/MRI00115.png,mri,DWI,FLAIR,5,6,Visually Similar,Retain - Shows Structural Variation
data/raw/mri_images/DWI/MRI00160.png,data/raw/mri_images/FLAIR/MRI00116.png,mri,DWI,FLAIR,5,6,Visually Similar,Retain - Shows Structural Variation
data/raw/mri_images/DWI/MRI00160.png,data/raw/mri_images/FLAIR/MRI00120.png,mri,DWI,FLAIR,9,8,Visually Similar,Retain - Shows Structural Variation
data/raw/mri_images/DWI/MRI00160.png,data/raw/mri_images/T2/MRI00041.png,mri,DWI,T2,10,14,Visually Similar,Retain - Shows Structural Variation
data/raw/mri_images/DWI/MRI00160.png,data/raw/mri_images/T2/MRI00056.png,mri,DWI,T2,9,14,Visually Similar,Retain - Shows Structural Variation
data/raw/mri_images/FLAIR/MRI00081.png,data/raw/mri_images/FLAIR/MRI00085.png,mri,FLAIR,FLAIR,10,2,Visually Similar,Retain - Shows Structural Variation
data/raw/mri_images/FLAIR/MRI00081.png,data/raw/mri_images/FLAIR/MRI00086.png,mri,FLAIR,FLAIR,8,9,Visually Similar,Retain - Shows Structural Variation
data/raw/mri_images/FLAIR/MRI00081.png,data/raw/mri_images/FLAIR/MRI00089.png,mri,FLAIR,FLAIR,9,6,Visually Similar,Retain - Shows Structural Variation
data/raw/mri_images/FLAIR/MRI00081.png,data/raw/mri_images/FLAIR/MRI00090.png,mri,FLAIR,FLAIR,0,1,Exact Duplicate,Keep Representative / Purge Duplicate
data/raw/mri_images/FLAIR/MRI00081.png,data/raw/mri_images/FLAIR/MRI00093.png,mri,FLAIR,FLAIR,8,8,Visually Similar,Retain - Shows Structural Variation
data/raw/mri_images/FLAIR/MRI00081.png,data/raw/mri_images/FLAIR/MRI00094.png,mri,FLAIR,FLAIR,9,3,Visually Similar,Retain - Shows Structural Variation
data/raw/mri_images/FLAIR/MRI00081.png,data/raw/mri_images/FLAIR/MRI00095.png,mri,FLAIR,FLAIR,5,2,Visually Similar,Retain - Shows Structural Variation
data/raw/mri_images/FLAIR/MRI00081.png,data/raw/mri_images/FLAIR/MRI00097.png,mri,FLAIR,FLAIR,2,1,Near Duplicate,Document & Evaluate Similarity Threshold
data/raw/mri_images/FLAIR/MRI00081.png,data/raw/mri_images/FLAIR/MRI00098.png,mri,FLAIR,FLAIR,7,3,Visually Similar,Retain - Shows Structural Variation
data/raw/mri_images/FLAIR/MRI00081.png,data/raw/mri_images/FLAIR/MRI00099.png,mri,FLAIR,FLAIR,9,2,Visually Similar,Retain - Shows Structural Variation
data/raw/mri_images/FLAIR/MRI00081.png,data/raw/mri_images/FLAIR/MRI00101.png,mri,FLAIR,FLAIR,2,4,Near Duplicate,Document & Evaluate Similarity Threshold
data/raw/mri_images/FLAIR/MRI00081.png,data/raw/mri_images/FLAIR/MRI00104.png,mri,FLAIR,FLAIR,9,2,Visually Similar,Retain - Shows Structural Variation
data/raw/mri_images/FLAIR/MRI00081.png,data/raw/mri_images/FLAIR/MRI00105.png,mri,FLAIR,FLAIR,10,11,Visually Similar,Retain - Shows Structural Variation
data/raw/mri_images/FLAIR/MRI00081.png,data/raw/mri_images/FLAIR/MRI00106.png,mri,FLAIR,FLAIR,6,4,Visually Similar,Retain - Shows Structural Variation
data/raw/mri_images/FLAIR/MRI00081.png,data/raw/mri_images/FLAIR/MRI00108.png,mri,FLAIR,FLAIR,9,6,Visually Similar,Retain - Shows Structural Variation
data/raw/mri_images/FLAIR/MRI00081.png,data/raw/mri_images/FLAIR/MRI00109.png,mri,FLAIR,FLAIR,1,4,Near Duplicate,Document & Evaluate Similarity Threshold
data/raw/mri_images/FLAIR/MRI00081.png,data/raw/mri_images/FLAIR/MRI00110.png,mri,FLAIR,FLAIR,7,3,Visually Similar,Retain - Shows Structural Variation
data/raw/mri_images/FLAIR/MRI00081.png,data/raw/mri_images/FLAIR/MRI00116.png,mri,FLAIR,FLAIR,9,6,Visually Similar,Retain - Shows Structural Variation
data/raw/mri_images/FLAIR/MRI00081.png,data/raw/mri_images/FLAIR/MRI00118.png,mri,FLAIR,FLAIR,9,8,Visually Similar,Retain - Shows Structural Variation
data/raw/mri_images/FLAIR/MRI00081.png,data/raw/mri_images/FLAIR/MRI00120.png,mri,FLAIR,FLAIR,5,2,Visually Similar,Retain - Shows Structural Variation
data/raw/mri_images/FLAIR/MRI00081.png,data/raw/mri_images/T2/MRI00041.png,mri,FLAIR,T2,10,12,Visually Similar,Retain - Shows Structural Variation
data/raw/mri_images/FLAIR/MRI00081.png,data/raw/mri_images/T2/MRI00045.png,mri,FLAIR,T2,9,10,Visually Similar,Retain - Shows Structural Variation
data/raw/mri_images/FLAIR/MRI00081.png,data/raw/mri_images/T2/MRI00052.png,mri,FLAIR,T2,8,11,Visually Similar,Retain - Shows Structural Variation
data/raw/mri_images/FLAIR/MRI00081.png,data/raw/mri_images/T2/MRI00058.png,mri,FLAIR,T2,10,15,Visually Similar,Retain - Shows Structural Variation
data/raw/mri_images/FLAIR/MRI00081.png,data/raw/mri_images/T2/MRI00063.png,mri,FLAIR,T2,8,13,Visually Similar,Retain - Shows Structural Variation
data/raw/mri_images/FLAIR/MRI00081.png,data/raw/mri_images/T2/MRI00072.png,mri,FLAIR,T2,10,10,Visually Similar,Retain - Shows Structural Variation
data/raw/mri_images/FLAIR/MRI00081.png,data/raw/mri_images/T2/MRI00075.png,mri,FLAIR,T2,10,9,Visually Similar,Retain - Shows Structural Variation
data/raw/mri_images/FLAIR/MRI00082.png,data/raw/mri_images/FLAIR/MRI00084.png,mri,FLAIR,FLAIR,5,0,Visually Similar,Retain - Shows Structural Variation
data/raw/mri_images/FLAIR/MRI00082.png,data/raw/mri_images/FLAIR/MRI00085.png,mri,FLAIR,FLAIR,5,3,Visually Similar,Retain - Shows Structural Variation
data/raw/mri_images/FLAIR/MRI00082.png,data/raw/mri_images/FLAIR/MRI00086.png,mri,FLAIR,FLAIR,9,4,Visually Similar,Retain - Shows Structural Variation
data/raw/mri_images/FLAIR/MRI00082.png,data/raw/mri_images/FLAIR/MRI00089.png,mri,FLAIR,FLAIR,8,3,Visually Similar,Retain - Shows Structural Variation
data/raw/mri_images/FLAIR/MRI00082.png,data/raw/mri_images/FLAIR/MRI00092.png,mri,FLAIR,FLAIR,5,0,Visually Similar,Retain - Shows Structural Variation
data/raw/mri_images/FLAIR/MRI00082.png,data/raw/mri_images/FLAIR/MRI00093.png,mri,FLAIR,FLAIR,9,7,Visually Similar,Retain - Shows Structural Variation
data/raw/mri_images/FLAIR/MRI00082.png,data/raw/mri_images/FLAIR/MRI00094.png,mri,FLAIR,FLAIR,8,6,Visually Similar,Retain - Shows Structural Variation
data/raw/mri_images/FLAIR/MRI00082.png,data/raw/mri_images/FLAIR/MRI00095.png,mri,FLAIR,FLAIR,6,3,Visually Similar,Retain - Shows Structural Variation
data/raw/mri_images/FLAIR/MRI00082.png,data/raw/mri_images/FLAIR/MRI00096.png,mri,FLAIR,FLAIR,5,4,Visually Similar,Retain - Shows Structural Variation
data/raw/mri_images/FLAIR/MRI00082.png,data/raw/mri_images/FLAIR/MRI00100.png,mri,FLAIR,FLAIR,7,5,Visually Similar,Retain - Shows Structural Variation
data/raw/mri_images/FLAIR/MRI00082.png,data/raw/mri_images/FLAIR/MRI00101.png,mri,FLAIR,FLAIR,9,3,Visually Similar,Retain - Shows Structural Variation
data/raw/mri_images/FLAIR/MRI00082.png,data/raw/mri_images/FLAIR/MRI00102.png,mri,FLAIR,FLAIR,10,4,Visually Similar,Retain - Shows Structural Variation
data/raw/mri_images/FLAIR/MRI00082.png,data/raw/mri_images/FLAIR/MRI00103.png,mri,FLAIR,FLAIR,10,7,Visually Similar,Retain - Shows Structural Variation
data/raw/mri_images/FLAIR/MRI00082.png,data/raw/mri_images/FLAIR/MRI00106.png,mri,FLAIR,FLAIR,7,1,Visually Similar,Retain - Shows Structural Variation
data/raw/mri_images/FLAIR/MRI00082.png,data/raw/mri_images/FLAIR/MRI00108.png,mri,FLAIR,FLAIR,6,3,Visually Similar,Retain - Shows Structural Variation
data/raw/mri_images/FLAIR/MRI00082.png,data/raw/mri_images/FLAIR/MRI00110.png,mri,FLAIR,FLAIR,4,4,Near Duplicate,Document & Evaluate Similarity Threshold
data/raw/mri_images/FLAIR/MRI00082.png,data/raw/mri_images/FLAIR/MRI00115.png,mri,FLAIR,FLAIR,4,1,Near Duplicate,Document & Evaluate Similarity Threshold
data/raw/mri_images/FLAIR/MRI00082.png,data/raw/mri_images/FLAIR/MRI00116.png,mri,FLAIR,FLAIR,8,5,Visually Similar,Retain - Shows Structural Variation
data/raw/mri_images/FLAIR/MRI00082.png,data/raw/mri_images/FLAIR/MRI00118.png,mri,FLAIR,FLAIR,10,5,Visually Similar,Retain - Shows Structural Variation
data/raw/mri_images/FLAIR/MRI00082.png,data/raw/mri_images/FLAIR/MRI00120.png,mri,FLAIR,FLAIR,6,3,Visually Similar,Retain - Shows Structural Variation
data/raw/mri_images/FLAIR/MRI00082.png,data/raw/mri_images/T2/MRI00056.png,mri,FLAIR,T2,8,11,Visually Similar,Retain - Shows Structural Variation
data/raw/mri_images/FLAIR/MRI00082.png,data/raw/mri_images/T2/MRI00078.png,mri,FLAIR,T2,10,13,Visually Similar,Retain - Shows Structural Variation
data/raw/mri_images/FLAIR/MRI00083.png,data/raw/mri_images/FLAIR/MRI00085.png,mri,FLAIR,FLAIR,10,6,Visually Similar,Retain - Shows Structural Variation
data/raw/mri_images/FLAIR/MRI00083.png,data/raw/mri_images/FLAIR/MRI00087.png,mri,FLAIR,FLAIR,7,4,Visually Similar,Retain - Shows Structural Variation
data/raw/mri_images/FLAIR/MRI00083.png,data/raw/mri_images/FLAIR/MRI00088.png,mri,FLAIR,FLAIR,10,6,Visually Similar,Retain - Shows Structural Variation
data/raw/mri_images/FLAIR/MRI00083.png,data/raw/mri_images/FLAIR/MRI00093.png,mri,FLAIR,FLAIR,10,6,Visually Similar,Retain - Shows Structural Variation
data/raw/mri_images/FLAIR/MRI00083.png,data/raw/mri_images/FLAIR/MRI00095.png,mri,FLAIR,FLAIR,7,4,Visually Similar,Retain - Shows Structural Variation
data/raw/mri_images/FLAIR/MRI00083.png,data/raw/mri_images/FLAIR/MRI00099.png,mri,FLAIR,FLAIR,9,4,Visually Similar,Retain - Shows Structural Variation
data/raw/mri_images/FLAIR/MRI00083.png,data/raw/mri_images/FLAIR/MRI00101.png,mri,FLAIR,FLAIR,10,4,Visually Similar,Retain - Shows Structural Variation
data/raw/mri_images/FLAIR/MRI00083.png,data/raw/mri_images/FLAIR/MRI00102.png,mri,FLAIR,FLAIR,3,5,Near Duplicate,Document & Evaluate Similarity Threshold
data/raw/mri_images/FLAIR/MRI00083.png,data/raw/mri_images/FLAIR/MRI00104.png,mri,FLAIR,FLAIR,9,4,Visually Similar,Retain - Shows Structural Variation
data/raw/mri_images/FLAIR/MRI00083.png,data/raw/mri_images/FLAIR/MRI00107.png,mri,FLAIR,FLAIR,8,5,Visually Similar,Retain - Shows Structural Variation
data/raw/mri_images/FLAIR/MRI00083.png,data/raw/mri_images/FLAIR/MRI00108.png,mri,FLAIR,FLAIR,9,4,Visually Similar,Retain - Shows Structural Variation
data/raw/mri_images/FLAIR/MRI00083.png,data/raw/mri_images/FLAIR/MRI00110.png,mri,FLAIR,FLAIR,7,7,Visually Similar,Retain - Shows Structural Variation
data/raw/mri_images/FLAIR/MRI00083.png,data/raw/mri_images/FLAIR/MRI00111.png,mri,FLAIR,FLAIR,7,8,Visually Similar,Retain - Shows Structural Variation
data/raw/mri_images/FLAIR/MRI00083.png,data/raw/mri_images/FLAIR/MRI00112.png,mri,FLAIR,FLAIR,9,1,Visually Similar,Retain - Shows Structural Variation
data/raw/mri_images/FLAIR/MRI00083.png,data/raw/mri_images/FLAIR/MRI00113.png,mri,FLAIR,FLAIR,7,7,Visually Similar,Retain - Shows Structural Variation
data/raw/mri_images/FLAIR/MRI00083.png,data/raw/mri_images/FLAIR/MRI00114.png,mri,FLAIR,FLAIR,9,4,Visually Similar,Retain - Shows Structural Variation
data/raw/mri_images/FLAIR/MRI00083.png,data/raw/mri_images/FLAIR/MRI00117.png,mri,FLAIR,FLAIR,8,5,Visually Similar,Retain - Shows Structural Variation
data/raw/mri_images/FLAIR/MRI00083.png,data/raw/mri_images/FLAIR/MRI00119.png,mri,FLAIR,FLAIR,6,2,Visually Similar,Retain - Shows Structural Variation
data/raw/mri_images/FLAIR/MRI00083.png,data/raw/mri_images/FLAIR/MRI00120.png,mri,FLAIR,FLAIR,7,6,Visually Similar,Retain - Shows Structural Variation
data/raw/mri_images/FLAIR/MRI00083.png,data/raw/mri_images/T2/MRI00053.png,mri,FLAIR,T2,10,10,Visually Similar,Retain - Shows Structural Variation
data/raw/mri_images/FLAIR/MRI00084.png,data/raw/mri_images/FLAIR/MRI00085.png,mri,FLAIR,FLAIR,8,3,Visually Similar,Retain - Shows Structural Variation
data/raw/mri_images/FLAIR/MRI00084.png,data/raw/mri_images/FLAIR/MRI00086.png,mri,FLAIR,FLAIR,10,4,Visually Similar,Retain - Shows Structural Variation
data/raw/mri_images/FLAIR/MRI00084.png,data/raw/mri_images/FLAIR/MRI00089.png,mri,FLAIR,FLAIR,5,3,Visually Similar,Retain - Shows Structural Variation
data/raw/mri_images/FLAIR/MRI00084.png,data/raw/mri_images/FLAIR/MRI00091.png,mri,FLAIR,FLAIR,8,4,Visually Similar,Retain - Shows Structural Variation
data/raw/mri_images/FLAIR/MRI00084.png,data/raw/mri_images/FLAIR/MRI00092.png,mri,FLAIR,FLAIR,2,0,Near Duplicate,Document & Evaluate Similarity Threshold
data/raw/mri_images/FLAIR/MRI00084.png,data/raw/mri_images/FLAIR/MRI00093.png,mri,FLAIR,FLAIR,10,7,Visually Similar,Retain - Shows Structural Variation
data/raw/mri_images/FLAIR/MRI00084.png,data/raw/mri_images/FLAIR/MRI00095.png,mri,FLAIR,FLAIR,9,3,Visually Similar,Retain - Shows Structural Variation
data/raw/mri_images/FLAIR/MRI00084.png,data/raw/mri_images/FLAIR/MRI00096.png,mri,FLAIR,FLAIR,2,4,Near Duplicate,Document & Evaluate Similarity Threshold
data/raw/mri_images/FLAIR/MRI00084.png,data/raw/mri_images/FLAIR/MRI00098.png,mri,FLAIR,FLAIR,9,4,Visually Similar,Retain - Shows Structural Variation
data/raw/mri_images/FLAIR/MRI00084.png,data/raw/mri_images/FLAIR/MRI00100.png,mri,FLAIR,FLAIR,4,5,Near Duplicate,Document & Evaluate Similarity Threshold
data/raw/mri_images/FLAIR/MRI00084.png,data/raw/mri_images/FLAIR/MRI00105.png,mri,FLAIR,FLAIR,8,8,Visually Similar,Retain - Shows Structural Variation
data/raw/mri_images/FLAIR/MRI00084.png,data/raw/mri_images/FLAIR/MRI00106.png,mri,FLAIR,FLAIR,10,1,Visually Similar,Retain - Shows Structural Variation
data/raw/mri_images/FLAIR/MRI00084.png,data/raw/mri_images/FLAIR/MRI00108.png,mri,FLAIR,FLAIR,9,3,Visually Similar,Retain - Shows Structural Variation
data/raw/mri_images/FLAIR/MRI00084.png,data/raw/mri_images/FLAIR/MRI00110.png,mri,FLAIR,FLAIR,7,4,Visually Similar,Retain - Shows Structural Variation
data/raw/mri_images/FLAIR/MRI00084.png,data/raw/mri_images/FLAIR/MRI00115.png,mri,FLAIR,FLAIR,3,1,Near Duplicate,Document & Evaluate Similarity Threshold
data/raw/mri_images/FLAIR/MRI00084.png,data/raw/mri_images/FLAIR/MRI00116.png,mri,FLAIR,FLAIR,5,5,Visually Similar,Retain - Shows Structural Variation
data/raw/mri_images/FLAIR/MRI00084.png,data/raw/mri_images/FLAIR/MRI00120.png,mri,FLAIR,FLAIR,9,3,Visually Similar,Retain - Shows Structural Variation
data/raw/mri_images/FLAIR/MRI00085.png,data/raw/mri_images/FLAIR/MRI00086.png,mri,FLAIR,FLAIR,8,7,Visually Similar,Retain - Shows Structural Variation
data/raw/mri_images/FLAIR/MRI00085.png,data/raw/mri_images/FLAIR/MRI00090.png,mri,FLAIR,FLAIR,10,3,Visually Similar,Retain - Shows Structural Variation
data/raw/mri_images/FLAIR/MRI00085.png,data/raw/mri_images/FLAIR/MRI00092.png,mri,FLAIR,FLAIR,10,3,Visually Similar,Retain - Shows Structural Variation
data/raw/mri_images/FLAIR/MRI00085.png,data/raw/mri_images/FLAIR/MRI00093.png,mri,FLAIR,FLAIR,8,6,Visually Similar,Retain - Shows Structural Variation
data/raw/mri_images/FLAIR/MRI00085.png,data/raw/mri_images/FLAIR/MRI00094.png,mri,FLAIR,FLAIR,7,3,Visually Similar,Retain - Shows Structural Variation
data/raw/mri_images/FLAIR/MRI00085.png,data/raw/mri_images/FLAIR/MRI00095.png,mri,FLAIR,FLAIR,5,2,Visually Similar,Retain - Shows Structural Variation
data/raw/mri_images/FLAIR/MRI00085.png,data/raw/mri_images/FLAIR/MRI00096.png,mri,FLAIR,FLAIR,10,7,Visually Similar,Retain - Shows Structural Variation
data/raw/mri_images/FLAIR/MRI00085.png,data/raw/mri_images/FLAIR/MRI00097.png,mri,FLAIR,FLAIR,10,3,Visually Similar,Retain - Shows Structural Variation
data/raw/mri_images/FLAIR/MRI00085.png,data/raw/mri_images/FLAIR/MRI00101.png,mri,FLAIR,FLAIR,8,2,Visually Similar,Retain - Shows Structural Variation
data/raw/mri_images/FLAIR/MRI00085.png,data/raw/mri_images/FLAIR/MRI00102.png,mri,FLAIR,FLAIR,9,3,Visually Similar,Retain - Shows Structural Variation
data/raw/mri_images/FLAIR/MRI00085.png,data/raw/mri_images/FLAIR/MRI00103.png,mri,FLAIR,FLAIR,7,6,Visually Similar,Retain - Shows Structural Variation
data/raw/mri_images/FLAIR/MRI00085.png,data/raw/mri_images/FLAIR/MRI00106.png,mri,FLAIR,FLAIR,4,2,Near Duplicate,Document & Evaluate Similarity Threshold
data/raw/mri_images/FLAIR/MRI00085.png,data/raw/mri_images/FLAIR/MRI00108.png,mri,FLAIR,FLAIR,5,4,Visually Similar,Retain - Shows Structural Variation
data/raw/mri_images/FLAIR/MRI00085.png,data/raw/mri_images/FLAIR/MRI00110.png,mri,FLAIR,FLAIR,3,1,Near Duplicate,Document & Evaluate Similarity Threshold
data/raw/mri_images/FLAIR/MRI00085.png,data/raw/mri_images/FLAIR/MRI00115.png,mri,FLAIR,FLAIR,7,2,Visually Similar,Retain - Shows Structural Variation
data/raw/mri_images/FLAIR/MRI00085.png,data/raw/mri_images/FLAIR/MRI00118.png,mri,FLAIR,FLAIR,7,6,Visually Similar,Retain - Shows Structural Variation
data/raw/mri_images/FLAIR/MRI00085.png,data/raw/mri_images/FLAIR/MRI00120.png,mri,FLAIR,FLAIR,5,2,Visually Similar,Retain - Shows Structural Variation
data/raw/mri_images/FLAIR/MRI00085.png,data/raw/mri_images/T2/MRI00043.png,mri,FLAIR,T2,10,13,Visually Similar,Retain - Shows Structural Variation
data/raw/mri_images/FLAIR/MRI00085.png,data/raw/mri_images/T2/MRI00052.png,mri,FLAIR,T2,10,13,Visually Similar,Retain - Shows Structural Variation
data/raw/mri_images/FLAIR/MRI00085.png,data/raw/mri_images/T2/MRI00053.png,mri,FLAIR,T2,10,14,Visually Similar,Retain - Shows Structural Variation
data/raw/mri_images/FLAIR/MRI00085.png,data/raw/mri_images/T2/MRI00065.png,mri,FLAIR,T2,10,14,Visually Similar,Retain - Shows Structural Variation
data/raw/mri_images/FLAIR/MRI00085.png,data/raw/mri_images/T2/MRI00066.png,mri,FLAIR,T2,10,12,Visually Similar,Retain - Shows Structural Variation
data/raw/mri_images/FLAIR/MRI00086.png,data/raw/mri_images/FLAIR/MRI00089.png,mri,FLAIR,FLAIR,9,5,Visually Similar,Retain - Shows Structural Variation
data/raw/mri_images/FLAIR/MRI00086.png,data/raw/mri_images/FLAIR/MRI00090.png,mri,FLAIR,FLAIR,8,8,Visually Similar,Retain - Shows Structural Variation
data/raw/mri_images/FLAIR/MRI00086.png,data/raw/mri_images/FLAIR/MRI00092.png,mri,FLAIR,FLAIR,10,4,Visually Similar,Retain - Shows Structural Variation
data/raw/mri_images/FLAIR/MRI00086.png,data/raw/mri_images/FLAIR/MRI00093.png,mri,FLAIR,FLAIR,6,5,Visually Similar,Retain - Shows Structural Variation
data/raw/mri_images/FLAIR/MRI00086.png,data/raw/mri_images/FLAIR/MRI00094.png,mri,FLAIR,FLAIR,9,8,Visually Similar,Retain - Shows Structural Variation
data/raw/mri_images/FLAIR/MRI00086.png,data/raw/mri_images/FLAIR/MRI00095.png,mri,FLAIR,FLAIR,5,7,Visually Similar,Retain - Shows Structural Variation
data/raw/mri_images/FLAIR/MRI00086.png,data/raw/mri_images/FLAIR/MRI00096.png,mri,FLAIR,FLAIR,10,4,Visually Similar,Retain - Shows Structural Variation
data/raw/mri_images/FLAIR/MRI00086.png,data/raw/mri_images/FLAIR/MRI00097.png,mri,FLAIR,FLAIR,8,8,Visually Similar,Retain - Shows Structural Variation
data/raw/mri_images/FLAIR/MRI00086.png,data/raw/mri_images/FLAIR/MRI00101.png,mri,FLAIR,FLAIR,6,5,Visually Similar,Retain - Shows Structural Variation
data/raw/mri_images/FLAIR/MRI00086.png,data/raw/mri_images/FLAIR/MRI00103.png,mri,FLAIR,FLAIR,7,5,Visually Similar,Retain - Shows Structural Variation
data/raw/mri_images/FLAIR/MRI00086.png,data/raw/mri_images/FLAIR/MRI00105.png,mri,FLAIR,FLAIR,6,4,Visually Similar,Retain - Shows Structural Variation
data/raw/mri_images/FLAIR/MRI00086.png,data/raw/mri_images/FLAIR/MRI00106.png,mri,FLAIR,FLAIR,6,5,Visually Similar,Retain - Shows Structural Variation
data/raw/mri_images/FLAIR/MRI00086.png,data/raw/mri_images/FLAIR/MRI00108.png,mri,FLAIR,FLAIR,7,3,Visually Similar,Retain - Shows Structural Variation
data/raw/mri_images/FLAIR/MRI00086.png,data/raw/mri_images/FLAIR/MRI00109.png,mri,FLAIR,FLAIR,9,7,Visually Similar,Retain - Shows Structural Variation
data/raw/mri_images/FLAIR/MRI00086.png,data/raw/mri_images/FLAIR/MRI00110.png,mri,FLAIR,FLAIR,5,8,Visually Similar,Retain - Shows Structural Variation
data/raw/mri_images/FLAIR/MRI00086.png,data/raw/mri_images/FLAIR/MRI00115.png,mri,FLAIR,FLAIR,9,5,Visually Similar,Retain - Shows Structural Variation
data/raw/mri_images/FLAIR/MRI00086.png,data/raw/mri_images/FLAIR/MRI00116.png,mri,FLAIR,FLAIR,9,7,Visually Similar,Retain - Shows Structural Variation
data/raw/mri_images/FLAIR/MRI00086.png,data/raw/mri_images/FLAIR/MRI00118.png,mri,FLAIR,FLAIR,1,3,Near Duplicate,Document & Evaluate Similarity Threshold
data/raw/mri_images/FLAIR/MRI00086.png,data/raw/mri_images/FLAIR/MRI00120.png,mri,FLAIR,FLAIR,7,7,Visually Similar,Retain - Shows Structural Variation
data/raw/mri_images/FLAIR/MRI00086.png,data/raw/mri_images/T2/MRI00063.png,mri,FLAIR,T2,10,14,Visually Similar,Retain - Shows Structural Variation
data/raw/mri_images/FLAIR/MRI00086.png,data/raw/mri_images/T2/MRI00077.png,mri,FLAIR,T2,10,13,Visually Similar,Retain - Shows Structural Variation
data/raw/mri_images/FLAIR/MRI00087.png,data/raw/mri_images/FLAIR/MRI00097.png,mri,FLAIR,FLAIR,9,5,Visually Similar,Retain - Shows Structural Variation
data/raw/mri_images/FLAIR/MRI00087.png,data/raw/mri_images/FLAIR/MRI00099.png,mri,FLAIR,FLAIR,4,4,Near Duplicate,Document & Evaluate Similarity Threshold
data/raw/mri_images/FLAIR/MRI00087.png,data/raw/mri_images/FLAIR/MRI00102.png,mri,FLAIR,FLAIR,10,7,Visually Similar,Retain - Shows Structural Variation
data/raw/mri_images/FLAIR/MRI00087.png,data/raw/mri_images/FLAIR/MRI00104.png,mri,FLAIR,FLAIR,4,4,Near Duplicate,Document & Evaluate Similarity Threshold
data/raw/mri_images/FLAIR/MRI00087.png,data/raw/mri_images/FLAIR/MRI00107.png,mri,FLAIR,FLAIR,1,1,Near Duplicate,Document & Evaluate Similarity Threshold
data/raw/mri_images/FLAIR/MRI00087.png,data/raw/mri_images/FLAIR/MRI00111.png,mri,FLAIR,FLAIR,10,4,Visually Similar,Retain - Shows Structural Variation
data/raw/mri_images/FLAIR/MRI00087.png,data/raw/mri_images/FLAIR/MRI00112.png,mri,FLAIR,FLAIR,2,3,Near Duplicate,Document & Evaluate Similarity Threshold
data/raw/mri_images/FLAIR/MRI00087.png,data/raw/mri_images/FLAIR/MRI00113.png,mri,FLAIR,FLAIR,10,5,Visually Similar,Retain - Shows Structural Variation
data/raw/mri_images/FLAIR/MRI00087.png,data/raw/mri_images/FLAIR/MRI00114.png,mri,FLAIR,FLAIR,4,6,Near Duplicate,Document & Evaluate Similarity Threshold
data/raw/mri_images/FLAIR/MRI00087.png,data/raw/mri_images/FLAIR/MRI00117.png,mri,FLAIR,FLAIR,7,5,Visually Similar,Retain - Shows Structural Variation
data/raw/mri_images/FLAIR/MRI00087.png,data/raw/mri_images/FLAIR/MRI00119.png,mri,FLAIR,FLAIR,7,4,Visually Similar,Retain - Shows Structural Variation
data/raw/mri_images/FLAIR/MRI00087.png,data/raw/mri_images/T2/MRI00055.png,mri,FLAIR,T2,8,10,Visually Similar,Retain - Shows Structural Variation
data/raw/mri_images/FLAIR/MRI00088.png,data/raw/mri_images/FLAIR/MRI00099.png,mri,FLAIR,FLAIR,9,4,Visually Similar,Retain - Shows Structural Variation
data/raw/mri_images/FLAIR/MRI00088.png,data/raw/mri_images/FLAIR/MRI00102.png,mri,FLAIR,FLAIR,9,1,Visually Similar,Retain - Shows Structural Variation
data/raw/mri_images/FLAIR/MRI00088.png,data/raw/mri_images/FLAIR/MRI00104.png,mri,FLAIR,FLAIR,9,4,Visually Similar,Retain - Shows Structural Variation
data/raw/mri_images/FLAIR/MRI00088.png,data/raw/mri_images/FLAIR/MRI00111.png,mri,FLAIR,FLAIR,9,8,Visually Similar,Retain - Shows Structural Variation
data/raw/mri_images/FLAIR/MRI00088.png,data/raw/mri_images/FLAIR/MRI00113.png,mri,FLAIR,FLAIR,9,5,Visually Similar,Retain - Shows Structural Variation
data/raw/mri_images/FLAIR/MRI00088.png,data/raw/mri_images/FLAIR/MRI00114.png,mri,FLAIR,FLAIR,9,2,Visually Similar,Retain - Shows Structural Variation
data/raw/mri_images/FLAIR/MRI00088.png,data/raw/mri_images/FLAIR/MRI00117.png,mri,FLAIR,FLAIR,6,3,Visually Similar,Retain - Shows Structural Variation
data/raw/mri_images/FLAIR/MRI00088.png,data/raw/mri_images/FLAIR/MRI00119.png,mri,FLAIR,FLAIR,6,4,Visually Similar,Retain - Shows Structural Variation
data/raw/mri_images/FLAIR/MRI00089.png,data/raw/mri_images/FLAIR/MRI00090.png,mri,FLAIR,FLAIR,9,5,Visually Similar,Retain - Shows Structural Variation
data/raw/mri_images/FLAIR/MRI00089.png,data/raw/mri_images/FLAIR/MRI00092.png,mri,FLAIR,FLAIR,5,3,Visually Similar,Retain - Shows Structural Variation
data/raw/mri_images/FLAIR/MRI00089.png,data/raw/mri_images/FLAIR/MRI00095.png,mri,FLAIR,FLAIR,10,4,Visually Similar,Retain - Shows Structural Variation
data/raw/mri_images/FLAIR/MRI00089.png,data/raw/mri_images/FLAIR/MRI00096.png,mri,FLAIR,FLAIR,5,7,Visually Similar,Retain - Shows Structural Variation
data/raw/mri_images/FLAIR/MRI00089.png,data/raw/mri_images/FLAIR/MRI00097.png,mri,FLAIR,FLAIR,9,7,Visually Similar,Retain - Shows Structural Variation
data/raw/mri_images/FLAIR/MRI00089.png,data/raw/mri_images/FLAIR/MRI00098.png,mri,FLAIR,FLAIR,6,5,Visually Similar,Retain - Shows Structural Variation
data/raw/mri_images/FLAIR/MRI00089.png,data/raw/mri_images/FLAIR/MRI00100.png,mri,FLAIR,FLAIR,5,8,Visually Similar,Retain - Shows Structural Variation
data/raw/mri_images/FLAIR/MRI00089.png,data/raw/mri_images/FLAIR/MRI00101.png,mri,FLAIR,FLAIR,7,2,Visually Similar,Retain - Shows Structural Variation
data/raw/mri_images/FLAIR/MRI00089.png,data/raw/mri_images/FLAIR/MRI00105.png,mri,FLAIR,FLAIR,3,5,Near Duplicate,Document & Evaluate Similarity Threshold
data/raw/mri_images/FLAIR/MRI00089.png,data/raw/mri_images/FLAIR/MRI00106.png,mri,FLAIR,FLAIR,9,2,Visually Similar,Retain - Shows Structural Variation
data/raw/mri_images/FLAIR/MRI00089.png,data/raw/mri_images/FLAIR/MRI00109.png,mri,FLAIR,FLAIR,8,6,Visually Similar,Retain - Shows Structural Variation
data/raw/mri_images/FLAIR/MRI00089.png,data/raw/mri_images/FLAIR/MRI00110.png,mri,FLAIR,FLAIR,10,5,Visually Similar,Retain - Shows Structural Variation
data/raw/mri_images/FLAIR/MRI00089.png,data/raw/mri_images/FLAIR/MRI00115.png,mri,FLAIR,FLAIR,8,4,Visually Similar,Retain - Shows Structural Variation
data/raw/mri_images/FLAIR/MRI00089.png,data/raw/mri_images/FLAIR/MRI00116.png,mri,FLAIR,FLAIR,0,4,Exact Duplicate,Keep Representative / Purge Duplicate
data/raw/mri_images/FLAIR/MRI00089.png,data/raw/mri_images/FLAIR/MRI00118.png,mri,FLAIR,FLAIR,10,4,Visually Similar,Retain - Shows Structural Variation
data/raw/mri_images/FLAIR/MRI00089.png,data/raw/mri_images/FLAIR/MRI00120.png,mri,FLAIR,FLAIR,10,6,Visually Similar,Retain - Shows Structural Variation
data/raw/mri_images/FLAIR/MRI00089.png,data/raw/mri_images/T2/MRI00041.png,mri,FLAIR,T2,7,16,Visually Similar,Retain - Shows Structural Variation
data/raw/mri_images/FLAIR/MRI00089.png,data/raw/mri_images/T2/MRI00056.png,mri,FLAIR,T2,10,14,Visually Similar,Retain - Shows Structural Variation
data/raw/mri_images/FLAIR/MRI00089.png,data/raw/mri_images/T2/MRI00067.png,mri,FLAIR,T2,10,16,Visually Similar,Retain - Shows Structural Variation
data/raw/mri_images/FLAIR/MRI00089.png,data/raw/mri_images/T2/MRI00073.png,mri,FLAIR,T2,9,15,Visually Similar,Retain - Shows Structural Variation
data/raw/mri_images/FLAIR/MRI00089.png,data/raw/mri_images/T2/MRI00078.png,mri,FLAIR,T2,10,14,Visually Similar,Retain - Shows Structural Variation
data/raw/mri_images/FLAIR/MRI00090.png,data/raw/mri_images/FLAIR/MRI00093.png,mri,FLAIR,FLAIR,8,7,Visually Similar,Retain - Shows Structural Variation
data/raw/mri_images/FLAIR/MRI00090.png,data/raw/mri_images/FLAIR/MRI00094.png,mri,FLAIR,FLAIR,9,4,Visually Similar,Retain - Shows Structural Variation
data/raw/mri_images/FLAIR/MRI00090.png,data/raw/mri_images/FLAIR/MRI00095.png,mri,FLAIR,FLAIR,5,1,Visually Similar,Retain - Shows Structural Variation
data/raw/mri_images/FLAIR/MRI00090.png,data/raw/mri_images/FLAIR/MRI00097.png,mri,FLAIR,FLAIR,2,2,Near Duplicate,Document & Evaluate Similarity Threshold
data/raw/mri_images/FLAIR/MRI00090.png,data/raw/mri_images/FLAIR/MRI00098.png,mri,FLAIR,FLAIR,7,4,Visually Similar,Retain - Shows Structural Variation
data/raw/mri_images/FLAIR/MRI00090.png,data/raw/mri_images/FLAIR/MRI00099.png,mri,FLAIR,FLAIR,9,3,Visually Similar,Retain - Shows Structural Variation
data/raw/mri_images/FLAIR/MRI00090.png,data/raw/mri_images/FLAIR/MRI00101.png,mri,FLAIR,FLAIR,2,3,Near Duplicate,Document & Evaluate Similarity Threshold
data/raw/mri_images/FLAIR/MRI00090.png,data/raw/mri_images/FLAIR/MRI00104.png,mri,FLAIR,FLAIR,9,3,Visually Similar,Retain - Shows Structural Variation
data/raw/mri_images/FLAIR/MRI00090.png,data/raw/mri_images/FLAIR/MRI00105.png,mri,FLAIR,FLAIR,10,10,Visually Similar,Retain - Shows Structural Variation
data/raw/mri_images/FLAIR/MRI00090.png,data/raw/mri_images/FLAIR/MRI00106.png,mri,FLAIR,FLAIR,6,3,Visually Similar,Retain - Shows Structural Variation
data/raw/mri_images/FLAIR/MRI00090.png,data/raw/mri_images/FLAIR/MRI00108.png,mri,FLAIR,FLAIR,9,5,Visually Similar,Retain - Shows Structural Variation
data/raw/mri_images/FLAIR/MRI00090.png,data/raw/mri_images/FLAIR/MRI00109.png,mri,FLAIR,FLAIR,1,5,Near Duplicate,Document & Evaluate Similarity Threshold
data/raw/mri_images/FLAIR/MRI00090.png,data/raw/mri_images/FLAIR/MRI00110.png,mri,FLAIR,FLAIR,7,4,Visually Similar,Retain - Shows Structural Variation
data/raw/mri_images/FLAIR/MRI00090.png,data/raw/mri_images/FLAIR/MRI00116.png,mri,FLAIR,FLAIR,9,5,Visually Similar,Retain - Shows Structural Variation
data/raw/mri_images/FLAIR/MRI00090.png,data/raw/mri_images/FLAIR/MRI00118.png,mri,FLAIR,FLAIR,9,7,Visually Similar,Retain - Shows Structural Variation
data/raw/mri_images/FLAIR/MRI00090.png,data/raw/mri_images/FLAIR/MRI00120.png,mri,FLAIR,FLAIR,5,3,Visually Similar,Retain - Shows Structural Variation
data/raw/mri_images/FLAIR/MRI00090.png,data/raw/mri_images/T2/MRI00041.png,mri,FLAIR,T2,10,11,Visually Similar,Retain - Shows Structural Variation
data/raw/mri_images/FLAIR/MRI00090.png,data/raw/mri_images/T2/MRI00045.png,mri,FLAIR,T2,9,9,Visually Similar,Retain - Shows Structural Variation
data/raw/mri_images/FLAIR/MRI00090.png,data/raw/mri_images/T2/MRI00052.png,mri,FLAIR,T2,8,10,Visually Similar,Retain - Shows Structural Variation
data/raw/mri_images/FLAIR/MRI00090.png,data/raw/mri_images/T2/MRI00058.png,mri,FLAIR,T2,10,14,Visually Similar,Retain - Shows Structural Variation
data/raw/mri_images/FLAIR/MRI00090.png,data/raw/mri_images/T2/MRI00063.png,mri,FLAIR,T2,8,12,Visually Similar,Retain - Shows Structural Variation
data/raw/mri_images/FLAIR/MRI00090.png,data/raw/mri_images/T2/MRI00072.png,mri,FLAIR,T2,10,9,Visually Similar,Retain - Shows Structural Variation
data/raw/mri_images/FLAIR/MRI00090.png,data/raw/mri_images/T2/MRI00075.png,mri,FLAIR,T2,10,10,Visually Similar,Retain - Shows Structural Variation
data/raw/mri_images/FLAIR/MRI00091.png,data/raw/mri_images/FLAIR/MRI00092.png,mri,FLAIR,FLAIR,6,4,Visually Similar,Retain - Shows Structural Variation
data/raw/mri_images/FLAIR/MRI00091.png,data/raw/mri_images/FLAIR/MRI00096.png,mri,FLAIR,FLAIR,6,2,Visually Similar,Retain - Shows Structural Variation
data/raw/mri_images/FLAIR/MRI00091.png,data/raw/mri_images/FLAIR/MRI00100.png,mri,FLAIR,FLAIR,6,3,Visually Similar,Retain - Shows Structural Variation
data/raw/mri_images/FLAIR/MRI00092.png,data/raw/mri_images/FLAIR/MRI00093.png,mri,FLAIR,FLAIR,10,7,Visually Similar,Retain - Shows Structural Variation
data/raw/mri_images/FLAIR/MRI00092.png,data/raw/mri_images/FLAIR/MRI00095.png,mri,FLAIR,FLAIR,9,3,Visually Similar,Retain - Shows Structural Variation
data/raw/mri_images/FLAIR/MRI00092.png,data/raw/mri_images/FLAIR/MRI00096.png,mri,FLAIR,FLAIR,0,4,Exact Duplicate,Keep Representative / Purge Duplicate
data/raw/mri_images/FLAIR/MRI00092.png,data/raw/mri_images/FLAIR/MRI00098.png,mri,FLAIR,FLAIR,9,4,Visually Similar,Retain - Shows Structural Variation
data/raw/mri_images/FLAIR/MRI00092.png,data/raw/mri_images/FLAIR/MRI00100.png,mri,FLAIR,FLAIR,2,5,Near Duplicate,Document & Evaluate Similarity Threshold
data/raw/mri_images/FLAIR/MRI00092.png,data/raw/mri_images/FLAIR/MRI00105.png,mri,FLAIR,FLAIR,8,8,Visually Similar,Retain - Shows Structural Variation
data/raw/mri_images/FLAIR/MRI00092.png,data/raw/mri_images/FLAIR/MRI00108.png,mri,FLAIR,FLAIR,9,3,Visually Similar,Retain - Shows Structural Variation
data/raw/mri_images/FLAIR/MRI00092.png,data/raw/mri_images/FLAIR/MRI00110.png,mri,FLAIR,FLAIR,7,4,Visually Similar,Retain - Shows Structural Variation
data/raw/mri_images/FLAIR/MRI00092.png,data/raw/mri_images/FLAIR/MRI00115.png,mri,FLAIR,FLAIR,5,1,Visually Similar,Retain - Shows Structural Variation
data/raw/mri_images/FLAIR/MRI00092.png,data/raw/mri_images/FLAIR/MRI00116.png,mri,FLAIR,FLAIR,5,5,Visually Similar,Retain - Shows Structural Variation
data/raw/mri_images/FLAIR/MRI00092.png,data/raw/mri_images/FLAIR/MRI00120.png,mri,FLAIR,FLAIR,9,3,Visually Similar,Retain - Shows Structural Variation
data/raw/mri_images/FLAIR/MRI00092.png,data/raw/mri_images/T2/MRI00041.png,mri,FLAIR,T2,10,15,Visually Similar,Retain - Shows Structural Variation
data/raw/mri_images/FLAIR/MRI00092.png,data/raw/mri_images/T2/MRI00056.png,mri,FLAIR,T2,9,11,Visually Similar,Retain - Shows Structural Variation
data/raw/mri_images/FLAIR/MRI00093.png,data/raw/mri_images/FLAIR/MRI00094.png,mri,FLAIR,FLAIR,7,7,Visually Similar,Retain - Shows Structural Variation
data/raw/mri_images/FLAIR/MRI00093.png,data/raw/mri_images/FLAIR/MRI00095.png,mri,FLAIR,FLAIR,5,6,Visually Similar,Retain - Shows Structural Variation
data/raw/mri_images/FLAIR/MRI00093.png,data/raw/mri_images/FLAIR/MRI00096.png,mri,FLAIR,FLAIR,10,5,Visually Similar,Retain - Shows Structural Variation
data/raw/mri_images/FLAIR/MRI00093.png,data/raw/mri_images/FLAIR/MRI00097.png,mri,FLAIR,FLAIR,8,7,Visually Similar,Retain - Shows Structural Variation
data/raw/mri_images/FLAIR/MRI00093.png,data/raw/mri_images/FLAIR/MRI00100.png,mri,FLAIR,FLAIR,10,4,Visually Similar,Retain - Shows Structural Variation
data/raw/mri_images/FLAIR/MRI00093.png,data/raw/mri_images/FLAIR/MRI00101.png,mri,FLAIR,FLAIR,6,4,Visually Similar,Retain - Shows Structural Variation
data/raw/mri_images/FLAIR/MRI00093.png,data/raw/mri_images/FLAIR/MRI00102.png,mri,FLAIR,FLAIR,9,7,Visually Similar,Retain - Shows Structural Variation
data/raw/mri_images/FLAIR/MRI00093.png,data/raw/mri_images/FLAIR/MRI00103.png,mri,FLAIR,FLAIR,7,6,Visually Similar,Retain - Shows Structural Variation
data/raw/mri_images/FLAIR/MRI00093.png,data/raw/mri_images/FLAIR/MRI00105.png,mri,FLAIR,FLAIR,8,5,Visually Similar,Retain - Shows Structural Variation
data/raw/mri_images/FLAIR/MRI00093.png,data/raw/mri_images/FLAIR/MRI00106.png,mri,FLAIR,FLAIR,10,6,Visually Similar,Retain - Shows Structural Variation
data/raw/mri_images/FLAIR/MRI00093.png,data/raw/mri_images/FLAIR/MRI00108.png,mri,FLAIR,FLAIR,7,4,Visually Similar,Retain - Shows Structural Variation
data/raw/mri_images/FLAIR/MRI00093.png,data/raw/mri_images/FLAIR/MRI00109.png,mri,FLAIR,FLAIR,9,6,Visually Similar,Retain - Shows Structural Variation
data/raw/mri_images/FLAIR/MRI00093.png,data/raw/mri_images/FLAIR/MRI00110.png,mri,FLAIR,FLAIR,5,7,Visually Similar,Retain - Shows Structural Variation
data/raw/mri_images/FLAIR/MRI00093.png,data/raw/mri_images/FLAIR/MRI00118.png,mri,FLAIR,FLAIR,7,6,Visually Similar,Retain - Shows Structural Variation
data/raw/mri_images/FLAIR/MRI00093.png,data/raw/mri_images/FLAIR/MRI00120.png,mri,FLAIR,FLAIR,3,8,Near Duplicate,Document & Evaluate Similarity Threshold
data/raw/mri_images/FLAIR/MRI00093.png,data/raw/mri_images/T2/MRI00063.png,mri,FLAIR,T2,10,11,Visually Similar,Retain - Shows Structural Variation
data/raw/mri_images/FLAIR/MRI00094.png,data/raw/mri_images/FLAIR/MRI00095.png,mri,FLAIR,FLAIR,6,3,Visually Similar,Retain - Shows Structural Variation
data/raw/mri_images/FLAIR/MRI00094.png,data/raw/mri_images/FLAIR/MRI00097.png,mri,FLAIR,FLAIR,9,2,Visually Similar,Retain - Shows Structural Variation
data/raw/mri_images/FLAIR/MRI00094.png,data/raw/mri_images/FLAIR/MRI00101.png,mri,FLAIR,FLAIR,7,5,Visually Similar,Retain - Shows Structural Variation
data/raw/mri_images/FLAIR/MRI00094.png,data/raw/mri_images/FLAIR/MRI00102.png,mri,FLAIR,FLAIR,10,2,Visually Similar,Retain - Shows Structural Variation
data/raw/mri_images/FLAIR/MRI00094.png,data/raw/mri_images/FLAIR/MRI00103.png,mri,FLAIR,FLAIR,10,5,Visually Similar,Retain - Shows Structural Variation
data/raw/mri_images/FLAIR/MRI00094.png,data/raw/mri_images/FLAIR/MRI00106.png,mri,FLAIR,FLAIR,9,5,Visually Similar,Retain - Shows Structural Variation
data/raw/mri_images/FLAIR/MRI00094.png,data/raw/mri_images/FLAIR/MRI00108.png,mri,FLAIR,FLAIR,4,5,Near Duplicate,Document & Evaluate Similarity Threshold
data/raw/mri_images/FLAIR/MRI00094.png,data/raw/mri_images/FLAIR/MRI00109.png,mri,FLAIR,FLAIR,10,3,Visually Similar,Retain - Shows Structural Variation
data/raw/mri_images/FLAIR/MRI00094.png,data/raw/mri_images/FLAIR/MRI00110.png,mri,FLAIR,FLAIR,4,2,Near Duplicate,Document & Evaluate Similarity Threshold
data/raw/mri_images/FLAIR/MRI00094.png,data/raw/mri_images/FLAIR/MRI00113.png,mri,FLAIR,FLAIR,10,4,Visually Similar,Retain - Shows Structural Variation
data/raw/mri_images/FLAIR/MRI00094.png,data/raw/mri_images/FLAIR/MRI00115.png,mri,FLAIR,FLAIR,8,5,Visually Similar,Retain - Shows Structural Variation
data/raw/mri_images/FLAIR/MRI00094.png,data/raw/mri_images/FLAIR/MRI00118.png,mri,FLAIR,FLAIR,10,7,Visually Similar,Retain - Shows Structural Variation
data/raw/mri_images/FLAIR/MRI00094.png,data/raw/mri_images/FLAIR/MRI00120.png,mri,FLAIR,FLAIR,4,3,Near Duplicate,Document & Evaluate Similarity Threshold
data/raw/mri_images/FLAIR/MRI00094.png,data/raw/mri_images/T2/MRI00052.png,mri,FLAIR,T2,9,12,Visually Similar,Retain - Shows Structural Variation
data/raw/mri_images/FLAIR/MRI00095.png,data/raw/mri_images/FLAIR/MRI00096.png,mri,FLAIR,FLAIR,9,7,Visually Similar,Retain - Shows Structural Variation
data/raw/mri_images/FLAIR/MRI00095.png,data/raw/mri_images/FLAIR/MRI00097.png,mri,FLAIR,FLAIR,5,3,Visually Similar,Retain - Shows Structural Variation
data/raw/mri_images/FLAIR/MRI00095.png,data/raw/mri_images/FLAIR/MRI00098.png,mri,FLAIR,FLAIR,10,3,Visually Similar,Retain - Shows Structural Variation
data/raw/mri_images/FLAIR/MRI00095.png,data/raw/mri_images/FLAIR/MRI00101.png,mri,FLAIR,FLAIR,3,2,Near Duplicate,Document & Evaluate Similarity Threshold
data/raw/mri_images/FLAIR/MRI00095.png,data/raw/mri_images/FLAIR/MRI00102.png,mri,FLAIR,FLAIR,6,1,Visually Similar,Retain - Shows Structural Variation
data/raw/mri_images/FLAIR/MRI00095.png,data/raw/mri_images/FLAIR/MRI00103.png,mri,FLAIR,FLAIR,8,4,Visually Similar,Retain - Shows Structural Variation
data/raw/mri_images/FLAIR/MRI00095.png,data/raw/mri_images/FLAIR/MRI00106.png,mri,FLAIR,FLAIR,5,2,Visually Similar,Retain - Shows Structural Variation
data/raw/mri_images/FLAIR/MRI00095.png,data/raw/mri_images/FLAIR/MRI00108.png,mri,FLAIR,FLAIR,4,4,Near Duplicate,Document & Evaluate Similarity Threshold
data/raw/mri_images/FLAIR/MRI00095.png,data/raw/mri_images/FLAIR/MRI00109.png,mri,FLAIR,FLAIR,6,4,Visually Similar,Retain - Shows Structural Variation
data/raw/mri_images/FLAIR/MRI00095.png,data/raw/mri_images/FLAIR/MRI00110.png,mri,FLAIR,FLAIR,2,3,Near Duplicate,Document & Evaluate Similarity Threshold
data/raw/mri_images/FLAIR/MRI00095.png,data/raw/mri_images/FLAIR/MRI00115.png,mri,FLAIR,FLAIR,8,2,Visually Similar,Retain - Shows Structural Variation
data/raw/mri_images/FLAIR/MRI00095.png,data/raw/mri_images/FLAIR/MRI00116.png,mri,FLAIR,FLAIR,10,4,Visually Similar,Retain - Shows Structural Variation
data/raw/mri_images/FLAIR/MRI00095.png,data/raw/mri_images/FLAIR/MRI00118.png,mri,FLAIR,FLAIR,6,6,Visually Similar,Retain - Shows Structural Variation
data/raw/mri_images/FLAIR/MRI00095.png,data/raw/mri_images/FLAIR/MRI00120.png,mri,FLAIR,FLAIR,2,2,Near Duplicate,Document & Evaluate Similarity Threshold
data/raw/mri_images/FLAIR/MRI00095.png,data/raw/mri_images/T2/MRI00043.png,mri,FLAIR,T2,9,11,Visually Similar,Retain - Shows Structural Variation
data/raw/mri_images/FLAIR/MRI00095.png,data/raw/mri_images/T2/MRI00045.png,mri,FLAIR,T2,8,10,Visually Similar,Retain - Shows Structural Variation
data/raw/mri_images/FLAIR/MRI00095.png,data/raw/mri_images/T2/MRI00052.png,mri,FLAIR,T2,9,11,Visually Similar,Retain - Shows Structural Variation
data/raw/mri_images/FLAIR/MRI00095.png,data/raw/mri_images/T2/MRI00056.png,mri,FLAIR,T2,10,10,Visually Similar,Retain - Shows Structural Variation
data/raw/mri_images/FLAIR/MRI00095.png,data/raw/mri_images/T2/MRI00066.png,mri,FLAIR,T2,9,10,Visually Similar,Retain - Shows Structural Variation
data/raw/mri_images/FLAIR/MRI00096.png,data/raw/mri_images/FLAIR/MRI00098.png,mri,FLAIR,FLAIR,9,6,Visually Similar,Retain - Shows Structural Variation
data/raw/mri_images/FLAIR/MRI00096.png,data/raw/mri_images/FLAIR/MRI00100.png,mri,FLAIR,FLAIR,2,3,Near Duplicate,Document & Evaluate Similarity Threshold
data/raw/mri_images/FLAIR/MRI00096.png,data/raw/mri_images/FLAIR/MRI00105.png,mri,FLAIR,FLAIR,8,6,Visually Similar,Retain - Shows Structural Variation
data/raw/mri_images/FLAIR/MRI00096.png,data/raw/mri_images/FLAIR/MRI00108.png,mri,FLAIR,FLAIR,9,5,Visually Similar,Retain - Shows Structural Variation
data/raw/mri_images/FLAIR/MRI00096.png,data/raw/mri_images/FLAIR/MRI00110.png,mri,FLAIR,FLAIR,7,8,Visually Similar,Retain - Shows Structural Variation
data/raw/mri_images/FLAIR/MRI00096.png,data/raw/mri_images/FLAIR/MRI00115.png,mri,FLAIR,FLAIR,5,5,Visually Similar,Retain - Shows Structural Variation
data/raw/mri_images/FLAIR/MRI00096.png,data/raw/mri_images/FLAIR/MRI00116.png,mri,FLAIR,FLAIR,5,7,Visually Similar,Retain - Shows Structural Variation
data/raw/mri_images/FLAIR/MRI00096.png,data/raw/mri_images/FLAIR/MRI00120.png,mri,FLAIR,FLAIR,9,7,Visually Similar,Retain - Shows Structural Variation
data/raw/mri_images/FLAIR/MRI00096.png,data/raw/mri_images/T2/MRI00041.png,mri,FLAIR,T2,10,13,Visually Similar,Retain - Shows Structural Variation
data/raw/mri_images/FLAIR/MRI00096.png,data/raw/mri_images/T2/MRI00056.png,mri,FLAIR,T2,9,15,Visually Similar,Retain - Shows Structural Variation
data/raw/mri_images/FLAIR/MRI00097.png,data/raw/mri_images/FLAIR/MRI00098.png,mri,FLAIR,FLAIR,7,2,Visually Similar,Retain - Shows Structural Variation
data/raw/mri_images/FLAIR/MRI00097.png,data/raw/mri_images/FLAIR/MRI00099.png,mri,FLAIR,FLAIR,7,1,Visually Similar,Retain - Shows Structural Variation
data/raw/mri_images/FLAIR/MRI00097.png,data/raw/mri_images/FLAIR/MRI00101.png,mri,FLAIR,FLAIR,2,5,Near Duplicate,Document & Evaluate Similarity Threshold
data/raw/mri_images/FLAIR/MRI00097.png,data/raw/mri_images/FLAIR/MRI00104.png,mri,FLAIR,FLAIR,7,1,Visually Similar,Retain - Shows Structural Variation
data/raw/mri_images/FLAIR/MRI00097.png,data/raw/mri_images/FLAIR/MRI00105.png,mri,FLAIR,FLAIR,10,10,Visually Similar,Retain - Shows Structural Variation
data/raw/mri_images/FLAIR/MRI00097.png,data/raw/mri_images/FLAIR/MRI00106.png,mri,FLAIR,FLAIR,6,5,Visually Similar,Retain - Shows Structural Variation
data/raw/mri_images/FLAIR/MRI00097.png,data/raw/mri_images/FLAIR/MRI00107.png,mri,FLAIR,FLAIR,10,4,Visually Similar,Retain - Shows Structural Variation
data/raw/mri_images/FLAIR/MRI00097.png,data/raw/mri_images/FLAIR/MRI00108.png,mri,FLAIR,FLAIR,9,5,Visually Similar,Retain - Shows Structural Variation
data/raw/mri_images/FLAIR/MRI00097.png,data/raw/mri_images/FLAIR/MRI00109.png,mri,FLAIR,FLAIR,3,3,Near Duplicate,Document & Evaluate Similarity Threshold
data/raw/mri_images/FLAIR/MRI00097.png,data/raw/mri_images/FLAIR/MRI00110.png,mri,FLAIR,FLAIR,7,4,Visually Similar,Retain - Shows Structural Variation
data/raw/mri_images/FLAIR/MRI00097.png,data/raw/mri_images/FLAIR/MRI00112.png,mri,FLAIR,FLAIR,9,4,Visually Similar,Retain - Shows Structural Variation
data/raw/mri_images/FLAIR/MRI00097.png,data/raw/mri_images/FLAIR/MRI00114.png,mri,FLAIR,FLAIR,9,1,Visually Similar,Retain - Shows Structural Variation
data/raw/mri_images/FLAIR/MRI00097.png,data/raw/mri_images/FLAIR/MRI00116.png,mri,FLAIR,FLAIR,9,5,Visually Similar,Retain - Shows Structural Variation
data/raw/mri_images/FLAIR/MRI00097.png,data/raw/mri_images/FLAIR/MRI00117.png,mri,FLAIR,FLAIR,10,2,Visually Similar,Retain - Shows Structural Variation
data/raw/mri_images/FLAIR/MRI00097.png,data/raw/mri_images/FLAIR/MRI00118.png,mri,FLAIR,FLAIR,9,7,Visually Similar,Retain - Shows Structural Variation
data/raw/mri_images/FLAIR/MRI00097.png,data/raw/mri_images/FLAIR/MRI00120.png,mri,FLAIR,FLAIR,5,3,Visually Similar,Retain - Shows Structural Variation
data/raw/mri_images/FLAIR/MRI00097.png,data/raw/mri_images/T2/MRI00041.png,mri,FLAIR,T2,10,11,Visually Similar,Retain - Shows Structural Variation
data/raw/mri_images/FLAIR/MRI00097.png,data/raw/mri_images/T2/MRI00045.png,mri,FLAIR,T2,9,11,Visually Similar,Retain - Shows Structural Variation
data/raw/mri_images/FLAIR/MRI00097.png,data/raw/mri_images/T2/MRI00051.png,mri,FLAIR,T2,10,10,Visually Similar,Retain - Shows Structural Variation
data/raw/mri_images/FLAIR/MRI00097.png,data/raw/mri_images/T2/MRI00052.png,mri,FLAIR,T2,8,12,Visually Similar,Retain - Shows Structural Variation
data/raw/mri_images/FLAIR/MRI00097.png,data/raw/mri_images/T2/MRI00058.png,mri,FLAIR,T2,10,14,Visually Similar,Retain - Shows Structural Variation
data/raw/mri_images/FLAIR/MRI00097.png,data/raw/mri_images/T2/MRI00061.png,mri,FLAIR,T2,10,9,Visually Similar,Retain - Shows Structural Variation
data/raw/mri_images/FLAIR/MRI00097.png,data/raw/mri_images/T2/MRI00063.png,mri,FLAIR,T2,8,12,Visually Similar,Retain - Shows Structural Variation
data/raw/mri_images/FLAIR/MRI00097.png,data/raw/mri_images/T2/MRI00064.png,mri,FLAIR,T2,10,11,Visually Similar,Retain - Shows Structural Variation
data/raw/mri_images/FLAIR/MRI00097.png,data/raw/mri_images/T2/MRI00068.png,mri,FLAIR,T2,10,10,Visually Similar,Retain - Shows Structural Variation
data/raw/mri_images/FLAIR/MRI00097.png,data/raw/mri_images/T2/MRI00069.png,mri,FLAIR,T2,10,11,Visually Similar,Retain - Shows Structural Variation
data/raw/mri_images/FLAIR/MRI00097.png,data/raw/mri_images/T2/MRI00072.png,mri,FLAIR,T2,8,9,Visually Similar,Retain - Shows Structural Variation
data/raw/mri_images/FLAIR/MRI00097.png,data/raw/mri_images/T2/MRI00075.png,mri,FLAIR,T2,8,8,Visually Similar,Retain - Shows Structural Variation
data/raw/mri_images/FLAIR/MRI00098.png,data/raw/mri_images/FLAIR/MRI00100.png,mri,FLAIR,FLAIR,9,7,Visually Similar,Retain - Shows Structural Variation
data/raw/mri_images/FLAIR/MRI00098.png,data/raw/mri_images/FLAIR/MRI00101.png,mri,FLAIR,FLAIR,7,3,Visually Similar,Retain - Shows Structural Variation
data/raw/mri_images/FLAIR/MRI00098.png,data/raw/mri_images/FLAIR/MRI00105.png,mri,FLAIR,FLAIR,9,8,Visually Similar,Retain - Shows Structural Variation
data/raw/mri_images/FLAIR/MRI00098.png,data/raw/mri_images/FLAIR/MRI00106.png,mri,FLAIR,FLAIR,7,3,Visually Similar,Retain - Shows Structural Variation
data/raw/mri_images/FLAIR/MRI00098.png,data/raw/mri_images/FLAIR/MRI00109.png,mri,FLAIR,FLAIR,6,1,Visually Similar,Retain - Shows Structural Variation
data/raw/mri_images/FLAIR/MRI00098.png,data/raw/mri_images/FLAIR/MRI00116.png,mri,FLAIR,FLAIR,6,3,Visually Similar,Retain - Shows Structural Variation
data/raw/mri_images/FLAIR/MRI00098.png,data/raw/mri_images/FLAIR/MRI00120.png,mri,FLAIR,FLAIR,10,3,Visually Similar,Retain - Shows Structural Variation
data/raw/mri_images/FLAIR/MRI00098.png,data/raw/mri_images/T2/MRI00041.png,mri,FLAIR,T2,9,13,Visually Similar,Retain - Shows Structural Variation
data/raw/mri_images/FLAIR/MRI00099.png,data/raw/mri_images/FLAIR/MRI00101.png,mri,FLAIR,FLAIR,9,6,Visually Similar,Retain - Shows Structural Variation
data/raw/mri_images/FLAIR/MRI00099.png,data/raw/mri_images/FLAIR/MRI00102.png,mri,FLAIR,FLAIR,10,5,Visually Similar,Retain - Shows Structural Variation
data/raw/mri_images/FLAIR/MRI00099.png,data/raw/mri_images/FLAIR/MRI00104.png,mri,FLAIR,FLAIR,0,0,Exact Duplicate,Keep Representative / Purge Duplicate
data/raw/mri_images/FLAIR/MRI00099.png,data/raw/mri_images/FLAIR/MRI00107.png,mri,FLAIR,FLAIR,5,3,Visually Similar,Retain - Shows Structural Variation
data/raw/mri_images/FLAIR/MRI00099.png,data/raw/mri_images/FLAIR/MRI00109.png,mri,FLAIR,FLAIR,10,4,Visually Similar,Retain - Shows Structural Variation
data/raw/mri_images/FLAIR/MRI00099.png,data/raw/mri_images/FLAIR/MRI00112.png,mri,FLAIR,FLAIR,6,3,Visually Similar,Retain - Shows Structural Variation
data/raw/mri_images/FLAIR/MRI00099.png,data/raw/mri_images/FLAIR/MRI00114.png,mri,FLAIR,FLAIR,2,2,Near Duplicate,Document & Evaluate Similarity Threshold
data/raw/mri_images/FLAIR/MRI00099.png,data/raw/mri_images/FLAIR/MRI00117.png,mri,FLAIR,FLAIR,3,1,Near Duplicate,Document & Evaluate Similarity Threshold
data/raw/mri_images/FLAIR/MRI00099.png,data/raw/mri_images/FLAIR/MRI00119.png,mri,FLAIR,FLAIR,7,2,Visually Similar,Retain - Shows Structural Variation
data/raw/mri_images/FLAIR/MRI00099.png,data/raw/mri_images/T2/MRI00049.png,mri,FLAIR,T2,9,12,Visually Similar,Retain - Shows Structural Variation
data/raw/mri_images/FLAIR/MRI00099.png,data/raw/mri_images/T2/MRI00055.png,mri,FLAIR,T2,8,12,Visually Similar,Retain - Shows Structural Variation
data/raw/mri_images/FLAIR/MRI00099.png,data/raw/mri_images/T2/MRI00064.png,mri,FLAIR,T2,9,12,Visually Similar,Retain - Shows Structural Variation
data/raw/mri_images/FLAIR/MRI00099.png,data/raw/mri_images/T2/MRI00069.png,mri,FLAIR,T2,9,12,Visually Similar,Retain - Shows Structural Variation
data/raw/mri_images/FLAIR/MRI00099.png,data/raw/mri_images/T2/MRI00072.png,mri,FLAIR,T2,9,10,Visually Similar,Retain - Shows Structural Variation
data/raw/mri_images/FLAIR/MRI00099.png,data/raw/mri_images/T2/MRI00075.png,mri,FLAIR,T2,9,9,Visually Similar,Retain - Shows Structural Variation
data/raw/mri_images/FLAIR/MRI00100.png,data/raw/mri_images/FLAIR/MRI00105.png,mri,FLAIR,FLAIR,8,7,Visually Similar,Retain - Shows Structural Variation
data/raw/mri_images/FLAIR/MRI00100.png,data/raw/mri_images/FLAIR/MRI00110.png,mri,FLAIR,FLAIR,9,7,Visually Similar,Retain - Shows Structural Variation
data/raw/mri_images/FLAIR/MRI00100.png,data/raw/mri_images/FLAIR/MRI00115.png,mri,FLAIR,FLAIR,7,6,Visually Similar,Retain - Shows Structural Variation
data/raw/mri_images/FLAIR/MRI00100.png,data/raw/mri_images/FLAIR/MRI00116.png,mri,FLAIR,FLAIR,5,8,Visually Similar,Retain - Shows Structural Variation
data/raw/mri_images/FLAIR/MRI00100.png,data/raw/mri_images/FLAIR/MRI00120.png,mri,FLAIR,FLAIR,9,8,Visually Similar,Retain - Shows Structural Variation
data/raw/mri_images/FLAIR/MRI00100.png,data/raw/mri_images/T2/MRI00041.png,mri,FLAIR,T2,10,12,Visually Similar,Retain - Shows Structural Variation
data/raw/mri_images/FLAIR/MRI00101.png,data/raw/mri_images/FLAIR/MRI00102.png,mri,FLAIR,FLAIR,9,3,Visually Similar,Retain - Shows Structural Variation
data/raw/mri_images/FLAIR/MRI00101.png,data/raw/mri_images/FLAIR/MRI00104.png,mri,FLAIR,FLAIR,9,6,Visually Similar,Retain - Shows Structural Variation
data/raw/mri_images/FLAIR/MRI00101.png,data/raw/mri_images/FLAIR/MRI00105.png,mri,FLAIR,FLAIR,8,7,Visually Similar,Retain - Shows Structural Variation
data/raw/mri_images/FLAIR/MRI00101.png,data/raw/mri_images/FLAIR/MRI00106.png,mri,FLAIR,FLAIR,4,2,Near Duplicate,Document & Evaluate Similarity Threshold
data/raw/mri_images/FLAIR/MRI00101.png,data/raw/mri_images/FLAIR/MRI00108.png,mri,FLAIR,FLAIR,7,2,Visually Similar,Retain - Shows Structural Variation
data/raw/mri_images/FLAIR/MRI00101.png,data/raw/mri_images/FLAIR/MRI00109.png,mri,FLAIR,FLAIR,3,4,Near Duplicate,Document & Evaluate Similarity Threshold
data/raw/mri_images/FLAIR/MRI00101.png,data/raw/mri_images/FLAIR/MRI00110.png,mri,FLAIR,FLAIR,5,3,Visually Similar,Retain - Shows Structural Variation
data/raw/mri_images/FLAIR/MRI00101.png,data/raw/mri_images/FLAIR/MRI00116.png,mri,FLAIR,FLAIR,7,4,Visually Similar,Retain - Shows Structural Variation
data/raw/mri_images/FLAIR/MRI00101.png,data/raw/mri_images/FLAIR/MRI00118.png,mri,FLAIR,FLAIR,7,4,Visually Similar,Retain - Shows Structural Variation
data/raw/mri_images/FLAIR/MRI00101.png,data/raw/mri_images/FLAIR/MRI00120.png,mri,FLAIR,FLAIR,3,4,Near Duplicate,Document & Evaluate Similarity Threshold
data/raw/mri_images/FLAIR/MRI00101.png,data/raw/mri_images/T2/MRI00041.png,mri,FLAIR,T2,10,14,Visually Similar,Retain - Shows Structural Variation
data/raw/mri_images/FLAIR/MRI00101.png,data/raw/mri_images/T2/MRI00043.png,mri,FLAIR,T2,10,13,Visually Similar,Retain - Shows Structural Variation
data/raw/mri_images/FLAIR/MRI00101.png,data/raw/mri_images/T2/MRI00045.png,mri,FLAIR,T2,9,12,Visually Similar,Retain - Shows Structural Variation
data/raw/mri_images/FLAIR/MRI00101.png,data/raw/mri_images/T2/MRI00052.png,mri,FLAIR,T2,8,11,Visually Similar,Retain - Shows Structural Variation
data/raw/mri_images/FLAIR/MRI00101.png,data/raw/mri_images/T2/MRI00054.png,mri,FLAIR,T2,10,11,Visually Similar,Retain - Shows Structural Variation
data/raw/mri_images/FLAIR/MRI00101.png,data/raw/mri_images/T2/MRI00057.png,mri,FLAIR,T2,10,13,Visually Similar,Retain - Shows Structural Variation
data/raw/mri_images/FLAIR/MRI00101.png,data/raw/mri_images/T2/MRI00058.png,mri,FLAIR,T2,10,15,Visually Similar,Retain - Shows Structural Variation
data/raw/mri_images/FLAIR/MRI00101.png,data/raw/mri_images/T2/MRI00063.png,mri,FLAIR,T2,8,13,Visually Similar,Retain - Shows Structural Variation
data/raw/mri_images/FLAIR/MRI00101.png,data/raw/mri_images/T2/MRI00066.png,mri,FLAIR,T2,10,12,Visually Similar,Retain - Shows Structural Variation
data/raw/mri_images/FLAIR/MRI00101.png,data/raw/mri_images/T2/MRI00072.png,mri,FLAIR,T2,10,12,Visually Similar,Retain - Shows Structural Variation
data/raw/mri_images/FLAIR/MRI00101.png,data/raw/mri_images/T2/MRI00073.png,mri,FLAIR,T2,10,13,Visually Similar,Retain - Shows Structural Variation
data/raw/mri_images/FLAIR/MRI00101.png,data/raw/mri_images/T2/MRI00075.png,mri,FLAIR,T2,10,13,Visually Similar,Retain - Shows Structural Variation
data/raw/mri_images/FLAIR/MRI00102.png,data/raw/mri_images/FLAIR/MRI00104.png,mri,FLAIR,FLAIR,10,5,Visually Similar,Retain - Shows Structural Variation
data/raw/mri_images/FLAIR/MRI00102.png,data/raw/mri_images/FLAIR/MRI00108.png,mri,FLAIR,FLAIR,6,5,Visually Similar,Retain - Shows Structural Variation
data/raw/mri_images/FLAIR/MRI00102.png,data/raw/mri_images/FLAIR/MRI00110.png,mri,FLAIR,FLAIR,6,2,Visually Similar,Retain - Shows Structural Variation
data/raw/mri_images/FLAIR/MRI00102.png,data/raw/mri_images/FLAIR/MRI00111.png,mri,FLAIR,FLAIR,10,7,Visually Similar,Retain - Shows Structural Variation
data/raw/mri_images/FLAIR/MRI00102.png,data/raw/mri_images/FLAIR/MRI00112.png,mri,FLAIR,FLAIR,10,6,Visually Similar,Retain - Shows Structural Variation
data/raw/mri_images/FLAIR/MRI00102.png,data/raw/mri_images/FLAIR/MRI00113.png,mri,FLAIR,FLAIR,10,4,Visually Similar,Retain - Shows Structural Variation
data/raw/mri_images/FLAIR/MRI00102.png,data/raw/mri_images/FLAIR/MRI00114.png,mri,FLAIR,FLAIR,10,3,Visually Similar,Retain - Shows Structural Variation
data/raw/mri_images/FLAIR/MRI00102.png,data/raw/mri_images/FLAIR/MRI00117.png,mri,FLAIR,FLAIR,9,4,Visually Similar,Retain - Shows Structural Variation
data/raw/mri_images/FLAIR/MRI00102.png,data/raw/mri_images/FLAIR/MRI00119.png,mri,FLAIR,FLAIR,9,3,Visually Similar,Retain - Shows Structural Variation
data/raw/mri_images/FLAIR/MRI00102.png,data/raw/mri_images/FLAIR/MRI00120.png,mri,FLAIR,FLAIR,6,3,Visually Similar,Retain - Shows Structural Variation
data/raw/mri_images/FLAIR/MRI00103.png,data/raw/mri_images/FLAIR/MRI00108.png,mri,FLAIR,FLAIR,8,4,Visually Similar,Retain - Shows Structural Variation
data/raw/mri_images/FLAIR/MRI00103.png,data/raw/mri_images/FLAIR/MRI00110.png,mri,FLAIR,FLAIR,6,7,Visually Similar,Retain - Shows Structural Variation
data/raw/mri_images/FLAIR/MRI00103.png,data/raw/mri_images/FLAIR/MRI00118.png,mri,FLAIR,FLAIR,6,2,Visually Similar,Retain - Shows Structural Variation
data/raw/mri_images/FLAIR/MRI00103.png,data/raw/mri_images/FLAIR/MRI00120.png,mri,FLAIR,FLAIR,8,6,Visually Similar,Retain - Shows Structural Variation
data/raw/mri_images/FLAIR/MRI00104.png,data/raw/mri_images/FLAIR/MRI00107.png,mri,FLAIR,FLAIR,5,3,Visually Similar,Retain - Shows Structural Variation
data/raw/mri_images/FLAIR/MRI00104.png,data/raw/mri_images/FLAIR/MRI00109.png,mri,FLAIR,FLAIR,10,4,Visually Similar,Retain - Shows Structural Variation
data/raw/mri_images/FLAIR/MRI00104.png,data/raw/mri_images/FLAIR/MRI00112.png,mri,FLAIR,FLAIR,6,3,Visually Similar,Retain - Shows Structural Variation
data/raw/mri_images/FLAIR/MRI00104.png,data/raw/mri_images/FLAIR/MRI00114.png,mri,FLAIR,FLAIR,2,2,Near Duplicate,Document & Evaluate Similarity Threshold
data/raw/mri_images/FLAIR/MRI00104.png,data/raw/mri_images/FLAIR/MRI00117.png,mri,FLAIR,FLAIR,3,1,Near Duplicate,Document & Evaluate Similarity Threshold
data/raw/mri_images/FLAIR/MRI00104.png,data/raw/mri_images/FLAIR/MRI00119.png,mri,FLAIR,FLAIR,7,2,Visually Similar,Retain - Shows Structural Variation
data/raw/mri_images/FLAIR/MRI00104.png,data/raw/mri_images/T2/MRI00049.png,mri,FLAIR,T2,9,12,Visually Similar,Retain - Shows Structural Variation
data/raw/mri_images/FLAIR/MRI00104.png,data/raw/mri_images/T2/MRI00055.png,mri,FLAIR,T2,8,12,Visually Similar,Retain - Shows Structural Variation
data/raw/mri_images/FLAIR/MRI00104.png,data/raw/mri_images/T2/MRI00064.png,mri,FLAIR,T2,9,12,Visually Similar,Retain - Shows Structural Variation
data/raw/mri_images/FLAIR/MRI00104.png,data/raw/mri_images/T2/MRI00069.png,mri,FLAIR,T2,9,12,Visually Similar,Retain - Shows Structural Variation
data/raw/mri_images/FLAIR/MRI00104.png,data/raw/mri_images/T2/MRI00072.png,mri,FLAIR,T2,9,10,Visually Similar,Retain - Shows Structural Variation
data/raw/mri_images/FLAIR/MRI00104.png,data/raw/mri_images/T2/MRI00075.png,mri,FLAIR,T2,9,9,Visually Similar,Retain - Shows Structural Variation
data/raw/mri_images/FLAIR/MRI00105.png,data/raw/mri_images/FLAIR/MRI00106.png,mri,FLAIR,FLAIR,10,7,Visually Similar,Retain - Shows Structural Variation
data/raw/mri_images/FLAIR/MRI00105.png,data/raw/mri_images/FLAIR/MRI00109.png,mri,FLAIR,FLAIR,9,7,Visually Similar,Retain - Shows Structural Variation
data/raw/mri_images/FLAIR/MRI00105.png,data/raw/mri_images/FLAIR/MRI00116.png,mri,FLAIR,FLAIR,3,5,Near Duplicate,Document & Evaluate Similarity Threshold
data/raw/mri_images/FLAIR/MRI00105.png,data/raw/mri_images/FLAIR/MRI00118.png,mri,FLAIR,FLAIR,7,5,Visually Similar,Retain - Shows Structural Variation
data/raw/mri_images/FLAIR/MRI00105.png,data/raw/mri_images/T2/MRI00041.png,mri,FLAIR,T2,8,15,Visually Similar,Retain - Shows Structural Variation
data/raw/mri_images/FLAIR/MRI00106.png,data/raw/mri_images/FLAIR/MRI00108.png,mri,FLAIR,FLAIR,7,4,Visually Similar,Retain - Shows Structural Variation
data/raw/mri_images/FLAIR/MRI00106.png,data/raw/mri_images/FLAIR/MRI00109.png,mri,FLAIR,FLAIR,7,4,Visually Similar,Retain - Shows Structural Variation
data/raw/mri_images/FLAIR/MRI00106.png,data/raw/mri_images/FLAIR/MRI00110.png,mri,FLAIR,FLAIR,5,3,Visually Similar,Retain - Shows Structural Variation
data/raw/mri_images/FLAIR/MRI00106.png,data/raw/mri_images/FLAIR/MRI00115.png,mri,FLAIR,FLAIR,9,2,Visually Similar,Retain - Shows Structural Variation
data/raw/mri_images/FLAIR/MRI00106.png,data/raw/mri_images/FLAIR/MRI00116.png,mri,FLAIR,FLAIR,9,4,Visually Similar,Retain - Shows Structural Variation
data/raw/mri_images/FLAIR/MRI00106.png,data/raw/mri_images/FLAIR/MRI00118.png,mri,FLAIR,FLAIR,7,4,Visually Similar,Retain - Shows Structural Variation
data/raw/mri_images/FLAIR/MRI00106.png,data/raw/mri_images/FLAIR/MRI00120.png,mri,FLAIR,FLAIR,7,4,Visually Similar,Retain - Shows Structural Variation
data/raw/mri_images/FLAIR/MRI00106.png,data/raw/mri_images/T2/MRI00043.png,mri,FLAIR,T2,10,13,Visually Similar,Retain - Shows Structural Variation
data/raw/mri_images/FLAIR/MRI00106.png,data/raw/mri_images/T2/MRI00052.png,mri,FLAIR,T2,10,13,Visually Similar,Retain - Shows Structural Variation
data/raw/mri_images/FLAIR/MRI00106.png,data/raw/mri_images/T2/MRI00066.png,mri,FLAIR,T2,10,12,Visually Similar,Retain - Shows Structural Variation
data/raw/mri_images/FLAIR/MRI00107.png,data/raw/mri_images/FLAIR/MRI00111.png,mri,FLAIR,FLAIR,9,5,Visually Similar,Retain - Shows Structural Variation
data/raw/mri_images/FLAIR/MRI00107.png,data/raw/mri_images/FLAIR/MRI00112.png,mri,FLAIR,FLAIR,1,4,Near Duplicate,Document & Evaluate Similarity Threshold
data/raw/mri_images/FLAIR/MRI00107.png,data/raw/mri_images/FLAIR/MRI00113.png,mri,FLAIR,FLAIR,9,4,Visually Similar,Retain - Shows Structural Variation
data/raw/mri_images/FLAIR/MRI00107.png,data/raw/mri_images/FLAIR/MRI00114.png,mri,FLAIR,FLAIR,5,5,Visually Similar,Retain - Shows Structural Variation
data/raw/mri_images/FLAIR/MRI00107.png,data/raw/mri_images/FLAIR/MRI00117.png,mri,FLAIR,FLAIR,8,4,Visually Similar,Retain - Shows Structural Variation
data/raw/mri_images/FLAIR/MRI00107.png,data/raw/mri_images/FLAIR/MRI00119.png,mri,FLAIR,FLAIR,8,3,Visually Similar,Retain - Shows Structural Variation
data/raw/mri_images/FLAIR/MRI00107.png,data/raw/mri_images/T2/MRI00055.png,mri,FLAIR,T2,7,9,Visually Similar,Retain - Shows Structural Variation
data/raw/mri_images/FLAIR/MRI00108.png,data/raw/mri_images/FLAIR/MRI00109.png,mri,FLAIR,FLAIR,10,4,Visually Similar,Retain - Shows Structural Variation
data/raw/mri_images/FLAIR/MRI00108.png,data/raw/mri_images/FLAIR/MRI00110.png,mri,FLAIR,FLAIR,2,5,Near Duplicate,Document & Evaluate Similarity Threshold
data/raw/mri_images/FLAIR/MRI00108.png,data/raw/mri_images/FLAIR/MRI00115.png,mri,FLAIR,FLAIR,6,2,Visually Similar,Retain - Shows Structural Variation
data/raw/mri_images/FLAIR/MRI00108.png,data/raw/mri_images/FLAIR/MRI00118.png,mri,FLAIR,FLAIR,8,4,Visually Similar,Retain - Shows Structural Variation
data/raw/mri_images/FLAIR/MRI00108.png,data/raw/mri_images/FLAIR/MRI00120.png,mri,FLAIR,FLAIR,4,4,Near Duplicate,Document & Evaluate Similarity Threshold
data/raw/mri_images/FLAIR/MRI00108.png,data/raw/mri_images/T2/MRI00043.png,mri,FLAIR,T2,9,15,Visually Similar,Retain - Shows Structural Variation
data/raw/mri_images/FLAIR/MRI00108.png,data/raw/mri_images/T2/MRI00045.png,mri,FLAIR,T2,10,12,Visually Similar,Retain - Shows Structural Variation
data/raw/mri_images/FLAIR/MRI00108.png,data/raw/mri_images/T2/MRI00052.png,mri,FLAIR,T2,9,13,Visually Similar,Retain - Shows Structural Variation
data/raw/mri_images/FLAIR/MRI00108.png,data/raw/mri_images/T2/MRI00053.png,mri,FLAIR,T2,9,14,Visually Similar,Retain - Shows Structural Variation
data/raw/mri_images/FLAIR/MRI00108.png,data/raw/mri_images/T2/MRI00056.png,mri,FLAIR,T2,10,12,Visually Similar,Retain - Shows Structural Variation
data/raw/mri_images/FLAIR/MRI00108.png,data/raw/mri_images/T2/MRI00065.png,mri,FLAIR,T2,9,14,Visually Similar,Retain - Shows Structural Variation
data/raw/mri_images/FLAIR/MRI00108.png,data/raw/mri_images/T2/MRI00066.png,mri,FLAIR,T2,9,14,Visually Similar,Retain - Shows Structural Variation
data/raw/mri_images/FLAIR/MRI00109.png,data/raw/mri_images/FLAIR/MRI00110.png,mri,FLAIR,FLAIR,8,3,Visually Similar,Retain - Shows Structural Variation
data/raw/mri_images/FLAIR/MRI00109.png,data/raw/mri_images/FLAIR/MRI00116.png,mri,FLAIR,FLAIR,8,2,Visually Similar,Retain - Shows Structural Variation
data/raw/mri_images/FLAIR/MRI00109.png,data/raw/mri_images/FLAIR/MRI00118.png,mri,FLAIR,FLAIR,10,6,Visually Similar,Retain - Shows Structural Variation
data/raw/mri_images/FLAIR/MRI00109.png,data/raw/mri_images/FLAIR/MRI00120.png,mri,FLAIR,FLAIR,6,4,Visually Similar,Retain - Shows Structural Variation
data/raw/mri_images/FLAIR/MRI00109.png,data/raw/mri_images/T2/MRI00041.png,mri,FLAIR,T2,9,14,Visually Similar,Retain - Shows Structural Variation
data/raw/mri_images/FLAIR/MRI00109.png,data/raw/mri_images/T2/MRI00045.png,mri,FLAIR,T2,10,14,Visually Similar,Retain - Shows Structural Variation
data/raw/mri_images/FLAIR/MRI00109.png,data/raw/mri_images/T2/MRI00052.png,mri,FLAIR,T2,9,15,Visually Similar,Retain - Shows Structural Variation
data/raw/mri_images/FLAIR/MRI00109.png,data/raw/mri_images/T2/MRI00063.png,mri,FLAIR,T2,9,15,Visually Similar,Retain - Shows Structural Variation
data/raw/mri_images/FLAIR/MRI00110.png,data/raw/mri_images/FLAIR/MRI00115.png,mri,FLAIR,FLAIR,6,3,Visually Similar,Retain - Shows Structural Variation
data/raw/mri_images/FLAIR/MRI00110.png,data/raw/mri_images/FLAIR/MRI00116.png,mri,FLAIR,FLAIR,10,5,Visually Similar,Retain - Shows Structural Variation
data/raw/mri_images/FLAIR/MRI00110.png,data/raw/mri_images/FLAIR/MRI00118.png,mri,FLAIR,FLAIR,6,7,Visually Similar,Retain - Shows Structural Variation
data/raw/mri_images/FLAIR/MRI00110.png,data/raw/mri_images/FLAIR/MRI00120.png,mri,FLAIR,FLAIR,2,3,Near Duplicate,Document & Evaluate Similarity Threshold
data/raw/mri_images/FLAIR/MRI00110.png,data/raw/mri_images/T2/MRI00043.png,mri,FLAIR,T2,9,12,Visually Similar,Retain - Shows Structural Variation
data/raw/mri_images/FLAIR/MRI00110.png,data/raw/mri_images/T2/MRI00045.png,mri,FLAIR,T2,10,11,Visually Similar,Retain - Shows Structural Variation
data/raw/mri_images/FLAIR/MRI00110.png,data/raw/mri_images/T2/MRI00052.png,mri,FLAIR,T2,9,12,Visually Similar,Retain - Shows Structural Variation
data/raw/mri_images/FLAIR/MRI00110.png,data/raw/mri_images/T2/MRI00053.png,mri,FLAIR,T2,9,13,Visually Similar,Retain - Shows Structural Variation
data/raw/mri_images/FLAIR/MRI00110.png,data/raw/mri_images/T2/MRI00056.png,mri,FLAIR,T2,10,11,Visually Similar,Retain - Shows Structural Variation
data/raw/mri_images/FLAIR/MRI00110.png,data/raw/mri_images/T2/MRI00065.png,mri,FLAIR,T2,9,13,Visually Similar,Retain - Shows Structural Variation
data/raw/mri_images/FLAIR/MRI00110.png,data/raw/mri_images/T2/MRI00066.png,mri,FLAIR,T2,9,11,Visually Similar,Retain - Shows Structural Variation
data/raw/mri_images/FLAIR/MRI00111.png,data/raw/mri_images/FLAIR/MRI00112.png,mri,FLAIR,FLAIR,10,7,Visually Similar,Retain - Shows Structural Variation
data/raw/mri_images/FLAIR/MRI00111.png,data/raw/mri_images/FLAIR/MRI00113.png,mri,FLAIR,FLAIR,2,3,Near Duplicate,Document & Evaluate Similarity Threshold
data/raw/mri_images/FLAIR/MRI00111.png,data/raw/mri_images/FLAIR/MRI00119.png,mri,FLAIR,FLAIR,7,8,Visually Similar,Retain - Shows Structural Variation
data/raw/mri_images/FLAIR/MRI00112.png,data/raw/mri_images/FLAIR/MRI00113.png,mri,FLAIR,FLAIR,10,8,Visually Similar,Retain - Shows Structural Variation
data/raw/mri_images/FLAIR/MRI00112.png,data/raw/mri_images/FLAIR/MRI00114.png,mri,FLAIR,FLAIR,6,5,Visually Similar,Retain - Shows Structural Variation
data/raw/mri_images/FLAIR/MRI00112.png,data/raw/mri_images/FLAIR/MRI00117.png,mri,FLAIR,FLAIR,9,4,Visually Similar,Retain - Shows Structural Variation
data/raw/mri_images/FLAIR/MRI00112.png,data/raw/mri_images/FLAIR/MRI00119.png,mri,FLAIR,FLAIR,9,3,Visually Similar,Retain - Shows Structural Variation
data/raw/mri_images/FLAIR/MRI00112.png,data/raw/mri_images/T2/MRI00055.png,mri,FLAIR,T2,8,13,Visually Similar,Retain - Shows Structural Variation
data/raw/mri_images/FLAIR/MRI00113.png,data/raw/mri_images/FLAIR/MRI00119.png,mri,FLAIR,FLAIR,7,5,Visually Similar,Retain - Shows Structural Variation
data/raw/mri_images/FLAIR/MRI00114.png,data/raw/mri_images/FLAIR/MRI00117.png,mri,FLAIR,FLAIR,3,3,Near Duplicate,Document & Evaluate Similarity Threshold
data/raw/mri_images/FLAIR/MRI00114.png,data/raw/mri_images/FLAIR/MRI00119.png,mri,FLAIR,FLAIR,7,2,Visually Similar,Retain - Shows Structural Variation
data/raw/mri_images/FLAIR/MRI00114.png,data/raw/mri_images/T2/MRI00049.png,mri,FLAIR,T2,7,10,Visually Similar,Retain - Shows Structural Variation
data/raw/mri_images/FLAIR/MRI00114.png,data/raw/mri_images/T2/MRI00055.png,mri,FLAIR,T2,10,12,Visually Similar,Retain - Shows Structural Variation
data/raw/mri_images/FLAIR/MRI00114.png,data/raw/mri_images/T2/MRI00064.png,mri,FLAIR,T2,9,10,Visually Similar,Retain - Shows Structural Variation
data/raw/mri_images/FLAIR/MRI00114.png,data/raw/mri_images/T2/MRI00069.png,mri,FLAIR,T2,9,10,Visually Similar,Retain - Shows Structural Variation
data/raw/mri_images/FLAIR/MRI00114.png,data/raw/mri_images/T2/MRI00075.png,mri,FLAIR,T2,9,9,Visually Similar,Retain - Shows Structural Variation
data/raw/mri_images/FLAIR/MRI00115.png,data/raw/mri_images/FLAIR/MRI00116.png,mri,FLAIR,FLAIR,8,4,Visually Similar,Retain - Shows Structural Variation
data/raw/mri_images/FLAIR/MRI00115.png,data/raw/mri_images/FLAIR/MRI00118.png,mri,FLAIR,FLAIR,10,6,Visually Similar,Retain - Shows Structural Variation
data/raw/mri_images/FLAIR/MRI00115.png,data/raw/mri_images/FLAIR/MRI00120.png,mri,FLAIR,FLAIR,8,2,Visually Similar,Retain - Shows Structural Variation
data/raw/mri_images/FLAIR/MRI00115.png,data/raw/mri_images/T2/MRI00056.png,mri,FLAIR,T2,8,10,Visually Similar,Retain - Shows Structural Variation
data/raw/mri_images/FLAIR/MRI00115.png,data/raw/mri_images/T2/MRI00078.png,mri,FLAIR,T2,10,14,Visually Similar,Retain - Shows Structural Variation
data/raw/mri_images/FLAIR/MRI00116.png,data/raw/mri_images/FLAIR/MRI00118.png,mri,FLAIR,FLAIR,10,6,Visually Similar,Retain - Shows Structural Variation
data/raw/mri_images/FLAIR/MRI00116.png,data/raw/mri_images/FLAIR/MRI00120.png,mri,FLAIR,FLAIR,10,6,Visually Similar,Retain - Shows Structural Variation
data/raw/mri_images/FLAIR/MRI00116.png,data/raw/mri_images/T2/MRI00041.png,mri,FLAIR,T2,7,14,Visually Similar,Retain - Shows Structural Variation
data/raw/mri_images/FLAIR/MRI00116.png,data/raw/mri_images/T2/MRI00056.png,mri,FLAIR,T2,10,14,Visually Similar,Retain - Shows Structural Variation
data/raw/mri_images/FLAIR/MRI00116.png,data/raw/mri_images/T2/MRI00067.png,mri,FLAIR,T2,10,16,Visually Similar,Retain - Shows Structural Variation
data/raw/mri_images/FLAIR/MRI00116.png,data/raw/mri_images/T2/MRI00073.png,mri,FLAIR,T2,9,13,Visually Similar,Retain - Shows Structural Variation
data/raw/mri_images/FLAIR/MRI00116.png,data/raw/mri_images/T2/MRI00078.png,mri,FLAIR,T2,10,16,Visually Similar,Retain - Shows Structural Variation
data/raw/mri_images/FLAIR/MRI00117.png,data/raw/mri_images/FLAIR/MRI00119.png,mri,FLAIR,FLAIR,4,3,Near Duplicate,Document & Evaluate Similarity Threshold
data/raw/mri_images/FLAIR/MRI00117.png,data/raw/mri_images/T2/MRI00049.png,mri,FLAIR,T2,10,11,Visually Similar,Retain - Shows Structural Variation
data/raw/mri_images/FLAIR/MRI00117.png,data/raw/mri_images/T2/MRI00064.png,mri,FLAIR,T2,10,11,Visually Similar,Retain - Shows Structural Variation
data/raw/mri_images/FLAIR/MRI00117.png,data/raw/mri_images/T2/MRI00069.png,mri,FLAIR,T2,10,11,Visually Similar,Retain - Shows Structural Variation
data/raw/mri_images/FLAIR/MRI00117.png,data/raw/mri_images/T2/MRI00075.png,mri,FLAIR,T2,10,8,Visually Similar,Retain - Shows Structural Variation
data/raw/mri_images/FLAIR/MRI00118.png,data/raw/mri_images/FLAIR/MRI00120.png,mri,FLAIR,FLAIR,8,8,Visually Similar,Retain - Shows Structural Variation
data/raw/mri_images/FLAIR/MRI00120.png,data/raw/mri_images/T2/MRI00045.png,mri,FLAIR,T2,10,10,Visually Similar,Retain - Shows Structural Variation
data/raw/mri_images/FLAIR/MRI00120.png,data/raw/mri_images/T2/MRI00052.png,mri,FLAIR,T2,9,13,Visually Similar,Retain - Shows Structural Variation
data/raw/mri_images/T1/MRI00001.png,data/raw/mri_images/T1/MRI00005.png,mri,T1,T1,9,1,Visually Similar,Retain - Shows Structural Variation
data/raw/mri_images/T1/MRI00001.png,data/raw/mri_images/T1/MRI00007.png,mri,T1,T1,8,2,Visually Similar,Retain - Shows Structural Variation
data/raw/mri_images/T1/MRI00001.png,data/raw/mri_images/T1/MRI00012.png,mri,T1,T1,10,1,Visually Similar,Retain - Shows Structural Variation
data/raw/mri_images/T1/MRI00001.png,data/raw/mri_images/T1/MRI00016.png,mri,T1,T1,9,2,Visually Similar,Retain - Shows Structural Variation
data/raw/mri_images/T1/MRI00001.png,data/raw/mri_images/T1/MRI00018.png,mri,T1,T1,9,1,Visually Similar,Retain - Shows Structural Variation
data/raw/mri_images/T1/MRI00001.png,data/raw/mri_images/T1/MRI00027.png,mri,T1,T1,7,1,Visually Similar,Retain - Shows Structural Variation
data/raw/mri_images/T1/MRI00001.png,data/raw/mri_images/T1/MRI00028.png,mri,T1,T1,1,0,Near Duplicate,Document & Evaluate Similarity Threshold
data/raw/mri_images/T1/MRI00001.png,data/raw/mri_images/T1/MRI00034.png,mri,T1,T1,8,1,Visually Similar,Retain - Shows Structural Variation
data/raw/mri_images/T1/MRI00001.png,data/raw/mri_images/T1/MRI00035.png,mri,T1,T1,10,0,Visually Similar,Retain - Shows Structural Variation
data/raw/mri_images/T1/MRI00001.png,data/raw/mri_images/T1/MRI00037.png,mri,T1,T1,6,2,Visually Similar,Retain - Shows Structural Variation
data/raw/mri_images/T1/MRI00002.png,data/raw/mri_images/T1/MRI00006.png,mri,T1,T1,10,1,Visually Similar,Retain - Shows Structural Variation
data/raw/mri_images/T1/MRI00002.png,data/raw/mri_images/T1/MRI00015.png,mri,T1,T1,8,2,Visually Similar,Retain - Shows Structural Variation
data/raw/mri_images/T1/MRI00002.png,data/raw/mri_images/T1/MRI00017.png,mri,T1,T1,10,0,Visually Similar,Retain - Shows Structural Variation
data/raw/mri_images/T1/MRI00002.png,data/raw/mri_images/T1/MRI00024.png,mri,T1,T1,5,1,Visually Similar,Retain - Shows Structural Variation
data/raw/mri_images/T1/MRI00002.png,data/raw/mri_images/T1/MRI00038.png,mri,T1,T1,8,1,Visually Similar,Retain - Shows Structural Variation
data/raw/mri_images/T1/MRI00003.png,data/raw/mri_images/T1/MRI00011.png,mri,T1,T1,6,3,Visually Similar,Retain - Shows Structural Variation
data/raw/mri_images/T1/MRI00003.png,data/raw/mri_images/T1/MRI00016.png,mri,T1,T1,10,2,Visually Similar,Retain - Shows Structural Variation
data/raw/mri_images/T1/MRI00003.png,data/raw/mri_images/T1/MRI00023.png,mri,T1,T1,9,4,Visually Similar,Retain - Shows Structural Variation
data/raw/mri_images/T1/MRI00003.png,data/raw/mri_images/T1/MRI00025.png,mri,T1,T1,9,2,Visually Similar,Retain - Shows Structural Variation
data/raw/mri_images/T1/MRI00003.png,data/raw/mri_images/T1/MRI00033.png,mri,T1,T1,9,3,Visually Similar,Retain - Shows Structural Variation
data/raw/mri_images/T1/MRI00004.png,data/raw/mri_images/T1/MRI00010.png,mri,T1,T1,7,1,Visually Similar,Retain - Shows Structural Variation
data/raw/mri_images/T1/MRI00004.png,data/raw/mri_images/T1/MRI00014.png,mri,T1,T1,8,1,Visually Similar,Retain - Shows Structural Variation
data/raw/mri_images/T1/MRI00004.png,data/raw/mri_images/T1/MRI00019.png,mri,T1,T1,7,1,Visually Similar,Retain - Shows Structural Variation
data/raw/mri_images/T1/MRI00004.png,data/raw/mri_images/T1/MRI00020.png,mri,T1,T1,6,0,Visually Similar,Retain - Shows Structural Variation
data/raw/mri_images/T1/MRI00005.png,data/raw/mri_images/T1/MRI00012.png,mri,T1,T1,9,2,Visually Similar,Retain - Shows Structural Variation
data/raw/mri_images/T1/MRI00005.png,data/raw/mri_images/T1/MRI00014.png,mri,T1,T1,9,4,Visually Similar,Retain - Shows Structural Variation
data/raw/mri_images/T1/MRI00005.png,data/raw/mri_images/T1/MRI00016.png,mri,T1,T1,6,3,Visually Similar,Retain - Shows Structural Variation
data/raw/mri_images/T1/MRI00005.png,data/raw/mri_images/T1/MRI00018.png,mri,T1,T1,10,2,Visually Similar,Retain - Shows Structural Variation
data/raw/mri_images/T1/MRI00005.png,data/raw/mri_images/T1/MRI00019.png,mri,T1,T1,10,4,Visually Similar,Retain - Shows Structural Variation
data/raw/mri_images/T1/MRI00005.png,data/raw/mri_images/T1/MRI00027.png,mri,T1,T1,10,2,Visually Similar,Retain - Shows Structural Variation
data/raw/mri_images/T1/MRI00005.png,data/raw/mri_images/T1/MRI00028.png,mri,T1,T1,10,1,Visually Similar,Retain - Shows Structural Variation
data/raw/mri_images/T1/MRI00005.png,data/raw/mri_images/T1/MRI00031.png,mri,T1,T1,8,1,Visually Similar,Retain - Shows Structural Variation
data/raw/mri_images/T1/MRI00006.png,data/raw/mri_images/T1/MRI00009.png,mri,T1,T1,7,1,Visually Similar,Retain - Shows Structural Variation
data/raw/mri_images/T1/MRI00006.png,data/raw/mri_images/T1/MRI00012.png,mri,T1,T1,3,0,Near Duplicate,Document & Evaluate Similarity Threshold
data/raw/mri_images/T1/MRI00006.png,data/raw/mri_images/T1/MRI00013.png,mri,T1,T1,3,1,Near Duplicate,Document & Evaluate Similarity Threshold
data/raw/mri_images/T1/MRI00006.png,data/raw/mri_images/T1/MRI00015.png,mri,T1,T1,10,3,Visually Similar,Retain - Shows Structural Variation
data/raw/mri_images/T1/MRI00006.png,data/raw/mri_images/T1/MRI00017.png,mri,T1,T1,8,1,Visually Similar,Retain - Shows Structural Variation
data/raw/mri_images/T1/MRI00006.png,data/raw/mri_images/T1/MRI00018.png,mri,T1,T1,8,0,Visually Similar,Retain - Shows Structural Variation
data/raw/mri_images/T1/MRI00006.png,data/raw/mri_images/T1/MRI00021.png,mri,T1,T1,9,1,Visually Similar,Retain - Shows Structural Variation
data/raw/mri_images/T1/MRI00006.png,data/raw/mri_images/T1/MRI00022.png,mri,T1,T1,5,2,Visually Similar,Retain - Shows Structural Variation
data/raw/mri_images/T1/MRI00006.png,data/raw/mri_images/T1/MRI00024.png,mri,T1,T1,7,0,Visually Similar,Retain - Shows Structural Variation
data/raw/mri_images/T1/MRI00006.png,data/raw/mri_images/T1/MRI00026.png,mri,T1,T1,8,2,Visually Similar,Retain - Shows Structural Variation
data/raw/mri_images/T1/MRI00006.png,data/raw/mri_images/T1/MRI00027.png,mri,T1,T1,8,2,Visually Similar,Retain - Shows Structural Variation
data/raw/mri_images/T1/MRI00006.png,data/raw/mri_images/T1/MRI00028.png,mri,T1,T1,10,1,Visually Similar,Retain - Shows Structural Variation
data/raw/mri_images/T1/MRI00006.png,data/raw/mri_images/T1/MRI00032.png,mri,T1,T1,10,3,Visually Similar,Retain - Shows Structural Variation
data/raw/mri_images/T1/MRI00006.png,data/raw/mri_images/T1/MRI00038.png,mri,T1,T1,10,2,Visually Similar,Retain - Shows Structural Variation
data/raw/mri_images/T1/MRI00007.png,data/raw/mri_images/T1/MRI00021.png,mri,T1,T1,8,2,Visually Similar,Retain - Shows Structural Variation
data/raw/mri_images/T1/MRI00007.png,data/raw/mri_images/T1/MRI00028.png,mri,T1,T1,9,2,Visually Similar,Retain - Shows Structural Variation
data/raw/mri_images/T1/MRI00007.png,data/raw/mri_images/T1/MRI00034.png,mri,T1,T1,4,1,Near Duplicate,Document & Evaluate Similarity Threshold
data/raw/mri_images/T1/MRI00007.png,data/raw/mri_images/T1/MRI00035.png,mri,T1,T1,4,2,Near Duplicate,Document & Evaluate Similarity Threshold
data/raw/mri_images/T1/MRI00007.png,data/raw/mri_images/T1/MRI00036.png,mri,T1,T1,8,1,Visually Similar,Retain - Shows Structural Variation
data/raw/mri_images/T1/MRI00007.png,data/raw/mri_images/T1/MRI00037.png,mri,T1,T1,8,2,Visually Similar,Retain - Shows Structural Variation
data/raw/mri_images/T1/MRI00007.png,data/raw/mri_images/T1/MRI00040.png,mri,T1,T1,10,4,Visually Similar,Retain - Shows Structural Variation
data/raw/mri_images/T1/MRI00008.png,data/raw/mri_images/T1/MRI00011.png,mri,T1,T1,7,3,Visually Similar,Retain - Shows Structural Variation
data/raw/mri_images/T1/MRI00008.png,data/raw/mri_images/T1/MRI00023.png,mri,T1,T1,10,4,Visually Similar,Retain - Shows Structural Variation
data/raw/mri_images/T1/MRI00008.png,data/raw/mri_images/T1/MRI00033.png,mri,T1,T1,4,3,Near Duplicate,Document & Evaluate Similarity Threshold
data/raw/mri_images/T1/MRI00008.png,data/raw/mri_images/T1/MRI00039.png,mri,T1,T1,5,4,Visually Similar,Retain - Shows Structural Variation
data/raw/mri_images/T1/MRI00009.png,data/raw/mri_images/T1/MRI00012.png,mri,T1,T1,8,1,Visually Similar,Retain - Shows Structural Variation
data/raw/mri_images/T1/MRI00009.png,data/raw/mri_images/T1/MRI00013.png,mri,T1,T1,4,2,Near Duplicate,Document & Evaluate Similarity Threshold
data/raw/mri_images/T1/MRI00009.png,data/raw/mri_images/T1/MRI00017.png,mri,T1,T1,9,2,Visually Similar,Retain - Shows Structural Variation
data/raw/mri_images/T1/MRI00009.png,data/raw/mri_images/T1/MRI00018.png,mri,T1,T1,5,1,Visually Similar,Retain - Shows Structural Variation
data/raw/mri_images/T1/MRI00009.png,data/raw/mri_images/T1/MRI00022.png,mri,T1,T1,4,1,Near Duplicate,Document & Evaluate Similarity Threshold
data/raw/mri_images/T1/MRI00009.png,data/raw/mri_images/T1/MRI00026.png,mri,T1,T1,1,1,Near Duplicate,Document & Evaluate Similarity Threshold
data/raw/mri_images/T1/MRI00010.png,data/raw/mri_images/T1/MRI00014.png,mri,T1,T1,7,2,Visually Similar,Retain - Shows Structural Variation
data/raw/mri_images/T1/MRI00010.png,data/raw/mri_images/T1/MRI00019.png,mri,T1,T1,2,0,Near Duplicate,Document & Evaluate Similarity Threshold
data/raw/mri_images/T1/MRI00010.png,data/raw/mri_images/T1/MRI00020.png,mri,T1,T1,3,1,Near Duplicate,Document & Evaluate Similarity Threshold
data/raw/mri_images/T1/MRI00010.png,data/raw/mri_images/T1/MRI00023.png,mri,T1,T1,7,3,Visually Similar,Retain - Shows Structural Variation
data/raw/mri_images/T1/MRI00010.png,data/raw/mri_images/T1/MRI00029.png,mri,T1,T1,4,2,Near Duplicate,Document & Evaluate Similarity Threshold
data/raw/mri_images/T1/MRI00010.png,data/raw/mri_images/T1/MRI00030.png,mri,T1,T1,10,3,Visually Similar,Retain - Shows Structural Variation
data/raw/mri_images/T1/MRI00010.png,data/raw/mri_images/T1/MRI00032.png,mri,T1,T1,6,3,Visually Similar,Retain - Shows Structural Variation
data/raw/mri_images/T1/MRI00010.png,data/raw/mri_images/T1/MRI00039.png,mri,T1,T1,10,3,Visually Similar,Retain - Shows Structural Variation
data/raw/mri_images/T1/MRI00011.png,data/raw/mri_images/T1/MRI00033.png,mri,T1,T1,5,2,Visually Similar,Retain - Shows Structural Variation
data/raw/mri_images/T1/MRI00011.png,data/raw/mri_images/T1/MRI00039.png,mri,T1,T1,8,3,Visually Similar,Retain - Shows Structural Variation
data/raw/mri_images/T1/MRI00012.png,data/raw/mri_images/T1/MRI00013.png,mri,T1,T1,4,1,Near Duplicate,Document & Evaluate Similarity Threshold
data/raw/mri_images/T1/MRI00012.png,data/raw/mri_images/T1/MRI00017.png,mri,T1,T1,9,1,Visually Similar,Retain - Shows Structural Variation
data/raw/mri_images/T1/MRI00012.png,data/raw/mri_images/T1/MRI00018.png,mri,T1,T1,5,0,Visually Similar,Retain - Shows Structural Variation
data/raw/mri_images/T1/MRI00012.png,data/raw/mri_images/T1/MRI00022.png,mri,T1,T1,6,2,Visually Similar,Retain - Shows Structural Variation
data/raw/mri_images/T1/MRI00012.png,data/raw/mri_images/T1/MRI00024.png,mri,T1,T1,6,0,Visually Similar,Retain - Shows Structural Variation
data/raw/mri_images/T1/MRI00012.png,data/raw/mri_images/T1/MRI00026.png,mri,T1,T1,7,2,Visually Similar,Retain - Shows Structural Variation
data/raw/mri_images/T1/MRI00012.png,data/raw/mri_images/T1/MRI00027.png,mri,T1,T1,9,2,Visually Similar,Retain - Shows Structural Variation
data/raw/mri_images/T1/MRI00013.png,data/raw/mri_images/T1/MRI00014.png,mri,T1,T1,10,3,Visually Similar,Retain - Shows Structural Variation
data/raw/mri_images/T1/MRI00013.png,data/raw/mri_images/T1/MRI00017.png,mri,T1,T1,5,0,Visually Similar,Retain - Shows Structural Variation
data/raw/mri_images/T1/MRI00013.png,data/raw/mri_images/T1/MRI00018.png,mri,T1,T1,7,1,Visually Similar,Retain - Shows Structural Variation
data/raw/mri_images/T1/MRI00013.png,data/raw/mri_images/T1/MRI00020.png,mri,T1,T1,10,4,Visually Similar,Retain - Shows Structural Variation
data/raw/mri_images/T1/MRI00013.png,data/raw/mri_images/T1/MRI00022.png,mri,T1,T1,2,1,Near Duplicate,Document & Evaluate Similarity Threshold
data/raw/mri_images/T1/MRI00013.png,data/raw/mri_images/T1/MRI00024.png,mri,T1,T1,8,1,Visually Similar,Retain - Shows Structural Variation
data/raw/mri_images/T1/MRI00013.png,data/raw/mri_images/T1/MRI00026.png,mri,T1,T1,5,1,Visually Similar,Retain - Shows Structural Variation
data/raw/mri_images/T1/MRI00013.png,data/raw/mri_images/T1/MRI00032.png,mri,T1,T1,7,2,Visually Similar,Retain - Shows Structural Variation
data/raw/mri_images/T1/MRI00014.png,data/raw/mri_images/T1/MRI00019.png,mri,T1,T1,9,2,Visually Similar,Retain - Shows Structural Variation
data/raw/mri_images/T1/MRI00014.png,data/raw/mri_images/T1/MRI00020.png,mri,T1,T1,4,1,Near Duplicate,Document & Evaluate Similarity Threshold
data/raw/mri_images/T1/MRI00014.png,data/raw/mri_images/T1/MRI00022.png,mri,T1,T1,10,4,Visually Similar,Retain - Shows Structural Variation
data/raw/mri_images/T1/MRI00014.png,data/raw/mri_images/T1/MRI00029.png,mri,T1,T1,9,2,Visually Similar,Retain - Shows Structural Variation
data/raw/mri_images/T1/MRI00014.png,data/raw/mri_images/T1/MRI00030.png,mri,T1,T1,9,1,Visually Similar,Retain - Shows Structural Variation
data/raw/mri_images/T1/MRI00014.png,data/raw/mri_images/T1/MRI00031.png,mri,T1,T1,9,3,Visually Similar,Retain - Shows Structural Variation
data/raw/mri_images/T1/MRI00014.png,data/raw/mri_images/T1/MRI00032.png,mri,T1,T1,3,1,Near Duplicate,Document & Evaluate Similarity Threshold
data/raw/mri_images/T1/MRI00015.png,data/raw/mri_images/T1/MRI00021.png,mri,T1,T1,7,4,Visually Similar,Retain - Shows Structural Variation
data/raw/mri_images/T1/MRI00015.png,data/raw/mri_images/T1/MRI00024.png,mri,T1,T1,9,3,Visually Similar,Retain - Shows Structural Variation
data/raw/mri_images/T1/MRI00015.png,data/raw/mri_images/T1/MRI00027.png,mri,T1,T1,8,1,Visually Similar,Retain - Shows Structural Variation
data/raw/mri_images/T1/MRI00015.png,data/raw/mri_images/T1/MRI00036.png,mri,T1,T1,9,3,Visually Similar,Retain - Shows Structural Variation
data/raw/mri_images/T1/MRI00015.png,data/raw/mri_images/T1/MRI00038.png,mri,T1,T1,8,1,Visually Similar,Retain - Shows Structural Variation
data/raw/mri_images/T1/MRI00015.png,data/raw/mri_images/T1/MRI00040.png,mri,T1,T1,7,4,Visually Similar,Retain - Shows Structural Variation
data/raw/mri_images/T1/MRI00016.png,data/raw/mri_images/T1/MRI00028.png,mri,T1,T1,10,2,Visually Similar,Retain - Shows Structural Variation
data/raw/mri_images/T1/MRI00017.png,data/raw/mri_images/T1/MRI00022.png,mri,T1,T1,7,1,Visually Similar,Retain - Shows Structural Variation
data/raw/mri_images/T1/MRI00017.png,data/raw/mri_images/T1/MRI00024.png,mri,T1,T1,7,1,Visually Similar,Retain - Shows Structural Variation
data/raw/mri_images/T1/MRI00017.png,data/raw/mri_images/T1/MRI00026.png,mri,T1,T1,10,1,Visually Similar,Retain - Shows Structural Variation
data/raw/mri_images/T1/MRI00017.png,data/raw/mri_images/T1/MRI00032.png,mri,T1,T1,10,2,Visually Similar,Retain - Shows Structural Variation
data/raw/mri_images/T1/MRI00018.png,data/raw/mri_images/T1/MRI00022.png,mri,T1,T1,9,2,Visually Similar,Retain - Shows Structural Variation
data/raw/mri_images/T1/MRI00018.png,data/raw/mri_images/T1/MRI00026.png,mri,T1,T1,4,2,Near Duplicate,Document & Evaluate Similarity Threshold
data/raw/mri_images/T1/MRI00018.png,data/raw/mri_images/T1/MRI00028.png,mri,T1,T1,10,1,Visually Similar,Retain - Shows Structural Variation
data/raw/mri_images/T1/MRI00018.png,data/raw/mri_images/T1/MRI00031.png,mri,T1,T1,10,1,Visually Similar,Retain - Shows Structural Variation
data/raw/mri_images/T1/MRI00019.png,data/raw/mri_images/T1/MRI00020.png,mri,T1,T1,5,1,Visually Similar,Retain - Shows Structural Variation
data/raw/mri_images/T1/MRI00019.png,data/raw/mri_images/T1/MRI00023.png,mri,T1,T1,7,3,Visually Similar,Retain - Shows Structural Variation
data/raw/mri_images/T1/MRI00019.png,data/raw/mri_images/T1/MRI00029.png,mri,T1,T1,6,2,Visually Similar,Retain - Shows Structural Variation
data/raw/mri_images/T1/MRI00019.png,data/raw/mri_images/T1/MRI00032.png,mri,T1,T1,8,3,Visually Similar,Retain - Shows Structural Variation
data/raw/mri_images/T1/MRI00019.png,data/raw/mri_images/T1/MRI00039.png,mri,T1,T1,10,3,Visually Similar,Retain - Shows Structural Variation
data/raw/mri_images/T1/MRI00020.png,data/raw/mri_images/T1/MRI00023.png,mri,T1,T1,8,4,Visually Similar,Retain - Shows Structural Variation
data/raw/mri_images/T1/MRI00020.png,data/raw/mri_images/T1/MRI00029.png,mri,T1,T1,7,1,Visually Similar,Retain - Shows Structural Variation
data/raw/mri_images/T1/MRI00020.png,data/raw/mri_images/T1/MRI00030.png,mri,T1,T1,7,2,Visually Similar,Retain - Shows Structural Variation
data/raw/mri_images/T1/MRI00020.png,data/raw/mri_images/T1/MRI00032.png,mri,T1,T1,5,2,Visually Similar,Retain - Shows Structural Variation
data/raw/mri_images/T1/MRI00021.png,data/raw/mri_images/T1/MRI00027.png,mri,T1,T1,7,3,Visually Similar,Retain - Shows Structural Variation
data/raw/mri_images/T1/MRI00021.png,data/raw/mri_images/T1/MRI00034.png,mri,T1,T1,6,1,Visually Similar,Retain - Shows Structural Variation
data/raw/mri_images/T1/MRI00021.png,data/raw/mri_images/T1/MRI00035.png,mri,T1,T1,8,2,Visually Similar,Retain - Shows Structural Variation
data/raw/mri_images/T1/MRI00021.png,data/raw/mri_images/T1/MRI00036.png,mri,T1,T1,8,1,Visually Similar,Retain - Shows Structural Variation
data/raw/mri_images/T1/MRI00021.png,data/raw/mri_images/T1/MRI00037.png,mri,T1,T1,10,2,Visually Similar,Retain - Shows Structural Variation
data/raw/mri_images/T1/MRI00021.png,data/raw/mri_images/T1/MRI00040.png,mri,T1,T1,6,2,Visually Similar,Retain - Shows Structural Variation
data/raw/mri_images/T1/MRI00022.png,data/raw/mri_images/T1/MRI00024.png,mri,T1,T1,10,2,Visually Similar,Retain - Shows Structural Variation
data/raw/mri_images/T1/MRI00022.png,data/raw/mri_images/T1/MRI00026.png,mri,T1,T1,5,0,Visually Similar,Retain - Shows Structural Variation
data/raw/mri_images/T1/MRI00022.png,data/raw/mri_images/T1/MRI00032.png,mri,T1,T1,7,3,Visually Similar,Retain - Shows Structural Variation
data/raw/mri_images/T1/MRI00023.png,data/raw/mri_images/T1/MRI00025.png,mri,T1,T1,10,2,Visually Similar,Retain - Shows Structural Variation
data/raw/mri_images/T1/MRI00023.png,data/raw/mri_images/T1/MRI00029.png,mri,T1,T1,5,5,Visually Similar,Retain - Shows Structural Variation
data/raw/mri_images/T1/MRI00023.png,data/raw/mri_images/T1/MRI00033.png,mri,T1,T1,8,3,Visually Similar,Retain - Shows Structural Variation
data/raw/mri_images/T1/MRI00023.png,data/raw/mri_images/T1/MRI00039.png,mri,T1,T1,5,2,Visually Similar,Retain - Shows Structural Variation
data/raw/mri_images/T1/MRI00024.png,data/raw/mri_images/T1/MRI00040.png,mri,T1,T1,10,3,Visually Similar,Retain - Shows Structural Variation
data/raw/mri_images/T1/MRI00027.png,data/raw/mri_images/T1/MRI00028.png,mri,T1,T1,6,1,Visually Similar,Retain - Shows Structural Variation
data/raw/mri_images/T1/MRI00027.png,data/raw/mri_images/T1/MRI00034.png,mri,T1,T1,7,2,Visually Similar,Retain - Shows Structural Variation
data/raw/mri_images/T1/MRI00027.png,data/raw/mri_images/T1/MRI00037.png,mri,T1,T1,7,3,Visually Similar,Retain - Shows Structural Variation
data/raw/mri_images/T1/MRI00027.png,data/raw/mri_images/T1/MRI00038.png,mri,T1,T1,10,2,Visually Similar,Retain - Shows Structural Variation
data/raw/mri_images/T1/MRI00027.png,data/raw/mri_images/T1/MRI00040.png,mri,T1,T1,9,3,Visually Similar,Retain - Shows Structural Variation
data/raw/mri_images/T1/MRI00028.png,data/raw/mri_images/T1/MRI00034.png,mri,T1,T1,7,1,Visually Similar,Retain - Shows Structural Variation
data/raw/mri_images/T1/MRI00028.png,data/raw/mri_images/T1/MRI00037.png,mri,T1,T1,5,2,Visually Similar,Retain - Shows Structural Variation
data/raw/mri_images/T1/MRI00029.png,data/raw/mri_images/T1/MRI00030.png,mri,T1,T1,10,3,Visually Similar,Retain - Shows Structural Variation
data/raw/mri_images/T1/MRI00029.png,data/raw/mri_images/T1/MRI00032.png,mri,T1,T1,8,3,Visually Similar,Retain - Shows Structural Variation
data/raw/mri_images/T1/MRI00029.png,data/raw/mri_images/T1/MRI00033.png,mri,T1,T1,9,8,Visually Similar,Retain - Shows Structural Variation
data/raw/mri_images/T1/MRI00029.png,data/raw/mri_images/T1/MRI00038.png,mri,T1,T1,8,4,Visually Similar,Retain - Shows Structural Variation
data/raw/mri_images/T1/MRI00029.png,data/raw/mri_images/T1/MRI00039.png,mri,T1,T1,6,3,Visually Similar,Retain - Shows Structural Variation
data/raw/mri_images/T1/MRI00030.png,data/raw/mri_images/T1/MRI00032.png,mri,T1,T1,10,0,Visually Similar,Retain - Shows Structural Variation
data/raw/mri_images/T1/MRI00030.png,data/raw/mri_images/T1/MRI00038.png,mri,T1,T1,10,3,Visually Similar,Retain - Shows Structural Variation
data/raw/mri_images/T1/MRI00030.png,data/raw/mri_images/T1/MRI00039.png,mri,T1,T1,10,4,Visually Similar,Retain - Shows Structural Variation
data/raw/mri_images/T1/MRI00031.png,data/raw/mri_images/T1/MRI00032.png,mri,T1,T1,10,2,Visually Similar,Retain - Shows Structural Variation
data/raw/mri_images/T1/MRI00032.png,data/raw/mri_images/T1/MRI00038.png,mri,T1,T1,8,3,Visually Similar,Retain - Shows Structural Variation
data/raw/mri_images/T1/MRI00033.png,data/raw/mri_images/T1/MRI00039.png,mri,T1,T1,5,5,Visually Similar,Retain - Shows Structural Variation
data/raw/mri_images/T1/MRI00034.png,data/raw/mri_images/T1/MRI00035.png,mri,T1,T1,6,1,Visually Similar,Retain - Shows Structural Variation
data/raw/mri_images/T1/MRI00034.png,data/raw/mri_images/T1/MRI00036.png,mri,T1,T1,8,0,Visually Similar,Retain - Shows Structural Variation
data/raw/mri_images/T1/MRI00034.png,data/raw/mri_images/T1/MRI00037.png,mri,T1,T1,4,1,Near Duplicate,Document & Evaluate Similarity Threshold
data/raw/mri_images/T1/MRI00034.png,data/raw/mri_images/T1/MRI00040.png,mri,T1,T1,8,3,Visually Similar,Retain - Shows Structural Variation
data/raw/mri_images/T1/MRI00035.png,data/raw/mri_images/T1/MRI00036.png,mri,T1,T1,8,1,Visually Similar,Retain - Shows Structural Variation
data/raw/mri_images/T1/MRI00035.png,data/raw/mri_images/T1/MRI00037.png,mri,T1,T1,10,2,Visually Similar,Retain - Shows Structural Variation
data/raw/mri_images/T1/MRI00036.png,data/raw/mri_images/T1/MRI00040.png,mri,T1,T1,8,3,Visually Similar,Retain - Shows Structural Variation
data/raw/mri_images/T1/MRI00038.png,data/raw/mri_images/T1/MRI00039.png,mri,T1,T1,8,5,Visually Similar,Retain - Shows Structural Variation
data/raw/mri_images/T2/MRI00041.png,data/raw/mri_images/T2/MRI00044.png,mri,T2,T2,5,2,Visually Similar,Retain - Shows Structural Variation
data/raw/mri_images/T2/MRI00041.png,data/raw/mri_images/T2/MRI00045.png,mri,T2,T2,9,4,Visually Similar,Retain - Shows Structural Variation
data/raw/mri_images/T2/MRI00041.png,data/raw/mri_images/T2/MRI00046.png,mri,T2,T2,8,6,Visually Similar,Retain - Shows Structural Variation
data/raw/mri_images/T2/MRI00041.png,data/raw/mri_images/T2/MRI00052.png,mri,T2,T2,10,5,Visually Similar,Retain - Shows Structural Variation
data/raw/mri_images/T2/MRI00041.png,data/raw/mri_images/T2/MRI00056.png,mri,T2,T2,7,4,Visually Similar,Retain - Shows Structural Variation
data/raw/mri_images/T2/MRI00041.png,data/raw/mri_images/T2/MRI00058.png,mri,T2,T2,10,5,Visually Similar,Retain - Shows Structural Variation
data/raw/mri_images/T2/MRI00041.png,data/raw/mri_images/T2/MRI00063.png,mri,T2,T2,8,1,Visually Similar,Retain - Shows Structural Variation
data/raw/mri_images/T2/MRI00041.png,data/raw/mri_images/T2/MRI00067.png,mri,T2,T2,9,6,Visually Similar,Retain - Shows Structural Variation
data/raw/mri_images/T2/MRI00041.png,data/raw/mri_images/T2/MRI00071.png,mri,T2,T2,9,5,Visually Similar,Retain - Shows Structural Variation
data/raw/mri_images/T2/MRI00041.png,data/raw/mri_images/T2/MRI00073.png,mri,T2,T2,8,5,Visually Similar,Retain - Shows Structural Variation
data/raw/mri_images/T2/MRI00041.png,data/raw/mri_images/T2/MRI00077.png,mri,T2,T2,8,4,Visually Similar,Retain - Shows Structural Variation
data/raw/mri_images/T2/MRI00041.png,data/raw/mri_images/T2/MRI00078.png,mri,T2,T2,5,6,Visually Similar,Retain - Shows Structural Variation
data/raw/mri_images/T2/MRI00042.png,data/raw/mri_images/T2/MRI00044.png,mri,T2,T2,8,3,Visually Similar,Retain - Shows Structural Variation
data/raw/mri_images/T2/MRI00042.png,data/raw/mri_images/T2/MRI00048.png,mri,T2,T2,4,4,Near Duplicate,Document & Evaluate Similarity Threshold
data/raw/mri_images/T2/MRI00042.png,data/raw/mri_images/T2/MRI00055.png,mri,T2,T2,8,3,Visually Similar,Retain - Shows Structural Variation
data/raw/mri_images/T2/MRI00042.png,data/raw/mri_images/T2/MRI00058.png,mri,T2,T2,7,6,Visually Similar,Retain - Shows Structural Variation
data/raw/mri_images/T2/MRI00042.png,data/raw/mri_images/T2/MRI00060.png,mri,T2,T2,8,5,Visually Similar,Retain - Shows Structural Variation
data/raw/mri_images/T2/MRI00042.png,data/raw/mri_images/T2/MRI00063.png,mri,T2,T2,7,2,Visually Similar,Retain - Shows Structural Variation
data/raw/mri_images/T2/MRI00042.png,data/raw/mri_images/T2/MRI00070.png,mri,T2,T2,8,3,Visually Similar,Retain - Shows Structural Variation
data/raw/mri_images/T2/MRI00042.png,data/raw/mri_images/T2/MRI00071.png,mri,T2,T2,10,8,Visually Similar,Retain - Shows Structural Variation
data/raw/mri_images/T2/MRI00042.png,data/raw/mri_images/T2/MRI00072.png,mri,T2,T2,9,5,Visually Similar,Retain - Shows Structural Variation
data/raw/mri_images/T2/MRI00042.png,data/raw/mri_images/T2/MRI00075.png,mri,T2,T2,9,6,Visually Similar,Retain - Shows Structural Variation
data/raw/mri_images/T2/MRI00042.png,data/raw/mri_images/T2/MRI00077.png,mri,T2,T2,9,5,Visually Similar,Retain - Shows Structural Variation
data/raw/mri_images/T2/MRI00043.png,data/raw/mri_images/T2/MRI00045.png,mri,T2,T2,7,3,Visually Similar,Retain - Shows Structural Variation
data/raw/mri_images/T2/MRI00043.png,data/raw/mri_images/T2/MRI00046.png,mri,T2,T2,8,5,Visually Similar,Retain - Shows Structural Variation
data/raw/mri_images/T2/MRI00043.png,data/raw/mri_images/T2/MRI00047.png,mri,T2,T2,8,2,Visually Similar,Retain - Shows Structural Variation
data/raw/mri_images/T2/MRI00043.png,data/raw/mri_images/T2/MRI00050.png,mri,T2,T2,6,2,Visually Similar,Retain - Shows Structural Variation
data/raw/mri_images/T2/MRI00043.png,data/raw/mri_images/T2/MRI00052.png,mri,T2,T2,4,2,Near Duplicate,Document & Evaluate Similarity Threshold
data/raw/mri_images/T2/MRI00043.png,data/raw/mri_images/T2/MRI00053.png,mri,T2,T2,6,3,Visually Similar,Retain - Shows Structural Variation
data/raw/mri_images/T2/MRI00043.png,data/raw/mri_images/T2/MRI00054.png,mri,T2,T2,6,2,Visually Similar,Retain - Shows Structural Variation
data/raw/mri_images/T2/MRI00043.png,data/raw/mri_images/T2/MRI00056.png,mri,T2,T2,5,3,Visually Similar,Retain - Shows Structural Variation
data/raw/mri_images/T2/MRI00043.png,data/raw/mri_images/T2/MRI00057.png,mri,T2,T2,8,2,Visually Similar,Retain - Shows Structural Variation
data/raw/mri_images/T2/MRI00043.png,data/raw/mri_images/T2/MRI00060.png,mri,T2,T2,9,7,Visually Similar,Retain - Shows Structural Variation
data/raw/mri_images/T2/MRI00043.png,data/raw/mri_images/T2/MRI00061.png,mri,T2,T2,10,3,Visually Similar,Retain - Shows Structural Variation
data/raw/mri_images/T2/MRI00043.png,data/raw/mri_images/T2/MRI00062.png,mri,T2,T2,10,5,Visually Similar,Retain - Shows Structural Variation
data/raw/mri_images/T2/MRI00043.png,data/raw/mri_images/T2/MRI00063.png,mri,T2,T2,10,6,Visually Similar,Retain - Shows Structural Variation
data/raw/mri_images/T2/MRI00043.png,data/raw/mri_images/T2/MRI00065.png,mri,T2,T2,4,3,Near Duplicate,Document & Evaluate Similarity Threshold
data/raw/mri_images/T2/MRI00043.png,data/raw/mri_images/T2/MRI00066.png,mri,T2,T2,2,1,Near Duplicate,Document & Evaluate Similarity Threshold
data/raw/mri_images/T2/MRI00043.png,data/raw/mri_images/T2/MRI00067.png,mri,T2,T2,7,3,Visually Similar,Retain - Shows Structural Variation
data/raw/mri_images/T2/MRI00043.png,data/raw/mri_images/T2/MRI00068.png,mri,T2,T2,10,6,Visually Similar,Retain - Shows Structural Variation
data/raw/mri_images/T2/MRI00043.png,data/raw/mri_images/T2/MRI00071.png,mri,T2,T2,9,6,Visually Similar,Retain - Shows Structural Variation
data/raw/mri_images/T2/MRI00043.png,data/raw/mri_images/T2/MRI00072.png,mri,T2,T2,10,3,Visually Similar,Retain - Shows Structural Variation
data/raw/mri_images/T2/MRI00043.png,data/raw/mri_images/T2/MRI00073.png,mri,T2,T2,6,2,Visually Similar,Retain - Shows Structural Variation
data/raw/mri_images/T2/MRI00043.png,data/raw/mri_images/T2/MRI00075.png,mri,T2,T2,10,4,Visually Similar,Retain - Shows Structural Variation
data/raw/mri_images/T2/MRI00043.png,data/raw/mri_images/T2/MRI00076.png,mri,T2,T2,6,2,Visually Similar,Retain - Shows Structural Variation
data/raw/mri_images/T2/MRI00043.png,data/raw/mri_images/T2/MRI00077.png,mri,T2,T2,8,3,Visually Similar,Retain - Shows Structural Variation
data/raw/mri_images/T2/MRI00043.png,data/raw/mri_images/T2/MRI00078.png,mri,T2,T2,7,5,Visually Similar,Retain - Shows Structural Variation
data/raw/mri_images/T2/MRI00043.png,data/raw/mri_images/T2/MRI00079.png,mri,T2,T2,6,2,Visually Similar,Retain - Shows Structural Variation
data/raw/mri_images/T2/MRI00043.png,data/raw/mri_images/T2/MRI00080.png,mri,T2,T2,6,6,Visually Similar,Retain - Shows Structural Variation
data/raw/mri_images/T2/MRI00044.png,data/raw/mri_images/T2/MRI00045.png,mri,T2,T2,10,4,Visually Similar,Retain - Shows Structural Variation
data/raw/mri_images/T2/MRI00044.png,data/raw/mri_images/T2/MRI00046.png,mri,T2,T2,9,6,Visually Similar,Retain - Shows Structural Variation
data/raw/mri_images/T2/MRI00044.png,data/raw/mri_images/T2/MRI00048.png,mri,T2,T2,10,5,Visually Similar,Retain - Shows Structural Variation
data/raw/mri_images/T2/MRI00044.png,data/raw/mri_images/T2/MRI00056.png,mri,T2,T2,10,4,Visually Similar,Retain - Shows Structural Variation
data/raw/mri_images/T2/MRI00044.png,data/raw/mri_images/T2/MRI00063.png,mri,T2,T2,9,3,Visually Similar,Retain - Shows Structural Variation
data/raw/mri_images/T2/MRI00044.png,data/raw/mri_images/T2/MRI00068.png,mri,T2,T2,9,3,Visually Similar,Retain - Shows Structural Variation
data/raw/mri_images/T2/MRI00044.png,data/raw/mri_images/T2/MRI00070.png,mri,T2,T2,10,2,Visually Similar,Retain - Shows Structural Variation
data/raw/mri_images/T2/MRI00044.png,data/raw/mri_images/T2/MRI00071.png,mri,T2,T2,6,5,Visually Similar,Retain - Shows Structural Variation
data/raw/mri_images/T2/MRI00044.png,data/raw/mri_images/T2/MRI00072.png,mri,T2,T2,9,4,Visually Similar,Retain - Shows Structural Variation
data/raw/mri_images/T2/MRI00044.png,data/raw/mri_images/T2/MRI00074.png,mri,T2,T2,8,3,Visually Similar,Retain - Shows Structural Variation
data/raw/mri_images/T2/MRI00044.png,data/raw/mri_images/T2/MRI00075.png,mri,T2,T2,9,5,Visually Similar,Retain - Shows Structural Variation
data/raw/mri_images/T2/MRI00044.png,data/raw/mri_images/T2/MRI00077.png,mri,T2,T2,9,6,Visually Similar,Retain - Shows Structural Variation
data/raw/mri_images/T2/MRI00044.png,data/raw/mri_images/T2/MRI00078.png,mri,T2,T2,8,6,Visually Similar,Retain - Shows Structural Variation
data/raw/mri_images/T2/MRI00045.png,data/raw/mri_images/T2/MRI00046.png,mri,T2,T2,9,4,Visually Similar,Retain - Shows Structural Variation
data/raw/mri_images/T2/MRI00045.png,data/raw/mri_images/T2/MRI00047.png,mri,T2,T2,9,3,Visually Similar,Retain - Shows Structural Variation
data/raw/mri_images/T2/MRI00045.png,data/raw/mri_images/T2/MRI00048.png,mri,T2,T2,8,5,Visually Similar,Retain - Shows Structural Variation
data/raw/mri_images/T2/MRI00045.png,data/raw/mri_images/T2/MRI00049.png,mri,T2,T2,9,4,Visually Similar,Retain - Shows Structural Variation
data/raw/mri_images/T2/MRI00045.png,data/raw/mri_images/T2/MRI00050.png,mri,T2,T2,7,3,Visually Similar,Retain - Shows Structural Variation
data/raw/mri_images/T2/MRI00045.png,data/raw/mri_images/T2/MRI00051.png,mri,T2,T2,9,5,Visually Similar,Retain - Shows Structural Variation
data/raw/mri_images/T2/MRI00045.png,data/raw/mri_images/T2/MRI00052.png,mri,T2,T2,5,3,Visually Similar,Retain - Shows Structural Variation
data/raw/mri_images/T2/MRI00045.png,data/raw/mri_images/T2/MRI00053.png,mri,T2,T2,9,4,Visually Similar,Retain - Shows Structural Variation
data/raw/mri_images/T2/MRI00045.png,data/raw/mri_images/T2/MRI00054.png,mri,T2,T2,9,3,Visually Similar,Retain - Shows Structural Variation
data/raw/mri_images/T2/MRI00045.png,data/raw/mri_images/T2/MRI00056.png,mri,T2,T2,4,0,Near Duplicate,Document & Evaluate Similarity Threshold
data/raw/mri_images/T2/MRI00045.png,data/raw/mri_images/T2/MRI00057.png,mri,T2,T2,7,3,Visually Similar,Retain - Shows Structural Variation
data/raw/mri_images/T2/MRI00045.png,data/raw/mri_images/T2/MRI00058.png,mri,T2,T2,9,7,Visually Similar,Retain - Shows Structural Variation
data/raw/mri_images/T2/MRI00045.png,data/raw/mri_images/T2/MRI00060.png,mri,T2,T2,10,8,Visually Similar,Retain - Shows Structural Variation
data/raw/mri_images/T2/MRI00045.png,data/raw/mri_images/T2/MRI00061.png,mri,T2,T2,7,4,Visually Similar,Retain - Shows Structural Variation
data/raw/mri_images/T2/MRI00045.png,data/raw/mri_images/T2/MRI00062.png,mri,T2,T2,3,2,Near Duplicate,Document & Evaluate Similarity Threshold
data/raw/mri_images/T2/MRI00045.png,data/raw/mri_images/T2/MRI00063.png,mri,T2,T2,5,5,Visually Similar,Retain - Shows Structural Variation
data/raw/mri_images/T2/MRI00045.png,data/raw/mri_images/T2/MRI00064.png,mri,T2,T2,9,4,Visually Similar,Retain - Shows Structural Variation
data/raw/mri_images/T2/MRI00045.png,data/raw/mri_images/T2/MRI00065.png,mri,T2,T2,7,2,Visually Similar,Retain - Shows Structural Variation
data/raw/mri_images/T2/MRI00045.png,data/raw/mri_images/T2/MRI00066.png,mri,T2,T2,7,2,Visually Similar,Retain - Shows Structural Variation
data/raw/mri_images/T2/MRI00045.png,data/raw/mri_images/T2/MRI00067.png,mri,T2,T2,10,4,Visually Similar,Retain - Shows Structural Variation
data/raw/mri_images/T2/MRI00045.png,data/raw/mri_images/T2/MRI00068.png,mri,T2,T2,3,3,Near Duplicate,Document & Evaluate Similarity Threshold
data/raw/mri_images/T2/MRI00045.png,data/raw/mri_images/T2/MRI00069.png,mri,T2,T2,9,4,Visually Similar,Retain - Shows Structural Variation
data/raw/mri_images/T2/MRI00045.png,data/raw/mri_images/T2/MRI00070.png,mri,T2,T2,6,4,Visually Similar,Retain - Shows Structural Variation
data/raw/mri_images/T2/MRI00045.png,data/raw/mri_images/T2/MRI00071.png,mri,T2,T2,4,3,Near Duplicate,Document & Evaluate Similarity Threshold
data/raw/mri_images/T2/MRI00045.png,data/raw/mri_images/T2/MRI00072.png,mri,T2,T2,5,2,Visually Similar,Retain - Shows Structural Variation
data/raw/mri_images/T2/MRI00045.png,data/raw/mri_images/T2/MRI00073.png,mri,T2,T2,9,3,Visually Similar,Retain - Shows Structural Variation
data/raw/mri_images/T2/MRI00045.png,data/raw/mri_images/T2/MRI00074.png,mri,T2,T2,6,3,Visually Similar,Retain - Shows Structural Variation
data/raw/mri_images/T2/MRI00045.png,data/raw/mri_images/T2/MRI00075.png,mri,T2,T2,7,3,Visually Similar,Retain - Shows Structural Variation
data/raw/mri_images/T2/MRI00045.png,data/raw/mri_images/T2/MRI00076.png,mri,T2,T2,9,3,Visually Similar,Retain - Shows Structural Variation
data/raw/mri_images/T2/MRI00045.png,data/raw/mri_images/T2/MRI00077.png,mri,T2,T2,7,4,Visually Similar,Retain - Shows Structural Variation
data/raw/mri_images/T2/MRI00045.png,data/raw/mri_images/T2/MRI00078.png,mri,T2,T2,6,4,Visually Similar,Retain - Shows Structural Variation
data/raw/mri_images/T2/MRI00045.png,data/raw/mri_images/T2/MRI00079.png,mri,T2,T2,9,3,Visually Similar,Retain - Shows Structural Variation
data/raw/mri_images/T2/MRI00045.png,data/raw/mri_images/T2/MRI00080.png,mri,T2,T2,9,7,Visually Similar,Retain - Shows Structural Variation
data/raw/mri_images/T2/MRI00046.png,data/raw/mri_images/T2/MRI00052.png,mri,T2,T2,8,3,Visually Similar,Retain - Shows Structural Variation
data/raw/mri_images/T2/MRI00046.png,data/raw/mri_images/T2/MRI00056.png,mri,T2,T2,5,4,Visually Similar,Retain - Shows Structural Variation
data/raw/mri_images/T2/MRI00046.png,data/raw/mri_images/T2/MRI00058.png,mri,T2,T2,10,5,Visually Similar,Retain - Shows Structural Variation
data/raw/mri_images/T2/MRI00046.png,data/raw/mri_images/T2/MRI00060.png,mri,T2,T2,7,6,Visually Similar,Retain - Shows Structural Variation
data/raw/mri_images/T2/MRI00046.png,data/raw/mri_images/T2/MRI00063.png,mri,T2,T2,10,5,Visually Similar,Retain - Shows Structural Variation
data/raw/mri_images/T2/MRI00046.png,data/raw/mri_images/T2/MRI00065.png,mri,T2,T2,10,6,Visually Similar,Retain - Shows Structural Variation
data/raw/mri_images/T2/MRI00046.png,data/raw/mri_images/T2/MRI00066.png,mri,T2,T2,10,6,Visually Similar,Retain - Shows Structural Variation
data/raw/mri_images/T2/MRI00046.png,data/raw/mri_images/T2/MRI00070.png,mri,T2,T2,7,6,Visually Similar,Retain - Shows Structural Variation
data/raw/mri_images/T2/MRI00046.png,data/raw/mri_images/T2/MRI00071.png,mri,T2,T2,9,5,Visually Similar,Retain - Shows Structural Variation
data/raw/mri_images/T2/MRI00046.png,data/raw/mri_images/T2/MRI00073.png,mri,T2,T2,8,7,Visually Similar,Retain - Shows Structural Variation
data/raw/mri_images/T2/MRI00046.png,data/raw/mri_images/T2/MRI00077.png,mri,T2,T2,4,2,Near Duplicate,Document & Evaluate Similarity Threshold
data/raw/mri_images/T2/MRI00046.png,data/raw/mri_images/T2/MRI00078.png,mri,T2,T2,5,0,Visually Similar,Retain - Shows Structural Variation
data/raw/mri_images/T2/MRI00046.png,data/raw/mri_images/T2/MRI00080.png,mri,T2,T2,4,3,Near Duplicate,Document & Evaluate Similarity Threshold
data/raw/mri_images/T2/MRI00047.png,data/raw/mri_images/T2/MRI00049.png,mri,T2,T2,8,1,Visually Similar,Retain - Shows Structural Variation
data/raw/mri_images/T2/MRI00047.png,data/raw/mri_images/T2/MRI00050.png,mri,T2,T2,8,2,Visually Similar,Retain - Shows Structural Variation
data/raw/mri_images/T2/MRI00047.png,data/raw/mri_images/T2/MRI00051.png,mri,T2,T2,8,2,Visually Similar,Retain - Shows Structural Variation
data/raw/mri_images/T2/MRI00047.png,data/raw/mri_images/T2/MRI00052.png,mri,T2,T2,10,4,Visually Similar,Retain - Shows Structural Variation
data/raw/mri_images/T2/MRI00047.png,data/raw/mri_images/T2/MRI00053.png,mri,T2,T2,8,5,Visually Similar,Retain - Shows Structural Variation
data/raw/mri_images/T2/MRI00047.png,data/raw/mri_images/T2/MRI00054.png,mri,T2,T2,10,4,Visually Similar,Retain - Shows Structural Variation
data/raw/mri_images/T2/MRI00047.png,data/raw/mri_images/T2/MRI00057.png,mri,T2,T2,6,0,Visually Similar,Retain - Shows Structural Variation
data/raw/mri_images/T2/MRI00047.png,data/raw/mri_images/T2/MRI00061.png,mri,T2,T2,6,1,Visually Similar,Retain - Shows Structural Variation
data/raw/mri_images/T2/MRI00047.png,data/raw/mri_images/T2/MRI00062.png,mri,T2,T2,6,3,Visually Similar,Retain - Shows Structural Variation
data/raw/mri_images/T2/MRI00047.png,data/raw/mri_images/T2/MRI00064.png,mri,T2,T2,10,1,Visually Similar,Retain - Shows Structural Variation
data/raw/mri_images/T2/MRI00047.png,data/raw/mri_images/T2/MRI00065.png,mri,T2,T2,6,3,Visually Similar,Retain - Shows Structural Variation
data/raw/mri_images/T2/MRI00047.png,data/raw/mri_images/T2/MRI00066.png,mri,T2,T2,6,1,Visually Similar,Retain - Shows Structural Variation
data/raw/mri_images/T2/MRI00047.png,data/raw/mri_images/T2/MRI00068.png,mri,T2,T2,8,4,Visually Similar,Retain - Shows Structural Variation
data/raw/mri_images/T2/MRI00047.png,data/raw/mri_images/T2/MRI00069.png,mri,T2,T2,10,1,Visually Similar,Retain - Shows Structural Variation
data/raw/mri_images/T2/MRI00047.png,data/raw/mri_images/T2/MRI00072.png,mri,T2,T2,10,3,Visually Similar,Retain - Shows Structural Variation
data/raw/mri_images/T2/MRI00047.png,data/raw/mri_images/T2/MRI00074.png,mri,T2,T2,9,4,Visually Similar,Retain - Shows Structural Variation
data/raw/mri_images/T2/MRI00047.png,data/raw/mri_images/T2/MRI00075.png,mri,T2,T2,10,2,Visually Similar,Retain - Shows Structural Variation
data/raw/mri_images/T2/MRI00047.png,data/raw/mri_images/T2/MRI00076.png,mri,T2,T2,6,2,Visually Similar,Retain - Shows Structural Variation
data/raw/mri_images/T2/MRI00047.png,data/raw/mri_images/T2/MRI00079.png,mri,T2,T2,10,4,Visually Similar,Retain - Shows Structural Variation
data/raw/mri_images/T2/MRI00048.png,data/raw/mri_images/T2/MRI00052.png,mri,T2,T2,9,2,Visually Similar,Retain - Shows Structural Variation
data/raw/mri_images/T2/MRI00048.png,data/raw/mri_images/T2/MRI00055.png,mri,T2,T2,8,3,Visually Similar,Retain - Shows Structural Variation
data/raw/mri_images/T2/MRI00048.png,data/raw/mri_images/T2/MRI00058.png,mri,T2,T2,3,2,Near Duplicate,Document & Evaluate Similarity Threshold
data/raw/mri_images/T2/MRI00048.png,data/raw/mri_images/T2/MRI00060.png,mri,T2,T2,6,3,Visually Similar,Retain - Shows Structural Variation
data/raw/mri_images/T2/MRI00048.png,data/raw/mri_images/T2/MRI00063.png,mri,T2,T2,3,2,Near Duplicate,Document & Evaluate Similarity Threshold
data/raw/mri_images/T2/MRI00048.png,data/raw/mri_images/T2/MRI00070.png,mri,T2,T2,6,5,Visually Similar,Retain - Shows Structural Variation
data/raw/mri_images/T2/MRI00048.png,data/raw/mri_images/T2/MRI00072.png,mri,T2,T2,9,3,Visually Similar,Retain - Shows Structural Variation
data/raw/mri_images/T2/MRI00048.png,data/raw/mri_images/T2/MRI00075.png,mri,T2,T2,9,4,Visually Similar,Retain - Shows Structural Variation
data/raw/mri_images/T2/MRI00048.png,data/raw/mri_images/T2/MRI00077.png,mri,T2,T2,7,1,Visually Similar,Retain - Shows Structural Variation
data/raw/mri_images/T2/MRI00048.png,data/raw/mri_images/T2/MRI00078.png,mri,T2,T2,10,3,Visually Similar,Retain - Shows Structural Variation
data/raw/mri_images/T2/MRI00048.png,data/raw/mri_images/T2/MRI00080.png,mri,T2,T2,9,4,Visually Similar,Retain - Shows Structural Variation
data/raw/mri_images/T2/MRI00049.png,data/raw/mri_images/T2/MRI00050.png,mri,T2,T2,6,1,Visually Similar,Retain - Shows Structural Variation
data/raw/mri_images/T2/MRI00049.png,data/raw/mri_images/T2/MRI00051.png,mri,T2,T2,6,1,Visually Similar,Retain - Shows Structural Variation
data/raw/mri_images/T2/MRI00049.png,data/raw/mri_images/T2/MRI00054.png,mri,T2,T2,10,5,Visually Similar,Retain - Shows Structural Variation
data/raw/mri_images/T2/MRI00049.png,data/raw/mri_images/T2/MRI00055.png,mri,T2,T2,9,6,Visually Similar,Retain - Shows Structural Variation
data/raw/mri_images/T2/MRI00049.png,data/raw/mri_images/T2/MRI00057.png,mri,T2,T2,6,1,Visually Similar,Retain - Shows Structural Variation
data/raw/mri_images/T2/MRI00049.png,data/raw/mri_images/T2/MRI00061.png,mri,T2,T2,8,2,Visually Similar,Retain - Shows Structural Variation
data/raw/mri_images/T2/MRI00049.png,data/raw/mri_images/T2/MRI00062.png,mri,T2,T2,10,4,Visually Similar,Retain - Shows Structural Variation
data/raw/mri_images/T2/MRI00049.png,data/raw/mri_images/T2/MRI00064.png,mri,T2,T2,4,0,Near Duplicate,Document & Evaluate Similarity Threshold
data/raw/mri_images/T2/MRI00049.png,data/raw/mri_images/T2/MRI00066.png,mri,T2,T2,10,2,Visually Similar,Retain - Shows Structural Variation
data/raw/mri_images/T2/MRI00049.png,data/raw/mri_images/T2/MRI00068.png,mri,T2,T2,8,5,Visually Similar,Retain - Shows Structural Variation
data/raw/mri_images/T2/MRI00049.png,data/raw/mri_images/T2/MRI00069.png,mri,T2,T2,4,0,Near Duplicate,Document & Evaluate Similarity Threshold
data/raw/mri_images/T2/MRI00049.png,data/raw/mri_images/T2/MRI00071.png,mri,T2,T2,9,3,Visually Similar,Retain - Shows Structural Variation
data/raw/mri_images/T2/MRI00049.png,data/raw/mri_images/T2/MRI00072.png,mri,T2,T2,6,4,Visually Similar,Retain - Shows Structural Variation
data/raw/mri_images/T2/MRI00049.png,data/raw/mri_images/T2/MRI00075.png,mri,T2,T2,6,3,Visually Similar,Retain - Shows Structural Variation
data/raw/mri_images/T2/MRI00049.png,data/raw/mri_images/T2/MRI00076.png,mri,T2,T2,10,3,Visually Similar,Retain - Shows Structural Variation
data/raw/mri_images/T2/MRI00050.png,data/raw/mri_images/T2/MRI00051.png,mri,T2,T2,10,2,Visually Similar,Retain - Shows Structural Variation
data/raw/mri_images/T2/MRI00050.png,data/raw/mri_images/T2/MRI00052.png,mri,T2,T2,6,4,Visually Similar,Retain - Shows Structural Variation
data/raw/mri_images/T2/MRI00050.png,data/raw/mri_images/T2/MRI00053.png,mri,T2,T2,6,5,Visually Similar,Retain - Shows Structural Variation
data/raw/mri_images/T2/MRI00050.png,data/raw/mri_images/T2/MRI00054.png,mri,T2,T2,4,4,Near Duplicate,Document & Evaluate Similarity Threshold
data/raw/mri_images/T2/MRI00050.png,data/raw/mri_images/T2/MRI00056.png,mri,T2,T2,9,3,Visually Similar,Retain - Shows Structural Variation
data/raw/mri_images/T2/MRI00050.png,data/raw/mri_images/T2/MRI00057.png,mri,T2,T2,6,2,Visually Similar,Retain - Shows Structural Variation
data/raw/mri_images/T2/MRI00050.png,data/raw/mri_images/T2/MRI00058.png,mri,T2,T2,10,8,Visually Similar,Retain - Shows Structural Variation
data/raw/mri_images/T2/MRI00050.png,data/raw/mri_images/T2/MRI00061.png,mri,T2,T2,10,3,Visually Similar,Retain - Shows Structural Variation
data/raw/mri_images/T2/MRI00050.png,data/raw/mri_images/T2/MRI00062.png,mri,T2,T2,10,5,Visually Similar,Retain - Shows Structural Variation
data/raw/mri_images/T2/MRI00050.png,data/raw/mri_images/T2/MRI00063.png,mri,T2,T2,10,6,Visually Similar,Retain - Shows Structural Variation
data/raw/mri_images/T2/MRI00050.png,data/raw/mri_images/T2/MRI00064.png,mri,T2,T2,8,1,Visually Similar,Retain - Shows Structural Variation
data/raw/mri_images/T2/MRI00050.png,data/raw/mri_images/T2/MRI00065.png,mri,T2,T2,6,3,Visually Similar,Retain - Shows Structural Variation
data/raw/mri_images/T2/MRI00050.png,data/raw/mri_images/T2/MRI00066.png,mri,T2,T2,4,1,Near Duplicate,Document & Evaluate Similarity Threshold
data/raw/mri_images/T2/MRI00050.png,data/raw/mri_images/T2/MRI00068.png,mri,T2,T2,10,6,Visually Similar,Retain - Shows Structural Variation
data/raw/mri_images/T2/MRI00050.png,data/raw/mri_images/T2/MRI00069.png,mri,T2,T2,8,1,Visually Similar,Retain - Shows Structural Variation
data/raw/mri_images/T2/MRI00050.png,data/raw/mri_images/T2/MRI00072.png,mri,T2,T2,8,3,Visually Similar,Retain - Shows Structural Variation
data/raw/mri_images/T2/MRI00050.png,data/raw/mri_images/T2/MRI00075.png,mri,T2,T2,8,4,Visually Similar,Retain - Shows Structural Variation
data/raw/mri_images/T2/MRI00050.png,data/raw/mri_images/T2/MRI00076.png,mri,T2,T2,6,2,Visually Similar,Retain - Shows Structural Variation
data/raw/mri_images/T2/MRI00050.png,data/raw/mri_images/T2/MRI00079.png,mri,T2,T2,6,4,Visually Similar,Retain - Shows Structural Variation
data/raw/mri_images/T2/MRI00051.png,data/raw/mri_images/T2/MRI00052.png,mri,T2,T2,10,6,Visually Similar,Retain - Shows Structural Variation
data/raw/mri_images/T2/MRI00051.png,data/raw/mri_images/T2/MRI00057.png,mri,T2,T2,6,2,Visually Similar,Retain - Shows Structural Variation
data/raw/mri_images/T2/MRI00051.png,data/raw/mri_images/T2/MRI00061.png,mri,T2,T2,4,1,Near Duplicate,Document & Evaluate Similarity Threshold
data/raw/mri_images/T2/MRI00051.png,data/raw/mri_images/T2/MRI00062.png,mri,T2,T2,8,3,Visually Similar,Retain - Shows Structural Variation
data/raw/mri_images/T2/MRI00051.png,data/raw/mri_images/T2/MRI00063.png,mri,T2,T2,8,6,Visually Similar,Retain - Shows Structural Variation
data/raw/mri_images/T2/MRI00051.png,data/raw/mri_images/T2/MRI00064.png,mri,T2,T2,2,1,Near Duplicate,Document & Evaluate Similarity Threshold
data/raw/mri_images/T2/MRI00051.png,data/raw/mri_images/T2/MRI00068.png,mri,T2,T2,6,4,Visually Similar,Retain - Shows Structural Variation
data/raw/mri_images/T2/MRI00051.png,data/raw/mri_images/T2/MRI00069.png,mri,T2,T2,2,1,Near Duplicate,Document & Evaluate Similarity Threshold
data/raw/mri_images/T2/MRI00051.png,data/raw/mri_images/T2/MRI00071.png,mri,T2,T2,9,2,Visually Similar,Retain - Shows Structural Variation
data/raw/mri_images/T2/MRI00051.png,data/raw/mri_images/T2/MRI00072.png,mri,T2,T2,6,3,Visually Similar,Retain - Shows Structural Variation
data/raw/mri_images/T2/MRI00051.png,data/raw/mri_images/T2/MRI00074.png,mri,T2,T2,9,4,Visually Similar,Retain - Shows Structural Variation
data/raw/mri_images/T2/MRI00051.png,data/raw/mri_images/T2/MRI00075.png,mri,T2,T2,4,2,Near Duplicate,Document & Evaluate Similarity Threshold
data/raw/mri_images/T2/MRI00052.png,data/raw/mri_images/T2/MRI00053.png,mri,T2,T2,6,1,Visually Similar,Retain - Shows Structural Variation
data/raw/mri_images/T2/MRI00052.png,data/raw/mri_images/T2/MRI00054.png,mri,T2,T2,8,0,Visually Similar,Retain - Shows Structural Variation
data/raw/mri_images/T2/MRI00052.png,data/raw/mri_images/T2/MRI00056.png,mri,T2,T2,5,3,Visually Similar,Retain - Shows Structural Variation
data/raw/mri_images/T2/MRI00052.png,data/raw/mri_images/T2/MRI00057.png,mri,T2,T2,8,4,Visually Similar,Retain - Shows Structural Variation
data/raw/mri_images/T2/MRI00052.png,data/raw/mri_images/T2/MRI00058.png,mri,T2,T2,8,4,Visually Similar,Retain - Shows Structural Variation
data/raw/mri_images/T2/MRI00052.png,data/raw/mri_images/T2/MRI00060.png,mri,T2,T2,7,5,Visually Similar,Retain - Shows Structural Variation
data/raw/mri_images/T2/MRI00052.png,data/raw/mri_images/T2/MRI00061.png,mri,T2,T2,8,5,Visually Similar,Retain - Shows Structural Variation
data/raw/mri_images/T2/MRI00052.png,data/raw/mri_images/T2/MRI00062.png,mri,T2,T2,8,5,Visually Similar,Retain - Shows Structural Variation
data/raw/mri_images/T2/MRI00052.png,data/raw/mri_images/T2/MRI00063.png,mri,T2,T2,6,4,Visually Similar,Retain - Shows Structural Variation
data/raw/mri_images/T2/MRI00052.png,data/raw/mri_images/T2/MRI00064.png,mri,T2,T2,10,5,Visually Similar,Retain - Shows Structural Variation
data/raw/mri_images/T2/MRI00052.png,data/raw/mri_images/T2/MRI00065.png,mri,T2,T2,6,5,Visually Similar,Retain - Shows Structural Variation
data/raw/mri_images/T2/MRI00052.png,data/raw/mri_images/T2/MRI00066.png,mri,T2,T2,4,3,Near Duplicate,Document & Evaluate Similarity Threshold
data/raw/mri_images/T2/MRI00052.png,data/raw/mri_images/T2/MRI00067.png,mri,T2,T2,9,5,Visually Similar,Retain - Shows Structural Variation
data/raw/mri_images/T2/MRI00052.png,data/raw/mri_images/T2/MRI00068.png,mri,T2,T2,8,6,Visually Similar,Retain - Shows Structural Variation
data/raw/mri_images/T2/MRI00052.png,data/raw/mri_images/T2/MRI00069.png,mri,T2,T2,10,5,Visually Similar,Retain - Shows Structural Variation
data/raw/mri_images/T2/MRI00052.png,data/raw/mri_images/T2/MRI00071.png,mri,T2,T2,9,6,Visually Similar,Retain - Shows Structural Variation
data/raw/mri_images/T2/MRI00052.png,data/raw/mri_images/T2/MRI00072.png,mri,T2,T2,6,3,Visually Similar,Retain - Shows Structural Variation
data/raw/mri_images/T2/MRI00052.png,data/raw/mri_images/T2/MRI00073.png,mri,T2,T2,6,4,Visually Similar,Retain - Shows Structural Variation
data/raw/mri_images/T2/MRI00052.png,data/raw/mri_images/T2/MRI00075.png,mri,T2,T2,8,4,Visually Similar,Retain - Shows Structural Variation
data/raw/mri_images/T2/MRI00052.png,data/raw/mri_images/T2/MRI00076.png,mri,T2,T2,8,4,Visually Similar,Retain - Shows Structural Variation
data/raw/mri_images/T2/MRI00052.png,data/raw/mri_images/T2/MRI00077.png,mri,T2,T2,8,1,Visually Similar,Retain - Shows Structural Variation
data/raw/mri_images/T2/MRI00052.png,data/raw/mri_images/T2/MRI00078.png,mri,T2,T2,7,3,Visually Similar,Retain - Shows Structural Variation
data/raw/mri_images/T2/MRI00052.png,data/raw/mri_images/T2/MRI00079.png,mri,T2,T2,6,0,Visually Similar,Retain - Shows Structural Variation
data/raw/mri_images/T2/MRI00052.png,data/raw/mri_images/T2/MRI00080.png,mri,T2,T2,8,4,Visually Similar,Retain - Shows Structural Variation
data/raw/mri_images/T2/MRI00053.png,data/raw/mri_images/T2/MRI00054.png,mri,T2,T2,4,1,Near Duplicate,Document & Evaluate Similarity Threshold
data/raw/mri_images/T2/MRI00053.png,data/raw/mri_images/T2/MRI00056.png,mri,T2,T2,9,4,Visually Similar,Retain - Shows Structural Variation
data/raw/mri_images/T2/MRI00053.png,data/raw/mri_images/T2/MRI00057.png,mri,T2,T2,10,5,Visually Similar,Retain - Shows Structural Variation
data/raw/mri_images/T2/MRI00053.png,data/raw/mri_images/T2/MRI00058.png,mri,T2,T2,10,3,Visually Similar,Retain - Shows Structural Variation
data/raw/mri_images/T2/MRI00053.png,data/raw/mri_images/T2/MRI00059.png,mri,T2,T2,6,3,Visually Similar,Retain - Shows Structural Variation
data/raw/mri_images/T2/MRI00053.png,data/raw/mri_images/T2/MRI00060.png,mri,T2,T2,9,4,Visually Similar,Retain - Shows Structural Variation
data/raw/mri_images/T2/MRI00053.png,data/raw/mri_images/T2/MRI00062.png,mri,T2,T2,10,6,Visually Similar,Retain - Shows Structural Variation
data/raw/mri_images/T2/MRI00053.png,data/raw/mri_images/T2/MRI00065.png,mri,T2,T2,4,6,Near Duplicate,Document & Evaluate Similarity Threshold
data/raw/mri_images/T2/MRI00053.png,data/raw/mri_images/T2/MRI00066.png,mri,T2,T2,4,4,Near Duplicate,Document & Evaluate Similarity Threshold
data/raw/mri_images/T2/MRI00053.png,data/raw/mri_images/T2/MRI00072.png,mri,T2,T2,10,4,Visually Similar,Retain - Shows Structural Variation
data/raw/mri_images/T2/MRI00053.png,data/raw/mri_images/T2/MRI00073.png,mri,T2,T2,10,5,Visually Similar,Retain - Shows Structural Variation
data/raw/mri_images/T2/MRI00053.png,data/raw/mri_images/T2/MRI00076.png,mri,T2,T2,6,5,Visually Similar,Retain - Shows Structural Variation
data/raw/mri_images/T2/MRI00053.png,data/raw/mri_images/T2/MRI00079.png,mri,T2,T2,2,1,Near Duplicate,Document & Evaluate Similarity Threshold
data/raw/mri_images/T2/MRI00053.png,data/raw/mri_images/T2/MRI00080.png,mri,T2,T2,10,3,Visually Similar,Retain - Shows Structural Variation
data/raw/mri_images/T2/MRI00054.png,data/raw/mri_images/T2/MRI00057.png,mri,T2,T2,8,4,Visually Similar,Retain - Shows Structural Variation
data/raw/mri_images/T2/MRI00054.png,data/raw/mri_images/T2/MRI00058.png,mri,T2,T2,8,4,Visually Similar,Retain - Shows Structural Variation
data/raw/mri_images/T2/MRI00054.png,data/raw/mri_images/T2/MRI00059.png,mri,T2,T2,10,4,Visually Similar,Retain - Shows Structural Variation
data/raw/mri_images/T2/MRI00054.png,data/raw/mri_images/T2/MRI00063.png,mri,T2,T2,10,4,Visually Similar,Retain - Shows Structural Variation
data/raw/mri_images/T2/MRI00054.png,data/raw/mri_images/T2/MRI00064.png,mri,T2,T2,10,5,Visually Similar,Retain - Shows Structural Variation
data/raw/mri_images/T2/MRI00054.png,data/raw/mri_images/T2/MRI00065.png,mri,T2,T2,6,5,Visually Similar,Retain - Shows Structural Variation
data/raw/mri_images/T2/MRI00054.png,data/raw/mri_images/T2/MRI00066.png,mri,T2,T2,4,3,Near Duplicate,Document & Evaluate Similarity Threshold
data/raw/mri_images/T2/MRI00054.png,data/raw/mri_images/T2/MRI00069.png,mri,T2,T2,10,5,Visually Similar,Retain - Shows Structural Variation
data/raw/mri_images/T2/MRI00054.png,data/raw/mri_images/T2/MRI00072.png,mri,T2,T2,10,3,Visually Similar,Retain - Shows Structural Variation
data/raw/mri_images/T2/MRI00054.png,data/raw/mri_images/T2/MRI00073.png,mri,T2,T2,10,4,Visually Similar,Retain - Shows Structural Variation
data/raw/mri_images/T2/MRI00054.png,data/raw/mri_images/T2/MRI00075.png,mri,T2,T2,8,4,Visually Similar,Retain - Shows Structural Variation
data/raw/mri_images/T2/MRI00054.png,data/raw/mri_images/T2/MRI00076.png,mri,T2,T2,8,4,Visually Similar,Retain - Shows Structural Variation
data/raw/mri_images/T2/MRI00054.png,data/raw/mri_images/T2/MRI00079.png,mri,T2,T2,4,0,Near Duplicate,Document & Evaluate Similarity Threshold
data/raw/mri_images/T2/MRI00055.png,data/raw/mri_images/T2/MRI00058.png,mri,T2,T2,7,5,Visually Similar,Retain - Shows Structural Variation
data/raw/mri_images/T2/MRI00055.png,data/raw/mri_images/T2/MRI00063.png,mri,T2,T2,7,1,Visually Similar,Retain - Shows Structural Variation
data/raw/mri_images/T2/MRI00055.png,data/raw/mri_images/T2/MRI00064.png,mri,T2,T2,9,6,Visually Similar,Retain - Shows Structural Variation
data/raw/mri_images/T2/MRI00055.png,data/raw/mri_images/T2/MRI00069.png,mri,T2,T2,9,6,Visually Similar,Retain - Shows Structural Variation
data/raw/mri_images/T2/MRI00055.png,data/raw/mri_images/T2/MRI00072.png,mri,T2,T2,7,2,Visually Similar,Retain - Shows Structural Variation
data/raw/mri_images/T2/MRI00055.png,data/raw/mri_images/T2/MRI00075.png,mri,T2,T2,7,3,Visually Similar,Retain - Shows Structural Variation
data/raw/mri_images/T2/MRI00056.png,data/raw/mri_images/T2/MRI00060.png,mri,T2,T2,10,8,Visually Similar,Retain - Shows Structural Variation
data/raw/mri_images/T2/MRI00056.png,data/raw/mri_images/T2/MRI00062.png,mri,T2,T2,7,2,Visually Similar,Retain - Shows Structural Variation
data/raw/mri_images/T2/MRI00056.png,data/raw/mri_images/T2/MRI00063.png,mri,T2,T2,9,5,Visually Similar,Retain - Shows Structural Variation
data/raw/mri_images/T2/MRI00056.png,data/raw/mri_images/T2/MRI00065.png,mri,T2,T2,7,2,Visually Similar,Retain - Shows Structural Variation
data/raw/mri_images/T2/MRI00056.png,data/raw/mri_images/T2/MRI00066.png,mri,T2,T2,7,2,Visually Similar,Retain - Shows Structural Variation
data/raw/mri_images/T2/MRI00056.png,data/raw/mri_images/T2/MRI00067.png,mri,T2,T2,6,4,Visually Similar,Retain - Shows Structural Variation
data/raw/mri_images/T2/MRI00056.png,data/raw/mri_images/T2/MRI00068.png,mri,T2,T2,7,3,Visually Similar,Retain - Shows Structural Variation
data/raw/mri_images/T2/MRI00056.png,data/raw/mri_images/T2/MRI00070.png,mri,T2,T2,8,4,Visually Similar,Retain - Shows Structural Variation
data/raw/mri_images/T2/MRI00056.png,data/raw/mri_images/T2/MRI00071.png,mri,T2,T2,6,3,Visually Similar,Retain - Shows Structural Variation
data/raw/mri_images/T2/MRI00056.png,data/raw/mri_images/T2/MRI00072.png,mri,T2,T2,9,2,Visually Similar,Retain - Shows Structural Variation
data/raw/mri_images/T2/MRI00056.png,data/raw/mri_images/T2/MRI00073.png,mri,T2,T2,5,3,Visually Similar,Retain - Shows Structural Variation
data/raw/mri_images/T2/MRI00056.png,data/raw/mri_images/T2/MRI00074.png,mri,T2,T2,8,3,Visually Similar,Retain - Shows Structural Variation
data/raw/mri_images/T2/MRI00056.png,data/raw/mri_images/T2/MRI00076.png,mri,T2,T2,9,3,Visually Similar,Retain - Shows Structural Variation
data/raw/mri_images/T2/MRI00056.png,data/raw/mri_images/T2/MRI00077.png,mri,T2,T2,5,4,Visually Similar,Retain - Shows Structural Variation
data/raw/mri_images/T2/MRI00056.png,data/raw/mri_images/T2/MRI00078.png,mri,T2,T2,2,4,Near Duplicate,Document & Evaluate Similarity Threshold
data/raw/mri_images/T2/MRI00056.png,data/raw/mri_images/T2/MRI00079.png,mri,T2,T2,9,3,Visually Similar,Retain - Shows Structural Variation
data/raw/mri_images/T2/MRI00056.png,data/raw/mri_images/T2/MRI00080.png,mri,T2,T2,7,7,Visually Similar,Retain - Shows Structural Variation
data/raw/mri_images/T2/MRI00057.png,data/raw/mri_images/T2/MRI00058.png,mri,T2,T2,10,8,Visually Similar,Retain - Shows Structural Variation
data/raw/mri_images/T2/MRI00057.png,data/raw/mri_images/T2/MRI00061.png,mri,T2,T2,6,1,Visually Similar,Retain - Shows Structural Variation
data/raw/mri_images/T2/MRI00057.png,data/raw/mri_images/T2/MRI00062.png,mri,T2,T2,8,3,Visually Similar,Retain - Shows Structural Variation
data/raw/mri_images/T2/MRI00057.png,data/raw/mri_images/T2/MRI00063.png,mri,T2,T2,8,6,Visually Similar,Retain - Shows Structural Variation
data/raw/mri_images/T2/MRI00057.png,data/raw/mri_images/T2/MRI00064.png,mri,T2,T2,4,1,Near Duplicate,Document & Evaluate Similarity Threshold
data/raw/mri_images/T2/MRI00057.png,data/raw/mri_images/T2/MRI00065.png,mri,T2,T2,10,3,Visually Similar,Retain - Shows Structural Variation
data/raw/mri_images/T2/MRI00057.png,data/raw/mri_images/T2/MRI00066.png,mri,T2,T2,8,1,Visually Similar,Retain - Shows Structural Variation
data/raw/mri_images/T2/MRI00057.png,data/raw/mri_images/T2/MRI00068.png,mri,T2,T2,8,4,Visually Similar,Retain - Shows Structural Variation
data/raw/mri_images/T2/MRI00057.png,data/raw/mri_images/T2/MRI00069.png,mri,T2,T2,4,1,Near Duplicate,Document & Evaluate Similarity Threshold
data/raw/mri_images/T2/MRI00057.png,data/raw/mri_images/T2/MRI00071.png,mri,T2,T2,9,4,Visually Similar,Retain - Shows Structural Variation
data/raw/mri_images/T2/MRI00057.png,data/raw/mri_images/T2/MRI00072.png,mri,T2,T2,4,3,Near Duplicate,Document & Evaluate Similarity Threshold
data/raw/mri_images/T2/MRI00057.png,data/raw/mri_images/T2/MRI00075.png,mri,T2,T2,4,2,Near Duplicate,Document & Evaluate Similarity Threshold
data/raw/mri_images/T2/MRI00057.png,data/raw/mri_images/T2/MRI00076.png,mri,T2,T2,10,2,Visually Similar,Retain - Shows Structural Variation
data/raw/mri_images/T2/MRI00057.png,data/raw/mri_images/T2/MRI00079.png,mri,T2,T2,10,4,Visually Similar,Retain - Shows Structural Variation
data/raw/mri_images/T2/MRI00058.png,data/raw/mri_images/T2/MRI00059.png,mri,T2,T2,10,4,Visually Similar,Retain - Shows Structural Variation
data/raw/mri_images/T2/MRI00058.png,data/raw/mri_images/T2/MRI00060.png,mri,T2,T2,7,3,Visually Similar,Retain - Shows Structural Variation
data/raw/mri_images/T2/MRI00058.png,data/raw/mri_images/T2/MRI00063.png,mri,T2,T2,4,4,Near Duplicate,Document & Evaluate Similarity Threshold
data/raw/mri_images/T2/MRI00058.png,data/raw/mri_images/T2/MRI00064.png,mri,T2,T2,10,9,Visually Similar,Retain - Shows Structural Variation
data/raw/mri_images/T2/MRI00058.png,data/raw/mri_images/T2/MRI00069.png,mri,T2,T2,10,9,Visually Similar,Retain - Shows Structural Variation
data/raw/mri_images/T2/MRI00058.png,data/raw/mri_images/T2/MRI00070.png,mri,T2,T2,9,7,Visually Similar,Retain - Shows Structural Variation
data/raw/mri_images/T2/MRI00058.png,data/raw/mri_images/T2/MRI00072.png,mri,T2,T2,8,5,Visually Similar,Retain - Shows Structural Variation
data/raw/mri_images/T2/MRI00058.png,data/raw/mri_images/T2/MRI00075.png,mri,T2,T2,8,6,Visually Similar,Retain - Shows Structural Variation
data/raw/mri_images/T2/MRI00058.png,data/raw/mri_images/T2/MRI00077.png,mri,T2,T2,6,3,Visually Similar,Retain - Shows Structural Variation
data/raw/mri_images/T2/MRI00058.png,data/raw/mri_images/T2/MRI00078.png,mri,T2,T2,9,5,Visually Similar,Retain - Shows Structural Variation
data/raw/mri_images/T2/MRI00058.png,data/raw/mri_images/T2/MRI00079.png,mri,T2,T2,10,4,Visually Similar,Retain - Shows Structural Variation
data/raw/mri_images/T2/MRI00058.png,data/raw/mri_images/T2/MRI00080.png,mri,T2,T2,10,4,Visually Similar,Retain - Shows Structural Variation
data/raw/mri_images/T2/MRI00059.png,data/raw/mri_images/T2/MRI00060.png,mri,T2,T2,7,3,Visually Similar,Retain - Shows Structural Variation
data/raw/mri_images/T2/MRI00059.png,data/raw/mri_images/T2/MRI00065.png,mri,T2,T2,10,9,Visually Similar,Retain - Shows Structural Variation
data/raw/mri_images/T2/MRI00059.png,data/raw/mri_images/T2/MRI00066.png,mri,T2,T2,10,7,Visually Similar,Retain - Shows Structural Variation
data/raw/mri_images/T2/MRI00059.png,data/raw/mri_images/T2/MRI00079.png,mri,T2,T2,8,4,Visually Similar,Retain - Shows Structural Variation
data/raw/mri_images/T2/MRI00059.png,data/raw/mri_images/T2/MRI00080.png,mri,T2,T2,8,2,Visually Similar,Retain - Shows Structural Variation
data/raw/mri_images/T2/MRI00060.png,data/raw/mri_images/T2/MRI00063.png,mri,T2,T2,9,5,Visually Similar,Retain - Shows Structural Variation
data/raw/mri_images/T2/MRI00060.png,data/raw/mri_images/T2/MRI00066.png,mri,T2,T2,9,8,Visually Similar,Retain - Shows Structural Variation
data/raw/mri_images/T2/MRI00060.png,data/raw/mri_images/T2/MRI00070.png,mri,T2,T2,8,6,Visually Similar,Retain - Shows Structural Variation
data/raw/mri_images/T2/MRI00060.png,data/raw/mri_images/T2/MRI00077.png,mri,T2,T2,7,4,Visually Similar,Retain - Shows Structural Variation
data/raw/mri_images/T2/MRI00060.png,data/raw/mri_images/T2/MRI00078.png,mri,T2,T2,10,6,Visually Similar,Retain - Shows Structural Variation
data/raw/mri_images/T2/MRI00060.png,data/raw/mri_images/T2/MRI00079.png,mri,T2,T2,9,5,Visually Similar,Retain - Shows Structural Variation
data/raw/mri_images/T2/MRI00060.png,data/raw/mri_images/T2/MRI00080.png,mri,T2,T2,5,3,Visually Similar,Retain - Shows Structural Variation
data/raw/mri_images/T2/MRI00061.png,data/raw/mri_images/T2/MRI00062.png,mri,T2,T2,4,2,Near Duplicate,Document & Evaluate Similarity Threshold
data/raw/mri_images/T2/MRI00061.png,data/raw/mri_images/T2/MRI00063.png,mri,T2,T2,8,5,Visually Similar,Retain - Shows Structural Variation
data/raw/mri_images/T2/MRI00061.png,data/raw/mri_images/T2/MRI00064.png,mri,T2,T2,6,2,Visually Similar,Retain - Shows Structural Variation
data/raw/mri_images/T2/MRI00061.png,data/raw/mri_images/T2/MRI00065.png,mri,T2,T2,10,4,Visually Similar,Retain - Shows Structural Variation
data/raw/mri_images/T2/MRI00061.png,data/raw/mri_images/T2/MRI00066.png,mri,T2,T2,10,2,Visually Similar,Retain - Shows Structural Variation
data/raw/mri_images/T2/MRI00061.png,data/raw/mri_images/T2/MRI00068.png,mri,T2,T2,4,3,Near Duplicate,Document & Evaluate Similarity Threshold
data/raw/mri_images/T2/MRI00061.png,data/raw/mri_images/T2/MRI00069.png,mri,T2,T2,6,2,Visually Similar,Retain - Shows Structural Variation
data/raw/mri_images/T2/MRI00061.png,data/raw/mri_images/T2/MRI00071.png,mri,T2,T2,7,3,Visually Similar,Retain - Shows Structural Variation
data/raw/mri_images/T2/MRI00061.png,data/raw/mri_images/T2/MRI00072.png,mri,T2,T2,4,2,Near Duplicate,Document & Evaluate Similarity Threshold
data/raw/mri_images/T2/MRI00061.png,data/raw/mri_images/T2/MRI00074.png,mri,T2,T2,5,3,Visually Similar,Retain - Shows Structural Variation
data/raw/mri_images/T2/MRI00061.png,data/raw/mri_images/T2/MRI00075.png,mri,T2,T2,4,1,Near Duplicate,Document & Evaluate Similarity Threshold
data/raw/mri_images/T2/MRI00062.png,data/raw/mri_images/T2/MRI00063.png,mri,T2,T2,8,5,Visually Similar,Retain - Shows Structural Variation
data/raw/mri_images/T2/MRI00062.png,data/raw/mri_images/T2/MRI00064.png,mri,T2,T2,10,4,Visually Similar,Retain - Shows Structural Variation
data/raw/mri_images/T2/MRI00062.png,data/raw/mri_images/T2/MRI00065.png,mri,T2,T2,8,4,Visually Similar,Retain - Shows Structural Variation
data/raw/mri_images/T2/MRI00062.png,data/raw/mri_images/T2/MRI00066.png,mri,T2,T2,10,4,Visually Similar,Retain - Shows Structural Variation
data/raw/mri_images/T2/MRI00062.png,data/raw/mri_images/T2/MRI00068.png,mri,T2,T2,2,1,Near Duplicate,Document & Evaluate Similarity Threshold
data/raw/mri_images/T2/MRI00062.png,data/raw/mri_images/T2/MRI00069.png,mri,T2,T2,10,4,Visually Similar,Retain - Shows Structural Variation
data/raw/mri_images/T2/MRI00062.png,data/raw/mri_images/T2/MRI00070.png,mri,T2,T2,7,4,Visually Similar,Retain - Shows Structural Variation
data/raw/mri_images/T2/MRI00062.png,data/raw/mri_images/T2/MRI00071.png,mri,T2,T2,5,1,Visually Similar,Retain - Shows Structural Variation
data/raw/mri_images/T2/MRI00062.png,data/raw/mri_images/T2/MRI00072.png,mri,T2,T2,6,2,Visually Similar,Retain - Shows Structural Variation
data/raw/mri_images/T2/MRI00062.png,data/raw/mri_images/T2/MRI00074.png,mri,T2,T2,3,1,Near Duplicate,Document & Evaluate Similarity Threshold
data/raw/mri_images/T2/MRI00062.png,data/raw/mri_images/T2/MRI00075.png,mri,T2,T2,8,1,Visually Similar,Retain - Shows Structural Variation
data/raw/mri_images/T2/MRI00062.png,data/raw/mri_images/T2/MRI00076.png,mri,T2,T2,10,5,Visually Similar,Retain - Shows Structural Variation
data/raw/mri_images/T2/MRI00062.png,data/raw/mri_images/T2/MRI00077.png,mri,T2,T2,10,4,Visually Similar,Retain - Shows Structural Variation
data/raw/mri_images/T2/MRI00062.png,data/raw/mri_images/T2/MRI00078.png,mri,T2,T2,9,4,Visually Similar,Retain - Shows Structural Variation
data/raw/mri_images/T2/MRI00063.png,data/raw/mri_images/T2/MRI00064.png,mri,T2,T2,8,7,Visually Similar,Retain - Shows Structural Variation
data/raw/mri_images/T2/MRI00063.png,data/raw/mri_images/T2/MRI00066.png,mri,T2,T2,10,5,Visually Similar,Retain - Shows Structural Variation
data/raw/mri_images/T2/MRI00063.png,data/raw/mri_images/T2/MRI00068.png,mri,T2,T2,8,4,Visually Similar,Retain - Shows Structural Variation
data/raw/mri_images/T2/MRI00063.png,data/raw/mri_images/T2/MRI00069.png,mri,T2,T2,8,7,Visually Similar,Retain - Shows Structural Variation
data/raw/mri_images/T2/MRI00063.png,data/raw/mri_images/T2/MRI00070.png,mri,T2,T2,7,3,Visually Similar,Retain - Shows Structural Variation
data/raw/mri_images/T2/MRI00063.png,data/raw/mri_images/T2/MRI00071.png,mri,T2,T2,9,6,Visually Similar,Retain - Shows Structural Variation
data/raw/mri_images/T2/MRI00063.png,data/raw/mri_images/T2/MRI00072.png,mri,T2,T2,6,3,Visually Similar,Retain - Shows Structural Variation
data/raw/mri_images/T2/MRI00063.png,data/raw/mri_images/T2/MRI00073.png,mri,T2,T2,10,6,Visually Similar,Retain - Shows Structural Variation
data/raw/mri_images/T2/MRI00063.png,data/raw/mri_images/T2/MRI00075.png,mri,T2,T2,6,4,Visually Similar,Retain - Shows Structural Variation
data/raw/mri_images/T2/MRI00063.png,data/raw/mri_images/T2/MRI00077.png,mri,T2,T2,6,3,Visually Similar,Retain - Shows Structural Variation
data/raw/mri_images/T2/MRI00063.png,data/raw/mri_images/T2/MRI00078.png,mri,T2,T2,7,5,Visually Similar,Retain - Shows Structural Variation
data/raw/mri_images/T2/MRI00063.png,data/raw/mri_images/T2/MRI00080.png,mri,T2,T2,10,6,Visually Similar,Retain - Shows Structural Variation
data/raw/mri_images/T2/MRI00064.png,data/raw/mri_images/T2/MRI00068.png,mri,T2,T2,8,5,Visually Similar,Retain - Shows Structural Variation
data/raw/mri_images/T2/MRI00064.png,data/raw/mri_images/T2/MRI00069.png,mri,T2,T2,0,0,Exact Duplicate,Keep Representative / Purge Duplicate
data/raw/mri_images/T2/MRI00064.png,data/raw/mri_images/T2/MRI00071.png,mri,T2,T2,9,3,Visually Similar,Retain - Shows Structural Variation
data/raw/mri_images/T2/MRI00064.png,data/raw/mri_images/T2/MRI00072.png,mri,T2,T2,4,4,Near Duplicate,Document & Evaluate Similarity Threshold
data/raw/mri_images/T2/MRI00064.png,data/raw/mri_images/T2/MRI00075.png,mri,T2,T2,2,3,Near Duplicate,Document & Evaluate Similarity Threshold
data/raw/mri_images/T2/MRI00065.png,data/raw/mri_images/T2/MRI00066.png,mri,T2,T2,2,2,Near Duplicate,Document & Evaluate Similarity Threshold
data/raw/mri_images/T2/MRI00065.png,data/raw/mri_images/T2/MRI00067.png,mri,T2,T2,9,4,Visually Similar,Retain - Shows Structural Variation
data/raw/mri_images/T2/MRI00065.png,data/raw/mri_images/T2/MRI00068.png,mri,T2,T2,10,5,Visually Similar,Retain - Shows Structural Variation
data/raw/mri_images/T2/MRI00065.png,data/raw/mri_images/T2/MRI00073.png,mri,T2,T2,8,3,Visually Similar,Retain - Shows Structural Variation
data/raw/mri_images/T2/MRI00065.png,data/raw/mri_images/T2/MRI00076.png,mri,T2,T2,2,1,Near Duplicate,Document & Evaluate Similarity Threshold
data/raw/mri_images/T2/MRI00065.png,data/raw/mri_images/T2/MRI00077.png,mri,T2,T2,10,6,Visually Similar,Retain - Shows Structural Variation
data/raw/mri_images/T2/MRI00065.png,data/raw/mri_images/T2/MRI00078.png,mri,T2,T2,9,6,Visually Similar,Retain - Shows Structural Variation
data/raw/mri_images/T2/MRI00065.png,data/raw/mri_images/T2/MRI00079.png,mri,T2,T2,6,5,Visually Similar,Retain - Shows Structural Variation
data/raw/mri_images/T2/MRI00065.png,data/raw/mri_images/T2/MRI00080.png,mri,T2,T2,8,9,Visually Similar,Retain - Shows Structural Variation
data/raw/mri_images/T2/MRI00066.png,data/raw/mri_images/T2/MRI00067.png,mri,T2,T2,9,2,Visually Similar,Retain - Shows Structural Variation
data/raw/mri_images/T2/MRI00066.png,data/raw/mri_images/T2/MRI00068.png,mri,T2,T2,10,5,Visually Similar,Retain - Shows Structural Variation
data/raw/mri_images/T2/MRI00066.png,data/raw/mri_images/T2/MRI00072.png,mri,T2,T2,10,2,Visually Similar,Retain - Shows Structural Variation
data/raw/mri_images/T2/MRI00066.png,data/raw/mri_images/T2/MRI00073.png,mri,T2,T2,8,1,Visually Similar,Retain - Shows Structural Variation
data/raw/mri_images/T2/MRI00066.png,data/raw/mri_images/T2/MRI00075.png,mri,T2,T2,10,3,Visually Similar,Retain - Shows Structural Variation
data/raw/mri_images/T2/MRI00066.png,data/raw/mri_images/T2/MRI00076.png,mri,T2,T2,4,1,Near Duplicate,Document & Evaluate Similarity Threshold
data/raw/mri_images/T2/MRI00066.png,data/raw/mri_images/T2/MRI00077.png,mri,T2,T2,10,4,Visually Similar,Retain - Shows Structural Variation
data/raw/mri_images/T2/MRI00066.png,data/raw/mri_images/T2/MRI00078.png,mri,T2,T2,9,6,Visually Similar,Retain - Shows Structural Variation
data/raw/mri_images/T2/MRI00066.png,data/raw/mri_images/T2/MRI00079.png,mri,T2,T2,4,3,Near Duplicate,Document & Evaluate Similarity Threshold
data/raw/mri_images/T2/MRI00066.png,data/raw/mri_images/T2/MRI00080.png,mri,T2,T2,8,7,Visually Similar,Retain - Shows Structural Variation
data/raw/mri_images/T2/MRI00067.png,data/raw/mri_images/T2/MRI00073.png,mri,T2,T2,3,3,Near Duplicate,Document & Evaluate Similarity Threshold
data/raw/mri_images/T2/MRI00067.png,data/raw/mri_images/T2/MRI00076.png,mri,T2,T2,9,3,Visually Similar,Retain - Shows Structural Variation
data/raw/mri_images/T2/MRI00067.png,data/raw/mri_images/T2/MRI00077.png,mri,T2,T2,9,6,Visually Similar,Retain - Shows Structural Variation
data/raw/mri_images/T2/MRI00067.png,data/raw/mri_images/T2/MRI00078.png,mri,T2,T2,6,8,Visually Similar,Retain - Shows Structural Variation
data/raw/mri_images/T2/MRI00068.png,data/raw/mri_images/T2/MRI00069.png,mri,T2,T2,8,5,Visually Similar,Retain - Shows Structural Variation
data/raw/mri_images/T2/MRI00068.png,data/raw/mri_images/T2/MRI00070.png,mri,T2,T2,9,3,Visually Similar,Retain - Shows Structural Variation
data/raw/mri_images/T2/MRI00068.png,data/raw/mri_images/T2/MRI00071.png,mri,T2,T2,3,2,Near Duplicate,Document & Evaluate Similarity Threshold
data/raw/mri_images/T2/MRI00068.png,data/raw/mri_images/T2/MRI00072.png,mri,T2,T2,4,3,Near Duplicate,Document & Evaluate Similarity Threshold
data/raw/mri_images/T2/MRI00068.png,data/raw/mri_images/T2/MRI00074.png,mri,T2,T2,3,0,Near Duplicate,Document & Evaluate Similarity Threshold
data/raw/mri_images/T2/MRI00068.png,data/raw/mri_images/T2/MRI00075.png,mri,T2,T2,6,2,Visually Similar,Retain - Shows Structural Variation
data/raw/mri_images/T2/MRI00068.png,data/raw/mri_images/T2/MRI00077.png,mri,T2,T2,10,5,Visually Similar,Retain - Shows Structural Variation
data/raw/mri_images/T2/MRI00068.png,data/raw/mri_images/T2/MRI00078.png,mri,T2,T2,9,5,Visually Similar,Retain - Shows Structural Variation
data/raw/mri_images/T2/MRI00069.png,data/raw/mri_images/T2/MRI00071.png,mri,T2,T2,9,3,Visually Similar,Retain - Shows Structural Variation
data/raw/mri_images/T2/MRI00069.png,data/raw/mri_images/T2/MRI00072.png,mri,T2,T2,4,4,Near Duplicate,Document & Evaluate Similarity Threshold
data/raw/mri_images/T2/MRI00069.png,data/raw/mri_images/T2/MRI00075.png,mri,T2,T2,2,3,Near Duplicate,Document & Evaluate Similarity Threshold
data/raw/mri_images/T2/MRI00070.png,data/raw/mri_images/T2/MRI00071.png,mri,T2,T2,8,5,Visually Similar,Retain - Shows Structural Variation
data/raw/mri_images/T2/MRI00070.png,data/raw/mri_images/T2/MRI00074.png,mri,T2,T2,8,3,Visually Similar,Retain - Shows Structural Variation
data/raw/mri_images/T2/MRI00070.png,data/raw/mri_images/T2/MRI00077.png,mri,T2,T2,5,6,Visually Similar,Retain - Shows Structural Variation
data/raw/mri_images/T2/MRI00070.png,data/raw/mri_images/T2/MRI00078.png,mri,T2,T2,8,6,Visually Similar,Retain - Shows Structural Variation
data/raw/mri_images/T2/MRI00070.png,data/raw/mri_images/T2/MRI00080.png,mri,T2,T2,5,9,Visually Similar,Retain - Shows Structural Variation
data/raw/mri_images/T2/MRI00071.png,data/raw/mri_images/T2/MRI00072.png,mri,T2,T2,5,3,Visually Similar,Retain - Shows Structural Variation
data/raw/mri_images/T2/MRI00071.png,data/raw/mri_images/T2/MRI00074.png,mri,T2,T2,2,2,Near Duplicate,Document & Evaluate Similarity Threshold
data/raw/mri_images/T2/MRI00071.png,data/raw/mri_images/T2/MRI00075.png,mri,T2,T2,7,2,Visually Similar,Retain - Shows Structural Variation
data/raw/mri_images/T2/MRI00071.png,data/raw/mri_images/T2/MRI00077.png,mri,T2,T2,9,5,Visually Similar,Retain - Shows Structural Variation
data/raw/mri_images/T2/MRI00071.png,data/raw/mri_images/T2/MRI00078.png,mri,T2,T2,8,5,Visually Similar,Retain - Shows Structural Variation
data/raw/mri_images/T2/MRI00072.png,data/raw/mri_images/T2/MRI00074.png,mri,T2,T2,7,3,Visually Similar,Retain - Shows Structural Variation
data/raw/mri_images/T2/MRI00072.png,data/raw/mri_images/T2/MRI00075.png,mri,T2,T2,2,1,Near Duplicate,Document & Evaluate Similarity Threshold
data/raw/mri_images/T2/MRI00072.png,data/raw/mri_images/T2/MRI00079.png,mri,T2,T2,10,3,Visually Similar,Retain - Shows Structural Variation
data/raw/mri_images/T2/MRI00073.png,data/raw/mri_images/T2/MRI00076.png,mri,T2,T2,8,2,Visually Similar,Retain - Shows Structural Variation
data/raw/mri_images/T2/MRI00073.png,data/raw/mri_images/T2/MRI00077.png,mri,T2,T2,8,5,Visually Similar,Retain - Shows Structural Variation
data/raw/mri_images/T2/MRI00073.png,data/raw/mri_images/T2/MRI00078.png,mri,T2,T2,5,7,Visually Similar,Retain - Shows Structural Variation
data/raw/mri_images/T2/MRI00073.png,data/raw/mri_images/T2/MRI00079.png,mri,T2,T2,10,4,Visually Similar,Retain - Shows Structural Variation
data/raw/mri_images/T2/MRI00073.png,data/raw/mri_images/T2/MRI00080.png,mri,T2,T2,8,8,Visually Similar,Retain - Shows Structural Variation
data/raw/mri_images/T2/MRI00074.png,data/raw/mri_images/T2/MRI00075.png,mri,T2,T2,9,2,Visually Similar,Retain - Shows Structural Variation
data/raw/mri_images/T2/MRI00074.png,data/raw/mri_images/T2/MRI00078.png,mri,T2,T2,10,5,Visually Similar,Retain - Shows Structural Variation
data/raw/mri_images/T2/MRI00076.png,data/raw/mri_images/T2/MRI00079.png,mri,T2,T2,8,4,Visually Similar,Retain - Shows Structural Variation
data/raw/mri_images/T2/MRI00076.png,data/raw/mri_images/T2/MRI00080.png,mri,T2,T2,10,8,Visually Similar,Retain - Shows Structural Variation
data/raw/mri_images/T2/MRI00077.png,data/raw/mri_images/T2/MRI00078.png,mri,T2,T2,3,2,Near Duplicate,Document & Evaluate Similarity Threshold
data/raw/mri_images/T2/MRI00077.png,data/raw/mri_images/T2/MRI00080.png,mri,T2,T2,4,3,Near Duplicate,Document & Evaluate Similarity Threshold
data/raw/mri_images/T2/MRI00078.png,data/raw/mri_images/T2/MRI00080.png,mri,T2,T2,7,3,Visually Similar,Retain - Shows Structural Variation
data/raw/mri_images/T2/MRI00079.png,data/raw/mri_images/T2/MRI00080.png,mri,T2,T2,10,4,Visually Similar,Retain - Shows Structural Variation
